function,method,reward_dir,iteration,best_regret_mean,best_regret_std,cum_scaled_move_cost_mean,cum_scaled_move_cost_std
rastrigin,pure_bo,pure_bo,0,101.45693296038036,23.069538879151047,1.0261000377295282,0.2192534577297652
rastrigin,pure_bo,pure_bo,1,101.45693296038036,23.069538879151047,1.5579200837883445,0.569641128675569
rastrigin,pure_bo,pure_bo,2,101.45693296038036,23.069538879151047,2.4451965315841417,0.7511916795414151
rastrigin,pure_bo,pure_bo,3,101.45693296038036,23.069538879151047,3.1456615991758645,0.7028072421261349
rastrigin,pure_bo,pure_bo,4,99.65446759528214,20.712366424255755,4.044902033672002,0.8818685511513044
rastrigin,pure_bo,pure_bo,5,99.65446759528214,20.712366424255755,4.3948837817785105,0.9585423525474678
rastrigin,pure_bo,pure_bo,6,99.65446759528214,20.712366424255755,5.007797010463205,1.2102183917203668
rastrigin,pure_bo,pure_bo,7,97.59771021728962,18.086346015559002,5.668696966215818,1.4543165024756155
rastrigin,pure_bo,pure_bo,8,97.59771021728962,18.086346015559002,6.657961013787699,2.054164765624427
rastrigin,pure_bo,pure_bo,9,97.59771021728962,18.086346015559002,7.448964379449962,2.588169347999466
rastrigin,pure_bo,pure_bo,10,97.59771021728962,18.086346015559002,8.357806605849452,2.757072454616599
rastrigin,pure_bo,pure_bo,11,97.59771021728962,18.086346015559002,8.734868690994277,2.988315360228422
rastrigin,pure_bo,pure_bo,12,97.59771021728962,18.086346015559002,9.557583319410854,2.7778781183596704
rastrigin,pure_bo,pure_bo,13,97.59771021728962,18.086346015559002,10.50586311649595,2.559910989327509
rastrigin,pure_bo,pure_bo,14,97.59771021728962,18.086346015559002,11.422665111392194,2.47481409331004
rastrigin,pure_bo,pure_bo,15,97.59771021728962,18.086346015559002,12.269612767935866,2.520662523907255
rastrigin,pure_bo,pure_bo,16,97.59771021728962,18.086346015559002,12.848741096252056,2.2274138461860695
rastrigin,pure_bo,pure_bo,17,97.59771021728962,18.086346015559002,13.335289858436619,2.0823436744431056
rastrigin,pure_bo,pure_bo,18,97.59771021728962,18.086346015559002,13.826698899062647,1.9306226895439136
rastrigin,pure_bo,pure_bo,19,97.59771021728962,18.086346015559002,14.571397963373782,2.1849255018423035
rastrigin,pure_bo,pure_bo,20,97.59771021728962,18.086346015559002,15.179150300297914,2.4780438840691135
rastrigin,pure_bo,pure_bo,21,93.91016914729884,19.05054806116632,15.356885902557138,2.549876357827069
rastrigin,pure_bo,pure_bo,22,93.91016914729884,19.05054806116632,15.551445816223731,2.589226909560944
rastrigin,pure_bo,pure_bo,23,93.91016914729884,19.05054806116632,15.85354811221319,2.7376887705634583
rastrigin,pure_bo,pure_bo,24,89.0098423960214,12.337668965446404,16.505529377635263,2.699303292683529
rastrigin,pure_bo,pure_bo,25,89.0098423960214,12.337668965446404,17.255287499914612,2.742661905815685
rastrigin,pure_bo,pure_bo,26,89.0098423960214,12.337668965446404,17.867944630160498,2.6952453093001543
rastrigin,pure_bo,pure_bo,27,89.0098423960214,12.337668965446404,18.22452938585074,2.4777281719612296
rastrigin,pure_bo,pure_bo,28,89.0098423960214,12.337668965446404,18.5092400727636,2.16183241298929
rastrigin,pure_bo,pure_bo,29,89.0098423960214,12.337668965446404,19.244533582732725,2.250412991571425
rastrigin,pure_bo,pure_bo,30,87.84010708398343,12.785771342427251,20.09687932510714,2.251586226901862
rastrigin,pure_bo,pure_bo,31,87.84010708398343,12.785771342427251,20.37888389215312,2.014276199318372
rastrigin,pure_bo,pure_bo,32,87.84010708398343,12.785771342427251,20.92608895326257,2.7048087283217037
rastrigin,pure_bo,pure_bo,33,87.84010708398343,12.785771342427251,21.681918373036122,3.343397593001211
rastrigin,pure_bo,pure_bo,34,84.38041164592805,15.12633155201269,22.531829007298015,3.966097710648834
rastrigin,pure_bo,pure_bo,35,84.38041164592805,15.12633155201269,23.224422686480082,3.8390964061214206
rastrigin,pure_bo,pure_bo,36,84.38041164592805,15.12633155201269,23.88531788000978,3.755803847266654
rastrigin,pure_bo,pure_bo,37,84.38041164592805,15.12633155201269,24.50820784300412,3.7094785552658434
rastrigin,pure_bo,pure_bo,38,84.38041164592805,15.12633155201269,24.785932863296367,3.770403703780954
rastrigin,pure_bo,pure_bo,39,84.38041164592805,15.12633155201269,25.240636458350256,3.921227087158009
rastrigin,pure_bo,pure_bo,40,84.38041164592805,15.12633155201269,25.77160482636448,4.074223345097378
rastrigin,pure_bo,pure_bo,41,82.29985947830319,12.211899803825888,25.989741788227448,4.0099177511566415
rastrigin,pure_bo,pure_bo,42,78.29989406324798,6.677893715292656,26.281787763590724,4.219482297216944
rastrigin,pure_bo,pure_bo,43,78.29989406324798,6.677893715292656,26.801614823163437,4.533299674671248
rastrigin,pure_bo,pure_bo,44,78.29989406324798,6.677893715292656,27.430955651601007,4.788622764779044
rastrigin,pure_bo,pure_bo,45,78.29989406324798,6.677893715292656,27.827986947858193,4.850845486068846
rastrigin,pure_bo,pure_bo,46,78.29989406324798,6.677893715292656,28.180466950588126,4.830005267079691
rastrigin,pure_bo,pure_bo,47,72.5305212323881,11.708393857470059,28.359891584284743,4.63716251423139
rastrigin,pure_bo,pure_bo,48,72.5305212323881,11.708393857470059,28.734978138682152,4.594182375223858
rastrigin,pure_bo,pure_bo,49,72.5305212323881,11.708393857470059,29.632945721730966,5.2063909001489375
rastrigin,earlbo,earlbo,0,104.59776625946682,5.775454144527586,0.8854785548069021,0.1763727943716166
rastrigin,earlbo,earlbo,1,100.92335444843617,5.517724630263719,1.1690398147573164,0.1927172919222483
rastrigin,earlbo,earlbo,2,100.92335444843617,5.517724630263719,1.3977185021077858,0.23437180061292215
rastrigin,earlbo,earlbo,3,95.1082243505764,11.670682470514437,1.7184623135278383,0.2665062130814792
rastrigin,earlbo,earlbo,4,95.1082243505764,11.670682470514437,2.0073371655312937,0.2726780920786109
rastrigin,earlbo,earlbo,5,82.77490644077498,10.260903720851612,2.3269080452484823,0.23058469473303836
rastrigin,earlbo,earlbo,6,82.77490644077498,10.260903720851612,2.604251662411368,0.339609431069822
rastrigin,earlbo,earlbo,7,82.77490644077498,10.260903720851612,2.8758171066001963,0.36194764812044955
rastrigin,earlbo,earlbo,8,82.77490644077498,10.260903720851612,3.135927304118088,0.35074338424825974
rastrigin,earlbo,earlbo,9,75.72518571041093,15.523964002099063,3.381629647428839,0.324662146918189
rastrigin,earlbo,earlbo,10,75.72518571041093,15.523964002099063,3.7204747302419197,0.21320268609726567
rastrigin,earlbo,earlbo,11,75.72518571041093,15.523964002099063,4.092145303959243,0.09179773538839058
rastrigin,earlbo,earlbo,12,75.72518571041093,15.523964002099063,4.450256141981298,0.09132878401491866
rastrigin,earlbo,earlbo,13,75.72518571041093,15.523964002099063,4.699148395974946,0.08395243364913668
rastrigin,earlbo,earlbo,14,75.72518571041093,15.523964002099063,4.969744969124712,0.08660273135552324
rastrigin,earlbo,earlbo,15,75.72518571041093,15.523964002099063,5.374240905519879,0.2464570931130692
rastrigin,earlbo,earlbo,16,75.72518571041093,15.523964002099063,5.712763703473691,0.3948972496972026
rastrigin,earlbo,earlbo,17,75.72518571041093,15.523964002099063,6.0717159980210385,0.39564347395948873
rastrigin,earlbo,earlbo,18,75.72518571041093,15.523964002099063,6.535606914409773,0.40583844476156816
rastrigin,earlbo,earlbo,19,72.40375208076553,11.203463784390003,7.019252055092508,0.5259429282602692
rastrigin,earlbo,earlbo,20,72.40375208076553,11.203463784390003,7.43824272656136,0.7066851567195952
rastrigin,earlbo,earlbo,21,72.40375208076553,11.203463784390003,8.032684351833515,1.0167190430277584
rastrigin,earlbo,earlbo,22,72.40375208076553,11.203463784390003,8.506235602430182,1.1132296078076227
rastrigin,earlbo,earlbo,23,72.40375208076553,11.203463784390003,8.807059379816922,1.0989832364909922
rastrigin,earlbo,earlbo,24,72.40375208076553,11.203463784390003,9.092816942155784,1.0928357321406388
rastrigin,earlbo,earlbo,25,72.40375208076553,11.203463784390003,9.385067383458727,1.1458784164566664
rastrigin,earlbo,earlbo,26,72.40375208076553,11.203463784390003,9.90927301092085,0.9464325192221462
rastrigin,earlbo,earlbo,27,72.40375208076553,11.203463784390003,10.540465185786262,0.7282882520449874
rastrigin,earlbo,earlbo,28,70.26238789581356,8.629295777168705,11.10436819841552,0.7617215682403398
rastrigin,earlbo,earlbo,29,70.26238789581356,8.629295777168705,11.586267635684825,0.9925053218544173
rastrigin,earlbo,earlbo,30,70.26238789581356,8.629295777168705,12.330493720623169,1.345260664915344
rastrigin,earlbo,earlbo,31,70.26238789581356,8.629295777168705,13.14382628578331,1.4405566514758708
rastrigin,earlbo,earlbo,32,70.26238789581356,8.629295777168705,13.855635900644048,1.648497693007069
rastrigin,earlbo,earlbo,33,70.26238789581356,8.629295777168705,14.472129309380586,1.9502327611608867
rastrigin,earlbo,earlbo,34,70.26238789581356,8.629295777168705,15.174880941507714,2.2078200336730434
rastrigin,earlbo,earlbo,35,70.26238789581356,8.629295777168705,15.702674275978053,2.3720628434508786
rastrigin,earlbo,earlbo,36,70.26238789581356,8.629295777168705,16.433025912208397,2.664161977402942
rastrigin,earlbo,earlbo,37,70.26238789581356,8.629295777168705,17.050112576599286,2.828542889929778
rastrigin,earlbo,earlbo,38,70.26238789581356,8.629295777168705,17.82740285233628,2.9940457110448646
rastrigin,earlbo,earlbo,39,70.26238789581356,8.629295777168705,18.685361485598047,3.205783010107885
rastrigin,earlbo,earlbo,40,68.5391960460405,6.8337687664277755,19.427932072521195,3.4438332228350594
rastrigin,earlbo,earlbo,41,68.5391960460405,6.8337687664277755,20.168297841020877,3.6614271135984207
rastrigin,earlbo,earlbo,42,68.5391960460405,6.8337687664277755,20.84641302495173,3.9231043158911056
rastrigin,earlbo,earlbo,43,68.5391960460405,6.8337687664277755,21.3699173650658,4.08985321225711
rastrigin,earlbo,earlbo,44,68.5391960460405,6.8337687664277755,21.931760081629704,4.265553314955279
rastrigin,earlbo,earlbo,45,68.5391960460405,6.8337687664277755,22.47199402870827,4.38328177403932
rastrigin,earlbo,earlbo,46,68.5391960460405,6.8337687664277755,23.042881666040333,4.596161767208829
rastrigin,earlbo,earlbo,47,68.5391960460405,6.8337687664277755,23.685441648021396,4.853881685550153
rastrigin,earlbo,earlbo,48,68.5391960460405,6.8337687664277755,24.252127172017538,5.007401112887911
rastrigin,earlbo,earlbo,49,68.5391960460405,6.8337687664277755,24.844054119333034,5.031996189367527
rastrigin,snake,snake,0,96.96867931120613,1.2267853646440945,0.936013111287639,0.151315573512963
rastrigin,snake,snake,1,93.14594281443885,4.213421034662135,1.1257141698040258,0.18959236575073857
rastrigin,snake,snake,2,93.14594281443885,4.213421034662135,1.4517245838658328,0.14704729748511264
rastrigin,snake,snake,3,89.62270296138274,4.879446549476649,1.8489873526510339,0.34233794876476825
rastrigin,snake,snake,4,89.62270296138274,4.879446549476649,2.022782186999106,0.3631002861858522
rastrigin,snake,snake,5,64.75543296619844,14.812906368342793,2.256044189944724,0.3627341315409724
rastrigin,snake,snake,6,64.75543296619844,14.812906368342793,2.4295549711214344,0.45041478381354616
rastrigin,snake,snake,7,64.75543296619844,14.812906368342793,2.870854103988028,0.5139867841185722
rastrigin,snake,snake,8,64.75543296619844,14.812906368342793,3.3954353244175803,0.7943884844214588
rastrigin,snake,snake,9,64.75543296619844,14.812906368342793,3.7176905739265336,0.9722857354779202
rastrigin,snake,snake,10,56.83531375547984,4.516426041275413,4.275434063827844,1.24868644057259
rastrigin,snake,snake,11,56.83531375547984,4.516426041275413,4.997593443872303,1.7239015548557304
rastrigin,snake,snake,12,56.83531375547984,4.516426041275413,5.538754166062227,1.9477269119664433
rastrigin,snake,snake,13,56.83531375547984,4.516426041275413,6.20390267580471,1.9716013055721393
rastrigin,snake,snake,14,56.83531375547984,4.516426041275413,6.513849941774059,1.7498230386555127
rastrigin,snake,snake,15,56.83531375547984,4.516426041275413,6.6681353921909015,1.7477460004478127
rastrigin,snake,snake,16,56.83531375547984,4.516426041275413,6.9143370936821364,1.8198478036204337
rastrigin,snake,snake,17,56.83531375547984,4.516426041275413,7.3303212624702,1.9601992839546019
rastrigin,snake,snake,18,56.83531375547984,4.516426041275413,7.736634876166231,2.136059367320441
rastrigin,snake,snake,19,56.83531375547984,4.516426041275413,8.222687118567192,2.0160456419679362
rastrigin,snake,snake,20,56.83531375547984,4.516426041275413,8.685540068925064,1.5360821542676901
rastrigin,snake,snake,21,56.83531375547984,4.516426041275413,9.201850126345521,1.0685833289560782
rastrigin,snake,snake,22,56.83531375547984,4.516426041275413,9.77566583014357,0.9573590705941888
rastrigin,snake,snake,23,56.83531375547984,4.516426041275413,10.288878930959356,0.9879093843094925
rastrigin,snake,snake,24,56.83531375547984,4.516426041275413,10.913559689796633,0.8737231155421795
rastrigin,snake,snake,25,56.83531375547984,4.516426041275413,11.667371459132896,0.9108399463573869
rastrigin,snake,snake,26,56.83531375547984,4.516426041275413,12.084185721727286,1.0031619990480092
rastrigin,snake,snake,27,56.83531375547984,4.516426041275413,12.736812879995748,1.094009606459233
rastrigin,snake,snake,28,56.83531375547984,4.516426041275413,13.359431118779723,1.305052149543782
rastrigin,snake,snake,29,56.83531375547984,4.516426041275413,14.188370837922024,1.4147041255691915
rastrigin,snake,snake,30,56.83531375547984,4.516426041275413,15.08849090613186,1.6287335419775861
rastrigin,snake,snake,31,56.83531375547984,4.516426041275413,15.916649882229853,1.7720540801189877
rastrigin,snake,snake,32,56.83531375547984,4.516426041275413,16.640760800063976,1.8787843339451806
rastrigin,snake,snake,33,56.83531375547984,4.516426041275413,17.276419069763193,2.166504822764576
rastrigin,snake,snake,34,56.83531375547984,4.516426041275413,17.893608910361195,2.4116261487302073
rastrigin,snake,snake,35,56.83531375547984,4.516426041275413,18.57617522507408,2.3927513914954592
rastrigin,snake,snake,36,56.83531375547984,4.516426041275413,19.457384460685926,2.1748122094362943
rastrigin,snake,snake,37,56.83531375547984,4.516426041275413,19.936712380829196,1.976659148471664
rastrigin,snake,snake,38,56.83531375547984,4.516426041275413,20.37532183918904,1.7591154775181639
rastrigin,snake,snake,39,56.83531375547984,4.516426041275413,20.961563438556578,1.4717506005457508
rastrigin,snake,snake,40,56.83531375547984,4.516426041275413,21.644862899020907,1.3757075097071378
rastrigin,snake,snake,41,56.83531375547984,4.516426041275413,21.890707147660837,1.4762844312812036
rastrigin,snake,snake,42,56.83531375547984,4.516426041275413,22.04483337182283,1.4671738013439528
rastrigin,snake,snake,43,56.83531375547984,4.516426041275413,22.45490527067592,1.6482244929276437
rastrigin,snake,snake,44,56.83531375547984,4.516426041275413,23.02836775132752,1.5548093420737492
rastrigin,snake,snake,45,56.83531375547984,4.516426041275413,23.580340764358493,1.5445019284103438
rastrigin,snake,snake,46,56.83531375547984,4.516426041275413,24.11748079015979,1.8716229420495574
rastrigin,snake,snake,47,56.83531375547984,4.516426041275413,24.639005106289357,2.040493917619544
rastrigin,snake,snake,48,56.83531375547984,4.516426041275413,25.156734613606023,2.2950214394546777
rastrigin,snake,snake,49,56.83531375547984,4.516426041275413,25.824313834804922,2.3445176491013453
rastrigin,log_improvement_movement_cost3,log_improvement_movement_cost3,0,91.11389353920845,16.49460257817005,0.9278924815599975,0.13622780168763934
rastrigin,log_improvement_movement_cost3,log_improvement_movement_cost3,1,90.66570962929,16.89340360054312,1.0927694043565372,0.21430857108894963
rastrigin,log_improvement_movement_cost3,log_improvement_movement_cost3,2,90.66570962929,16.89340360054312,1.2380999426710435,0.26186975605498225
rastrigin,log_improvement_movement_cost3,log_improvement_movement_cost3,3,85.49487887307079,14.612145719829494,1.4261215568061447,0.2768539803576953
rastrigin,log_improvement_movement_cost3,log_improvement_movement_cost3,4,85.49487887307079,14.612145719829494,1.6341519226957268,0.30130193110313136
rastrigin,log_improvement_movement_cost3,log_improvement_movement_cost3,5,85.49487887307079,14.612145719829494,1.8645281403475085,0.3445476715498337
rastrigin,log_improvement_movement_cost3,log_improvement_movement_cost3,6,85.49487887307079,14.612145719829494,2.0773244290035913,0.3770636156571588
rastrigin,log_improvement_movement_cost3,log_improvement_movement_cost3,7,85.49487887307079,14.612145719829494,2.278155449274225,0.3303110063404933
rastrigin,log_improvement_movement_cost3,log_improvement_movement_cost3,8,85.49487887307079,14.612145719829494,2.442218683437462,0.32810719606290895
rastrigin,log_improvement_movement_cost3,log_improvement_movement_cost3,9,85.49487887307079,14.612145719829494,2.6019230856358035,0.3252260625338884
rastrigin,log_improvement_movement_cost3,log_improvement_movement_cost3,10,85.49487887307079,14.612145719829494,2.7912570835195134,0.37828046274286037
rastrigin,log_improvement_movement_cost3,log_improvement_movement_cost3,11,84.95983041729846,13.998559168613912,2.9415812642833608,0.4168519587588856
rastrigin,log_improvement_movement_cost3,log_improvement_movement_cost3,12,83.72213961092854,13.903071100737652,3.14659762998143,0.3936077301421733
rastrigin,log_improvement_movement_cost3,log_improvement_movement_cost3,13,82.41323147224078,12.326260731732665,3.309723140221777,0.459987906472861
rastrigin,log_improvement_movement_cost3,log_improvement_movement_cost3,14,67.73381737364433,6.500426245340439,3.4453005910775722,0.44648698113712687
rastrigin,log_improvement_movement_cost3,log_improvement_movement_cost3,15,67.73381737364433,6.500426245340439,3.582257903591865,0.4657270816338517
rastrigin,log_improvement_movement_cost3,log_improvement_movement_cost3,16,67.73381737364433,6.500426245340439,3.7903519387535414,0.4670493431166601
rastrigin,log_improvement_movement_cost3,log_improvement_movement_cost3,17,63.478473613903844,9.307296506908578,3.9282252278111103,0.46446399893342016
rastrigin,log_improvement_movement_cost3,log_improvement_movement_cost3,18,63.478473613903844,9.307296506908578,4.09148878132152,0.4973673541147118
rastrigin,log_improvement_movement_cost3,log_improvement_movement_cost3,19,63.478473613903844,9.307296506908578,4.289562359977956,0.4682704846482803
rastrigin,log_improvement_movement_cost3,log_improvement_movement_cost3,20,63.478473613903844,9.307296506908578,4.484646592780165,0.45498456003085813
rastrigin,log_improvement_movement_cost3,log_improvement_movement_cost3,21,63.478473613903844,9.307296506908578,4.670294881314372,0.4544161970281972
rastrigin,log_improvement_movement_cost3,log_improvement_movement_cost3,22,63.478473613903844,9.307296506908578,4.811532972019061,0.4843828549187084
rastrigin,log_improvement_movement_cost3,log_improvement_movement_cost3,23,63.478473613903844,9.307296506908578,4.9532345643605025,0.4998594044830849
rastrigin,log_improvement_movement_cost3,log_improvement_movement_cost3,24,63.478473613903844,9.307296506908578,5.1270947982485815,0.5056937981426457
rastrigin,log_improvement_movement_cost3,log_improvement_movement_cost3,25,63.478473613903844,9.307296506908578,5.281901254545386,0.5576353051441917
rastrigin,log_improvement_movement_cost3,log_improvement_movement_cost3,26,63.478473613903844,9.307296506908578,5.4368584432066696,0.5882970806268745
rastrigin,log_improvement_movement_cost3,log_improvement_movement_cost3,27,55.24926817620894,3.7184411338139234,5.5681119676234525,0.6005990895487352
rastrigin,log_improvement_movement_cost3,log_improvement_movement_cost3,28,55.24926817620894,3.7184411338139234,5.725757374294584,0.6233341198482826
rastrigin,log_improvement_movement_cost3,log_improvement_movement_cost3,29,55.24926817620894,3.7184411338139234,5.898570539656599,0.6541635040215975
rastrigin,log_improvement_movement_cost3,log_improvement_movement_cost3,30,55.24926817620894,3.7184411338139234,6.0445458349268035,0.6844805290096504
rastrigin,log_improvement_movement_cost3,log_improvement_movement_cost3,31,55.24926817620894,3.7184411338139234,6.220391826348565,0.6737192710419961
rastrigin,log_improvement_movement_cost3,log_improvement_movement_cost3,32,55.24926817620894,3.7184411338139234,6.418698721637079,0.6698724625372594
rastrigin,log_improvement_movement_cost3,log_improvement_movement_cost3,33,55.24926817620894,3.7184411338139234,6.601465351349501,0.6410037128877971
rastrigin,log_improvement_movement_cost3,log_improvement_movement_cost3,34,55.24926817620894,3.7184411338139234,6.7403214081544505,0.6241600703063529
rastrigin,log_improvement_movement_cost3,log_improvement_movement_cost3,35,55.24926817620894,3.7184411338139234,6.908228128054037,0.6698740940947991
rastrigin,log_improvement_movement_cost3,log_improvement_movement_cost3,36,55.24926817620894,3.7184411338139234,7.082226033853378,0.6433614337067622
rastrigin,log_improvement_movement_cost3,log_improvement_movement_cost3,37,55.24926817620894,3.7184411338139234,7.222316383704225,0.6575551568778123
rastrigin,log_improvement_movement_cost3,log_improvement_movement_cost3,38,55.24926817620894,3.7184411338139234,7.409292890301921,0.6711177447666369
rastrigin,log_improvement_movement_cost3,log_improvement_movement_cost3,39,55.24926817620894,3.7184411338139234,7.5646186786386265,0.679360191944609
rastrigin,log_improvement_movement_cost3,log_improvement_movement_cost3,40,55.24926817620894,3.7184411338139234,7.73443596570642,0.7059250338608993
rastrigin,log_improvement_movement_cost3,log_improvement_movement_cost3,41,55.24926817620894,3.7184411338139234,7.896156574687752,0.7422779456382768
rastrigin,log_improvement_movement_cost3,log_improvement_movement_cost3,42,55.24926817620894,3.7184411338139234,8.053236090690763,0.7723359077587797
rastrigin,log_improvement_movement_cost3,log_improvement_movement_cost3,43,55.24926817620894,3.7184411338139234,8.212386661604688,0.7752112285507935
rastrigin,log_improvement_movement_cost3,log_improvement_movement_cost3,44,55.24926817620894,3.7184411338139234,8.372607747454442,0.7712839142510095
rastrigin,log_improvement_movement_cost3,log_improvement_movement_cost3,45,55.24926817620894,3.7184411338139234,8.514670354094278,0.7450133345388965
rastrigin,log_improvement_movement_cost3,log_improvement_movement_cost3,46,55.24926817620894,3.7184411338139234,8.674139156571938,0.7694812034576185
rastrigin,log_improvement_movement_cost3,log_improvement_movement_cost3,47,55.24926817620894,3.7184411338139234,8.854014410277918,0.7386884385419806
rastrigin,log_improvement_movement_cost3,log_improvement_movement_cost3,48,55.24926817620894,3.7184411338139234,8.974803235726881,0.7402705998997949
rastrigin,log_improvement_movement_cost3,log_improvement_movement_cost3,49,55.24926817620894,3.7184411338139234,9.119518085759779,0.7238131651013756
rastrigin,optimistic_selected,optimistic_improvement_movement_cost3,0,103.31225379615235,15.390577329673405,0.930123788419171,0.12407733113526168
rastrigin,optimistic_selected,optimistic_improvement_movement_cost3,1,103.31225379615235,15.390577329673405,1.1352061877147765,0.13641255741989575
rastrigin,optimistic_selected,optimistic_improvement_movement_cost3,2,90.99455431560283,8.557268284879662,1.374022445870369,0.16922345350741672
rastrigin,optimistic_selected,optimistic_improvement_movement_cost3,3,90.99455431560283,8.557268284879662,1.5831112463358217,0.2665985688485047
rastrigin,optimistic_selected,optimistic_improvement_movement_cost3,4,87.16733097566583,10.898501830793716,1.8177963956951342,0.2405685045732289
rastrigin,optimistic_selected,optimistic_improvement_movement_cost3,5,87.16733097566583,10.898501830793716,1.9784091013273957,0.17627299082581954
rastrigin,optimistic_selected,optimistic_improvement_movement_cost3,6,87.16733097566583,10.898501830793716,2.2017541665295157,0.16281194422504933
rastrigin,optimistic_selected,optimistic_improvement_movement_cost3,7,87.16733097566583,10.898501830793716,2.317155468815825,0.16328900041009453
rastrigin,optimistic_selected,optimistic_improvement_movement_cost3,8,87.16733097566583,10.898501830793716,2.4657338056786093,0.14685046708154362
rastrigin,optimistic_selected,optimistic_improvement_movement_cost3,9,87.16733097566583,10.898501830793716,2.6790516511795843,0.08005745275171906
rastrigin,optimistic_selected,optimistic_improvement_movement_cost3,10,87.16733097566583,10.898501830793716,2.875226864086134,0.08865924711602964
rastrigin,optimistic_selected,optimistic_improvement_movement_cost3,11,87.16733097566583,10.898501830793716,3.0558210931458305,0.06540441721340001
rastrigin,optimistic_selected,optimistic_improvement_movement_cost3,12,86.70967712869702,10.260470711422416,3.298163103327075,0.06720255369782173
rastrigin,optimistic_selected,optimistic_improvement_movement_cost3,13,86.70967712869702,10.260470711422416,3.459119724563132,0.0834397860850301
rastrigin,optimistic_selected,optimistic_improvement_movement_cost3,14,84.66603670839282,7.430781221973629,3.6180961112074557,0.13739579179794525
rastrigin,optimistic_selected,optimistic_improvement_movement_cost3,15,84.66603670839282,7.430781221973629,3.7425978235162063,0.13912368126250782
rastrigin,optimistic_selected,optimistic_improvement_movement_cost3,16,80.94577074706875,2.64043337264669,3.9048506038232316,0.13831549467126866
rastrigin,optimistic_selected,optimistic_improvement_movement_cost3,17,80.94577074706875,2.64043337264669,4.0337404721440295,0.1474690540517814
rastrigin,optimistic_selected,optimistic_improvement_movement_cost3,18,80.94577074706875,2.64043337264669,4.193490489874386,0.1775032275067332
rastrigin,optimistic_selected,optimistic_improvement_movement_cost3,19,80.94577074706875,2.64043337264669,4.339855478468145,0.19101571189209812
rastrigin,optimistic_selected,optimistic_improvement_movement_cost3,20,80.94577074706875,2.64043337264669,4.493992064871812,0.16881414904762496
rastrigin,optimistic_selected,optimistic_improvement_movement_cost3,21,80.94577074706875,2.64043337264669,4.619644666972452,0.14888550406283724
rastrigin,optimistic_selected,optimistic_improvement_movement_cost3,22,80.94577074706875,2.64043337264669,4.803421199356214,0.18240025093331078
rastrigin,optimistic_selected,optimistic_improvement_movement_cost3,23,80.94577074706875,2.64043337264669,4.968417358986186,0.15154037802414824
rastrigin,optimistic_selected,optimistic_improvement_movement_cost3,24,65.46260410246954,21.49139495112297,5.113746755798319,0.14353501967465343
rastrigin,optimistic_selected,optimistic_improvement_movement_cost3,25,65.46260410246954,21.49139495112297,5.253103808879555,0.12087315513125203
rastrigin,optimistic_selected,optimistic_improvement_movement_cost3,26,64.53226564566289,21.009985161708407,5.399909909717853,0.11674474733067845
rastrigin,optimistic_selected,optimistic_improvement_movement_cost3,27,64.06770466377009,20.796600561403526,5.529641658677616,0.1204889563922445
rastrigin,optimistic_selected,optimistic_improvement_movement_cost3,28,58.76951545108272,19.79451174748109,5.687102107103456,0.10612575170934432
rastrigin,optimistic_selected,optimistic_improvement_movement_cost3,29,58.76951545108272,19.79451174748109,5.824991446345478,0.09191728094690631
rastrigin,optimistic_selected,optimistic_improvement_movement_cost3,30,58.76951545108272,19.79451174748109,5.95092156354803,0.12654297754216912
rastrigin,optimistic_selected,optimistic_improvement_movement_cost3,31,55.353430089193466,15.645047583789708,6.090566029386035,0.13803864257050646
rastrigin,optimistic_selected,optimistic_improvement_movement_cost3,32,55.353430089193466,15.645047583789708,6.239486358193699,0.11446538751941403
rastrigin,optimistic_selected,optimistic_improvement_movement_cost3,33,55.353430089193466,15.645047583789708,6.3712444890824615,0.14210836187184547
rastrigin,optimistic_selected,optimistic_improvement_movement_cost3,34,55.353430089193466,15.645047583789708,6.505084148417051,0.15766804112521757
rastrigin,optimistic_selected,optimistic_improvement_movement_cost3,35,55.353430089193466,15.645047583789708,6.640169186082967,0.16535241509659432
rastrigin,optimistic_selected,optimistic_improvement_movement_cost3,36,55.353430089193466,15.645047583789708,6.767663315180911,0.1458839921788089
rastrigin,optimistic_selected,optimistic_improvement_movement_cost3,37,55.353430089193466,15.645047583789708,6.919714692859146,0.15253855988803622
rastrigin,optimistic_selected,optimistic_improvement_movement_cost3,38,55.353430089193466,15.645047583789708,7.098154041777531,0.16192791150123767
rastrigin,optimistic_selected,optimistic_improvement_movement_cost3,39,55.353430089193466,15.645047583789708,7.200543814396366,0.16019543663027794
rastrigin,optimistic_selected,optimistic_improvement_movement_cost3,40,55.353430089193466,15.645047583789708,7.343619598783094,0.15408608351307765
rastrigin,optimistic_selected,optimistic_improvement_movement_cost3,41,54.10047931316016,15.588596690596022,7.4839296632940995,0.1677184577942339
rastrigin,optimistic_selected,optimistic_improvement_movement_cost3,42,54.10047931316016,15.588596690596022,7.628122845361808,0.18796186681631627
rastrigin,optimistic_selected,optimistic_improvement_movement_cost3,43,51.812542694138706,12.840603479914785,7.74960743764461,0.20137334676729918
rastrigin,optimistic_selected,optimistic_improvement_movement_cost3,44,51.812542694138706,12.840603479914785,7.893510266580232,0.19064201907337
rastrigin,optimistic_selected,optimistic_improvement_movement_cost3,45,51.812542694138706,12.840603479914785,8.067325717835372,0.19833324256436752
rastrigin,optimistic_selected,optimistic_improvement_movement_cost3,46,51.812542694138706,12.840603479914785,8.223393058927046,0.22074437931431187
rastrigin,optimistic_selected,optimistic_improvement_movement_cost3,47,51.812542694138706,12.840603479914785,8.370367627829987,0.23440254034477856
rastrigin,optimistic_selected,optimistic_improvement_movement_cost3,48,48.13856228509488,13.382909168561506,8.501851587377152,0.26151354094602147
rastrigin,optimistic_selected,optimistic_improvement_movement_cost3,49,45.171886143037504,15.165320810703273,8.629765485725034,0.27273192126346124
rastrigin,budgeted_exploration,budgeted_exploration,0,96.24226447415879,3.427357105070378,0.9181772059598577,0.13498424943252174
rastrigin,budgeted_exploration,budgeted_exploration,1,83.49086041549079,11.384628160051271,1.1236913145531098,0.17480530189780982
rastrigin,budgeted_exploration,budgeted_exploration,2,83.49086041549079,11.384628160051271,1.24102704529155,0.18304350171933365
rastrigin,budgeted_exploration,budgeted_exploration,3,83.2164211006244,11.347119754277468,1.4672009367610233,0.16562741152301377
rastrigin,budgeted_exploration,budgeted_exploration,4,83.2164211006244,11.347119754277468,1.6586097800044117,0.1132198060177423
rastrigin,budgeted_exploration,budgeted_exploration,5,77.50158571541056,18.966324787333527,1.8490213508514326,0.12576815195064886
rastrigin,budgeted_exploration,budgeted_exploration,6,73.59658656221183,18.319332044952947,2.0441881390335155,0.11714414443982486
rastrigin,budgeted_exploration,budgeted_exploration,7,73.59658656221183,18.319332044952947,2.2333750660012326,0.0923269932527427
rastrigin,budgeted_exploration,budgeted_exploration,8,73.59658656221183,18.319332044952947,2.4496291531256333,0.1520979000225193
rastrigin,budgeted_exploration,budgeted_exploration,9,69.71022231514237,13.723236777178224,2.610027170940411,0.15372962456964767
rastrigin,budgeted_exploration,budgeted_exploration,10,69.71022231514237,13.723236777178224,2.7452171510700896,0.16529471476656346
rastrigin,budgeted_exploration,budgeted_exploration,11,69.71022231514237,13.723236777178224,2.9049444750721296,0.17608539772648435
rastrigin,budgeted_exploration,budgeted_exploration,12,69.71022231514237,13.723236777178224,3.0499135866861415,0.20825674328275662
rastrigin,budgeted_exploration,budgeted_exploration,13,65.13796533325136,14.214889966024016,3.1569810674349217,0.25516506614432066
rastrigin,budgeted_exploration,budgeted_exploration,14,65.13796533325136,14.214889966024016,3.2785450622375776,0.25165479492425546
rastrigin,budgeted_exploration,budgeted_exploration,15,62.36411230151098,15.847722271494202,3.382121197636025,0.2291733082750583
rastrigin,budgeted_exploration,budgeted_exploration,16,62.36411230151098,15.847722271494202,3.5139407941728553,0.20513763619217923
rastrigin,budgeted_exploration,budgeted_exploration,17,62.36411230151098,15.847722271494202,3.641738593238578,0.19859512290641346
rastrigin,budgeted_exploration,budgeted_exploration,18,62.36411230151098,15.847722271494202,3.7595408799069308,0.19637046776175834
rastrigin,budgeted_exploration,budgeted_exploration,19,62.36411230151098,15.847722271494202,3.885437451513473,0.20297529511922527
rastrigin,budgeted_exploration,budgeted_exploration,20,62.36411230151098,15.847722271494202,4.001974746078775,0.20891005121638018
rastrigin,budgeted_exploration,budgeted_exploration,21,60.30931993028204,12.942634764292007,4.13929705006199,0.2181440975718042
rastrigin,budgeted_exploration,budgeted_exploration,22,56.282754396015015,7.251756841299853,4.26500519239085,0.2486389112662365
rastrigin,budgeted_exploration,budgeted_exploration,23,56.282754396015015,7.251756841299853,4.41460051155646,0.2690447172783895
rastrigin,budgeted_exploration,budgeted_exploration,24,56.282754396015015,7.251756841299853,4.5497111833112385,0.25050923729772023
rastrigin,budgeted_exploration,budgeted_exploration,25,56.282754396015015,7.251756841299853,4.71279891243971,0.22429830681360022
rastrigin,budgeted_exploration,budgeted_exploration,26,56.282754396015015,7.251756841299853,4.869269530324158,0.22031259380914645
rastrigin,budgeted_exploration,budgeted_exploration,27,56.282754396015015,7.251756841299853,5.006696262796905,0.21837547996293433
rastrigin,budgeted_exploration,budgeted_exploration,28,56.282754396015015,7.251756841299853,5.138935276264078,0.2421098812088362
rastrigin,budgeted_exploration,budgeted_exploration,29,56.282754396015015,7.251756841299853,5.290992677916498,0.24520240848671448
rastrigin,budgeted_exploration,budgeted_exploration,30,54.9057503740778,8.32667828679938,5.403043243349475,0.24235844575916154
rastrigin,budgeted_exploration,budgeted_exploration,31,54.9057503740778,8.32667828679938,5.533794257298905,0.24143619931642643
rastrigin,budgeted_exploration,budgeted_exploration,32,54.9057503740778,8.32667828679938,5.689752407323165,0.25457873998511643
rastrigin,budgeted_exploration,budgeted_exploration,33,51.52521065887817,11.941945944626728,5.8396471340449105,0.24691337020505263
rastrigin,budgeted_exploration,budgeted_exploration,34,48.60869331795385,15.574318232677337,5.948784569258879,0.24429084975303247
rastrigin,budgeted_exploration,budgeted_exploration,35,48.60869331795385,15.574318232677337,6.072461693275734,0.2607151328636157
rastrigin,budgeted_exploration,budgeted_exploration,36,48.60869331795385,15.574318232677337,6.214377817131999,0.24373790108273172
rastrigin,budgeted_exploration,budgeted_exploration,37,48.60869331795385,15.574318232677337,6.336269861944703,0.2682695884813816
rastrigin,budgeted_exploration,budgeted_exploration,38,48.60869331795385,15.574318232677337,6.46685517822426,0.2803573610758493
rastrigin,budgeted_exploration,budgeted_exploration,39,48.60869331795385,15.574318232677337,6.565649460230408,0.28115548406999186
rastrigin,budgeted_exploration,budgeted_exploration,40,48.60869331795385,15.574318232677337,6.69870470123193,0.3050630553475799
rastrigin,budgeted_exploration,budgeted_exploration,41,48.60869331795385,15.574318232677337,6.862915460484554,0.3471610914407272
rastrigin,budgeted_exploration,budgeted_exploration,42,47.02281274044873,15.518469344617383,7.017198401888691,0.37450557973166587
rastrigin,budgeted_exploration,budgeted_exploration,43,47.02281274044873,15.518469344617383,7.166156226457339,0.39355627007380783
rastrigin,budgeted_exploration,budgeted_exploration,44,47.02281274044873,15.518469344617383,7.312001293682779,0.40820776497789296
rastrigin,budgeted_exploration,budgeted_exploration,45,47.02281274044873,15.518469344617383,7.475732079903313,0.40916285324990936
rastrigin,budgeted_exploration,budgeted_exploration,46,47.02281274044873,15.518469344617383,7.633032122651895,0.4399321724904597
rastrigin,budgeted_exploration,budgeted_exploration,47,47.02281274044873,15.518469344617383,7.780408278338723,0.430578169304938
rastrigin,budgeted_exploration,budgeted_exploration,48,47.02281274044873,15.518469344617383,7.9089636817228675,0.43232058648010757
rastrigin,budgeted_exploration,budgeted_exploration,49,47.02281274044873,15.518469344617383,8.02676082855936,0.411092526724009
rastrigin,lookahead_budgeted_exploration,lookahead_budgeted_exploration,0,95.05322884842519,10.498255201923277,0.9007011990638997,0.1528093751323453
rastrigin,lookahead_budgeted_exploration,lookahead_budgeted_exploration,1,95.05322884842519,10.498255201923277,1.0366672539945938,0.17874686718382507
rastrigin,lookahead_budgeted_exploration,lookahead_budgeted_exploration,2,94.95798722635375,10.388648424203254,1.2717641331170932,0.20043722511389633
rastrigin,lookahead_budgeted_exploration,lookahead_budgeted_exploration,3,94.95798722635375,10.388648424203254,1.5011444911799279,0.18589591146395684
rastrigin,lookahead_budgeted_exploration,lookahead_budgeted_exploration,4,94.95798722635375,10.388648424203254,1.6477617772745468,0.21591216108900801
rastrigin,lookahead_budgeted_exploration,lookahead_budgeted_exploration,5,93.06882172110393,8.367283250333772,1.7948556693881361,0.21060445340404768
rastrigin,lookahead_budgeted_exploration,lookahead_budgeted_exploration,6,92.18899903674782,7.5648665311738625,1.9486408548183214,0.19438311999750787
rastrigin,lookahead_budgeted_exploration,lookahead_budgeted_exploration,7,82.23436803327267,11.326423591583271,2.1064526020535506,0.18136430543812476
rastrigin,lookahead_budgeted_exploration,lookahead_budgeted_exploration,8,82.23436803327267,11.326423591583271,2.2785353100122117,0.17078438563874077
rastrigin,lookahead_budgeted_exploration,lookahead_budgeted_exploration,9,82.23436803327267,11.326423591583271,2.4596784316535216,0.21648462210084612
rastrigin,lookahead_budgeted_exploration,lookahead_budgeted_exploration,10,81.94530285639735,10.965766322040725,2.6581142367675983,0.2306068955358639
rastrigin,lookahead_budgeted_exploration,lookahead_budgeted_exploration,11,78.82885909984218,9.358431757071594,2.8276701038901173,0.2459650665948311
rastrigin,lookahead_budgeted_exploration,lookahead_budgeted_exploration,12,75.24792370050613,9.677199207727202,2.990577167910676,0.23792735388466718
rastrigin,lookahead_budgeted_exploration,lookahead_budgeted_exploration,13,75.24792370050613,9.677199207727202,3.125924282832878,0.24837730397474428
rastrigin,lookahead_budgeted_exploration,lookahead_budgeted_exploration,14,75.24792370050613,9.677199207727202,3.261704938856153,0.24036909686973013
rastrigin,lookahead_budgeted_exploration,lookahead_budgeted_exploration,15,70.35673221708775,3.1830428297958284,3.415255035818962,0.27505173029676677
rastrigin,lookahead_budgeted_exploration,lookahead_budgeted_exploration,16,70.35673221708775,3.1830428297958284,3.5853318579950866,0.23016924580598513
rastrigin,lookahead_budgeted_exploration,lookahead_budgeted_exploration,17,70.35673221708775,3.1830428297958284,3.7227219198788046,0.22722061484070646
rastrigin,lookahead_budgeted_exploration,lookahead_budgeted_exploration,18,61.84675409808265,9.285670039348378,3.891650701096728,0.23438407041363177
rastrigin,lookahead_budgeted_exploration,lookahead_budgeted_exploration,19,61.84675409808265,9.285670039348378,4.013676857039067,0.252536727835204
rastrigin,lookahead_budgeted_exploration,lookahead_budgeted_exploration,20,61.84675409808265,9.285670039348378,4.155910150087695,0.24399391448320742
rastrigin,lookahead_budgeted_exploration,lookahead_budgeted_exploration,21,61.84675409808265,9.285670039348378,4.338274852245419,0.2657009026671962
rastrigin,lookahead_budgeted_exploration,lookahead_budgeted_exploration,22,61.84675409808265,9.285670039348378,4.471095022166048,0.2472126539564692
rastrigin,lookahead_budgeted_exploration,lookahead_budgeted_exploration,23,60.98236673715352,8.543896578696003,4.597619050746386,0.2506857433321142
rastrigin,lookahead_budgeted_exploration,lookahead_budgeted_exploration,24,60.98236673715352,8.543896578696003,4.72430535043822,0.256733225641495
rastrigin,lookahead_budgeted_exploration,lookahead_budgeted_exploration,25,54.797704206745834,8.097046052768622,4.875102527261996,0.24933966632783555
rastrigin,lookahead_budgeted_exploration,lookahead_budgeted_exploration,26,54.797704206745834,8.097046052768622,5.027491257358544,0.27228644199025925
rastrigin,lookahead_budgeted_exploration,lookahead_budgeted_exploration,27,54.797704206745834,8.097046052768622,5.145953149224165,0.30455652544897127
rastrigin,lookahead_budgeted_exploration,lookahead_budgeted_exploration,28,54.797704206745834,8.097046052768622,5.306398151626205,0.29351230202131984
rastrigin,lookahead_budgeted_exploration,lookahead_budgeted_exploration,29,54.797704206745834,8.097046052768622,5.4450746722689045,0.2557593604865526
rastrigin,lookahead_budgeted_exploration,lookahead_budgeted_exploration,30,54.797704206745834,8.097046052768622,5.556999706795648,0.2511904092800255
rastrigin,lookahead_budgeted_exploration,lookahead_budgeted_exploration,31,53.64977801993923,6.4738396806684335,5.713111683191156,0.2283708631061905
rastrigin,lookahead_budgeted_exploration,lookahead_budgeted_exploration,32,53.64977801993923,6.4738396806684335,5.8436910083585305,0.21981550234639788
rastrigin,lookahead_budgeted_exploration,lookahead_budgeted_exploration,33,53.64977801993923,6.4738396806684335,5.973890051459904,0.24112181404361852
rastrigin,lookahead_budgeted_exploration,lookahead_budgeted_exploration,34,53.64977801993923,6.4738396806684335,6.154049706739188,0.2537792496357582
rastrigin,lookahead_budgeted_exploration,lookahead_budgeted_exploration,35,53.64977801993923,6.4738396806684335,6.295520450566403,0.2504682069019886
rastrigin,lookahead_budgeted_exploration,lookahead_budgeted_exploration,36,52.44312690588277,7.497296543977109,6.432635327833225,0.26155544924038693
rastrigin,lookahead_budgeted_exploration,lookahead_budgeted_exploration,37,52.44312690588277,7.497296543977109,6.562908280907744,0.2294077745153239
rastrigin,lookahead_budgeted_exploration,lookahead_budgeted_exploration,38,52.44312690588277,7.497296543977109,6.71302792380916,0.1977136908870122
rastrigin,lookahead_budgeted_exploration,lookahead_budgeted_exploration,39,52.44312690588277,7.497296543977109,6.82179192830148,0.17382747606728707
rastrigin,lookahead_budgeted_exploration,lookahead_budgeted_exploration,40,50.77005570844435,8.52128009497371,6.960851056264846,0.18466654590254353
rastrigin,lookahead_budgeted_exploration,lookahead_budgeted_exploration,41,50.62392399838467,8.635772895097585,7.068386336769606,0.21647783919179925
rastrigin,lookahead_budgeted_exploration,lookahead_budgeted_exploration,42,50.62392399838467,8.635772895097585,7.183026630996281,0.2391907935020071
rastrigin,lookahead_budgeted_exploration,lookahead_budgeted_exploration,43,50.62392399838467,8.635772895097585,7.312541918892184,0.21951048681290172
rastrigin,lookahead_budgeted_exploration,lookahead_budgeted_exploration,44,50.62392399838467,8.635772895097585,7.450052221145957,0.20324114620455222
rastrigin,lookahead_budgeted_exploration,lookahead_budgeted_exploration,45,50.62392399838467,8.635772895097585,7.595673959017435,0.1778970875657048
rastrigin,lookahead_budgeted_exploration,lookahead_budgeted_exploration,46,46.069060121318216,2.2617632295075096,7.705101054760668,0.15589670509094278
rastrigin,lookahead_budgeted_exploration,lookahead_budgeted_exploration,47,46.069060121318216,2.2617632295075096,7.8067837360887395,0.14866920950569634
rastrigin,lookahead_budgeted_exploration,lookahead_budgeted_exploration,48,46.069060121318216,2.2617632295075096,7.9596565968743365,0.10415831247528463
rastrigin,lookahead_budgeted_exploration,lookahead_budgeted_exploration,49,46.069060121318216,2.2617632295075096,8.096098909069312,0.11321617021698177
schwefel,pure_bo,pure_bo,0,2835.830852012299,43.90349900139746,1.3026631688055004,0.1991271461369949
schwefel,pure_bo,pure_bo,1,2835.830852012299,43.90349900139746,2.3547154211355017,0.1836446039792755
schwefel,pure_bo,pure_bo,2,2835.830852012299,43.90349900139746,3.730242025358466,0.5838704115256752
schwefel,pure_bo,pure_bo,3,2835.830852012299,43.90349900139746,4.749968362090368,0.8199183687570943
schwefel,pure_bo,pure_bo,4,2835.830852012299,43.90349900139746,6.031225455332013,0.6977556136006833
schwefel,pure_bo,pure_bo,5,2835.830852012299,43.90349900139746,7.366699407934512,0.905837852255695
schwefel,pure_bo,pure_bo,6,2835.830852012299,43.90349900139746,8.572930868511678,0.8849943991872821
schwefel,pure_bo,pure_bo,7,2835.830852012299,43.90349900139746,9.755603619822391,0.8794137254793328
schwefel,pure_bo,pure_bo,8,2835.830852012299,43.90349900139746,10.874282129393336,0.8133544544690946
schwefel,pure_bo,pure_bo,9,2835.830852012299,43.90349900139746,12.139918193972719,0.9633376189056264
schwefel,pure_bo,pure_bo,10,2835.830852012299,43.90349900139746,13.70632079577044,1.0234368546789854
schwefel,pure_bo,pure_bo,11,2835.830852012299,43.90349900139746,14.704298321139971,0.9313590334263044
schwefel,pure_bo,pure_bo,12,2835.830852012299,43.90349900139746,15.745983700982698,0.9425959105146996
schwefel,pure_bo,pure_bo,13,2835.830852012299,43.90349900139746,17.069809765533424,0.7405107629012847
schwefel,pure_bo,pure_bo,14,2835.830852012299,43.90349900139746,18.525292237646184,0.5330018805315913
schwefel,pure_bo,pure_bo,15,2835.830852012299,43.90349900139746,19.6522153156617,0.5940373176498815
schwefel,pure_bo,pure_bo,16,2835.830852012299,43.90349900139746,20.68208983711371,0.46061910310875803
schwefel,pure_bo,pure_bo,17,2835.830852012299,43.90349900139746,21.728527366886592,0.6104686809369063
schwefel,pure_bo,pure_bo,18,2835.830852012299,43.90349900139746,22.982155226732306,0.6383297273020352
schwefel,pure_bo,pure_bo,19,2835.830852012299,43.90349900139746,24.147458004848563,0.5901240796446122
schwefel,pure_bo,pure_bo,20,2835.830852012299,43.90349900139746,25.3791661092918,0.6018856440222368
schwefel,pure_bo,pure_bo,21,2835.830852012299,43.90349900139746,26.462070644660304,0.7319879921415303
schwefel,pure_bo,pure_bo,22,2835.830852012299,43.90349900139746,27.717408138339025,0.5950954619733085
schwefel,pure_bo,pure_bo,23,2835.830852012299,43.90349900139746,29.2604662665438,0.5910680891959956
schwefel,pure_bo,pure_bo,24,2835.830852012299,43.90349900139746,30.406400722220734,0.7182079968240215
schwefel,pure_bo,pure_bo,25,2835.830852012299,43.90349900139746,31.75473059402628,0.4799171442181159
schwefel,pure_bo,pure_bo,26,2835.830852012299,43.90349900139746,33.14633893497969,0.41991246640176577
schwefel,pure_bo,pure_bo,27,2835.830852012299,43.90349900139746,34.53024887428127,0.34301884997281723
schwefel,pure_bo,pure_bo,28,2835.830852012299,43.90349900139746,35.83399965043585,0.3849299673307687
schwefel,pure_bo,pure_bo,29,2835.830852012299,43.90349900139746,37.03163193395767,0.45019501920584304
schwefel,pure_bo,pure_bo,30,2835.830852012299,43.90349900139746,38.413920787910804,0.4969185454222563
schwefel,pure_bo,pure_bo,31,2835.830852012299,43.90349900139746,39.811585122113634,0.5665640016244031
schwefel,pure_bo,pure_bo,32,2835.830852012299,43.90349900139746,41.22255303664469,0.8572015693904952
schwefel,pure_bo,pure_bo,33,2835.830852012299,43.90349900139746,42.39641318211874,0.8621131793942289
schwefel,pure_bo,pure_bo,34,2835.830852012299,43.90349900139746,43.71743656798473,0.8615640484080774
schwefel,pure_bo,pure_bo,35,2835.830852012299,43.90349900139746,45.05560653135583,0.7264939241845912
schwefel,pure_bo,pure_bo,36,2835.830852012299,43.90349900139746,46.166483499006155,0.7331819708791655
schwefel,pure_bo,pure_bo,37,2835.830852012299,43.90349900139746,47.444727597710944,0.4821472023614258
schwefel,pure_bo,pure_bo,38,2835.830852012299,43.90349900139746,49.26339709723792,0.7528603006513311
schwefel,pure_bo,pure_bo,39,2835.830852012299,43.90349900139746,50.8049405617842,1.0647408424921143
schwefel,pure_bo,pure_bo,40,2808.730010675852,47.90051324458297,52.42432205790203,1.0235367541153202
schwefel,pure_bo,pure_bo,41,2808.730010675852,47.90051324458297,53.61424045002402,1.1547040105498279
schwefel,pure_bo,pure_bo,42,2808.730010675852,47.90051324458297,54.95448671222518,1.1774438139637609
schwefel,pure_bo,pure_bo,43,2808.730010675852,47.90051324458297,56.23227605062789,1.0569414751248027
schwefel,pure_bo,pure_bo,44,2808.730010675852,47.90051324458297,57.51518585828466,1.1099527919520016
schwefel,pure_bo,pure_bo,45,2808.730010675852,47.90051324458297,58.70206779773815,1.1657956339273914
schwefel,pure_bo,pure_bo,46,2808.730010675852,47.90051324458297,59.87751194901441,1.0302932049559492
schwefel,pure_bo,pure_bo,47,2808.730010675852,47.90051324458297,61.01898131579421,1.1952729786725493
schwefel,pure_bo,pure_bo,48,2808.730010675852,47.90051324458297,62.113641926471836,1.4227702036505705
schwefel,pure_bo,pure_bo,49,2801.960074274739,38.32637736972513,63.481609140072585,1.3794980917218684
schwefel,earlbo,earlbo,0,2835.830852012299,43.90349900139754,1.868519664864256,0.2465067424107195
schwefel,earlbo,earlbo,1,2835.830852012299,43.90349900139754,3.738732857401139,0.322834323182918
schwefel,earlbo,earlbo,2,2835.830852012299,43.90349900139754,5.088417798850682,0.5186056159409657
schwefel,earlbo,earlbo,3,2835.830852012299,43.90349900139754,6.136214787742122,0.6210824380267103
schwefel,earlbo,earlbo,4,2835.830852012299,43.90349900139754,7.234902028679432,0.6790275936715994
schwefel,earlbo,earlbo,5,2835.830852012299,43.90349900139754,8.25817871483048,0.9471977436127997
schwefel,earlbo,earlbo,6,2835.830852012299,43.90349900139754,10.084354171367814,0.8087953831414927
schwefel,earlbo,earlbo,7,2835.830852012299,43.90349900139754,11.657571957566878,1.0034001370344137
schwefel,earlbo,earlbo,8,2835.830852012299,43.90349900139754,13.204050814992248,1.1145581536123994
schwefel,earlbo,earlbo,9,2835.830852012299,43.90349900139754,14.808247252950594,0.9829762349695098
schwefel,earlbo,earlbo,10,2830.4612144824637,42.03384420507792,16.32315918353894,1.2637879181094944
schwefel,earlbo,earlbo,11,2830.4612144824637,42.03384420507792,17.858674825710604,1.4385669904195895
schwefel,earlbo,earlbo,12,2830.4612144824637,42.03384420507792,19.113637578687698,1.7354350792282336
schwefel,earlbo,earlbo,13,2830.4612144824637,42.03384420507792,20.212239077724462,1.8587487248401835
schwefel,earlbo,earlbo,14,2830.4612144824637,42.03384420507792,21.49073462059897,2.3072592988567813
schwefel,earlbo,earlbo,15,2830.4612144824637,42.03384420507792,22.5880221268112,2.553722949543954
schwefel,earlbo,earlbo,16,2830.4612144824637,42.03384420507792,23.73108735700227,2.975531090145444
schwefel,earlbo,earlbo,17,2830.4612144824637,42.03384420507792,24.902646728825342,3.58704957540407
schwefel,earlbo,earlbo,18,2830.4612144824637,42.03384420507792,26.107620419790237,3.572197788553764
schwefel,earlbo,earlbo,19,2830.4612144824637,42.03384420507792,27.923345977626997,3.716822969170532
schwefel,earlbo,earlbo,20,2830.4612144824637,42.03384420507792,29.881941801357566,3.7849222049036113
schwefel,earlbo,earlbo,21,2830.4612144824637,42.03384420507792,31.46352339663659,3.6810145566246186
schwefel,earlbo,earlbo,22,2830.4612144824637,42.03384420507792,32.68811940994183,3.9096885638241083
schwefel,earlbo,earlbo,23,2830.4612144824637,42.03384420507792,33.77288069653064,4.130848843003277
schwefel,earlbo,earlbo,24,2652.711600871225,220.45418996733977,34.98963171118265,4.50359669545061
schwefel,earlbo,earlbo,25,2652.711600871225,220.45418996733977,36.095715773837355,4.636940797023905
schwefel,earlbo,earlbo,26,2652.711600871225,220.45418996733977,37.43813577617983,4.923896094479263
schwefel,earlbo,earlbo,27,2652.711600871225,220.45418996733977,38.92880620415031,5.414502345320056
schwefel,earlbo,earlbo,28,2652.711600871225,220.45418996733977,39.871012531858575,5.264946224869577
schwefel,earlbo,earlbo,29,2652.711600871225,220.45418996733977,40.65379896235033,5.397051624120884
schwefel,earlbo,earlbo,30,2652.711600871225,220.45418996733977,41.455426602322554,5.374241804489268
schwefel,earlbo,earlbo,31,2652.711600871225,220.45418996733977,42.59348153345874,5.803465834300827
schwefel,earlbo,earlbo,32,2652.711600871225,220.45418996733977,44.12146264213178,6.439960557105534
schwefel,earlbo,earlbo,33,2652.711600871225,220.45418996733977,45.512499122481735,6.684817152219612
schwefel,earlbo,earlbo,34,2652.711600871225,220.45418996733977,46.32211300190183,6.707462975115549
schwefel,earlbo,earlbo,35,2652.711600871225,220.45418996733977,47.287597268511654,6.685712653628917
schwefel,earlbo,earlbo,36,2652.711600871225,220.45418996733977,48.25368503837155,6.846675676863112
schwefel,earlbo,earlbo,37,2652.711600871225,220.45418996733977,49.55571801353843,7.388947749767
schwefel,earlbo,earlbo,38,2652.711600871225,220.45418996733977,50.89766785354406,7.990155879730923
schwefel,earlbo,earlbo,39,2652.711600871225,220.45418996733977,52.4488943738857,7.963692867204406
schwefel,earlbo,earlbo,40,2652.711600871225,220.45418996733977,54.10715392732581,8.268442455221175
schwefel,earlbo,earlbo,41,2652.711600871225,220.45418996733977,55.19205940910993,8.838877201841902
schwefel,earlbo,earlbo,42,2652.711600871225,220.45418996733977,56.80429451680095,8.747922916050403
schwefel,earlbo,earlbo,43,2652.711600871225,220.45418996733977,58.15244036662913,8.184805769042532
schwefel,earlbo,earlbo,44,2652.711600871225,220.45418996733977,59.201731960962,7.9928214008437175
schwefel,earlbo,earlbo,45,2652.711600871225,220.45418996733977,60.39581597276688,8.133920145046973
schwefel,earlbo,earlbo,46,2652.711600871225,220.45418996733977,61.790704207064834,8.239120069990005
schwefel,earlbo,earlbo,47,2652.711600871225,220.45418996733977,63.382459621333936,8.039530365401731
schwefel,earlbo,earlbo,48,2652.711600871225,220.45418996733977,64.34656570285551,8.057249892878186
schwefel,earlbo,earlbo,49,2652.711600871225,220.45418996733977,65.6127428216227,8.401951366407843
schwefel,snake,snake,0,2835.830852012299,43.90349900139754,1.5425664472385352,0.39591202885214055
schwefel,snake,snake,1,2835.830852012299,43.90349900139754,3.0692011793550478,1.03317025253319
schwefel,snake,snake,2,2804.0339791594656,51.54300216887323,4.51715221904936,1.07648627349887
schwefel,snake,snake,3,2804.0339791594656,51.54300216887323,5.722666394761412,0.9350142946219203
schwefel,snake,snake,4,2804.0339791594656,51.54300216887323,6.7515782166713025,0.8283960438004249
schwefel,snake,snake,5,2804.0339791594656,51.54300216887323,8.003062249119838,1.0263521675679659
schwefel,snake,snake,6,2804.0339791594656,51.54300216887323,9.323299086822422,1.558199752597384
schwefel,snake,snake,7,2804.0339791594656,51.54300216887323,10.427884585715871,1.7399926325968575
schwefel,snake,snake,8,2804.0339791594656,51.54300216887323,11.434357022238748,1.651395955521025
schwefel,snake,snake,9,2804.0339791594656,51.54300216887323,12.744168943882878,2.0190928735812737
schwefel,snake,snake,10,2804.0339791594656,51.54300216887323,13.789421197103279,2.1403130122169194
schwefel,snake,snake,11,2619.7043873228845,209.53924748914903,14.89152855951948,1.8358856013274951
schwefel,snake,snake,12,2619.7043873228845,209.53924748914903,15.660426222731184,1.770109193078868
schwefel,snake,snake,13,2619.7043873228845,209.53924748914903,16.700503490845577,1.9225326357611694
schwefel,snake,snake,14,2619.7043873228845,209.53924748914903,17.743887818908245,2.1485732866158322
schwefel,snake,snake,15,2619.7043873228845,209.53924748914903,18.564428377934792,1.8329080009852217
schwefel,snake,snake,16,2619.7043873228845,209.53924748914903,19.414833324796305,1.8453838659403135
schwefel,snake,snake,17,2619.7043873228845,209.53924748914903,20.43584351521695,1.7666619350218131
schwefel,snake,snake,18,2619.7043873228845,209.53924748914903,21.230312267472616,1.7215816581500365
schwefel,snake,snake,19,2619.7043873228845,209.53924748914903,21.95572475410061,1.7342437471772267
schwefel,snake,snake,20,2619.7043873228845,209.53924748914903,23.06268950096968,1.8011722223794822
schwefel,snake,snake,21,2619.7043873228845,209.53924748914903,23.81493513329666,1.7754627065434792
schwefel,snake,snake,22,2619.7043873228845,209.53924748914903,24.65440289832649,1.7511158800318054
schwefel,snake,snake,23,2619.7043873228845,209.53924748914903,25.576411511630397,1.5798670403774395
schwefel,snake,snake,24,2619.7043873228845,209.53924748914903,26.27516856820581,1.703904291565054
schwefel,snake,snake,25,2619.7043873228845,209.53924748914903,26.947419363582952,1.8494382119115589
schwefel,snake,snake,26,2619.7043873228845,209.53924748914903,27.692584856371997,2.1379902443584995
schwefel,snake,snake,27,2619.7043873228845,209.53924748914903,28.616964099865527,2.1926999450644926
schwefel,snake,snake,28,2619.7043873228845,209.53924748914903,29.496512903399402,2.2301251308256527
schwefel,snake,snake,29,2619.7043873228845,209.53924748914903,30.639374611946433,2.7884787635938793
schwefel,snake,snake,30,2619.7043873228845,209.53924748914903,32.11761391989619,3.4779486680590708
schwefel,snake,snake,31,2619.7043873228845,209.53924748914903,33.29371820682129,4.258383242005338
schwefel,snake,snake,32,2619.7043873228845,209.53924748914903,34.10534946205528,4.589531353989741
schwefel,snake,snake,33,2619.7043873228845,209.53924748914903,34.75312833322126,4.535638604231781
schwefel,snake,snake,34,2619.7043873228845,209.53924748914903,35.62128865350066,4.677291634878316
schwefel,snake,snake,35,2619.7043873228845,209.53924748914903,36.65126665624476,4.896539260866656
schwefel,snake,snake,36,2619.7043873228845,209.53924748914903,37.289949300436014,4.919061759214943
schwefel,snake,snake,37,2619.7043873228845,209.53924748914903,38.26204813972187,5.255893274047619
schwefel,snake,snake,38,2619.7043873228845,209.53924748914903,39.604945862382216,5.725721119191637
schwefel,snake,snake,39,2619.7043873228845,209.53924748914903,40.57265845270181,5.970379943880066
schwefel,snake,snake,40,2619.7043873228845,209.53924748914903,41.49495231569388,6.273007234569172
schwefel,snake,snake,41,2619.7043873228845,209.53924748914903,42.54163182344259,6.336019491355925
schwefel,snake,snake,42,2619.7043873228845,209.53924748914903,43.57899510769846,6.467099824747915
schwefel,snake,snake,43,2619.7043873228845,209.53924748914903,44.768516862057005,6.870457167175454
schwefel,snake,snake,44,2619.7043873228845,209.53924748914903,45.832169655435145,7.437485456661993
schwefel,snake,snake,45,2480.404649593575,198.71958005670342,46.639082132726536,7.625581130591338
schwefel,snake,snake,46,2480.404649593575,198.71958005670342,47.35191576768906,7.781835264573408
schwefel,snake,snake,47,2480.404649593575,198.71958005670342,47.997560026820054,7.867684970369
schwefel,snake,snake,48,2480.404649593575,198.71958005670342,48.79757370160784,7.8026617061799275
schwefel,snake,snake,49,2480.404649593575,198.71958005670342,49.6249453364393,8.097971392182492
schwefel,log_improvement_movement_cost3,log_improvement_movement_cost3,0,2835.830852012299,43.90349900139754,1.684426644758247,0.3511533980031775
schwefel,log_improvement_movement_cost3,log_improvement_movement_cost3,1,2779.883936331515,60.333960243835534,3.4254213935023565,0.6044279366748834
schwefel,log_improvement_movement_cost3,log_improvement_movement_cost3,2,2779.883936331515,60.333960243835534,5.209659899641596,0.5186411311040359
schwefel,log_improvement_movement_cost3,log_improvement_movement_cost3,3,2779.883936331515,60.333960243835534,7.23821035451008,0.6278924593168709
schwefel,log_improvement_movement_cost3,log_improvement_movement_cost3,4,2779.883936331515,60.333960243835534,8.547180789597052,1.2392541591044612
schwefel,log_improvement_movement_cost3,log_improvement_movement_cost3,5,2779.883936331515,60.333960243835534,10.019168553499824,1.6152050105343185
schwefel,log_improvement_movement_cost3,log_improvement_movement_cost3,6,2779.883936331515,60.333960243835534,10.880644645415183,1.4402955349901454
schwefel,log_improvement_movement_cost3,log_improvement_movement_cost3,7,2779.883936331515,60.333960243835534,12.18431682352299,1.8653857503104019
schwefel,log_improvement_movement_cost3,log_improvement_movement_cost3,8,2779.883936331515,60.333960243835534,13.525658377963465,1.7230511629452265
schwefel,log_improvement_movement_cost3,log_improvement_movement_cost3,9,2779.883936331515,60.333960243835534,15.248049016971349,1.5221680426423039
schwefel,log_improvement_movement_cost3,log_improvement_movement_cost3,10,2779.883936331515,60.333960243835534,16.757245255293263,1.5202687911516246
schwefel,log_improvement_movement_cost3,log_improvement_movement_cost3,11,2779.883936331515,60.333960243835534,17.965949811752512,2.006851645430567
schwefel,log_improvement_movement_cost3,log_improvement_movement_cost3,12,2705.2934197102254,124.56832479529176,19.29699252900295,2.2871786509889227
schwefel,log_improvement_movement_cost3,log_improvement_movement_cost3,13,2705.2934197102254,124.56832479529176,20.551190908613574,2.600597195672925
schwefel,log_improvement_movement_cost3,log_improvement_movement_cost3,14,2705.2934197102254,124.56832479529176,21.469733186783042,2.7624427010983217
schwefel,log_improvement_movement_cost3,log_improvement_movement_cost3,15,2705.2934197102254,124.56832479529176,23.07959664579533,3.002096461627387
schwefel,log_improvement_movement_cost3,log_improvement_movement_cost3,16,2705.2934197102254,124.56832479529176,24.517453134219863,3.1865705568561933
schwefel,log_improvement_movement_cost3,log_improvement_movement_cost3,17,2705.2934197102254,124.56832479529176,25.478545761154226,3.3598593146755578
schwefel,log_improvement_movement_cost3,log_improvement_movement_cost3,18,2705.2934197102254,124.56832479529176,26.514365316718436,3.795137773034451
schwefel,log_improvement_movement_cost3,log_improvement_movement_cost3,19,2705.2934197102254,124.56832479529176,27.975662187804687,4.507977204679556
schwefel,log_improvement_movement_cost3,log_improvement_movement_cost3,20,2355.610624629663,507.68033209210654,29.183296433400198,5.161215623587125
schwefel,log_improvement_movement_cost3,log_improvement_movement_cost3,21,2355.610624629663,507.68033209210654,30.233924716898745,5.754338440226907
schwefel,log_improvement_movement_cost3,log_improvement_movement_cost3,22,2355.610624629663,507.68033209210654,31.25981368972289,6.153170598301056
schwefel,log_improvement_movement_cost3,log_improvement_movement_cost3,23,2355.610624629663,507.68033209210654,32.92755973215255,6.375839187427481
schwefel,log_improvement_movement_cost3,log_improvement_movement_cost3,24,2355.610624629663,507.68033209210654,34.91432666231173,6.868771915086416
schwefel,log_improvement_movement_cost3,log_improvement_movement_cost3,25,2355.610624629663,507.68033209210654,37.132920133159445,6.696699561471491
schwefel,log_improvement_movement_cost3,log_improvement_movement_cost3,26,2355.610624629663,507.68033209210654,38.96927254712832,6.666557949898575
schwefel,log_improvement_movement_cost3,log_improvement_movement_cost3,27,2355.610624629663,507.68033209210654,40.03034324091,7.078742153419769
schwefel,log_improvement_movement_cost3,log_improvement_movement_cost3,28,2355.610624629663,507.68033209210654,40.721227996132164,7.463840160284506
schwefel,log_improvement_movement_cost3,log_improvement_movement_cost3,29,2355.610624629663,507.68033209210654,41.66840242585396,7.457212434995934
schwefel,log_improvement_movement_cost3,log_improvement_movement_cost3,30,2264.482835118483,471.8823224782586,42.97425541133686,7.372942496334391
schwefel,log_improvement_movement_cost3,log_improvement_movement_cost3,31,2264.482835118483,471.8823224782586,43.887405750224275,7.472525131366037
schwefel,log_improvement_movement_cost3,log_improvement_movement_cost3,32,2264.482835118483,471.8823224782586,45.183938589438874,7.352419679234559
schwefel,log_improvement_movement_cost3,log_improvement_movement_cost3,33,2264.482835118483,471.8823224782586,47.112741532125966,7.040383393892685
schwefel,log_improvement_movement_cost3,log_improvement_movement_cost3,34,2264.482835118483,471.8823224782586,49.363065252874776,6.941330368474237
schwefel,log_improvement_movement_cost3,log_improvement_movement_cost3,35,2264.482835118483,471.8823224782586,50.47797167802536,7.171865443989275
schwefel,log_improvement_movement_cost3,log_improvement_movement_cost3,36,2264.482835118483,471.8823224782586,51.58039480093954,7.645285545869697
schwefel,log_improvement_movement_cost3,log_improvement_movement_cost3,37,2264.482835118483,471.8823224782586,53.10340357531542,8.333391731193752
schwefel,log_improvement_movement_cost3,log_improvement_movement_cost3,38,2264.482835118483,471.8823224782586,54.200313121127124,8.86685862295008
schwefel,log_improvement_movement_cost3,log_improvement_movement_cost3,39,2264.482835118483,471.8823224782586,56.37935467905671,8.971703632907532
schwefel,log_improvement_movement_cost3,log_improvement_movement_cost3,40,2264.482835118483,471.8823224782586,58.34970553990504,8.793079743178925
schwefel,log_improvement_movement_cost3,log_improvement_movement_cost3,41,2264.482835118483,471.8823224782586,59.8147847106506,8.586495442049564
schwefel,log_improvement_movement_cost3,log_improvement_movement_cost3,42,2264.482835118483,471.8823224782586,61.59525178089287,8.519703986417452
schwefel,log_improvement_movement_cost3,log_improvement_movement_cost3,43,2264.482835118483,471.8823224782586,62.76978842618237,8.55740433457667
schwefel,log_improvement_movement_cost3,log_improvement_movement_cost3,44,2264.482835118483,471.8823224782586,64.16379550904902,8.40501069519211
schwefel,log_improvement_movement_cost3,log_improvement_movement_cost3,45,2264.482835118483,471.8823224782586,65.5740583464909,8.021991916468428
schwefel,log_improvement_movement_cost3,log_improvement_movement_cost3,46,2264.482835118483,471.8823224782586,66.92159784616723,7.959070465182627
schwefel,log_improvement_movement_cost3,log_improvement_movement_cost3,47,2264.482835118483,471.8823224782586,68.73132557062594,7.894815643435968
schwefel,log_improvement_movement_cost3,log_improvement_movement_cost3,48,2264.482835118483,471.8823224782586,70.30705244381528,7.621668940586623
schwefel,log_improvement_movement_cost3,log_improvement_movement_cost3,49,2264.482835118483,471.8823224782586,71.34749496846428,6.964178726961666
schwefel,optimistic_selected,optimistic_improvement_movement_cost3,0,2835.830852012299,43.90349900139754,1.68660679962855,0.2308569700939289
schwefel,optimistic_selected,optimistic_improvement_movement_cost3,1,2835.830852012299,43.90349900139754,3.4187523632895704,0.48885656871075917
schwefel,optimistic_selected,optimistic_improvement_movement_cost3,2,2835.830852012299,43.90349900139754,5.146112004825747,0.24898830083870344
schwefel,optimistic_selected,optimistic_improvement_movement_cost3,3,2789.909441837344,49.11732120085879,6.788062167985348,0.4492239572792509
schwefel,optimistic_selected,optimistic_improvement_movement_cost3,4,2789.909441837344,49.11732120085879,8.462249189500984,1.0544685705342285
schwefel,optimistic_selected,optimistic_improvement_movement_cost3,5,2789.909441837344,49.11732120085879,9.952151435880554,1.1628300899905186
schwefel,optimistic_selected,optimistic_improvement_movement_cost3,6,2789.909441837344,49.11732120085879,11.058954454152229,0.836995784366436
schwefel,optimistic_selected,optimistic_improvement_movement_cost3,7,2789.909441837344,49.11732120085879,12.402492203788361,1.5109373232355252
schwefel,optimistic_selected,optimistic_improvement_movement_cost3,8,2789.909441837344,49.11732120085879,14.079168308362975,1.626205632384457
schwefel,optimistic_selected,optimistic_improvement_movement_cost3,9,2789.909441837344,49.11732120085879,15.722608229889337,1.5517379978259243
schwefel,optimistic_selected,optimistic_improvement_movement_cost3,10,2789.909441837344,49.11732120085879,17.241026722445962,1.5094906555758003
schwefel,optimistic_selected,optimistic_improvement_movement_cost3,11,2789.909441837344,49.11732120085879,18.5803276006884,1.987219999844247
schwefel,optimistic_selected,optimistic_improvement_movement_cost3,12,2789.909441837344,49.11732120085879,20.26248873301024,2.3519714027645446
schwefel,optimistic_selected,optimistic_improvement_movement_cost3,13,2789.909441837344,49.11732120085879,21.90661778557029,2.468606871636071
schwefel,optimistic_selected,optimistic_improvement_movement_cost3,14,2789.909441837344,49.11732120085879,23.220568900658364,2.817425629094159
schwefel,optimistic_selected,optimistic_improvement_movement_cost3,15,2789.909441837344,49.11732120085879,24.61324596677675,2.918858838740829
schwefel,optimistic_selected,optimistic_improvement_movement_cost3,16,2789.909441837344,49.11732120085879,26.243003754686526,2.866748284130767
schwefel,optimistic_selected,optimistic_improvement_movement_cost3,17,2789.909441837344,49.11732120085879,27.236830855435112,2.8937376399105625
schwefel,optimistic_selected,optimistic_improvement_movement_cost3,18,2789.909441837344,49.11732120085879,28.557332920695842,3.3185863238773248
schwefel,optimistic_selected,optimistic_improvement_movement_cost3,19,2789.909441837344,49.11732120085879,29.851614202102102,3.9113431267888634
schwefel,optimistic_selected,optimistic_improvement_movement_cost3,20,2789.909441837344,49.11732120085879,31.20214766793534,4.686717258404364
schwefel,optimistic_selected,optimistic_improvement_movement_cost3,21,2789.909441837344,49.11732120085879,32.421061941830146,5.220804515612663
schwefel,optimistic_selected,optimistic_improvement_movement_cost3,22,2789.909441837344,49.11732120085879,33.4582618413099,5.605497678816377
schwefel,optimistic_selected,optimistic_improvement_movement_cost3,23,2789.909441837344,49.11732120085879,35.13717075884383,5.467258628833694
schwefel,optimistic_selected,optimistic_improvement_movement_cost3,24,2789.909441837344,49.11732120085879,37.26209247584223,5.347450972271553
schwefel,optimistic_selected,optimistic_improvement_movement_cost3,25,2789.909441837344,49.11732120085879,39.372160000399774,5.095604390044724
schwefel,optimistic_selected,optimistic_improvement_movement_cost3,26,2789.909441837344,49.11732120085879,41.34986282299857,5.169600361780979
schwefel,optimistic_selected,optimistic_improvement_movement_cost3,27,2789.909441837344,49.11732120085879,42.368216577884574,5.437303590174732
schwefel,optimistic_selected,optimistic_improvement_movement_cost3,28,2789.909441837344,49.11732120085879,43.1777846077328,5.796164714105682
schwefel,optimistic_selected,optimistic_improvement_movement_cost3,29,2789.909441837344,49.11732120085879,44.210303006798824,5.807661139873452
schwefel,optimistic_selected,optimistic_improvement_movement_cost3,30,2789.909441837344,49.11732120085879,45.43085926139954,6.006803978886495
schwefel,optimistic_selected,optimistic_improvement_movement_cost3,31,2789.909441837344,49.11732120085879,46.727282414550395,5.854279410641911
schwefel,optimistic_selected,optimistic_improvement_movement_cost3,32,2789.909441837344,49.11732120085879,47.91997019295231,6.242670499028986
schwefel,optimistic_selected,optimistic_improvement_movement_cost3,33,2789.909441837344,49.11732120085879,49.98198343935787,6.445755324819617
schwefel,optimistic_selected,optimistic_improvement_movement_cost3,34,2789.909441837344,49.11732120085879,52.15231231567302,6.531883281298723
schwefel,optimistic_selected,optimistic_improvement_movement_cost3,35,2789.909441837344,49.11732120085879,53.48931319052779,6.715345914226245
schwefel,optimistic_selected,optimistic_improvement_movement_cost3,36,2789.909441837344,49.11732120085879,54.50481367518489,7.08899316096006
schwefel,optimistic_selected,optimistic_improvement_movement_cost3,37,2789.909441837344,49.11732120085879,55.91198717739288,7.747798235029723
schwefel,optimistic_selected,optimistic_improvement_movement_cost3,38,2789.909441837344,49.11732120085879,56.92222398642571,8.295430962402651
schwefel,optimistic_selected,optimistic_improvement_movement_cost3,39,2789.909441837344,49.11732120085879,58.78927379781516,8.092197060118927
schwefel,optimistic_selected,optimistic_improvement_movement_cost3,40,2789.909441837344,49.11732120085879,60.62670425016656,7.897730057904164
schwefel,optimistic_selected,optimistic_improvement_movement_cost3,41,2789.909441837344,49.11732120085879,62.14832409136446,7.800949679576922
schwefel,optimistic_selected,optimistic_improvement_movement_cost3,42,2789.909441837344,49.11732120085879,63.6762624577534,7.995302884415677
schwefel,optimistic_selected,optimistic_improvement_movement_cost3,43,2789.909441837344,49.11732120085879,64.82952444896527,8.430041684563959
schwefel,optimistic_selected,optimistic_improvement_movement_cost3,44,2789.909441837344,49.11732120085879,66.01103725747616,8.338432828303443
schwefel,optimistic_selected,optimistic_improvement_movement_cost3,45,2789.909441837344,49.11732120085879,67.5768422043725,7.933253304150754
schwefel,optimistic_selected,optimistic_improvement_movement_cost3,46,2789.909441837344,49.11732120085879,68.99511547972763,7.67125224300408
schwefel,optimistic_selected,optimistic_improvement_movement_cost3,47,2789.909441837344,49.11732120085879,70.87600351233682,7.543801857930646
schwefel,optimistic_selected,optimistic_improvement_movement_cost3,48,2789.909441837344,49.11732120085879,72.76302830497008,7.096274585799036
schwefel,optimistic_selected,optimistic_improvement_movement_cost3,49,2789.909441837344,49.11732120085879,73.90303691007828,6.8328188598381825
schwefel,budgeted_exploration,budgeted_exploration,0,2835.830852012299,43.90349900139754,1.7831765669845943,0.42287904455942577
schwefel,budgeted_exploration,budgeted_exploration,1,2835.830852012299,43.90349900139754,3.50748194550057,0.6408592447492814
schwefel,budgeted_exploration,budgeted_exploration,2,2835.830852012299,43.90349900139754,5.19296308289239,0.5152656923273654
schwefel,budgeted_exploration,budgeted_exploration,3,2835.830852012299,43.90349900139754,6.890375469239597,0.9110440470768417
schwefel,budgeted_exploration,budgeted_exploration,4,2835.830852012299,43.90349900139754,8.672794008405267,1.3220063178576316
schwefel,budgeted_exploration,budgeted_exploration,5,2835.830852012299,43.90349900139754,10.311567659189697,1.4673344351345579
schwefel,budgeted_exploration,budgeted_exploration,6,2835.830852012299,43.90349900139754,11.45750677064151,1.28152031736673
schwefel,budgeted_exploration,budgeted_exploration,7,2531.279052243093,403.3320089457483,12.668337047670077,1.5480932324137648
schwefel,budgeted_exploration,budgeted_exploration,8,2531.279052243093,403.3320089457483,14.200200203708603,1.7491079684108148
schwefel,budgeted_exploration,budgeted_exploration,9,2531.279052243093,403.3320089457483,15.95950023231982,1.6693246788617702
schwefel,budgeted_exploration,budgeted_exploration,10,2531.279052243093,403.3320089457483,17.309709603241924,1.738793357603546
schwefel,budgeted_exploration,budgeted_exploration,11,2531.279052243093,403.3320089457483,18.12277749440463,1.9879845486309577
schwefel,budgeted_exploration,budgeted_exploration,12,2531.279052243093,403.3320089457483,19.74700566456652,2.2489928549366516
schwefel,budgeted_exploration,budgeted_exploration,13,2531.279052243093,403.3320089457483,21.175632807550386,2.3463177813967495
schwefel,budgeted_exploration,budgeted_exploration,14,2531.279052243093,403.3320089457483,22.198505809064798,2.412309335570518
schwefel,budgeted_exploration,budgeted_exploration,15,2531.279052243093,403.3320089457483,23.94820542887734,2.6881169953768893
schwefel,budgeted_exploration,budgeted_exploration,16,2531.279052243093,403.3320089457483,25.44035471986801,2.7458879016697235
schwefel,budgeted_exploration,budgeted_exploration,17,2531.279052243093,403.3320089457483,26.26484540881825,3.0560724789579146
schwefel,budgeted_exploration,budgeted_exploration,18,2531.279052243093,403.3320089457483,27.556796826155207,3.5021951774666578
schwefel,budgeted_exploration,budgeted_exploration,19,2531.279052243093,403.3320089457483,28.877078349334024,4.154424210713863
schwefel,budgeted_exploration,budgeted_exploration,20,2531.279052243093,403.3320089457483,30.209518720921753,4.7869416212125415
schwefel,budgeted_exploration,budgeted_exploration,21,2531.279052243093,403.3320089457483,31.434433627865502,5.1699269008797195
schwefel,budgeted_exploration,budgeted_exploration,22,2531.279052243093,403.3320089457483,32.5018554920036,5.559254297422426
schwefel,budgeted_exploration,budgeted_exploration,23,2531.279052243093,403.3320089457483,33.983330244776404,5.587755773088632
schwefel,budgeted_exploration,budgeted_exploration,24,2531.279052243093,403.3320089457483,35.987389035524664,5.579306245912214
schwefel,budgeted_exploration,budgeted_exploration,25,2531.279052243093,403.3320089457483,38.18768625007217,5.592775067366383
schwefel,budgeted_exploration,budgeted_exploration,26,2531.279052243093,403.3320089457483,39.75843069616547,6.102162429306725
schwefel,budgeted_exploration,budgeted_exploration,27,2531.279052243093,403.3320089457483,40.91373827950708,6.470399698399388
schwefel,budgeted_exploration,budgeted_exploration,28,2531.279052243093,403.3320089457483,41.711307522640624,6.6851616721601195
schwefel,budgeted_exploration,budgeted_exploration,29,2531.279052243093,403.3320089457483,42.61254926892684,6.8903355594925175
schwefel,budgeted_exploration,budgeted_exploration,30,2531.279052243093,403.3320089457483,43.788412668629974,6.895617660227651
schwefel,budgeted_exploration,budgeted_exploration,31,2531.279052243093,403.3320089457483,45.088057438692864,6.811360927735699
schwefel,budgeted_exploration,budgeted_exploration,32,2531.279052243093,403.3320089457483,46.78896537690565,6.62149659399957
schwefel,budgeted_exploration,budgeted_exploration,33,2531.279052243093,403.3320089457483,48.673641545531346,6.5919107974913596
schwefel,budgeted_exploration,budgeted_exploration,34,2531.279052243093,403.3320089457483,50.644092819426874,6.487730891801317
schwefel,budgeted_exploration,budgeted_exploration,35,2531.279052243093,403.3320089457483,51.562154868973,6.5493516553904785
schwefel,budgeted_exploration,budgeted_exploration,36,2531.279052243093,403.3320089457483,52.77588834158977,6.872048998615964
schwefel,budgeted_exploration,budgeted_exploration,37,2531.279052243093,403.3320089457483,54.26809752532754,7.385426409358394
schwefel,budgeted_exploration,budgeted_exploration,38,2531.279052243093,403.3320089457483,55.27230392806867,7.79323737217681
schwefel,budgeted_exploration,budgeted_exploration,39,2531.279052243093,403.3320089457483,56.69225971948473,7.392928517592422
schwefel,budgeted_exploration,budgeted_exploration,40,2531.279052243093,403.3320089457483,58.417594121110085,7.02108174562825
schwefel,budgeted_exploration,budgeted_exploration,41,2531.279052243093,403.3320089457483,59.74107110560161,7.1103698835429086
schwefel,budgeted_exploration,budgeted_exploration,42,2531.279052243093,403.3320089457483,60.80096494067555,6.608087730866755
schwefel,budgeted_exploration,budgeted_exploration,43,2531.279052243093,403.3320089457483,61.182769723165755,6.264928036785799
schwefel,budgeted_exploration,budgeted_exploration,44,2531.279052243093,403.3320089457483,61.628165176638426,5.635043745865422
schwefel,budgeted_exploration,budgeted_exploration,45,2531.279052243093,403.3320089457483,62.1131521059144,4.949168652909669
schwefel,budgeted_exploration,budgeted_exploration,46,2531.279052243093,403.3320089457483,62.801447505164276,3.975771964371483
schwefel,budgeted_exploration,budgeted_exploration,47,2531.279052243093,403.3320089457483,63.45621485208178,3.049791102161715
schwefel,budgeted_exploration,budgeted_exploration,48,2531.279052243093,403.3320089457483,64.11930075631635,2.1120460233747615
schwefel,budgeted_exploration,budgeted_exploration,49,2531.279052243093,403.3320089457483,64.8160480292315,1.1266965804716829
schwefel,lookahead_budgeted_exploration,lookahead_budgeted_exploration,0,2835.830852012299,43.90349900139754,1.7162123448852196,0.44630785482692165
schwefel,lookahead_budgeted_exploration,lookahead_budgeted_exploration,1,2721.9212509212816,204.37420893836605,3.4000193775135372,0.8301447630896397
schwefel,lookahead_budgeted_exploration,lookahead_budgeted_exploration,2,2721.9212509212816,204.37420893836605,4.9766773437839795,0.5706049867719112
schwefel,lookahead_budgeted_exploration,lookahead_budgeted_exploration,3,2721.9212509212816,204.37420893836605,6.6534513956002845,0.7995201670214975
schwefel,lookahead_budgeted_exploration,lookahead_budgeted_exploration,4,2721.9212509212816,204.37420893836605,8.183428460506802,1.3048115924461956
schwefel,lookahead_budgeted_exploration,lookahead_budgeted_exploration,5,2721.9212509212816,204.37420893836605,9.749736941885867,1.497538847661598
schwefel,lookahead_budgeted_exploration,lookahead_budgeted_exploration,6,2721.9212509212816,204.37420893836605,10.914378628585856,1.5172071962157083
schwefel,lookahead_budgeted_exploration,lookahead_budgeted_exploration,7,2721.9212509212816,204.37420893836605,12.078923029855488,1.9246329126781665
schwefel,lookahead_budgeted_exploration,lookahead_budgeted_exploration,8,2721.9212509212816,204.37420893836605,13.453736835995429,2.0887996562122093
schwefel,lookahead_budgeted_exploration,lookahead_budgeted_exploration,9,2721.9212509212816,204.37420893836605,14.831057123257361,2.3648508930698027
schwefel,lookahead_budgeted_exploration,lookahead_budgeted_exploration,10,2721.9212509212816,204.37420893836605,16.10257239640897,2.596299426275729
schwefel,lookahead_budgeted_exploration,lookahead_budgeted_exploration,11,2721.9212509212816,204.37420893836605,16.72905815879363,2.8533706490310204
schwefel,lookahead_budgeted_exploration,lookahead_budgeted_exploration,12,2721.9212509212816,204.37420893836605,18.093167388936546,3.018207071717565
schwefel,lookahead_budgeted_exploration,lookahead_budgeted_exploration,13,2721.9212509212816,204.37420893836605,19.5975061172456,3.329248376219519
schwefel,lookahead_budgeted_exploration,lookahead_budgeted_exploration,14,2721.9212509212816,204.37420893836605,20.663649067759223,3.477845165246823
schwefel,lookahead_budgeted_exploration,lookahead_budgeted_exploration,15,2649.8340646567144,172.85759284407197,22.553072553281947,3.710333892664324
schwefel,lookahead_budgeted_exploration,lookahead_budgeted_exploration,16,2649.8340646567144,172.85759284407197,23.782139973750315,3.744673507407787
schwefel,lookahead_budgeted_exploration,lookahead_budgeted_exploration,17,2649.8340646567144,172.85759284407197,24.757984008096297,4.190610027943587
schwefel,lookahead_budgeted_exploration,lookahead_budgeted_exploration,18,2649.8340646567144,172.85759284407197,25.887626692863662,4.826024430731607
schwefel,lookahead_budgeted_exploration,lookahead_budgeted_exploration,19,2618.641709896579,137.67345512209067,27.29693133592312,5.7029897008956505
schwefel,lookahead_budgeted_exploration,lookahead_budgeted_exploration,20,2618.641709896579,137.67345512209067,28.27681603354446,6.197672536768764
schwefel,lookahead_budgeted_exploration,lookahead_budgeted_exploration,21,2618.641709896579,137.67345512209067,29.21728962828899,6.725277280099216
schwefel,lookahead_budgeted_exploration,lookahead_budgeted_exploration,22,2618.641709896579,137.67345512209067,30.13565503195531,7.162947095909106
schwefel,lookahead_budgeted_exploration,lookahead_budgeted_exploration,23,2618.641709896579,137.67345512209067,31.65390570810275,6.905239787482489
schwefel,lookahead_budgeted_exploration,lookahead_budgeted_exploration,24,2618.641709896579,137.67345512209067,33.79567849340587,6.790637156554851
schwefel,lookahead_budgeted_exploration,lookahead_budgeted_exploration,25,2618.641709896579,137.67345512209067,35.95608995386397,6.8621542579944546
schwefel,lookahead_budgeted_exploration,lookahead_budgeted_exploration,26,2618.641709896579,137.67345512209067,37.82445766913651,7.086749493218274
schwefel,lookahead_budgeted_exploration,lookahead_budgeted_exploration,27,2618.641709896579,137.67345512209067,38.86936535176114,7.566757270430487
schwefel,lookahead_budgeted_exploration,lookahead_budgeted_exploration,28,2618.641709896579,137.67345512209067,39.66472425861406,7.937471305332653
schwefel,lookahead_budgeted_exploration,lookahead_budgeted_exploration,29,2618.641709896579,137.67345512209067,40.67278834740926,8.08343412460616
schwefel,lookahead_budgeted_exploration,lookahead_budgeted_exploration,30,2618.641709896579,137.67345512209067,41.786936959590285,8.101461662111276
schwefel,lookahead_budgeted_exploration,lookahead_budgeted_exploration,31,2618.641709896579,137.67345512209067,42.84519994448063,8.248002769350185
schwefel,lookahead_budgeted_exploration,lookahead_budgeted_exploration,32,2618.641709896579,137.67345512209067,44.391613003558376,8.237236680376673
schwefel,lookahead_budgeted_exploration,lookahead_budgeted_exploration,33,2618.641709896579,137.67345512209067,46.39188747253672,8.271506526393587
schwefel,lookahead_budgeted_exploration,lookahead_budgeted_exploration,34,2618.641709896579,137.67345512209067,48.25326465069264,8.36597929367747
schwefel,lookahead_budgeted_exploration,lookahead_budgeted_exploration,35,2618.641709896579,137.67345512209067,49.48734177020842,8.447391410221774
schwefel,lookahead_budgeted_exploration,lookahead_budgeted_exploration,36,2618.641709896579,137.67345512209067,50.59269729934366,8.817826139146243
schwefel,lookahead_budgeted_exploration,lookahead_budgeted_exploration,37,2618.641709896579,137.67345512209067,51.87876068367919,9.379822746073057
schwefel,lookahead_budgeted_exploration,lookahead_budgeted_exploration,38,2618.641709896579,137.67345512209067,53.07926569553251,9.9628461152444
schwefel,lookahead_budgeted_exploration,lookahead_budgeted_exploration,39,2618.641709896579,137.67345512209067,54.73934226670872,9.771733473590416
schwefel,lookahead_budgeted_exploration,lookahead_budgeted_exploration,40,2618.641709896579,137.67345512209067,56.31708827776567,9.553656930380676
schwefel,lookahead_budgeted_exploration,lookahead_budgeted_exploration,41,2618.641709896579,137.67345512209067,57.493260129064254,9.415810420622329
schwefel,lookahead_budgeted_exploration,lookahead_budgeted_exploration,42,2618.641709896579,137.67345512209067,58.77627831217419,9.091405373684708
schwefel,lookahead_budgeted_exploration,lookahead_budgeted_exploration,43,2618.641709896579,137.67345512209067,59.26687837952295,8.974407558998662
schwefel,lookahead_budgeted_exploration,lookahead_budgeted_exploration,44,2618.641709896579,137.67345512209067,59.706332116490366,8.352926124143798
schwefel,lookahead_budgeted_exploration,lookahead_budgeted_exploration,45,2618.641709896579,137.67345512209067,60.21022347594451,7.64031612964114
schwefel,lookahead_budgeted_exploration,lookahead_budgeted_exploration,46,2618.641709896579,137.67345512209067,60.722166638962555,6.916319165336846
schwefel,lookahead_budgeted_exploration,lookahead_budgeted_exploration,47,2618.641709896579,137.67345512209067,61.35182530309108,6.025847342860558
schwefel,lookahead_budgeted_exploration,lookahead_budgeted_exploration,48,2618.641709896579,137.67345512209067,62.126807237644414,4.929857380421099
schwefel,lookahead_budgeted_exploration,lookahead_budgeted_exploration,49,2618.641709896579,137.67345512209067,62.88921843796601,3.8516451208211393
michalewicz,pure_bo,pure_bo,0,6.058451746840696,0.7473237350214,1.1355903714137268,0.2371061448242352
michalewicz,pure_bo,pure_bo,1,6.058451746840696,0.7473237350214,2.009342250638612,0.3184816773657937
michalewicz,pure_bo,pure_bo,2,6.058451746840696,0.7473237350214,2.895599627785668,0.38655186942742265
michalewicz,pure_bo,pure_bo,3,6.058451746840696,0.7473237350214,3.76955430307058,0.539171201265957
michalewicz,pure_bo,pure_bo,4,6.058451746840696,0.7473237350214,4.876265343337741,0.5421776059174228
michalewicz,pure_bo,pure_bo,5,6.058451746840696,0.7473237350214,6.1176221802834485,0.61958614186795
michalewicz,pure_bo,pure_bo,6,6.058451746840696,0.7473237350214,7.297813454648356,0.6846771276346996
michalewicz,pure_bo,pure_bo,7,6.058451746840696,0.7473237350214,8.619086444265953,0.6367202250606444
michalewicz,pure_bo,pure_bo,8,6.058451746840696,0.7473237350214,9.483509493050269,0.6627638075161922
michalewicz,pure_bo,pure_bo,9,6.058451746840696,0.7473237350214,10.651099994559102,0.7262408283958492
michalewicz,pure_bo,pure_bo,10,6.058451746840696,0.7473237350214,11.814454116789639,0.7631694534756226
michalewicz,pure_bo,pure_bo,11,6.058451746840696,0.7473237350214,13.468835102570972,0.645786225523432
michalewicz,pure_bo,pure_bo,12,6.058451746840696,0.7473237350214,14.996511496771634,0.5616755890073171
michalewicz,pure_bo,pure_bo,13,6.058451746840696,0.7473237350214,16.52869258839686,0.49975928890100224
michalewicz,pure_bo,pure_bo,14,6.058451746840696,0.7473237350214,17.91623644159649,0.30864181859577117
michalewicz,pure_bo,pure_bo,15,6.054758179763042,0.743548900903715,18.565790471850004,0.572500708671449
michalewicz,pure_bo,pure_bo,16,6.054758179763042,0.743548900903715,19.574011208482744,0.46545005491767766
michalewicz,pure_bo,pure_bo,17,6.054758179763042,0.743548900903715,20.93197287040428,0.43506097349677686
michalewicz,pure_bo,pure_bo,18,6.054758179763042,0.743548900903715,22.282171256139936,0.7019313145674045
michalewicz,pure_bo,pure_bo,19,6.054758179763042,0.743548900903715,23.592403141333183,0.6557211271565595
michalewicz,pure_bo,pure_bo,20,6.054758179763042,0.743548900903715,24.806113824181782,0.6359872385156535
michalewicz,pure_bo,pure_bo,21,6.054758179763042,0.743548900903715,25.943689775815404,0.8419237353285144
michalewicz,pure_bo,pure_bo,22,6.054758179763042,0.743548900903715,27.371047753861763,0.9845522756091212
michalewicz,pure_bo,pure_bo,23,6.054758179763042,0.743548900903715,28.689875599134464,1.1446242427973408
michalewicz,pure_bo,pure_bo,24,6.054758179763042,0.743548900903715,29.810833379451292,1.2858048767025214
michalewicz,pure_bo,pure_bo,25,6.054758179763042,0.743548900903715,31.16748813508605,1.189142873417618
michalewicz,pure_bo,pure_bo,26,6.054758179763042,0.743548900903715,32.57805142541624,1.423580952749985
michalewicz,pure_bo,pure_bo,27,6.054758179763042,0.743548900903715,33.59601445516051,1.4645361336592955
michalewicz,pure_bo,pure_bo,28,6.054758179763042,0.743548900903715,35.116770888711635,1.3135230205629207
michalewicz,pure_bo,pure_bo,29,6.054758179763042,0.743548900903715,36.34548048624228,1.225718882923221
michalewicz,pure_bo,pure_bo,30,6.054758179763042,0.743548900903715,37.66247389123057,1.281642368182039
michalewicz,pure_bo,pure_bo,31,6.054758179763042,0.743548900903715,38.91791248956337,1.1198213387073175
michalewicz,pure_bo,pure_bo,32,6.054758179763042,0.743548900903715,40.287146960504735,1.2018361122781451
michalewicz,pure_bo,pure_bo,33,6.054758179763042,0.743548900903715,41.54497194544189,1.0930582095007708
michalewicz,pure_bo,pure_bo,34,6.054758179763042,0.743548900903715,42.77939744606643,1.0196049754312244
michalewicz,pure_bo,pure_bo,35,6.054758179763042,0.743548900903715,44.16260144877892,1.0099952230908917
michalewicz,pure_bo,pure_bo,36,6.054758179763042,0.743548900903715,45.51332280498389,0.9916031159041928
michalewicz,pure_bo,pure_bo,37,6.054758179763042,0.743548900903715,46.60962757997323,0.9455219029808204
michalewicz,pure_bo,pure_bo,38,6.054758179763042,0.743548900903715,47.89794682665487,0.7481371748864357
michalewicz,pure_bo,pure_bo,39,6.054758179763042,0.743548900903715,49.31144903335544,0.8865118135421922
michalewicz,pure_bo,pure_bo,40,6.054758179763042,0.743548900903715,50.618762640641194,1.0358448679842638
michalewicz,pure_bo,pure_bo,41,6.054758179763042,0.743548900903715,51.70721644012607,1.30313958515544
michalewicz,pure_bo,pure_bo,42,6.054758179763042,0.743548900903715,52.80516542176699,1.4368955610199792
michalewicz,pure_bo,pure_bo,43,6.054758179763042,0.743548900903715,54.140120050555275,1.3804908942189074
michalewicz,pure_bo,pure_bo,44,5.465339701644237,0.5949495735262701,55.46937604712115,1.2249051375465732
michalewicz,pure_bo,pure_bo,45,5.465339701644237,0.5949495735262701,56.68794190275319,1.2333350911634435
michalewicz,pure_bo,pure_bo,46,5.465339701644237,0.5949495735262701,57.915865492063325,1.340837221801038
michalewicz,pure_bo,pure_bo,47,5.465339701644237,0.5949495735262701,59.25658947883722,1.4857111589728333
michalewicz,pure_bo,pure_bo,48,5.465339701644237,0.5949495735262701,60.521929578971914,1.508900253897998
michalewicz,pure_bo,pure_bo,49,5.465339701644237,0.5949495735262701,61.90084381908692,1.7026089684539236
michalewicz,earlbo,earlbo,0,6.058451746840696,0.7473237350214,1.0315984994880243,0.17432804130215612
michalewicz,earlbo,earlbo,1,6.058451746840696,0.7473237350214,1.5011500014547934,0.3213498113165369
michalewicz,earlbo,earlbo,2,6.058451746840696,0.7473237350214,2.2067584350819893,0.686368150458687
michalewicz,earlbo,earlbo,3,6.035635244889221,0.7242930771736141,2.7778897197207812,1.0261904509895334
michalewicz,earlbo,earlbo,4,5.760300048718915,0.543818540500308,3.2080221800637267,1.3294267021087827
michalewicz,earlbo,earlbo,5,5.760300048718915,0.543818540500308,3.5705386277639697,1.5595049001724453
michalewicz,earlbo,earlbo,6,5.760300048718915,0.543818540500308,3.9492679026081774,1.64748265616939
michalewicz,earlbo,earlbo,7,5.760300048718915,0.543818540500308,4.35719081793077,1.6438463905482112
michalewicz,earlbo,earlbo,8,5.760300048718915,0.543818540500308,5.067057804544054,1.6146680933906146
michalewicz,earlbo,earlbo,9,5.760300048718915,0.543818540500308,5.757812288095798,1.693854017854867
michalewicz,earlbo,earlbo,10,5.760300048718915,0.543818540500308,6.314722425522778,1.8172571676637885
michalewicz,earlbo,earlbo,11,5.760300048718915,0.543818540500308,6.794895574839489,2.113472440006079
michalewicz,earlbo,earlbo,12,5.760300048718915,0.543818540500308,7.423781647941521,2.2927389215936276
michalewicz,earlbo,earlbo,13,5.760300048718915,0.543818540500308,8.107437200086714,2.385571118491548
michalewicz,earlbo,earlbo,14,5.760300048718915,0.543818540500308,8.661320207923035,2.6196641805368506
michalewicz,earlbo,earlbo,15,5.760300048718915,0.543818540500308,9.4766872811741,2.611837393095683
michalewicz,earlbo,earlbo,16,5.760300048718915,0.543818540500308,10.352927493419182,2.565123513228687
michalewicz,earlbo,earlbo,17,5.760300048718915,0.543818540500308,11.145791277476519,2.600951853168695
michalewicz,earlbo,earlbo,18,5.760300048718915,0.543818540500308,11.81733351981687,2.4556375269678687
michalewicz,earlbo,earlbo,19,5.760300048718915,0.543818540500308,12.546103715699305,2.551768838498375
michalewicz,earlbo,earlbo,20,5.760300048718915,0.543818540500308,13.243377669416565,2.763037854270317
michalewicz,earlbo,earlbo,21,5.760300048718915,0.543818540500308,14.121420986037386,2.723438814719134
michalewicz,earlbo,earlbo,22,5.760300048718915,0.543818540500308,14.807980202981797,2.4859787043225787
michalewicz,earlbo,earlbo,23,5.760300048718915,0.543818540500308,15.637147206284313,2.4528691752527503
michalewicz,earlbo,earlbo,24,5.760300048718915,0.543818540500308,16.526850489305705,2.598683634188355
michalewicz,earlbo,earlbo,25,5.760300048718915,0.543818540500308,17.412518338949294,2.8200178108279497
michalewicz,earlbo,earlbo,26,5.760300048718915,0.543818540500308,18.081598701726985,2.7795865030826343
michalewicz,earlbo,earlbo,27,5.760300048718915,0.543818540500308,18.920842364185845,3.162345570837734
michalewicz,earlbo,earlbo,28,5.760300048718915,0.543818540500308,19.675254807257335,3.3184426746394675
michalewicz,earlbo,earlbo,29,5.760300048718915,0.543818540500308,20.550683627867876,3.543207160953051
michalewicz,earlbo,earlbo,30,5.760300048718915,0.543818540500308,21.161085440388046,3.8580502344027248
michalewicz,earlbo,earlbo,31,5.760300048718915,0.543818540500308,22.08813829087859,3.924624265753
michalewicz,earlbo,earlbo,32,5.760300048718915,0.543818540500308,22.983864450549632,3.8410656472955242
michalewicz,earlbo,earlbo,33,5.760300048718915,0.543818540500308,23.84617781293481,3.812752262609732
michalewicz,earlbo,earlbo,34,5.760300048718915,0.543818540500308,24.65421219906635,3.8223842276736586
michalewicz,earlbo,earlbo,35,5.760300048718915,0.543818540500308,25.404387909835517,3.788695531577515
michalewicz,earlbo,earlbo,36,5.760300048718915,0.543818540500308,26.03322047034277,3.7777074392570706
michalewicz,earlbo,earlbo,37,5.760300048718915,0.543818540500308,26.610665458479776,3.9086460908822063
michalewicz,earlbo,earlbo,38,5.760300048718915,0.543818540500308,27.291303961143118,3.82931839815244
michalewicz,earlbo,earlbo,39,5.760300048718915,0.543818540500308,28.05824213174651,3.7401379257832876
michalewicz,earlbo,earlbo,40,5.280666670244119,0.42263053837447173,28.89758048658119,4.170794067890524
michalewicz,earlbo,earlbo,41,5.280666670244119,0.42263053837447173,29.839805491420865,4.190406102843172
michalewicz,earlbo,earlbo,42,5.280666670244119,0.42263053837447173,30.867327678022534,4.205429067607181
michalewicz,earlbo,earlbo,43,5.280666670244119,0.42263053837447173,31.67769758056805,4.106751873674894
michalewicz,earlbo,earlbo,44,5.280666670244119,0.42263053837447173,32.425466117378406,4.034852825368053
michalewicz,earlbo,earlbo,45,5.280666670244119,0.42263053837447173,33.34714668751903,4.033658997879636
michalewicz,earlbo,earlbo,46,5.280666670244119,0.42263053837447173,34.261460973879636,3.8398421208242803
michalewicz,earlbo,earlbo,47,5.280666670244119,0.42263053837447173,35.21213542070718,3.8199129685014737
michalewicz,earlbo,earlbo,48,5.272516482358697,0.41118634105697677,36.146812103519686,3.479196228689615
michalewicz,earlbo,earlbo,49,5.272516482358697,0.41118634105697677,36.93913521726108,3.2290783222576227
michalewicz,snake,snake,0,6.058451746840696,0.7473237350214,1.0433166608069555,0.2135066624979431
michalewicz,snake,snake,1,6.058451746840696,0.7473237350214,1.50518712183085,0.3448212331240211
michalewicz,snake,snake,2,6.058451746840696,0.7473237350214,2.093583614058556,0.3080358589514345
michalewicz,snake,snake,3,6.058451746840696,0.7473237350214,2.780409937077851,0.37033548971053637
michalewicz,snake,snake,4,5.652471136356791,0.5162863731719203,3.376452033197278,0.6579466263359535
michalewicz,snake,snake,5,5.652471136356791,0.5162863731719203,3.9712676635847437,0.9743576648206976
michalewicz,snake,snake,6,5.652471136356791,0.5162863731719203,4.573071620571617,1.3505883694876888
michalewicz,snake,snake,7,5.652471136356791,0.5162863731719203,5.02278478890915,1.6013447525524065
michalewicz,snake,snake,8,5.537688466666609,0.3777666295239214,5.467684933704824,1.8138687829948474
michalewicz,snake,snake,9,5.537688466666609,0.3777666295239214,5.79018537634159,1.98020836737976
michalewicz,snake,snake,10,5.537688466666609,0.3777666295239214,6.406776892319624,1.8130991489640387
michalewicz,snake,snake,11,5.537688466666609,0.3777666295239214,7.2055449324995875,1.6126690392109069
michalewicz,snake,snake,12,5.537688466666609,0.3777666295239214,7.934817455918593,1.6927780329206645
michalewicz,snake,snake,13,5.537688466666609,0.3777666295239214,8.590234089089007,1.6003603106827564
michalewicz,snake,snake,14,5.4432420314678645,0.2834204718132399,9.327414096320533,1.8617394893450891
michalewicz,snake,snake,15,4.994067234337125,0.9175625339642137,9.753083125705698,1.7958836883091205
michalewicz,snake,snake,16,4.994067234337125,0.9175625339642137,10.336412096422139,1.8676312159090018
michalewicz,snake,snake,17,4.994067234337125,0.9175625339642137,10.980792208685303,1.89318571492162
michalewicz,snake,snake,18,4.994067234337125,0.9175625339642137,11.522183200294862,1.6940610697660652
michalewicz,snake,snake,19,4.994067234337125,0.9175625339642137,12.162946092149127,1.6579899644515816
michalewicz,snake,snake,20,4.994067234337125,0.9175625339642137,12.768664558135795,1.9714265011956171
michalewicz,snake,snake,21,4.994067234337125,0.9175625339642137,13.314064478125092,2.211493356567876
michalewicz,snake,snake,22,4.994067234337125,0.9175625339642137,13.931755667528966,2.326179417561551
michalewicz,snake,snake,23,4.994067234337125,0.9175625339642137,14.429739762548968,2.2568879848329995
michalewicz,snake,snake,24,4.994067234337125,0.9175625339642137,14.784548599527005,2.3843343904738092
michalewicz,snake,snake,25,4.994067234337125,0.9175625339642137,15.254034227935028,2.550841101223564
michalewicz,snake,snake,26,4.905457530484093,0.8655464817234757,16.026701353303697,2.960384239053211
michalewicz,snake,snake,27,4.905457530484093,0.8655464817234757,16.548274730461188,3.2061725582169616
michalewicz,snake,snake,28,4.905457530484093,0.8655464817234757,17.422653156329954,3.2108540705686637
michalewicz,snake,snake,29,4.905457530484093,0.8655464817234757,18.24152869293218,3.284355024134502
michalewicz,snake,snake,30,4.905457530484093,0.8655464817234757,18.927405947715098,3.6477266292221726
michalewicz,snake,snake,31,4.905457530484093,0.8655464817234757,19.740683653874623,3.780036717304124
michalewicz,snake,snake,32,4.905457530484093,0.8655464817234757,20.710927313003456,3.683687514744661
michalewicz,snake,snake,33,4.905457530484093,0.8655464817234757,21.734022648525393,3.659142594254714
michalewicz,snake,snake,34,4.905457530484093,0.8655464817234757,22.67931629916472,3.57439831031765
michalewicz,snake,snake,35,4.905457530484093,0.8655464817234757,23.633954412003998,3.637150244039436
michalewicz,snake,snake,36,4.905457530484093,0.8655464817234757,24.399931504714942,3.6897201828229336
michalewicz,snake,snake,37,4.905457530484093,0.8655464817234757,25.220382550267544,3.860866098782902
michalewicz,snake,snake,38,4.905457530484093,0.8655464817234757,26.234762726934093,3.8640308590307404
michalewicz,snake,snake,39,4.905457530484093,0.8655464817234757,27.171315453260686,4.100515629060252
michalewicz,snake,snake,40,4.905457530484093,0.8655464817234757,27.711706606252445,4.477915977791653
michalewicz,snake,snake,41,4.905457530484093,0.8655464817234757,28.31003898645075,4.753674893256349
michalewicz,snake,snake,42,4.905457530484093,0.8655464817234757,29.006362294596613,5.073242911297614
michalewicz,snake,snake,43,4.905457530484093,0.8655464817234757,29.60727408991683,5.370328825656503
michalewicz,snake,snake,44,4.905457530484093,0.8655464817234757,30.069186900471777,5.617079978970699
michalewicz,snake,snake,45,4.905457530484093,0.8655464817234757,30.514299685844602,5.864550591426326
michalewicz,snake,snake,46,4.905457530484093,0.8655464817234757,30.9744782789442,6.004375809729269
michalewicz,snake,snake,47,4.905457530484093,0.8655464817234757,31.67701690610411,6.119175646238606
michalewicz,snake,snake,48,4.905457530484093,0.8655464817234757,32.62842757960692,5.990018482291902
michalewicz,snake,snake,49,4.905457530484093,0.8655464817234757,33.42298715359349,5.802640887925003
michalewicz,log_improvement_movement_cost3,log_improvement_movement_cost3,0,5.851638690402784,1.0311994157820912,1.009484154730668,0.18521616125610596
michalewicz,log_improvement_movement_cost3,log_improvement_movement_cost3,1,5.851638690402784,1.0311994157820912,1.2137537247253936,0.13963400518529093
michalewicz,log_improvement_movement_cost3,log_improvement_movement_cost3,2,5.851638690402784,1.0311994157820912,1.4261769797807329,0.1696094411994293
michalewicz,log_improvement_movement_cost3,log_improvement_movement_cost3,3,5.820979237350843,1.0028106263424164,1.5695767392365922,0.18655876759681597
michalewicz,log_improvement_movement_cost3,log_improvement_movement_cost3,4,5.820979237350843,1.0028106263424164,1.696289009200611,0.23109014507342177
michalewicz,log_improvement_movement_cost3,log_improvement_movement_cost3,5,5.820979237350843,1.0028106263424164,1.819732781165628,0.24023482490282055
michalewicz,log_improvement_movement_cost3,log_improvement_movement_cost3,6,5.820979237350843,1.0028106263424164,2.002026819964572,0.269122038882217
michalewicz,log_improvement_movement_cost3,log_improvement_movement_cost3,7,5.820979237350843,1.0028106263424164,2.210460443388738,0.28406846335205593
michalewicz,log_improvement_movement_cost3,log_improvement_movement_cost3,8,5.717424927018857,0.9156390863205209,2.367337955567912,0.28940280418607894
michalewicz,log_improvement_movement_cost3,log_improvement_movement_cost3,9,5.667871033073536,0.8795126389277472,2.4972255334840505,0.31567786124433805
michalewicz,log_improvement_movement_cost3,log_improvement_movement_cost3,10,5.667871033073536,0.8795126389277472,2.665451055649822,0.36105022502788064
michalewicz,log_improvement_movement_cost3,log_improvement_movement_cost3,11,5.542689805997244,0.8083697836846337,2.8024190237352737,0.352898730083998
michalewicz,log_improvement_movement_cost3,log_improvement_movement_cost3,12,5.542689805997244,0.8083697836846337,2.917573191657637,0.37147749374966743
michalewicz,log_improvement_movement_cost3,log_improvement_movement_cost3,13,5.068865617837731,0.4568566209351507,3.0380680881306645,0.38173119454993987
michalewicz,log_improvement_movement_cost3,log_improvement_movement_cost3,14,5.068865617837731,0.4568566209351507,3.1676541705062307,0.41521040428327355
michalewicz,log_improvement_movement_cost3,log_improvement_movement_cost3,15,4.904271212837025,0.3801640448507243,3.2990769598282568,0.4249124254627723
michalewicz,log_improvement_movement_cost3,log_improvement_movement_cost3,16,4.904271212837025,0.3801640448507243,3.409298143592989,0.40806368984158276
michalewicz,log_improvement_movement_cost3,log_improvement_movement_cost3,17,4.904271212837025,0.3801640448507243,3.5378495210476903,0.42781017106801317
michalewicz,log_improvement_movement_cost3,log_improvement_movement_cost3,18,4.904271212837025,0.3801640448507243,3.7149829212072674,0.43027667127917
michalewicz,log_improvement_movement_cost3,log_improvement_movement_cost3,19,4.904271212837025,0.3801640448507243,3.8715836678687388,0.39558111966802606
michalewicz,log_improvement_movement_cost3,log_improvement_movement_cost3,20,4.904271212837025,0.3801640448507243,4.00275168478429,0.4074272271882621
michalewicz,log_improvement_movement_cost3,log_improvement_movement_cost3,21,4.878550166699832,0.3798466676444314,4.1396095719468,0.4399354937859938
michalewicz,log_improvement_movement_cost3,log_improvement_movement_cost3,22,4.756493733411612,0.24090243169325012,4.255611490558508,0.44225465804410713
michalewicz,log_improvement_movement_cost3,log_improvement_movement_cost3,23,4.756493733411612,0.24090243169325012,4.363670959771308,0.4454287762033521
michalewicz,log_improvement_movement_cost3,log_improvement_movement_cost3,24,4.344910130357875,0.5600680083602145,4.474316278222507,0.4394388376796487
michalewicz,log_improvement_movement_cost3,log_improvement_movement_cost3,25,4.344910130357875,0.5600680083602145,4.622208184110339,0.4387547779006576
michalewicz,log_improvement_movement_cost3,log_improvement_movement_cost3,26,4.344910130357875,0.5600680083602145,4.720826286552409,0.4516922576255932
michalewicz,log_improvement_movement_cost3,log_improvement_movement_cost3,27,4.344910130357875,0.5600680083602145,4.834038592141897,0.4461876829739155
michalewicz,log_improvement_movement_cost3,log_improvement_movement_cost3,28,4.344910130357875,0.5600680083602145,4.950962081224701,0.43730909893996367
michalewicz,log_improvement_movement_cost3,log_improvement_movement_cost3,29,4.344910130357875,0.5600680083602145,5.069495458924138,0.4355471628997796
michalewicz,log_improvement_movement_cost3,log_improvement_movement_cost3,30,4.344910130357875,0.5600680083602145,5.175828798239432,0.41507712308761713
michalewicz,log_improvement_movement_cost3,log_improvement_movement_cost3,31,4.344910130357875,0.5600680083602145,5.296590138388649,0.41687743162763957
michalewicz,log_improvement_movement_cost3,log_improvement_movement_cost3,32,4.344910130357875,0.5600680083602145,5.422096767658476,0.44041414105724375
michalewicz,log_improvement_movement_cost3,log_improvement_movement_cost3,33,4.344910130357875,0.5600680083602145,5.542742218718247,0.44594706270930357
michalewicz,log_improvement_movement_cost3,log_improvement_movement_cost3,34,4.344910130357875,0.5600680083602145,5.645012899598441,0.4305248771040182
michalewicz,log_improvement_movement_cost3,log_improvement_movement_cost3,35,4.344910130357875,0.5600680083602145,5.766603388606413,0.3999441057589351
michalewicz,log_improvement_movement_cost3,log_improvement_movement_cost3,36,4.344910130357875,0.5600680083602145,5.897139285010976,0.39753064870175053
michalewicz,log_improvement_movement_cost3,log_improvement_movement_cost3,37,4.344910130357875,0.5600680083602145,6.007394511747475,0.3933210347697858
michalewicz,log_improvement_movement_cost3,log_improvement_movement_cost3,38,4.344910130357875,0.5600680083602145,6.1527104289717895,0.3582825097745341
michalewicz,log_improvement_movement_cost3,log_improvement_movement_cost3,39,4.344910130357875,0.5600680083602145,6.256773466967417,0.384321319176863
michalewicz,log_improvement_movement_cost3,log_improvement_movement_cost3,40,4.344910130357875,0.5600680083602145,6.38931902570634,0.36185791218821534
michalewicz,log_improvement_movement_cost3,log_improvement_movement_cost3,41,4.344910130357875,0.5600680083602145,6.547189497800228,0.3455982690867071
michalewicz,log_improvement_movement_cost3,log_improvement_movement_cost3,42,4.281421597851144,0.5582730466709679,6.6631527846444,0.33295557751979626
michalewicz,log_improvement_movement_cost3,log_improvement_movement_cost3,43,4.281421597851144,0.5582730466709679,6.777395514623659,0.30983171681258964
michalewicz,log_improvement_movement_cost3,log_improvement_movement_cost3,44,4.281421597851144,0.5582730466709679,6.904492991915629,0.311217830903034
michalewicz,log_improvement_movement_cost3,log_improvement_movement_cost3,45,4.281421597851144,0.5582730466709679,7.0706462596610224,0.30853662471991794
michalewicz,log_improvement_movement_cost3,log_improvement_movement_cost3,46,4.281421597851144,0.5582730466709679,7.214664393368881,0.29471775033604164
michalewicz,log_improvement_movement_cost3,log_improvement_movement_cost3,47,4.281421597851144,0.5582730466709679,7.335911907403027,0.2778510079106435
michalewicz,log_improvement_movement_cost3,log_improvement_movement_cost3,48,4.281421597851144,0.5582730466709679,7.452559011573477,0.28949795333987477
michalewicz,log_improvement_movement_cost3,log_improvement_movement_cost3,49,4.281421597851144,0.5582730466709679,7.57097019620041,0.3168467562835039
michalewicz,optimistic_selected,optimistic_improvement_movement_cost3,0,5.978437658896844,0.8564663601187888,1.0073270257196019,0.1813274055170724
michalewicz,optimistic_selected,optimistic_improvement_movement_cost3,1,5.842984179729991,0.7356397287928806,1.2079684522910126,0.11926642108117663
michalewicz,optimistic_selected,optimistic_improvement_movement_cost3,2,5.8109663835156935,0.7808388715019078,1.441226688546248,0.17604490529008435
michalewicz,optimistic_selected,optimistic_improvement_movement_cost3,3,5.8109663835156935,0.7808388715019078,1.5873035747512239,0.21084741845122576
michalewicz,optimistic_selected,optimistic_improvement_movement_cost3,4,5.8109663835156935,0.7808388715019078,1.720773092383654,0.26530493720852677
michalewicz,optimistic_selected,optimistic_improvement_movement_cost3,5,5.8109663835156935,0.7808388715019078,1.893056335758865,0.35477260551106515
michalewicz,optimistic_selected,optimistic_improvement_movement_cost3,6,5.445356532646521,0.7027020452900871,2.070652479319861,0.38866322077744525
michalewicz,optimistic_selected,optimistic_improvement_movement_cost3,7,5.445356532646521,0.7027020452900871,2.2265214675844462,0.426885928932349
michalewicz,optimistic_selected,optimistic_improvement_movement_cost3,8,5.445356532646521,0.7027020452900871,2.3981451523160877,0.42678525844032356
michalewicz,optimistic_selected,optimistic_improvement_movement_cost3,9,5.4450534534163495,0.7030729536434729,2.5769239528651187,0.41362379357231727
michalewicz,optimistic_selected,optimistic_improvement_movement_cost3,10,5.4450534534163495,0.7030729536434729,2.725926201104482,0.43698233143373777
michalewicz,optimistic_selected,optimistic_improvement_movement_cost3,11,5.3324109453687365,0.5705843111103096,2.855924593811933,0.4516674273837673
michalewicz,optimistic_selected,optimistic_improvement_movement_cost3,12,5.3324109453687365,0.5705843111103096,2.9808735437059024,0.4526015951116488
michalewicz,optimistic_selected,optimistic_improvement_movement_cost3,13,5.3324109453687365,0.5705843111103096,3.1219150971585186,0.45465011916157183
michalewicz,optimistic_selected,optimistic_improvement_movement_cost3,14,5.3324109453687365,0.5705843111103096,3.253963064414176,0.4759623795356477
michalewicz,optimistic_selected,optimistic_improvement_movement_cost3,15,5.3324109453687365,0.5705843111103096,3.3577177370797826,0.4934473370658305
michalewicz,optimistic_selected,optimistic_improvement_movement_cost3,16,5.140082465983296,0.6615579528919362,3.452875462760955,0.5117646682804816
michalewicz,optimistic_selected,optimistic_improvement_movement_cost3,17,5.140082465983296,0.6615579528919362,3.5832057919322664,0.5130075458939981
michalewicz,optimistic_selected,optimistic_improvement_movement_cost3,18,5.140082465983296,0.6615579528919362,3.742740123736914,0.5090235325653123
michalewicz,optimistic_selected,optimistic_improvement_movement_cost3,19,5.140082465983296,0.6615579528919362,3.882663119646517,0.4978155500094069
michalewicz,optimistic_selected,optimistic_improvement_movement_cost3,20,5.140082465983296,0.6615579528919362,4.008411569422916,0.5105630656579229
michalewicz,optimistic_selected,optimistic_improvement_movement_cost3,21,5.140082465983296,0.6615579528919362,4.145599674057119,0.5346494831214569
michalewicz,optimistic_selected,optimistic_improvement_movement_cost3,22,5.140082465983296,0.6615579528919362,4.266060485370102,0.55655578212301
michalewicz,optimistic_selected,optimistic_improvement_movement_cost3,23,5.140082465983296,0.6615579528919362,4.400072118699037,0.5482619879009598
michalewicz,optimistic_selected,optimistic_improvement_movement_cost3,24,5.140082465983296,0.6615579528919362,4.5398639829680425,0.5402593733058617
michalewicz,optimistic_selected,optimistic_improvement_movement_cost3,25,5.140082465983296,0.6615579528919362,4.658915513682074,0.5590609523318321
michalewicz,optimistic_selected,optimistic_improvement_movement_cost3,26,5.140082465983296,0.6615579528919362,4.785251576727102,0.5396101118145707
michalewicz,optimistic_selected,optimistic_improvement_movement_cost3,27,5.084205355198317,0.592698047997296,4.9045719994519414,0.5213658798408197
michalewicz,optimistic_selected,optimistic_improvement_movement_cost3,28,5.03871747829253,0.5387050957659131,5.033665154016956,0.520108476481085
michalewicz,optimistic_selected,optimistic_improvement_movement_cost3,29,5.03871747829253,0.5387050957659131,5.17572611574898,0.508340356511906
michalewicz,optimistic_selected,optimistic_improvement_movement_cost3,30,5.03871747829253,0.5387050957659131,5.273580058349599,0.4919470462702004
michalewicz,optimistic_selected,optimistic_improvement_movement_cost3,31,5.03871747829253,0.5387050957659131,5.450365878579128,0.48923447858442964
michalewicz,optimistic_selected,optimistic_improvement_movement_cost3,32,5.03871747829253,0.5387050957659131,5.578807403216608,0.4933511590340824
michalewicz,optimistic_selected,optimistic_improvement_movement_cost3,33,5.03871747829253,0.5387050957659131,5.703125515940151,0.5171442744751144
michalewicz,optimistic_selected,optimistic_improvement_movement_cost3,34,4.9582887833011045,0.44994037133682974,5.814821258255313,0.5147583071291638
michalewicz,optimistic_selected,optimistic_improvement_movement_cost3,35,4.9582887833011045,0.44994037133682974,5.947027858223474,0.4925041538021128
michalewicz,optimistic_selected,optimistic_improvement_movement_cost3,36,4.9582887833011045,0.44994037133682974,6.085419943221939,0.49252058773123175
michalewicz,optimistic_selected,optimistic_improvement_movement_cost3,37,4.9582887833011045,0.44994037133682974,6.209327448690794,0.4795003720418701
michalewicz,optimistic_selected,optimistic_improvement_movement_cost3,38,4.9582887833011045,0.44994037133682974,6.352586798716693,0.4675168197081994
michalewicz,optimistic_selected,optimistic_improvement_movement_cost3,39,4.9582887833011045,0.44994037133682974,6.473103833153448,0.48603737716517015
michalewicz,optimistic_selected,optimistic_improvement_movement_cost3,40,4.9582887833011045,0.44994037133682974,6.6053140885725155,0.4760058777736011
michalewicz,optimistic_selected,optimistic_improvement_movement_cost3,41,4.9582887833011045,0.44994037133682974,6.752576592532114,0.4745315242912451
michalewicz,optimistic_selected,optimistic_improvement_movement_cost3,42,4.9582887833011045,0.44994037133682974,6.877896699886716,0.44812266155512365
michalewicz,optimistic_selected,optimistic_improvement_movement_cost3,43,4.9582887833011045,0.44994037133682974,7.0039004909611124,0.4329435883574313
michalewicz,optimistic_selected,optimistic_improvement_movement_cost3,44,4.9582887833011045,0.44994037133682974,7.145431827817241,0.42751136108209953
michalewicz,optimistic_selected,optimistic_improvement_movement_cost3,45,4.9582887833011045,0.44994037133682974,7.278782239805779,0.4374645401043259
michalewicz,optimistic_selected,optimistic_improvement_movement_cost3,46,4.9582887833011045,0.44994037133682974,7.416266682054165,0.4246447416574454
michalewicz,optimistic_selected,optimistic_improvement_movement_cost3,47,4.9582887833011045,0.44994037133682974,7.534518959265848,0.41301901185086015
michalewicz,optimistic_selected,optimistic_improvement_movement_cost3,48,4.9582887833011045,0.44994037133682974,7.638914005445236,0.4120698819933112
michalewicz,optimistic_selected,optimistic_improvement_movement_cost3,49,4.9582887833011045,0.44994037133682974,7.771341461394839,0.43369364374983216
michalewicz,budgeted_exploration,budgeted_exploration,0,6.058451746840696,0.7473237350214,1.0011941019690394,0.19619509102503122
michalewicz,budgeted_exploration,budgeted_exploration,1,6.02119568479647,0.7100897383752982,1.23488777648976,0.16483469553033314
michalewicz,budgeted_exploration,budgeted_exploration,2,5.597631087939654,0.5269335145631143,1.4799595656547382,0.21938979433450914
michalewicz,budgeted_exploration,budgeted_exploration,3,5.597631087939654,0.5269335145631143,1.628097037248217,0.2565509245563517
michalewicz,budgeted_exploration,budgeted_exploration,4,5.597631087939654,0.5269335145631143,1.822346897128094,0.3150758525343434
michalewicz,budgeted_exploration,budgeted_exploration,5,5.597631087939654,0.5269335145631143,1.9920067812642712,0.35164960119504274
michalewicz,budgeted_exploration,budgeted_exploration,6,5.597631087939654,0.5269335145631143,2.1809546240272923,0.3696389602395377
michalewicz,budgeted_exploration,budgeted_exploration,7,5.597631087939654,0.5269335145631143,2.344581446255072,0.37191816708829684
michalewicz,budgeted_exploration,budgeted_exploration,8,5.597631087939654,0.5269335145631143,2.539524854727202,0.415537933530768
michalewicz,budgeted_exploration,budgeted_exploration,9,5.597631087939654,0.5269335145631143,2.6603586018038583,0.39105949095801895
michalewicz,budgeted_exploration,budgeted_exploration,10,5.597631087939654,0.5269335145631143,2.796795741404118,0.3954431659446375
michalewicz,budgeted_exploration,budgeted_exploration,11,5.597631087939654,0.5269335145631143,2.9259541911805855,0.4109247367414952
michalewicz,budgeted_exploration,budgeted_exploration,12,5.597631087939654,0.5269335145631143,3.0890882203760754,0.41520536701491084
michalewicz,budgeted_exploration,budgeted_exploration,13,5.597631087939654,0.5269335145631143,3.237144509226915,0.4493137302202771
michalewicz,budgeted_exploration,budgeted_exploration,14,5.597631087939654,0.5269335145631143,3.410170107926442,0.4874559387209853
michalewicz,budgeted_exploration,budgeted_exploration,15,5.597631087939654,0.5269335145631143,3.574154774780587,0.5175037792590789
michalewicz,budgeted_exploration,budgeted_exploration,16,5.597631087939654,0.5269335145631143,3.70060323558547,0.5198378063986041
michalewicz,budgeted_exploration,budgeted_exploration,17,5.597631087939654,0.5269335145631143,3.862527588192471,0.5240393667349432
michalewicz,budgeted_exploration,budgeted_exploration,18,4.912994822324227,1.1953534373627865,4.010846744445988,0.5300445664900028
michalewicz,budgeted_exploration,budgeted_exploration,19,4.912994822324227,1.1953534373627865,4.163632059826045,0.5021044893708155
michalewicz,budgeted_exploration,budgeted_exploration,20,4.912994822324227,1.1953534373627865,4.3000829486256675,0.503705399949977
michalewicz,budgeted_exploration,budgeted_exploration,21,4.912994822324227,1.1953534373627865,4.4071175996606415,0.5242031473319326
michalewicz,budgeted_exploration,budgeted_exploration,22,4.912994822324227,1.1953534373627865,4.53727343476412,0.5464825746140921
michalewicz,budgeted_exploration,budgeted_exploration,23,4.912994822324227,1.1953534373627865,4.6733911226880105,0.5699363170709212
michalewicz,budgeted_exploration,budgeted_exploration,24,4.912994822324227,1.1953534373627865,4.802102425190413,0.5696607261556815
michalewicz,budgeted_exploration,budgeted_exploration,25,4.912994822324227,1.1953534373627865,4.934987221226084,0.5641477169818054
michalewicz,budgeted_exploration,budgeted_exploration,26,4.912994822324227,1.1953534373627865,5.079567623418948,0.5767315819385811
michalewicz,budgeted_exploration,budgeted_exploration,27,4.912994822324227,1.1953534373627865,5.206861461421883,0.5827507906050047
michalewicz,budgeted_exploration,budgeted_exploration,28,4.912994822324227,1.1953534373627865,5.33681295297943,0.573817205122917
michalewicz,budgeted_exploration,budgeted_exploration,29,4.912994822324227,1.1953534373627865,5.4709377133560615,0.5714328822888389
michalewicz,budgeted_exploration,budgeted_exploration,30,4.912994822324227,1.1953534373627865,5.621908920921183,0.5907715039434658
michalewicz,budgeted_exploration,budgeted_exploration,31,4.912994822324227,1.1953534373627865,5.803914736747636,0.6043725829981668
michalewicz,budgeted_exploration,budgeted_exploration,32,4.912994822324227,1.1953534373627865,5.958371120883444,0.5971891873165672
michalewicz,budgeted_exploration,budgeted_exploration,33,4.686151372142663,0.9484030842436109,6.117741579992772,0.6027753667308394
michalewicz,budgeted_exploration,budgeted_exploration,34,4.686151372142663,0.9484030842436109,6.264655554182601,0.608921299091165
michalewicz,budgeted_exploration,budgeted_exploration,35,4.686151372142663,0.9484030842436109,6.387742687458225,0.5800969999628773
michalewicz,budgeted_exploration,budgeted_exploration,36,4.686151372142663,0.9484030842436109,6.525863126046134,0.5672190925774405
michalewicz,budgeted_exploration,budgeted_exploration,37,4.686151372142663,0.9484030842436109,6.654408994846148,0.560147762393178
michalewicz,budgeted_exploration,budgeted_exploration,38,4.686151372142663,0.9484030842436109,6.803853335985305,0.5369107080457146
michalewicz,budgeted_exploration,budgeted_exploration,39,4.686151372142663,0.9484030842436109,6.916553186503992,0.5403671359053736
michalewicz,budgeted_exploration,budgeted_exploration,40,4.686151372142663,0.9484030842436109,7.055364695241735,0.5243357607100146
michalewicz,budgeted_exploration,budgeted_exploration,41,4.686151372142663,0.9484030842436109,7.1938566503317745,0.5138099283096628
michalewicz,budgeted_exploration,budgeted_exploration,42,4.686151372142663,0.9484030842436109,7.349614936656873,0.5118232911816549
michalewicz,budgeted_exploration,budgeted_exploration,43,4.686151372142663,0.9484030842436109,7.500969193975138,0.5019093028934305
michalewicz,budgeted_exploration,budgeted_exploration,44,4.619982346848706,0.9277836497861467,7.668079889496894,0.5224473597082786
michalewicz,budgeted_exploration,budgeted_exploration,45,4.619982346848706,0.9277836497861467,7.81854177424362,0.5516713529832717
michalewicz,budgeted_exploration,budgeted_exploration,46,4.619982346848706,0.9277836497861467,7.991044667260797,0.5371936474490618
michalewicz,budgeted_exploration,budgeted_exploration,47,4.619982346848706,0.9277836497861467,8.150569839662735,0.5267731011102166
michalewicz,budgeted_exploration,budgeted_exploration,48,4.619982346848706,0.9277836497861467,8.263755535660346,0.5184477198839526
michalewicz,budgeted_exploration,budgeted_exploration,49,4.619982346848706,0.9277836497861467,8.405398767757767,0.5281647263014665
michalewicz,lookahead_budgeted_exploration,lookahead_budgeted_exploration,0,6.058451746840696,0.7473237350214,0.9987638598125255,0.19630353276308715
michalewicz,lookahead_budgeted_exploration,lookahead_budgeted_exploration,1,6.058451746840696,0.7473237350214,1.2096002753673645,0.140870036732088
michalewicz,lookahead_budgeted_exploration,lookahead_budgeted_exploration,2,6.04096707369344,0.7296122713110729,1.4011608518767524,0.16937420553556273
michalewicz,lookahead_budgeted_exploration,lookahead_budgeted_exploration,3,6.04096707369344,0.7296122713110729,1.577904686174458,0.22976197963857878
michalewicz,lookahead_budgeted_exploration,lookahead_budgeted_exploration,4,6.04096707369344,0.7296122713110729,1.754927182863921,0.2612575926899758
michalewicz,lookahead_budgeted_exploration,lookahead_budgeted_exploration,5,6.04096707369344,0.7296122713110729,1.8591625115755033,0.2589031740455928
michalewicz,lookahead_budgeted_exploration,lookahead_budgeted_exploration,6,5.819743089356585,0.5540564549316844,2.040463944213403,0.3118453668567659
michalewicz,lookahead_budgeted_exploration,lookahead_budgeted_exploration,7,5.819743089356585,0.5540564549316844,2.168928851321934,0.3484566323228745
michalewicz,lookahead_budgeted_exploration,lookahead_budgeted_exploration,8,5.819743089356585,0.5540564549316844,2.3376440065589605,0.34946267056681707
michalewicz,lookahead_budgeted_exploration,lookahead_budgeted_exploration,9,5.819743089356585,0.5540564549316844,2.475050258326,0.34970360590564925
michalewicz,lookahead_budgeted_exploration,lookahead_budgeted_exploration,10,5.819743089356585,0.5540564549316844,2.641912019643126,0.3676053995167412
michalewicz,lookahead_budgeted_exploration,lookahead_budgeted_exploration,11,5.428126850573409,0.6229325408362979,2.7894871615949683,0.3762541687420102
michalewicz,lookahead_budgeted_exploration,lookahead_budgeted_exploration,12,5.428126850573409,0.6229325408362979,2.924559898546793,0.3687886648804133
michalewicz,lookahead_budgeted_exploration,lookahead_budgeted_exploration,13,5.428126850573409,0.6229325408362979,3.116694314294397,0.38951569063609615
michalewicz,lookahead_budgeted_exploration,lookahead_budgeted_exploration,14,5.428126850573409,0.6229325408362979,3.290564012021983,0.39101591059663304
michalewicz,lookahead_budgeted_exploration,lookahead_budgeted_exploration,15,5.428126850573409,0.6229325408362979,3.422882054245983,0.4234956989772246
michalewicz,lookahead_budgeted_exploration,lookahead_budgeted_exploration,16,5.428126850573409,0.6229325408362979,3.5773547370102876,0.41714108582210296
michalewicz,lookahead_budgeted_exploration,lookahead_budgeted_exploration,17,5.428126850573409,0.6229325408362979,3.70014378546468,0.43144464741403726
michalewicz,lookahead_budgeted_exploration,lookahead_budgeted_exploration,18,5.227188077365182,0.3401597847657259,3.8191013353316143,0.40456169022421495
michalewicz,lookahead_budgeted_exploration,lookahead_budgeted_exploration,19,5.227188077365182,0.3401597847657259,3.969710018201944,0.451534838632094
michalewicz,lookahead_budgeted_exploration,lookahead_budgeted_exploration,20,5.227188077365182,0.3401597847657259,4.106681021809561,0.4476460771482096
michalewicz,lookahead_budgeted_exploration,lookahead_budgeted_exploration,21,5.227188077365182,0.3401597847657259,4.224460058860234,0.4200337241311678
michalewicz,lookahead_budgeted_exploration,lookahead_budgeted_exploration,22,4.976111286782852,0.5774526239687544,4.337594258332497,0.3896841423726817
michalewicz,lookahead_budgeted_exploration,lookahead_budgeted_exploration,23,4.976111286782852,0.5774526239687544,4.443171017652889,0.38338122475489045
michalewicz,lookahead_budgeted_exploration,lookahead_budgeted_exploration,24,4.976111286782852,0.5774526239687544,4.583913449007315,0.3675864732611139
michalewicz,lookahead_budgeted_exploration,lookahead_budgeted_exploration,25,4.923862375122965,0.5126969272548901,4.766140117823558,0.3486769933268745
michalewicz,lookahead_budgeted_exploration,lookahead_budgeted_exploration,26,4.923862375122965,0.5126969272548901,4.905733742153985,0.3453139725034276
michalewicz,lookahead_budgeted_exploration,lookahead_budgeted_exploration,27,4.923862375122965,0.5126969272548901,5.039126823810556,0.33022280064820225
michalewicz,lookahead_budgeted_exploration,lookahead_budgeted_exploration,28,4.923862375122965,0.5126969272548901,5.186384193678222,0.34057362783085876
michalewicz,lookahead_budgeted_exploration,lookahead_budgeted_exploration,29,4.923862375122965,0.5126969272548901,5.3015674798134675,0.34107869291989656
michalewicz,lookahead_budgeted_exploration,lookahead_budgeted_exploration,30,4.923862375122965,0.5126969272548901,5.430570182257999,0.3447768625542958
michalewicz,lookahead_budgeted_exploration,lookahead_budgeted_exploration,31,4.923862375122965,0.5126969272548901,5.606441253916881,0.37497086957768766
michalewicz,lookahead_budgeted_exploration,lookahead_budgeted_exploration,32,4.923862375122965,0.5126969272548901,5.757476489513258,0.3867463749711727
michalewicz,lookahead_budgeted_exploration,lookahead_budgeted_exploration,33,4.923862375122965,0.5126969272548901,5.910357839613671,0.3784147471931486
michalewicz,lookahead_budgeted_exploration,lookahead_budgeted_exploration,34,4.923862375122965,0.5126969272548901,6.070125124685887,0.37570434734135427
michalewicz,lookahead_budgeted_exploration,lookahead_budgeted_exploration,35,4.7136877973738285,0.2986657081153444,6.204721778301425,0.3664996199228487
michalewicz,lookahead_budgeted_exploration,lookahead_budgeted_exploration,36,4.7136877973738285,0.2986657081153444,6.338837093842115,0.3417144550094324
michalewicz,lookahead_budgeted_exploration,lookahead_budgeted_exploration,37,4.7136877973738285,0.2986657081153444,6.481082874118378,0.34791492166733595
michalewicz,lookahead_budgeted_exploration,lookahead_budgeted_exploration,38,4.7136877973738285,0.2986657081153444,6.634450088605857,0.37544917865502314
michalewicz,lookahead_budgeted_exploration,lookahead_budgeted_exploration,39,4.7136877973738285,0.2986657081153444,6.777019456129864,0.39698487022112894
michalewicz,lookahead_budgeted_exploration,lookahead_budgeted_exploration,40,4.7136877973738285,0.2986657081153444,6.910677334475841,0.4080679428888861
michalewicz,lookahead_budgeted_exploration,lookahead_budgeted_exploration,41,4.7136877973738285,0.2986657081153444,7.000143491115664,0.38986649704231013
michalewicz,lookahead_budgeted_exploration,lookahead_budgeted_exploration,42,4.7136877973738285,0.2986657081153444,7.124166710371335,0.3873784142229514
michalewicz,lookahead_budgeted_exploration,lookahead_budgeted_exploration,43,4.7136877973738285,0.2986657081153444,7.223186553133099,0.3806426342928757
michalewicz,lookahead_budgeted_exploration,lookahead_budgeted_exploration,44,4.7136877973738285,0.2986657081153444,7.341186987183924,0.3775929962946223
michalewicz,lookahead_budgeted_exploration,lookahead_budgeted_exploration,45,4.7136877973738285,0.2986657081153444,7.477722243165526,0.36965779717978203
michalewicz,lookahead_budgeted_exploration,lookahead_budgeted_exploration,46,4.7136877973738285,0.2986657081153444,7.609161249620665,0.3647825009009752
michalewicz,lookahead_budgeted_exploration,lookahead_budgeted_exploration,47,4.7136877973738285,0.2986657081153444,7.725889360058858,0.3407220002081967
michalewicz,lookahead_budgeted_exploration,lookahead_budgeted_exploration,48,4.7136877973738285,0.2986657081153444,7.8511945261641,0.36147671252006863
michalewicz,lookahead_budgeted_exploration,lookahead_budgeted_exploration,49,4.7136877973738285,0.2986657081153444,7.9869564456620665,0.3485950373677958
