function,method,reward_dir,iteration,best_regret_mean,best_regret_std,cum_scaled_move_cost_mean,cum_scaled_move_cost_std
rastrigin,pure_bo,pure_bo,0,47.89154360073737,5.723736249081757,0.6554381886435794,0.04742610408296477
rastrigin,pure_bo,pure_bo,1,47.89154360073737,5.723736249081757,1.2295431730776916,0.4007149263674193
rastrigin,pure_bo,pure_bo,2,47.89154360073737,5.723736249081757,1.6321013172275916,0.5804184986158576
rastrigin,pure_bo,pure_bo,3,47.89154360073737,5.723736249081757,2.195842763069692,0.7800226453956148
rastrigin,pure_bo,pure_bo,4,43.06610549613765,5.806393393450482,2.9474750868304214,1.0775391035578687
rastrigin,pure_bo,pure_bo,5,43.06610549613765,5.806393393450482,3.304251607617305,1.0844825858039118
rastrigin,pure_bo,pure_bo,6,43.06610549613765,5.806393393450482,3.7843406638351715,1.2656715816062216
rastrigin,pure_bo,pure_bo,7,42.727400101219246,5.33111302992267,4.125787800470938,1.4418836889361872
rastrigin,pure_bo,pure_bo,8,42.727400101219246,5.33111302992267,4.631859461588628,1.5507484067073896
rastrigin,pure_bo,pure_bo,9,42.727400101219246,5.33111302992267,5.0894670029412294,1.726471246482156
rastrigin,pure_bo,pure_bo,10,42.57208977357768,5.419106209324384,5.328649805494071,1.9088285282814672
rastrigin,pure_bo,pure_bo,11,42.57208977357768,5.419106209324384,5.753256094536895,2.205349710593862
rastrigin,pure_bo,pure_bo,12,42.57208977357768,5.419106209324384,6.183739139318749,2.1317274594175797
rastrigin,pure_bo,pure_bo,13,42.57208977357768,5.419106209324384,6.69095913010617,2.324579752938234
rastrigin,pure_bo,pure_bo,14,42.57208977357768,5.419106209324384,7.194386421023815,2.8153916741726364
rastrigin,pure_bo,pure_bo,15,42.57208977357768,5.419106209324384,8.038744909584656,3.280637362221457
rastrigin,pure_bo,pure_bo,16,37.542711355788235,10.590117328250395,8.54542265534625,3.638709622442124
rastrigin,pure_bo,pure_bo,17,37.542711355788235,10.590117328250395,8.83823903346609,3.9458994898169393
rastrigin,pure_bo,pure_bo,18,37.542711355788235,10.590117328250395,9.200907513369401,4.323566486713851
rastrigin,pure_bo,pure_bo,19,37.542711355788235,10.590117328250395,9.91000952256043,4.849976145203858
rastrigin,pure_bo,pure_bo,20,37.542711355788235,10.590117328250395,10.335775426215209,5.094916514200795
rastrigin,pure_bo,pure_bo,21,37.542711355788235,10.590117328250395,10.70772993105892,5.364628584981723
rastrigin,pure_bo,pure_bo,22,37.542711355788235,10.590117328250395,11.222364694193766,5.452776361005033
rastrigin,pure_bo,pure_bo,23,37.542711355788235,10.590117328250395,11.924631701471377,5.7551358796760015
rastrigin,pure_bo,pure_bo,24,37.542711355788235,10.590117328250395,12.565509698803984,6.1169982252573245
rastrigin,pure_bo,pure_bo,25,37.542711355788235,10.590117328250395,13.412376679190961,6.388494296433646
rastrigin,pure_bo,pure_bo,26,37.542711355788235,10.590117328250395,14.458064456734407,6.208775210697013
rastrigin,pure_bo,pure_bo,27,37.542711355788235,10.590117328250395,15.719328893828349,5.943373848050662
rastrigin,pure_bo,pure_bo,28,37.542711355788235,10.590117328250395,16.85303725759407,5.558677249163883
rastrigin,pure_bo,pure_bo,29,37.542711355788235,10.590117328250395,17.807445890217696,5.256064595876196
rastrigin,pure_bo,pure_bo,30,37.542711355788235,10.590117328250395,18.749945377612274,5.277459526042869
rastrigin,pure_bo,pure_bo,31,37.542711355788235,10.590117328250395,19.92149395422725,4.76947742670225
rastrigin,pure_bo,pure_bo,32,37.542711355788235,10.590117328250395,20.851749538473072,4.5740493329326055
rastrigin,pure_bo,pure_bo,33,37.542711355788235,10.590117328250395,21.517764195278602,4.1238889471862645
rastrigin,pure_bo,pure_bo,34,37.542711355788235,10.590117328250395,22.537503703853645,4.074454633107072
rastrigin,pure_bo,pure_bo,35,37.542711355788235,10.590117328250395,22.881704723271444,3.9846536557951935
rastrigin,pure_bo,pure_bo,36,37.542711355788235,10.590117328250395,23.27906713677785,3.9614556725521086
rastrigin,pure_bo,pure_bo,37,37.542711355788235,10.590117328250395,23.575336785038605,3.9953435385345473
rastrigin,pure_bo,pure_bo,38,37.542711355788235,10.590117328250395,23.850374116600534,3.8842641818506864
rastrigin,pure_bo,pure_bo,39,37.542711355788235,10.590117328250395,24.023807460294545,3.8784820409224348
rastrigin,pure_bo,pure_bo,40,37.542711355788235,10.590117328250395,24.22721112259335,3.873813965352373
rastrigin,pure_bo,pure_bo,41,37.542711355788235,10.590117328250395,24.55169230754214,3.9498494532391364
rastrigin,pure_bo,pure_bo,42,37.542711355788235,10.590117328250395,24.603807671696057,3.8770026387711995
rastrigin,pure_bo,pure_bo,43,37.542711355788235,10.590117328250395,24.700421998390194,3.7420438329936148
rastrigin,pure_bo,pure_bo,44,37.542711355788235,10.590117328250395,24.761950313619092,3.6561608739200104
rastrigin,pure_bo,pure_bo,45,37.542711355788235,10.590117328250395,24.92510161202576,3.428705868846512
rastrigin,pure_bo,pure_bo,46,37.542711355788235,10.590117328250395,25.105782786455013,3.177363126187075
rastrigin,pure_bo,pure_bo,47,37.542711355788235,10.590117328250395,25.22299985887477,3.0146800976471075
rastrigin,pure_bo,pure_bo,48,37.542711355788235,10.590117328250395,25.421628914684508,2.739852130030462
rastrigin,pure_bo,pure_bo,49,37.542711355788235,10.590117328250395,25.625835498236725,2.458739064531059
rastrigin,earlbo,earlbo,0,49.040620718391544,4.1100094252459325,0.6601609548669167,0.1527296381868013
rastrigin,earlbo,earlbo,1,46.902241850560756,4.08912777525902,0.9064331742362667,0.20203685232756735
rastrigin,earlbo,earlbo,2,44.455366568973666,6.811695727200037,1.1105767822564883,0.1734704482220598
rastrigin,earlbo,earlbo,3,44.19864799076617,7.134498756500952,1.3197447893146954,0.21519608298218282
rastrigin,earlbo,earlbo,4,44.19864799076617,7.134498756500952,1.5249689377527842,0.2884588059301586
rastrigin,earlbo,earlbo,5,44.19864799076617,7.134498756500952,1.7585041071424723,0.2869771507470296
rastrigin,earlbo,earlbo,6,36.18811907473571,13.020810504284336,2.020268136656147,0.3999045881456698
rastrigin,earlbo,earlbo,7,34.92948070007338,11.460833867460432,2.201349269527945,0.3420729167597501
rastrigin,earlbo,earlbo,8,34.92948070007338,11.460833867460432,2.438578351102191,0.3799757187334906
rastrigin,earlbo,earlbo,9,31.025076575407553,7.296517429913598,2.63648921531427,0.4497764835500835
rastrigin,earlbo,earlbo,10,31.025076575407553,7.296517429913598,2.8171050571353415,0.5108643099823645
rastrigin,earlbo,earlbo,11,31.025076575407553,7.296517429913598,3.026258162891191,0.5359316732736659
rastrigin,earlbo,earlbo,12,31.025076575407553,7.296517429913598,3.3146326130358044,0.5322857804319373
rastrigin,earlbo,earlbo,13,31.025076575407553,7.296517429913598,3.7387721327747365,0.6482834196951127
rastrigin,earlbo,earlbo,14,29.292856699879135,6.1629977978218164,4.051692551462902,0.8122793943965708
rastrigin,earlbo,earlbo,15,29.292856699879135,6.1629977978218164,4.3233471134771335,1.003860672362804
rastrigin,earlbo,earlbo,16,29.292856699879135,6.1629977978218164,4.752257800352019,1.1971757632975653
rastrigin,earlbo,earlbo,17,28.692715117673202,5.628715545424718,5.142372976791702,1.3885128146844048
rastrigin,earlbo,earlbo,18,28.692715117673202,5.628715545424718,5.400605622535302,1.5329756032043396
rastrigin,earlbo,earlbo,19,28.39188150829794,5.3913325359557165,5.718540295687056,1.5968462974103104
rastrigin,earlbo,earlbo,20,28.39188150829794,5.3913325359557165,5.956760191481744,1.7486027140937925
rastrigin,earlbo,earlbo,21,28.39188150829794,5.3913325359557165,6.2085168147967735,1.8234529019094659
rastrigin,earlbo,earlbo,22,28.39188150829794,5.3913325359557165,6.417340960709795,1.8477036991384537
rastrigin,earlbo,earlbo,23,28.39188150829794,5.3913325359557165,6.644954753650506,1.923739104987779
rastrigin,earlbo,earlbo,24,28.39188150829794,5.3913325359557165,6.9846915632479964,2.0877073192167166
rastrigin,earlbo,earlbo,25,28.39188150829794,5.3913325359557165,7.278232637926638,2.1869513266372365
rastrigin,earlbo,earlbo,26,28.39188150829794,5.3913325359557165,7.639936779784375,2.3696741320378214
rastrigin,earlbo,earlbo,27,28.39188150829794,5.3913325359557165,8.107627480516621,2.506475564572056
rastrigin,earlbo,earlbo,28,28.39188150829794,5.3913325359557165,8.465794732783747,2.5474302674310416
rastrigin,earlbo,earlbo,29,28.39188150829794,5.3913325359557165,8.846833150605677,2.6279056006564803
rastrigin,earlbo,earlbo,30,28.39188150829794,5.3913325359557165,9.356514080069866,2.611319777765572
rastrigin,earlbo,earlbo,31,28.39188150829794,5.3913325359557165,10.083935590983705,2.712819274832785
rastrigin,earlbo,earlbo,32,28.39188150829794,5.3913325359557165,10.550410100796084,2.8702596178027666
rastrigin,earlbo,earlbo,33,28.39188150829794,5.3913325359557165,10.954550827896966,2.9335188996221446
rastrigin,earlbo,earlbo,34,28.39188150829794,5.3913325359557165,11.462786299027124,3.0488144663523817
rastrigin,earlbo,earlbo,35,28.39188150829794,5.3913325359557165,11.892524374064848,3.132459797979968
rastrigin,earlbo,earlbo,36,28.39188150829794,5.3913325359557165,12.348934358299156,3.1092499600446293
rastrigin,earlbo,earlbo,37,28.39188150829794,5.3913325359557165,12.692776250446096,3.1044299507568276
rastrigin,earlbo,earlbo,38,28.39188150829794,5.3913325359557165,13.053008041320217,3.204315447303211
rastrigin,earlbo,earlbo,39,28.39188150829794,5.3913325359557165,13.519587137276636,3.474020301057015
rastrigin,earlbo,earlbo,40,28.39188150829794,5.3913325359557165,14.004377934716276,3.7371810392616536
rastrigin,earlbo,earlbo,41,28.22843457185653,5.272280739353043,14.378860330482832,3.977541559476242
rastrigin,earlbo,earlbo,42,28.22843457185653,5.272280739353043,14.740237179004042,4.140222146886033
rastrigin,earlbo,earlbo,43,28.22843457185653,5.272280739353043,15.070619124414634,4.099360074931607
rastrigin,earlbo,earlbo,44,28.22843457185653,5.272280739353043,15.575941623524278,4.134279207192866
rastrigin,earlbo,earlbo,45,28.22843457185653,5.272280739353043,15.89749019125737,4.128045638436068
rastrigin,earlbo,earlbo,46,28.22843457185653,5.272280739353043,16.173065784877895,4.09868535243077
rastrigin,earlbo,earlbo,47,28.22843457185653,5.272280739353043,16.515684421565144,4.206019291504775
rastrigin,earlbo,earlbo,48,28.22843457185653,5.272280739353043,16.87211776833001,4.347126567403243
rastrigin,earlbo,earlbo,49,28.22843457185653,5.272280739353043,17.32924866730502,4.620778717156397
rastrigin,snake,snake,0,49.040620718391544,4.1100094252459325,0.6187738176084331,0.1642487345584714
rastrigin,snake,snake,1,45.639992030903834,8.897690982118565,0.9406070830321505,0.22990601919341783
rastrigin,snake,snake,2,41.52562554226814,6.141951005285045,1.1233026025690793,0.2876917526542566
rastrigin,snake,snake,3,41.52562554226814,6.141951005285045,1.2836883149760872,0.2713388038984689
rastrigin,snake,snake,4,41.52562554226814,6.141951005285045,1.4314930398040098,0.25814356918735465
rastrigin,snake,snake,5,41.52562554226814,6.141951005285045,1.536639715068053,0.26476162127757585
rastrigin,snake,snake,6,38.765445358711254,4.4610280078535895,1.7909890318241313,0.12576952048587375
rastrigin,snake,snake,7,34.58019552092228,7.142329149488213,1.9940491894415793,0.24394440283563912
rastrigin,snake,snake,8,34.58019552092228,7.142329149488213,2.2786491072806596,0.08637740595174762
rastrigin,snake,snake,9,34.58019552092228,7.142329149488213,2.683409107089465,0.12900764287165944
rastrigin,snake,snake,10,34.58019552092228,7.142329149488213,2.9687696563628823,0.27028930196608963
rastrigin,snake,snake,11,34.58019552092228,7.142329149488213,3.105513049999125,0.23896115490145134
rastrigin,snake,snake,12,34.58019552092228,7.142329149488213,3.2560870210273873,0.21434736937017848
rastrigin,snake,snake,13,31.28102924408252,11.176882597841029,3.404639505596533,0.1860709073696531
rastrigin,snake,snake,14,31.28102924408252,11.176882597841029,3.7383935377472963,0.053575165263243414
rastrigin,snake,snake,15,31.28102924408252,11.176882597841029,4.1218866985061995,0.09511871095801754
rastrigin,snake,snake,16,31.28102924408252,11.176882597841029,4.225726320808757,0.07567699838775582
rastrigin,snake,snake,17,31.28102924408252,11.176882597841029,4.340549014585906,0.11320577182235245
rastrigin,snake,snake,18,31.28102924408252,11.176882597841029,4.581038849115084,0.1271699969765885
rastrigin,snake,snake,19,26.43388862473593,12.427638876791995,4.784390297094222,0.30616071115464066
rastrigin,snake,snake,20,26.43388862473593,12.427638876791995,4.897600723563614,0.30111289569609706
rastrigin,snake,snake,21,26.43388862473593,12.427638876791995,5.047365949550215,0.28953554857911584
rastrigin,snake,snake,22,26.43388862473593,12.427638876791995,5.234374707926012,0.34978531021288956
rastrigin,snake,snake,23,26.43388862473593,12.427638876791995,5.524857918463831,0.26122788188049667
rastrigin,snake,snake,24,26.43388862473593,12.427638876791995,5.851631524892479,0.3417888099363419
rastrigin,snake,snake,25,26.43388862473593,12.427638876791995,5.975582638103158,0.34447653972316183
rastrigin,snake,snake,26,26.43388862473593,12.427638876791995,6.28766256818628,0.46550520459607103
rastrigin,snake,snake,27,26.43388862473593,12.427638876791995,6.5408930501665346,0.5441031965384475
rastrigin,snake,snake,28,26.43388862473593,12.427638876791995,6.722892524615186,0.6526910700740522
rastrigin,snake,snake,29,26.43388862473593,12.427638876791995,6.985096892195515,0.7278829209511398
rastrigin,snake,snake,30,26.43388862473593,12.427638876791995,7.589558418381121,1.0359401557746033
rastrigin,snake,snake,31,23.096013699346447,7.71990315616865,8.166044805016142,1.117012611659637
rastrigin,snake,snake,32,23.096013699346447,7.71990315616865,8.41661442951527,1.1636842809139194
rastrigin,snake,snake,33,23.096013699346447,7.71990315616865,8.581778158599473,1.214113353591906
rastrigin,snake,snake,34,23.096013699346447,7.71990315616865,9.076694640771601,1.2058810121485188
rastrigin,snake,snake,35,23.096013699346447,7.71990315616865,9.704479669941964,1.4373993807642647
rastrigin,snake,snake,36,23.096013699346447,7.71990315616865,10.06866362761402,1.4497865379318176
rastrigin,snake,snake,37,23.096013699346447,7.71990315616865,10.289681229996964,1.5778823355592226
rastrigin,snake,snake,38,23.096013699346447,7.71990315616865,10.67155834396754,1.5784777238987728
rastrigin,snake,snake,39,23.096013699346447,7.71990315616865,11.22719847110981,1.585839070249364
rastrigin,snake,snake,40,23.096013699346447,7.71990315616865,11.692551464673846,1.7670262229673124
rastrigin,snake,snake,41,23.096013699346447,7.71990315616865,12.130924518695096,1.9742639849253698
rastrigin,snake,snake,42,23.096013699346447,7.71990315616865,12.602251383532083,1.8807183902079225
rastrigin,snake,snake,43,23.096013699346447,7.71990315616865,13.152575385471392,1.7346286464605793
rastrigin,snake,snake,44,23.096013699346447,7.71990315616865,13.445275526638534,1.5502517985730686
rastrigin,snake,snake,45,23.096013699346447,7.71990315616865,13.750812597040088,1.4667982237680552
rastrigin,snake,snake,46,23.096013699346447,7.71990315616865,14.162167260101524,1.6226932129787093
rastrigin,snake,snake,47,23.096013699346447,7.71990315616865,14.441323110161738,1.7460746199306778
rastrigin,snake,snake,48,23.096013699346447,7.71990315616865,14.926828469596012,1.688541632576231
rastrigin,snake,snake,49,23.096013699346447,7.71990315616865,15.429886034103431,1.544434319178722
rastrigin,log_improvement_movement_cost3,log_improvement_movement_cost3,0,49.040620718391544,4.1100094252459325,0.5994182137742412,0.14144960462933148
rastrigin,log_improvement_movement_cost3,log_improvement_movement_cost3,1,49.040620718391544,4.1100094252459325,0.855914224108196,0.11512535217286957
rastrigin,log_improvement_movement_cost3,log_improvement_movement_cost3,2,49.040620718391544,4.1100094252459325,0.9824718930018993,0.09063948137846757
rastrigin,log_improvement_movement_cost3,log_improvement_movement_cost3,3,49.040620718391544,4.1100094252459325,1.1328961841271223,0.10572134887196084
rastrigin,log_improvement_movement_cost3,log_improvement_movement_cost3,4,43.10656268384781,7.8399376209352525,1.2648476716273667,0.13762890891230098
rastrigin,log_improvement_movement_cost3,log_improvement_movement_cost3,5,40.34377328370737,8.910316344351441,1.394554948297534,0.14182012116317075
rastrigin,log_improvement_movement_cost3,log_improvement_movement_cost3,6,38.55948537823952,9.94155622057381,1.5670157046906905,0.12171469824938042
rastrigin,log_improvement_movement_cost3,log_improvement_movement_cost3,7,38.55948537823952,9.94155622057381,1.6781673766657448,0.13401618456014164
rastrigin,log_improvement_movement_cost3,log_improvement_movement_cost3,8,35.82342732219137,6.072519125369955,1.8247960257571574,0.08145026669077354
rastrigin,log_improvement_movement_cost3,log_improvement_movement_cost3,9,35.82342732219137,6.072519125369955,2.0143599723503987,0.09568739700763644
rastrigin,log_improvement_movement_cost3,log_improvement_movement_cost3,10,35.82342732219137,6.072519125369955,2.1414077309606134,0.1281872827753308
rastrigin,log_improvement_movement_cost3,log_improvement_movement_cost3,11,35.82342732219137,6.072519125369955,2.270178128457019,0.1664593459171282
rastrigin,log_improvement_movement_cost3,log_improvement_movement_cost3,12,34.62894476762582,7.09112320199496,2.368293868549966,0.1526756678827844
rastrigin,log_improvement_movement_cost3,log_improvement_movement_cost3,13,25.68886961483921,8.326796806665158,2.470782387257677,0.141595227239099
rastrigin,log_improvement_movement_cost3,log_improvement_movement_cost3,14,25.68886961483921,8.326796806665158,2.567911770920898,0.14121691195004396
rastrigin,log_improvement_movement_cost3,log_improvement_movement_cost3,15,25.68886961483921,8.326796806665158,2.70387962328986,0.13698640055974967
rastrigin,log_improvement_movement_cost3,log_improvement_movement_cost3,16,25.68886961483921,8.326796806665158,2.8309894611606743,0.1247733372883932
rastrigin,log_improvement_movement_cost3,log_improvement_movement_cost3,17,25.68886961483921,8.326796806665158,2.9473286368977702,0.09492145802305244
rastrigin,log_improvement_movement_cost3,log_improvement_movement_cost3,18,25.68886961483921,8.326796806665158,3.040352267822989,0.08159417735877661
rastrigin,log_improvement_movement_cost3,log_improvement_movement_cost3,19,17.142245198148622,2.8670054123386253,3.112903875985511,0.0842265694088676
rastrigin,log_improvement_movement_cost3,log_improvement_movement_cost3,20,17.142245198148622,2.8670054123386253,3.253755609421899,0.07292583415199885
rastrigin,log_improvement_movement_cost3,log_improvement_movement_cost3,21,17.142245198148622,2.8670054123386253,3.395274991963849,0.09348428011143337
rastrigin,log_improvement_movement_cost3,log_improvement_movement_cost3,22,17.142245198148622,2.8670054123386253,3.5142739893983355,0.12370399258655727
rastrigin,log_improvement_movement_cost3,log_improvement_movement_cost3,23,17.142245198148622,2.8670054123386253,3.6156838644781337,0.1144628287421731
rastrigin,log_improvement_movement_cost3,log_improvement_movement_cost3,24,14.77723326359797,1.313235434940798,3.736808730510642,0.13980093051440054
rastrigin,log_improvement_movement_cost3,log_improvement_movement_cost3,25,14.77723326359797,1.313235434940798,3.8496943802668038,0.17180200100424653
rastrigin,log_improvement_movement_cost3,log_improvement_movement_cost3,26,12.918615694195921,1.3173222454397366,3.9575055517588122,0.20032930171584257
rastrigin,log_improvement_movement_cost3,log_improvement_movement_cost3,27,12.918615694195921,1.3173222454397366,4.050013055315831,0.22097877729630755
rastrigin,log_improvement_movement_cost3,log_improvement_movement_cost3,28,12.918615694195921,1.3173222454397366,4.164760439021308,0.20927078023567086
rastrigin,log_improvement_movement_cost3,log_improvement_movement_cost3,29,12.918615694195921,1.3173222454397366,4.310326310083486,0.18878541198329704
rastrigin,log_improvement_movement_cost3,log_improvement_movement_cost3,30,12.918615694195921,1.3173222454397366,4.426248297283807,0.17587264676335873
rastrigin,log_improvement_movement_cost3,log_improvement_movement_cost3,31,12.918615694195921,1.3173222454397366,4.555808581832687,0.1742381415085317
rastrigin,log_improvement_movement_cost3,log_improvement_movement_cost3,32,12.918615694195921,1.3173222454397366,4.64189827559241,0.18312370292418886
rastrigin,log_improvement_movement_cost3,log_improvement_movement_cost3,33,12.918615694195921,1.3173222454397366,4.772559338401436,0.22181810313254927
rastrigin,log_improvement_movement_cost3,log_improvement_movement_cost3,34,12.918615694195921,1.3173222454397366,4.884964439179255,0.2332281044768103
rastrigin,log_improvement_movement_cost3,log_improvement_movement_cost3,35,12.918615694195921,1.3173222454397366,5.010308188772711,0.22782687805888704
rastrigin,log_improvement_movement_cost3,log_improvement_movement_cost3,36,12.918615694195921,1.3173222454397366,5.134105048043715,0.23178214562851862
rastrigin,log_improvement_movement_cost3,log_improvement_movement_cost3,37,12.918615694195921,1.3173222454397366,5.285804117915841,0.2523038718162761
rastrigin,log_improvement_movement_cost3,log_improvement_movement_cost3,38,12.918615694195921,1.3173222454397366,5.390831460852108,0.2425953637533447
rastrigin,log_improvement_movement_cost3,log_improvement_movement_cost3,39,12.918615694195921,1.3173222454397366,5.531555023268556,0.24985540178993657
rastrigin,log_improvement_movement_cost3,log_improvement_movement_cost3,40,12.918615694195921,1.3173222454397366,5.637574271607055,0.2803164817584629
rastrigin,log_improvement_movement_cost3,log_improvement_movement_cost3,41,10.73955512935395,4.398253333182679,5.76065468012343,0.322786081248702
rastrigin,log_improvement_movement_cost3,log_improvement_movement_cost3,42,10.73955512935395,4.398253333182679,5.870832138758014,0.33903125347462615
rastrigin,log_improvement_movement_cost3,log_improvement_movement_cost3,43,10.73955512935395,4.398253333182679,5.994497448057307,0.30208029225873706
rastrigin,log_improvement_movement_cost3,log_improvement_movement_cost3,44,10.73955512935395,4.398253333182679,6.079532363152505,0.30599510204367747
rastrigin,log_improvement_movement_cost3,log_improvement_movement_cost3,45,10.73955512935395,4.398253333182679,6.165471215176683,0.3030832782107978
rastrigin,log_improvement_movement_cost3,log_improvement_movement_cost3,46,10.73955512935395,4.398253333182679,6.284855543732188,0.3082610847768623
rastrigin,log_improvement_movement_cost3,log_improvement_movement_cost3,47,10.73955512935395,4.398253333182679,6.450666994610931,0.350546781389286
rastrigin,log_improvement_movement_cost3,log_improvement_movement_cost3,48,10.73955512935395,4.398253333182679,6.527052105696338,0.3642825695482732
rastrigin,log_improvement_movement_cost3,log_improvement_movement_cost3,49,10.73955512935395,4.398253333182679,6.664284578296285,0.3748101109701701
rastrigin,optimistic_selected,optimistic_improvement_movement_cost3,0,43.593104125390276,7.24632194734257,0.5962066177682871,0.15373399436054314
rastrigin,optimistic_selected,optimistic_improvement_movement_cost3,1,43.05129657247056,6.581529509276159,0.7866217947073136,0.18925315372523413
rastrigin,optimistic_selected,optimistic_improvement_movement_cost3,2,38.90828242883841,12.057462462516737,0.9809190437379233,0.17432515907536777
rastrigin,optimistic_selected,optimistic_improvement_movement_cost3,3,38.90828242883841,12.057462462516737,1.083376724508776,0.19977280747717382
rastrigin,optimistic_selected,optimistic_improvement_movement_cost3,4,37.048457230304244,10.360989114149017,1.2090798801010016,0.20437021241680844
rastrigin,optimistic_selected,optimistic_improvement_movement_cost3,5,31.6447858453038,9.917322657947537,1.3211989510521907,0.21821293367053476
rastrigin,optimistic_selected,optimistic_improvement_movement_cost3,6,31.6447858453038,9.917322657947537,1.4362703091759332,0.2481706661136896
rastrigin,optimistic_selected,optimistic_improvement_movement_cost3,7,26.792812149809805,15.319502034743259,1.538174533100242,0.22983271918003786
rastrigin,optimistic_selected,optimistic_improvement_movement_cost3,8,26.792812149809805,15.319502034743259,1.6477913471649215,0.2127879616089042
rastrigin,optimistic_selected,optimistic_improvement_movement_cost3,9,26.792812149809805,15.319502034743259,1.7542891580831597,0.2030024505439054
rastrigin,optimistic_selected,optimistic_improvement_movement_cost3,10,26.792812149809805,15.319502034743259,1.8416495608625967,0.2153978060512717
rastrigin,optimistic_selected,optimistic_improvement_movement_cost3,11,26.792812149809805,15.319502034743259,1.90543699659486,0.23714583761491184
rastrigin,optimistic_selected,optimistic_improvement_movement_cost3,12,17.84251215989968,7.847574331711899,1.9975935866795986,0.25069592411796954
rastrigin,optimistic_selected,optimistic_improvement_movement_cost3,13,17.84251215989968,7.847574331711899,2.0801012308634483,0.2734616571882685
rastrigin,optimistic_selected,optimistic_improvement_movement_cost3,14,17.84251215989968,7.847574331711899,2.194639527415877,0.2587648487207683
rastrigin,optimistic_selected,optimistic_improvement_movement_cost3,15,13.965326902415008,4.479775227489514,2.2992039607962096,0.2386990520988983
rastrigin,optimistic_selected,optimistic_improvement_movement_cost3,16,13.965326902415008,4.479775227489514,2.3920218886437006,0.2024039600682668
rastrigin,optimistic_selected,optimistic_improvement_movement_cost3,17,13.965326902415008,4.479775227489514,2.489823534252851,0.17742080079270292
rastrigin,optimistic_selected,optimistic_improvement_movement_cost3,18,13.965326902415008,4.479775227489514,2.5738143027615816,0.15270450559271934
rastrigin,optimistic_selected,optimistic_improvement_movement_cost3,19,13.965326902415008,4.479775227489514,2.6404359136217317,0.15831811257894837
rastrigin,optimistic_selected,optimistic_improvement_movement_cost3,20,13.965326902415008,4.479775227489514,2.721886253952173,0.1141243864975712
rastrigin,optimistic_selected,optimistic_improvement_movement_cost3,21,13.965326902415008,4.479775227489514,2.8399481067064953,0.07447748992346603
rastrigin,optimistic_selected,optimistic_improvement_movement_cost3,22,13.965326902415008,4.479775227489514,2.9428350406806607,0.0929098652657853
rastrigin,optimistic_selected,optimistic_improvement_movement_cost3,23,13.965326902415008,4.479775227489514,3.034837787205569,0.06819266251379742
rastrigin,optimistic_selected,optimistic_improvement_movement_cost3,24,13.965326902415008,4.479775227489514,3.1370157830443492,0.09557696623270776
rastrigin,optimistic_selected,optimistic_improvement_movement_cost3,25,13.965326902415008,4.479775227489514,3.226008074912055,0.11849702787244822
rastrigin,optimistic_selected,optimistic_improvement_movement_cost3,26,13.965326902415008,4.479775227489514,3.3432135046968767,0.12847860126184826
rastrigin,optimistic_selected,optimistic_improvement_movement_cost3,27,13.965326902415008,4.479775227489514,3.4329297994784422,0.13279087185553198
rastrigin,optimistic_selected,optimistic_improvement_movement_cost3,28,13.965326902415008,4.479775227489514,3.52221451909177,0.14203045177244322
rastrigin,optimistic_selected,optimistic_improvement_movement_cost3,29,13.965326902415008,4.479775227489514,3.6080468070792726,0.17909340130152904
rastrigin,optimistic_selected,optimistic_improvement_movement_cost3,30,13.965326902415008,4.479775227489514,3.7292829654870623,0.18474934987734964
rastrigin,optimistic_selected,optimistic_improvement_movement_cost3,31,13.965326902415008,4.479775227489514,3.812986430993771,0.15607808034336104
rastrigin,optimistic_selected,optimistic_improvement_movement_cost3,32,13.965326902415008,4.479775227489514,3.8962122165081268,0.16091133808613217
rastrigin,optimistic_selected,optimistic_improvement_movement_cost3,33,13.965326902415008,4.479775227489514,4.037222205358365,0.14972476732758175
rastrigin,optimistic_selected,optimistic_improvement_movement_cost3,34,13.965326902415008,4.479775227489514,4.1686696117789745,0.1742811556742503
rastrigin,optimistic_selected,optimistic_improvement_movement_cost3,35,13.965326902415008,4.479775227489514,4.268001063818057,0.18574930050790656
rastrigin,optimistic_selected,optimistic_improvement_movement_cost3,36,13.965326902415008,4.479775227489514,4.38605577676267,0.16479563511465548
rastrigin,optimistic_selected,optimistic_improvement_movement_cost3,37,13.965326902415008,4.479775227489514,4.4931621897530025,0.152011413307921
rastrigin,optimistic_selected,optimistic_improvement_movement_cost3,38,13.965326902415008,4.479775227489514,4.573818906028058,0.15628119573194513
rastrigin,optimistic_selected,optimistic_improvement_movement_cost3,39,13.965326902415008,4.479775227489514,4.7131399382488155,0.1535995117848389
rastrigin,optimistic_selected,optimistic_improvement_movement_cost3,40,13.965326902415008,4.479775227489514,4.84611074731259,0.12538456019233862
rastrigin,optimistic_selected,optimistic_improvement_movement_cost3,41,13.965326902415008,4.479775227489514,4.975412213640586,0.11842294504526542
rastrigin,optimistic_selected,optimistic_improvement_movement_cost3,42,13.965326902415008,4.479775227489514,5.058708967671142,0.10368168431097172
rastrigin,optimistic_selected,optimistic_improvement_movement_cost3,43,13.965326902415008,4.479775227489514,5.131020935657632,0.10046855661174309
rastrigin,optimistic_selected,optimistic_improvement_movement_cost3,44,13.965326902415008,4.479775227489514,5.233172761558937,0.08761537599812419
rastrigin,optimistic_selected,optimistic_improvement_movement_cost3,45,13.965326902415008,4.479775227489514,5.342434215761597,0.07282777353719097
rastrigin,optimistic_selected,optimistic_improvement_movement_cost3,46,13.965326902415008,4.479775227489514,5.43701928754567,0.1239315456685267
rastrigin,optimistic_selected,optimistic_improvement_movement_cost3,47,13.965326902415008,4.479775227489514,5.570865836414479,0.13428975151218792
rastrigin,optimistic_selected,optimistic_improvement_movement_cost3,48,13.965326902415008,4.479775227489514,5.68436214866117,0.11079491824180737
rastrigin,optimistic_selected,optimistic_improvement_movement_cost3,49,13.965326902415008,4.479775227489514,5.81883995675194,0.1337406520948904
rastrigin,budgeted_exploration,budgeted_exploration,0,47.45069451924589,3.875677986888582,0.6069495196827711,0.14710111182080274
rastrigin,budgeted_exploration,budgeted_exploration,1,45.46264740603135,6.284132853723583,0.8145953360682651,0.18908280591779006
rastrigin,budgeted_exploration,budgeted_exploration,2,41.78039884416629,7.703400106649602,0.9824165559511467,0.2633868879997485
rastrigin,budgeted_exploration,budgeted_exploration,3,41.744743600681055,7.6532388458084295,1.102441726872543,0.23457622748710868
rastrigin,budgeted_exploration,budgeted_exploration,4,41.744743600681055,7.6532388458084295,1.2169414433943073,0.21424895208075376
rastrigin,budgeted_exploration,budgeted_exploration,5,32.735347917013605,10.109244907797454,1.3630366282213293,0.2506320411132825
rastrigin,budgeted_exploration,budgeted_exploration,6,32.735347917013605,10.109244907797454,1.5101028053518621,0.29650263384873304
rastrigin,budgeted_exploration,budgeted_exploration,7,30.129877299106848,8.161511890162334,1.6390352229716634,0.295127648523813
rastrigin,budgeted_exploration,budgeted_exploration,8,30.129877299106848,8.161511890162334,1.775361756324888,0.23861310198622096
rastrigin,budgeted_exploration,budgeted_exploration,9,30.115290963652402,8.181912232160581,1.8889538627802613,0.256243833327752
rastrigin,budgeted_exploration,budgeted_exploration,10,22.79900649171608,10.582168394600787,1.981589113040439,0.28501302580315746
rastrigin,budgeted_exploration,budgeted_exploration,11,22.79900649171608,10.582168394600787,2.047728904774362,0.28859600791029544
rastrigin,budgeted_exploration,budgeted_exploration,12,22.79900649171608,10.582168394600787,2.1760840535855936,0.3159206593762906
rastrigin,budgeted_exploration,budgeted_exploration,13,22.79900649171608,10.582168394600787,2.263392903867469,0.3175986882725074
rastrigin,budgeted_exploration,budgeted_exploration,14,21.12078368289856,8.29907742229942,2.363856371914903,0.3327774836401282
rastrigin,budgeted_exploration,budgeted_exploration,15,18.95645870648341,5.469358731876894,2.47055711503674,0.33463972221450494
rastrigin,budgeted_exploration,budgeted_exploration,16,18.95645870648341,5.469358731876894,2.58385043159127,0.31389092605383856
rastrigin,budgeted_exploration,budgeted_exploration,17,18.95645870648341,5.469358731876894,2.6857299709840583,0.2903803417775432
rastrigin,budgeted_exploration,budgeted_exploration,18,18.84788606681131,5.334133326812525,2.8326980229612935,0.28402518863795534
rastrigin,budgeted_exploration,budgeted_exploration,19,18.84788606681131,5.334133326812525,2.938187965700516,0.2632551517213832
rastrigin,budgeted_exploration,budgeted_exploration,20,18.84788606681131,5.334133326812525,3.0793296690396246,0.2467524877256305
rastrigin,budgeted_exploration,budgeted_exploration,21,15.077579833253546,2.6401679808145038,3.209541920016031,0.212847516858201
rastrigin,budgeted_exploration,budgeted_exploration,22,15.077579833253546,2.6401679808145038,3.296008017976833,0.19217543906684945
rastrigin,budgeted_exploration,budgeted_exploration,23,15.077579833253546,2.6401679808145038,3.3837138883860316,0.2292308356103135
rastrigin,budgeted_exploration,budgeted_exploration,24,15.077579833253546,2.6401679808145038,3.489284829575031,0.26220331119141715
rastrigin,budgeted_exploration,budgeted_exploration,25,14.562046872298074,2.9072427592523806,3.612310891603977,0.2691262585397809
rastrigin,budgeted_exploration,budgeted_exploration,26,14.562046872298074,2.9072427592523806,3.7176363956858647,0.25463012360081627
rastrigin,budgeted_exploration,budgeted_exploration,27,14.562046872298074,2.9072427592523806,3.808407882151908,0.2626333392801882
rastrigin,budgeted_exploration,budgeted_exploration,28,14.562046872298074,2.9072427592523806,3.925919453125289,0.30509941836114407
rastrigin,budgeted_exploration,budgeted_exploration,29,14.562046872298074,2.9072427592523806,4.040770724193904,0.30282492496638713
rastrigin,budgeted_exploration,budgeted_exploration,30,14.562046872298074,2.9072427592523806,4.163547663536767,0.3181305341821788
rastrigin,budgeted_exploration,budgeted_exploration,31,14.562046872298074,2.9072427592523806,4.239698061319076,0.2993856738491736
rastrigin,budgeted_exploration,budgeted_exploration,32,14.562046872298074,2.9072427592523806,4.342815185881638,0.2968782226295589
rastrigin,budgeted_exploration,budgeted_exploration,33,14.562046872298074,2.9072427592523806,4.486939742908622,0.26212527619434695
rastrigin,budgeted_exploration,budgeted_exploration,34,14.562046872298074,2.9072427592523806,4.642405298555793,0.25275393813267255
rastrigin,budgeted_exploration,budgeted_exploration,35,14.562046872298074,2.9072427592523806,4.8027991152212826,0.2800928494573594
rastrigin,budgeted_exploration,budgeted_exploration,36,14.562046872298074,2.9072427592523806,4.923466745089418,0.2951445614085461
rastrigin,budgeted_exploration,budgeted_exploration,37,14.562046872298074,2.9072427592523806,5.06260463416556,0.28367160987113554
rastrigin,budgeted_exploration,budgeted_exploration,38,14.562046872298074,2.9072427592523806,5.1633288997659195,0.26931633318610043
rastrigin,budgeted_exploration,budgeted_exploration,39,14.562046872298074,2.9072427592523806,5.282077109960266,0.2679707384749818
rastrigin,budgeted_exploration,budgeted_exploration,40,14.562046872298074,2.9072427592523806,5.414589712156496,0.25307238172421076
rastrigin,budgeted_exploration,budgeted_exploration,41,14.562046872298074,2.9072427592523806,5.597220050733338,0.2547939936750016
rastrigin,budgeted_exploration,budgeted_exploration,42,14.562046872298074,2.9072427592523806,5.700611305281917,0.24740432238910945
rastrigin,budgeted_exploration,budgeted_exploration,43,14.562046872298074,2.9072427592523806,5.830349116935473,0.2736883870377626
rastrigin,budgeted_exploration,budgeted_exploration,44,14.562046872298074,2.9072427592523806,5.941358893801966,0.2898772250076006
rastrigin,budgeted_exploration,budgeted_exploration,45,14.562046872298074,2.9072427592523806,6.039970398833283,0.2648034190772418
rastrigin,budgeted_exploration,budgeted_exploration,46,14.562046872298074,2.9072427592523806,6.136581774790781,0.2766050850061465
rastrigin,budgeted_exploration,budgeted_exploration,47,14.40547792814968,3.018688366603583,6.257271616983002,0.2508989620877348
rastrigin,budgeted_exploration,budgeted_exploration,48,14.40547792814968,3.018688366603583,6.424306915586619,0.2595502577737389
rastrigin,budgeted_exploration,budgeted_exploration,49,14.40547792814968,3.018688366603583,6.576169622526041,0.26365402255139075
rastrigin,lookahead_budgeted_exploration,lookahead_budgeted_exploration,0,42.897971061885535,12.76992172686351,0.5938234442416204,0.13911599034688416
rastrigin,lookahead_budgeted_exploration,lookahead_budgeted_exploration,1,42.897971061885535,12.76992172686351,0.8523393924438469,0.1761446799438479
rastrigin,lookahead_budgeted_exploration,lookahead_budgeted_exploration,2,42.897971061885535,12.76992172686351,1.0536818158206964,0.16587072359278873
rastrigin,lookahead_budgeted_exploration,lookahead_budgeted_exploration,3,39.97364124602793,11.467661223058558,1.2281019446414165,0.12685729529200784
rastrigin,lookahead_budgeted_exploration,lookahead_budgeted_exploration,4,32.990201114313315,13.946769684942844,1.406971116568594,0.1291910472612254
rastrigin,lookahead_budgeted_exploration,lookahead_budgeted_exploration,5,32.990201114313315,13.946769684942844,1.517906584836492,0.13387236417059822
rastrigin,lookahead_budgeted_exploration,lookahead_budgeted_exploration,6,32.990201114313315,13.946769684942844,1.703823793219362,0.22698626414943548
rastrigin,lookahead_budgeted_exploration,lookahead_budgeted_exploration,7,32.990201114313315,13.946769684942844,1.7851957456060152,0.2756163285478307
rastrigin,lookahead_budgeted_exploration,lookahead_budgeted_exploration,8,32.990201114313315,13.946769684942844,1.8880974768216212,0.27594169728848555
rastrigin,lookahead_budgeted_exploration,lookahead_budgeted_exploration,9,25.222974279160198,3.203328914980682,2.0305997541891796,0.27205670744082283
rastrigin,lookahead_budgeted_exploration,lookahead_budgeted_exploration,10,25.222974279160198,3.203328914980682,2.213276910158528,0.2613684086558727
rastrigin,lookahead_budgeted_exploration,lookahead_budgeted_exploration,11,25.222974279160198,3.203328914980682,2.333908772186964,0.2281452500243321
rastrigin,lookahead_budgeted_exploration,lookahead_budgeted_exploration,12,25.222974279160198,3.203328914980682,2.435806858017009,0.2075456149867943
rastrigin,lookahead_budgeted_exploration,lookahead_budgeted_exploration,13,25.222974279160198,3.203328914980682,2.540530296446866,0.2608894753129038
rastrigin,lookahead_budgeted_exploration,lookahead_budgeted_exploration,14,25.222974279160198,3.203328914980682,2.6715328360273234,0.22385806235970038
rastrigin,lookahead_budgeted_exploration,lookahead_budgeted_exploration,15,25.222974279160198,3.203328914980682,2.8219123144721023,0.24083463110341943
rastrigin,lookahead_budgeted_exploration,lookahead_budgeted_exploration,16,25.222974279160198,3.203328914980682,2.993453890669633,0.24105646767955752
rastrigin,lookahead_budgeted_exploration,lookahead_budgeted_exploration,17,25.222974279160198,3.203328914980682,3.1478884463292367,0.2673148505268518
rastrigin,lookahead_budgeted_exploration,lookahead_budgeted_exploration,18,25.222974279160198,3.203328914980682,3.2789855428629373,0.2560779835033008
rastrigin,lookahead_budgeted_exploration,lookahead_budgeted_exploration,19,25.222974279160198,3.203328914980682,3.4028242180925474,0.2375430352053941
rastrigin,lookahead_budgeted_exploration,lookahead_budgeted_exploration,20,24.238279508993923,2.0343846629481033,3.4972389515963886,0.22829916890615837
rastrigin,lookahead_budgeted_exploration,lookahead_budgeted_exploration,21,24.238279508993923,2.0343846629481033,3.599353532809314,0.2168354933134761
rastrigin,lookahead_budgeted_exploration,lookahead_budgeted_exploration,22,24.238279508993923,2.0343846629481033,3.686279321455654,0.23408836781441694
rastrigin,lookahead_budgeted_exploration,lookahead_budgeted_exploration,23,24.238279508993923,2.0343846629481033,3.803488627852124,0.23707745671570982
rastrigin,lookahead_budgeted_exploration,lookahead_budgeted_exploration,24,24.238279508993923,2.0343846629481033,3.9444312453086066,0.2857504137734063
rastrigin,lookahead_budgeted_exploration,lookahead_budgeted_exploration,25,24.238279508993923,2.0343846629481033,4.037754714528783,0.31740833060154516
rastrigin,lookahead_budgeted_exploration,lookahead_budgeted_exploration,26,24.238279508993923,2.0343846629481033,4.1373952989973715,0.30121307392536
rastrigin,lookahead_budgeted_exploration,lookahead_budgeted_exploration,27,24.238279508993923,2.0343846629481033,4.259480746975586,0.3376350138898104
rastrigin,lookahead_budgeted_exploration,lookahead_budgeted_exploration,28,20.99625114485701,3.374445308634362,4.379337738117541,0.3680935261847793
rastrigin,lookahead_budgeted_exploration,lookahead_budgeted_exploration,29,20.99625114485701,3.374445308634362,4.4986549018956055,0.33319263513238984
rastrigin,lookahead_budgeted_exploration,lookahead_budgeted_exploration,30,20.99625114485701,3.374445308634362,4.653081278001282,0.3411340762783999
rastrigin,lookahead_budgeted_exploration,lookahead_budgeted_exploration,31,20.99625114485701,3.374445308634362,4.786608706016328,0.37685825743350415
rastrigin,lookahead_budgeted_exploration,lookahead_budgeted_exploration,32,20.99625114485701,3.374445308634362,4.896927478072466,0.41006177160056256
rastrigin,lookahead_budgeted_exploration,lookahead_budgeted_exploration,33,20.99625114485701,3.374445308634362,5.031841331800332,0.4192353789226242
rastrigin,lookahead_budgeted_exploration,lookahead_budgeted_exploration,34,20.99625114485701,3.374445308634362,5.167549948909561,0.4245839546784355
rastrigin,lookahead_budgeted_exploration,lookahead_budgeted_exploration,35,20.99625114485701,3.374445308634362,5.292850499454665,0.444788970731329
rastrigin,lookahead_budgeted_exploration,lookahead_budgeted_exploration,36,20.99625114485701,3.374445308634362,5.430359912843746,0.4566950124524569
rastrigin,lookahead_budgeted_exploration,lookahead_budgeted_exploration,37,20.99625114485701,3.374445308634362,5.547160221934715,0.4779427101387295
rastrigin,lookahead_budgeted_exploration,lookahead_budgeted_exploration,38,20.99625114485701,3.374445308634362,5.658103805817324,0.46080857611129766
rastrigin,lookahead_budgeted_exploration,lookahead_budgeted_exploration,39,20.99625114485701,3.374445308634362,5.821295994519422,0.4538156649567311
rastrigin,lookahead_budgeted_exploration,lookahead_budgeted_exploration,40,20.99625114485701,3.374445308634362,5.985074035732531,0.4895378671533578
rastrigin,lookahead_budgeted_exploration,lookahead_budgeted_exploration,41,20.99625114485701,3.374445308634362,6.093198164970365,0.5083234977438018
rastrigin,lookahead_budgeted_exploration,lookahead_budgeted_exploration,42,20.99625114485701,3.374445308634362,6.195663964200715,0.5349791741372701
rastrigin,lookahead_budgeted_exploration,lookahead_budgeted_exploration,43,20.99625114485701,3.374445308634362,6.33176758694141,0.5578063669994567
rastrigin,lookahead_budgeted_exploration,lookahead_budgeted_exploration,44,20.99625114485701,3.374445308634362,6.428648172360635,0.5307390605379618
rastrigin,lookahead_budgeted_exploration,lookahead_budgeted_exploration,45,20.99625114485701,3.374445308634362,6.556104167118355,0.5176633573358124
rastrigin,lookahead_budgeted_exploration,lookahead_budgeted_exploration,46,20.99625114485701,3.374445308634362,6.656928923952452,0.49174449448520263
rastrigin,lookahead_budgeted_exploration,lookahead_budgeted_exploration,47,20.99625114485701,3.374445308634362,6.784848111395299,0.49536334338936194
rastrigin,lookahead_budgeted_exploration,lookahead_budgeted_exploration,48,19.083585329971545,5.9482281091419615,6.912198506353062,0.4617395902700467
rastrigin,lookahead_budgeted_exploration,lookahead_budgeted_exploration,49,19.083585329971545,5.9482281091419615,7.014441198307327,0.44820239602212986
schwefel,pure_bo,pure_bo,0,1415.4570096500659,128.04220302375992,1.02683210418964,0.19295453984030572
schwefel,pure_bo,pure_bo,1,1415.4570096500659,128.04220302375992,1.8242904125281372,0.40086272220877095
schwefel,pure_bo,pure_bo,2,1415.4570096500659,128.04220302375992,2.696442622600326,0.5737743415390654
schwefel,pure_bo,pure_bo,3,1415.4570096500659,128.04220302375992,3.465988432147647,0.6392329611774645
schwefel,pure_bo,pure_bo,4,1406.7663865904294,120.10779681911814,4.3376700503180325,0.7149719359055565
schwefel,pure_bo,pure_bo,5,1406.7663865904294,120.10779681911814,5.139935534204009,0.5297536430840538
schwefel,pure_bo,pure_bo,6,1406.7365995179946,120.0818632979895,5.823670750626729,0.5968274120700742
schwefel,pure_bo,pure_bo,7,1399.5923007364324,116.67195080183765,6.526112377415125,0.9734215744656272
schwefel,pure_bo,pure_bo,8,1399.5923007364324,116.67195080183765,6.955763414945473,1.0196401743846115
schwefel,pure_bo,pure_bo,9,1399.5923007364324,116.67195080183765,7.466684171383316,1.125356714495567
schwefel,pure_bo,pure_bo,10,1399.5923007364324,116.67195080183765,8.130144837320826,1.5279334876179944
schwefel,pure_bo,pure_bo,11,1329.090119056501,88.35793014333855,9.158502651335487,1.7264359209321705
schwefel,pure_bo,pure_bo,12,1329.090119056501,88.35793014333855,9.785112575740682,2.126133175083706
schwefel,pure_bo,pure_bo,13,1329.090119056501,88.35793014333855,10.702816417535098,2.221668238933797
schwefel,pure_bo,pure_bo,14,1329.090119056501,88.35793014333855,11.642312910729324,2.4987818009957654
schwefel,pure_bo,pure_bo,15,1329.090119056501,88.35793014333855,12.789397802179119,2.6256525313011143
schwefel,pure_bo,pure_bo,16,1329.090119056501,88.35793014333855,13.579480015299135,2.4785266668628325
schwefel,pure_bo,pure_bo,17,1329.090119056501,88.35793014333855,14.26407156091509,2.5772311511495336
schwefel,pure_bo,pure_bo,18,1329.090119056501,88.35793014333855,15.058480031255561,2.4653130066169417
schwefel,pure_bo,pure_bo,19,1329.090119056501,88.35793014333855,15.502937272288762,2.6346932883698324
schwefel,pure_bo,pure_bo,20,1329.090119056501,88.35793014333855,16.470290474450547,2.8058758450065673
schwefel,pure_bo,pure_bo,21,1329.090119056501,88.35793014333855,17.531525305294533,2.7092283918698925
schwefel,pure_bo,pure_bo,22,1310.61452809363,63.72533163558243,18.467129893017624,2.655623162019846
schwefel,pure_bo,pure_bo,23,1310.61452809363,63.72533163558243,18.977633336207784,2.9954006016258816
schwefel,pure_bo,pure_bo,24,1310.61452809363,63.72533163558243,19.71521083006046,3.333182277929058
schwefel,pure_bo,pure_bo,25,1310.61452809363,63.72533163558243,20.282959849013526,3.5754776775089643
schwefel,pure_bo,pure_bo,26,1310.61452809363,63.72533163558243,21.00168026737874,3.949598475955946
schwefel,pure_bo,pure_bo,27,1310.61452809363,63.72533163558243,21.762863120841946,3.65350538672701
schwefel,pure_bo,pure_bo,28,1310.61452809363,63.72533163558243,22.62586032302956,3.7602965489393303
schwefel,pure_bo,pure_bo,29,1310.61452809363,63.72533163558243,22.966120858082366,3.6593395857506628
schwefel,pure_bo,pure_bo,30,1310.61452809363,63.72533163558243,23.324725834625326,3.5523162966207287
schwefel,pure_bo,pure_bo,31,1300.7327730512009,66.8638205297145,23.521109838138944,3.617536000268987
schwefel,pure_bo,pure_bo,32,1300.7327730512009,66.8638205297145,23.861138340966296,3.848424543191745
schwefel,pure_bo,pure_bo,33,1300.7327730512009,66.8638205297145,24.3207185193982,4.201844851669484
schwefel,pure_bo,pure_bo,34,1152.6296114251952,239.60296854522286,24.664361926780813,4.503482708618195
schwefel,pure_bo,pure_bo,35,1152.6296114251952,239.60296854522286,25.002184385661028,4.835730284090663
schwefel,pure_bo,pure_bo,36,1144.2363817925768,251.07115562514804,25.01459553084317,4.819341718755838
schwefel,pure_bo,pure_bo,37,1119.9768340625162,284.40382992748795,25.027218775809782,4.8026815157115
schwefel,pure_bo,pure_bo,38,1119.9768340625162,284.40382992748795,25.03755931307997,4.789040437533255
schwefel,pure_bo,pure_bo,39,1119.9768340625162,284.40382992748795,25.060071733454716,4.7593625804521285
schwefel,pure_bo,pure_bo,40,1119.9768340625162,284.40382992748795,25.074239267623636,4.7407000543100954
schwefel,pure_bo,pure_bo,41,1119.9768340625162,284.40382992748795,25.096386712719383,4.711548398426775
schwefel,pure_bo,pure_bo,42,1119.9768340625162,284.40382992748795,25.127480837320643,4.670668046012152
schwefel,pure_bo,pure_bo,43,1119.9768340625162,284.40382992748795,25.17661690733406,4.6061835992718185
schwefel,pure_bo,pure_bo,44,1119.9768340625162,284.40382992748795,25.219991815318696,4.549382368396242
schwefel,pure_bo,pure_bo,45,1119.9768340625162,284.40382992748795,25.279670281359767,4.471427026737667
schwefel,pure_bo,pure_bo,46,1119.9768340625162,284.40382992748795,25.31992106014924,4.4189828793614465
schwefel,pure_bo,pure_bo,47,1119.9768340625162,284.40382992748795,25.61114821319671,4.043144075776829
schwefel,pure_bo,pure_bo,48,1119.9768340625162,284.40382992748795,25.846223732073796,3.7453001973355216
schwefel,pure_bo,pure_bo,49,1119.9768340625162,284.40382992748795,26.03028517417948,3.51642392783468
schwefel,earlbo,earlbo,0,1163.5204152211563,482.1521852627522,1.0964373064072308,0.17101117133643426
schwefel,earlbo,earlbo,1,1117.9435858791442,450.04704526674703,2.032031953951609,0.4859977042515485
schwefel,earlbo,earlbo,2,1117.9435858791442,450.04704526674703,2.810568608337021,0.9124395811951496
schwefel,earlbo,earlbo,3,1117.9435858791442,450.04704526674703,4.075459358486089,1.2434239140296302
schwefel,earlbo,earlbo,4,1117.9435858791442,450.04704526674703,5.7341425217768665,1.4795102643979925
schwefel,earlbo,earlbo,5,1117.9435858791442,450.04704526674703,6.97833686139933,1.6115505290553047
schwefel,earlbo,earlbo,6,1117.9435858791442,450.04704526674703,8.031707058434904,1.8597343104621924
schwefel,earlbo,earlbo,7,1117.9435858791442,450.04704526674703,8.948519807732096,2.2037260481475096
schwefel,earlbo,earlbo,8,1117.9435858791442,450.04704526674703,9.830348123604828,2.7636111034430613
schwefel,earlbo,earlbo,9,1117.9435858791442,450.04704526674703,10.60508509951748,3.2089773459544486
schwefel,earlbo,earlbo,10,1117.9435858791442,450.04704526674703,11.4554787080967,3.1986759596465566
schwefel,earlbo,earlbo,11,1117.9435858791442,450.04704526674703,12.475144452391016,3.4308559364764784
schwefel,earlbo,earlbo,12,1117.9435858791442,450.04704526674703,13.202034173859962,3.6177520409765207
schwefel,earlbo,earlbo,13,1117.9435858791442,450.04704526674703,13.90486717840796,4.1262586278683235
schwefel,earlbo,earlbo,14,1117.9435858791442,450.04704526674703,14.636732531333513,4.380580922189047
schwefel,earlbo,earlbo,15,1117.9435858791442,450.04704526674703,15.547502741839134,4.909443362913755
schwefel,earlbo,earlbo,16,1117.9435858791442,450.04704526674703,16.420782742637332,4.955805345222701
schwefel,earlbo,earlbo,17,1117.9435858791442,450.04704526674703,17.471534646188452,5.419799662627012
schwefel,earlbo,earlbo,18,1117.9435858791442,450.04704526674703,18.382606273300194,5.998956308340622
schwefel,earlbo,earlbo,19,1117.9435858791442,450.04704526674703,19.420381235928158,6.525346931265894
schwefel,earlbo,earlbo,20,1117.9435858791442,450.04704526674703,20.336277539323685,6.655355129497843
schwefel,earlbo,earlbo,21,1117.9435858791442,450.04704526674703,21.608182276743275,7.261433044685468
schwefel,earlbo,earlbo,22,1117.9435858791442,450.04704526674703,22.859872348378946,7.884712296663766
schwefel,earlbo,earlbo,23,1117.9435858791442,450.04704526674703,23.706333060243765,8.064950188970679
schwefel,earlbo,earlbo,24,1117.9435858791442,450.04704526674703,24.621909150193655,8.421605065635038
schwefel,earlbo,earlbo,25,1117.9435858791442,450.04704526674703,25.773129491884948,8.934832467557367
schwefel,earlbo,earlbo,26,1117.9435858791442,450.04704526674703,26.83658072765751,9.322241112534595
schwefel,earlbo,earlbo,27,1117.9435858791442,450.04704526674703,27.820081356444486,9.474879282006496
schwefel,earlbo,earlbo,28,1117.9435858791442,450.04704526674703,28.841938096159975,9.845161526712685
schwefel,earlbo,earlbo,29,1117.9435858791442,450.04704526674703,29.592064681361553,10.16529709841089
schwefel,earlbo,earlbo,30,1093.9542140887145,436.03581326870193,30.76543590675003,10.673495790770087
schwefel,earlbo,earlbo,31,1093.9542140887145,436.03581326870193,31.397319769306296,11.118267425471819
schwefel,earlbo,earlbo,32,1093.9542140887145,436.03581326870193,32.086311845846154,11.583427717403918
schwefel,earlbo,earlbo,33,1093.9542140887145,436.03581326870193,32.875100001958195,11.736158360098761
schwefel,earlbo,earlbo,34,1093.9542140887145,436.03581326870193,33.58175541769443,11.970018956681493
schwefel,earlbo,earlbo,35,1093.9542140887145,436.03581326870193,34.77707573692437,12.271039791853214
schwefel,earlbo,earlbo,36,1093.9542140887145,436.03581326870193,36.14986253641823,12.400734360948084
schwefel,earlbo,earlbo,37,1093.9542140887145,436.03581326870193,37.445984058957784,12.702530746470408
schwefel,earlbo,earlbo,38,1093.9542140887145,436.03581326870193,38.27712995032991,12.978762026015774
schwefel,earlbo,earlbo,39,1093.9542140887145,436.03581326870193,39.38227396554939,13.421381089492215
schwefel,earlbo,earlbo,40,1093.9542140887145,436.03581326870193,40.31010725035821,13.78502553156946
schwefel,earlbo,earlbo,41,1093.9542140887145,436.03581326870193,40.69388989956464,13.817383520404562
schwefel,earlbo,earlbo,42,1093.9542140887145,436.03581326870193,41.42732168413314,14.439474064242756
schwefel,earlbo,earlbo,43,1093.9542140887145,436.03581326870193,42.07362813794833,15.01847468450022
schwefel,earlbo,earlbo,44,1093.9542140887145,436.03581326870193,42.60719808959568,15.25160436756157
schwefel,earlbo,earlbo,45,1093.9542140887145,436.03581326870193,43.71391111150131,15.582539650652848
schwefel,earlbo,earlbo,46,1093.9542140887145,436.03581326870193,44.658144467656996,15.999831823560031
schwefel,earlbo,earlbo,47,1093.9542140887145,436.03581326870193,45.65636504810109,16.606549514694883
schwefel,earlbo,earlbo,48,1093.9542140887145,436.03581326870193,46.37163013410508,17.218270815664635
schwefel,earlbo,earlbo,49,1093.9542140887145,436.03581326870193,47.508912246832686,17.450457468539607
schwefel,snake,snake,0,1415.4570096500654,128.04220302375958,0.9426122327629951,0.3704688316484549
schwefel,snake,snake,1,1415.4570096500654,128.04220302375958,1.7847942865811248,0.4754664337903726
schwefel,snake,snake,2,1415.4570096500654,128.04220302375958,2.7054316723388676,0.494571589895888
schwefel,snake,snake,3,1415.4570096500654,128.04220302375958,3.2689431590378395,0.39237731863942943
schwefel,snake,snake,4,1415.4570096500654,128.04220302375958,3.863078311491865,0.4645843590443997
schwefel,snake,snake,5,1340.7976468877969,96.59482662352478,4.488140507383624,0.7153477631386223
schwefel,snake,snake,6,1340.7976468877969,96.59482662352478,5.045176319788759,0.576508641506706
schwefel,snake,snake,7,1340.7976468877969,96.59482662352478,5.481895843163605,0.38317675652033806
schwefel,snake,snake,8,1340.7976468877969,96.59482662352478,6.131892560458303,0.6703497206271324
schwefel,snake,snake,9,1158.7596750103583,168.60593044851757,6.898577877399467,1.0853422621001345
schwefel,snake,snake,10,1158.7596750103583,168.60593044851757,7.410413424391269,0.9824797077251994
schwefel,snake,snake,11,1158.7596750103583,168.60593044851757,7.911777356853143,0.8222333784048668
schwefel,snake,snake,12,1158.7596750103583,168.60593044851757,8.314626158319221,0.8309470454059804
schwefel,snake,snake,13,1158.7596750103583,168.60593044851757,8.858949986985815,0.8246928068221339
schwefel,snake,snake,14,1099.4624571515521,161.23267122762908,9.326788244832082,0.7468856746174007
schwefel,snake,snake,15,1099.4624571515521,161.23267122762908,9.675725926592149,0.6868002881410935
schwefel,snake,snake,16,1099.4624571515521,161.23267122762908,10.121653009194517,0.6653220239578874
schwefel,snake,snake,17,1099.4624571515521,161.23267122762908,10.718001915803576,0.4824978452953565
schwefel,snake,snake,18,1099.4624571515521,161.23267122762908,11.213629199371653,0.3800935797925015
schwefel,snake,snake,19,1099.4624571515521,161.23267122762908,11.6885923118653,0.48556291226854587
schwefel,snake,snake,20,1099.4624571515521,161.23267122762908,12.19454903364957,0.5234468706202134
schwefel,snake,snake,21,1099.4624571515521,161.23267122762908,12.570755662113475,0.5277071568682692
schwefel,snake,snake,22,1099.4624571515521,161.23267122762908,12.96639858068106,0.6894900618428759
schwefel,snake,snake,23,1099.4624571515521,161.23267122762908,13.546969658589134,0.7983938188720816
schwefel,snake,snake,24,1099.4624571515521,161.23267122762908,14.099880745788136,1.0954970692405508
schwefel,snake,snake,25,1096.0642662294374,164.95382111628794,14.580096453372946,1.3552692920516352
schwefel,snake,snake,26,1096.0642662294374,164.95382111628794,15.11515605540724,1.1494780031162088
schwefel,snake,snake,27,1096.0642662294374,164.95382111628794,15.748527284651786,1.0193062200535545
schwefel,snake,snake,28,1096.0642662294374,164.95382111628794,16.09797084886802,1.1985818984943273
schwefel,snake,snake,29,1069.0465306348615,196.22354510837278,16.59157402948967,1.276221855154939
schwefel,snake,snake,30,1069.0465306348615,196.22354510837278,17.078236782622756,1.360899805347585
schwefel,snake,snake,31,1069.0465306348615,196.22354510837278,17.778130569502327,1.4296213419622672
schwefel,snake,snake,32,1069.0465306348615,196.22354510837278,18.334952477371015,1.4163479610254317
schwefel,snake,snake,33,1069.0465306348615,196.22354510837278,19.012836789855463,1.2534312759424244
schwefel,snake,snake,34,1069.0465306348615,196.22354510837278,19.726984430382185,1.4594412352860286
schwefel,snake,snake,35,1069.0465306348615,196.22354510837278,20.409271123828194,1.5820165808288535
schwefel,snake,snake,36,1069.0465306348615,196.22354510837278,21.07926820885256,1.51964274754588
schwefel,snake,snake,37,1069.0465306348615,196.22354510837278,21.555590940257385,1.5045889669869537
schwefel,snake,snake,38,1069.0465306348615,196.22354510837278,22.01514296609822,1.5683766057652524
schwefel,snake,snake,39,1069.0465306348615,196.22354510837278,22.443434190822874,1.5079126522000204
schwefel,snake,snake,40,1069.0465306348615,196.22354510837278,22.947087258386407,1.4201761185845438
schwefel,snake,snake,41,1069.0465306348615,196.22354510837278,23.38884109912974,1.399685458613722
schwefel,snake,snake,42,1069.0465306348615,196.22354510837278,23.756812894974072,1.4783056413707618
schwefel,snake,snake,43,1069.0465306348615,196.22354510837278,24.23115752550612,1.6363442175000025
schwefel,snake,snake,44,1069.0465306348615,196.22354510837278,24.70437354019592,1.5836341301700358
schwefel,snake,snake,45,1069.0465306348615,196.22354510837278,25.396379194458845,1.977074411058962
schwefel,snake,snake,46,1069.0465306348615,196.22354510837278,26.093088369724878,2.4921975052149694
schwefel,snake,snake,47,1069.0465306348615,196.22354510837278,26.49469912235499,2.5179054526707407
schwefel,snake,snake,48,1069.0465306348615,196.22354510837278,27.056380524040673,2.600020271141484
schwefel,snake,snake,49,1069.0465306348615,196.22354510837278,27.50950276918176,2.554760629003274
schwefel,log_improvement_movement_cost3,log_improvement_movement_cost3,0,1415.4570096500654,128.04220302375958,0.9033515147254289,0.30832258446937144
schwefel,log_improvement_movement_cost3,log_improvement_movement_cost3,1,1415.4570096500654,128.04220302375958,1.8694446223259042,0.6823302308132749
schwefel,log_improvement_movement_cost3,log_improvement_movement_cost3,2,1415.4570096500654,128.04220302375958,2.574414756334232,0.9940811770028661
schwefel,log_improvement_movement_cost3,log_improvement_movement_cost3,3,1415.4570096500654,128.04220302375958,3.2069523851950916,0.8126106667559421
schwefel,log_improvement_movement_cost3,log_improvement_movement_cost3,4,1415.4570096500654,128.04220302375958,3.8521205776740195,0.761001332122475
schwefel,log_improvement_movement_cost3,log_improvement_movement_cost3,5,1397.8268157957334,112.76423102242082,4.373030481335065,1.0302074327276733
schwefel,log_improvement_movement_cost3,log_improvement_movement_cost3,6,1397.8268157957334,112.76423102242082,4.755931924143984,0.9563366849190474
schwefel,log_improvement_movement_cost3,log_improvement_movement_cost3,7,1345.068439286612,103.08716428576403,5.206417503594007,0.7217223481186937
schwefel,log_improvement_movement_cost3,log_improvement_movement_cost3,8,1345.068439286612,103.08716428576403,6.087037757811447,0.5707883591663204
schwefel,log_improvement_movement_cost3,log_improvement_movement_cost3,9,1345.068439286612,103.08716428576403,6.790286669765369,0.9144471653139681
schwefel,log_improvement_movement_cost3,log_improvement_movement_cost3,10,1345.068439286612,103.08716428576403,7.304551167223913,0.9502972279071598
schwefel,log_improvement_movement_cost3,log_improvement_movement_cost3,11,1345.068439286612,103.08716428576403,8.11379407667683,1.2786821819232632
schwefel,log_improvement_movement_cost3,log_improvement_movement_cost3,12,1345.068439286612,103.08716428576403,8.80990128827284,1.5494789589706495
schwefel,log_improvement_movement_cost3,log_improvement_movement_cost3,13,1345.068439286612,103.08716428576403,9.227045875361737,1.5664170778878708
schwefel,log_improvement_movement_cost3,log_improvement_movement_cost3,14,1345.068439286612,103.08716428576403,9.87030620987281,1.3201053423954134
schwefel,log_improvement_movement_cost3,log_improvement_movement_cost3,15,1345.068439286612,103.08716428576403,10.484871622600402,1.1219700144154874
schwefel,log_improvement_movement_cost3,log_improvement_movement_cost3,16,1345.068439286612,103.08716428576403,10.763530299140074,1.1952250424364597
schwefel,log_improvement_movement_cost3,log_improvement_movement_cost3,17,1345.068439286612,103.08716428576403,11.138223585333776,1.297695208736403
schwefel,log_improvement_movement_cost3,log_improvement_movement_cost3,18,1345.068439286612,103.08716428576403,11.721117114944766,1.2113274023382012
schwefel,log_improvement_movement_cost3,log_improvement_movement_cost3,19,1345.068439286612,103.08716428576403,12.34890086098145,1.3392564652908834
schwefel,log_improvement_movement_cost3,log_improvement_movement_cost3,20,1345.068439286612,103.08716428576403,13.107505722028229,1.595281663364065
schwefel,log_improvement_movement_cost3,log_improvement_movement_cost3,21,1345.068439286612,103.08716428576403,14.02838280133335,2.000687943167313
schwefel,log_improvement_movement_cost3,log_improvement_movement_cost3,22,1345.068439286612,103.08716428576403,14.759046964539147,2.22633354214005
schwefel,log_improvement_movement_cost3,log_improvement_movement_cost3,23,1345.068439286612,103.08716428576403,15.627431506740274,2.1092239416300504
schwefel,log_improvement_movement_cost3,log_improvement_movement_cost3,24,1345.068439286612,103.08716428576403,16.25756822739216,2.062890519960024
schwefel,log_improvement_movement_cost3,log_improvement_movement_cost3,25,1311.6607605787335,59.50259731512975,17.126757639371803,1.8935733474140641
schwefel,log_improvement_movement_cost3,log_improvement_movement_cost3,26,1311.6607605787335,59.50259731512975,18.062253729604066,1.6801337194272608
schwefel,log_improvement_movement_cost3,log_improvement_movement_cost3,27,1311.6607605787335,59.50259731512975,18.804254814703878,1.8054664597130758
schwefel,log_improvement_movement_cost3,log_improvement_movement_cost3,28,1311.6607605787335,59.50259731512975,19.360357095896926,2.0089083883030274
schwefel,log_improvement_movement_cost3,log_improvement_movement_cost3,29,1311.6607605787335,59.50259731512975,19.869089912060787,2.2524032549202246
schwefel,log_improvement_movement_cost3,log_improvement_movement_cost3,30,1311.6607605787335,59.50259731512975,20.666885483839717,2.664563573962791
schwefel,log_improvement_movement_cost3,log_improvement_movement_cost3,31,1311.6607605787335,59.50259731512975,21.441271873186164,2.9561303768809086
schwefel,log_improvement_movement_cost3,log_improvement_movement_cost3,32,1311.6607605787335,59.50259731512975,21.85746407304275,2.994091944809583
schwefel,log_improvement_movement_cost3,log_improvement_movement_cost3,33,1311.6607605787335,59.50259731512975,22.120618481189126,3.1052284001063315
schwefel,log_improvement_movement_cost3,log_improvement_movement_cost3,34,1311.6607605787335,59.50259731512975,22.395549544708484,2.991005218292018
schwefel,log_improvement_movement_cost3,log_improvement_movement_cost3,35,1311.6607605787335,59.50259731512975,22.916172557538044,3.0084034880688573
schwefel,log_improvement_movement_cost3,log_improvement_movement_cost3,36,1311.6607605787335,59.50259731512975,23.292937062606285,3.1916545063986654
schwefel,log_improvement_movement_cost3,log_improvement_movement_cost3,37,1311.6607605787335,59.50259731512975,23.58686184487708,3.322124367502963
schwefel,log_improvement_movement_cost3,log_improvement_movement_cost3,38,1311.6607605787335,59.50259731512975,24.172831011402014,3.666234406341119
schwefel,log_improvement_movement_cost3,log_improvement_movement_cost3,39,1311.6607605787335,59.50259731512975,25.000902388805105,3.5279930664840258
schwefel,log_improvement_movement_cost3,log_improvement_movement_cost3,40,1311.6607605787335,59.50259731512975,25.78602241718525,3.443470748625588
schwefel,log_improvement_movement_cost3,log_improvement_movement_cost3,41,1311.6607605787335,59.50259731512975,27.002352699918617,3.3951714088712195
schwefel,log_improvement_movement_cost3,log_improvement_movement_cost3,42,1311.6607605787335,59.50259731512975,28.24743798334841,3.244075741909667
schwefel,log_improvement_movement_cost3,log_improvement_movement_cost3,43,1311.6607605787335,59.50259731512975,29.17448713100008,3.2288301172462055
schwefel,log_improvement_movement_cost3,log_improvement_movement_cost3,44,1311.6607605787335,59.50259731512975,29.47088968138968,3.333782691184016
schwefel,log_improvement_movement_cost3,log_improvement_movement_cost3,45,1311.6607605787335,59.50259731512975,30.07518473462373,3.7227256607992882
schwefel,log_improvement_movement_cost3,log_improvement_movement_cost3,46,1310.2659350939914,57.808104103179254,30.789904670234325,4.250794254362878
schwefel,log_improvement_movement_cost3,log_improvement_movement_cost3,47,1310.2659350939914,57.808104103179254,31.05160925205567,4.337450773271463
schwefel,log_improvement_movement_cost3,log_improvement_movement_cost3,48,1308.707068615913,57.800519380428646,31.469083778990793,4.1787169996635765
schwefel,log_improvement_movement_cost3,log_improvement_movement_cost3,49,1308.707068615913,57.800519380428646,32.10697240649984,4.3988832802309465
schwefel,optimistic_selected,optimistic_improvement_movement_cost3,0,1324.8354465851407,254.71562447831715,0.9611268115373651,0.31731805361124066
schwefel,optimistic_selected,optimistic_improvement_movement_cost3,1,1324.8354465851407,254.71562447831715,1.6649297299675538,0.6225144743420941
schwefel,optimistic_selected,optimistic_improvement_movement_cost3,2,1324.8354465851407,254.71562447831715,2.2144318468529756,1.01989113154446
schwefel,optimistic_selected,optimistic_improvement_movement_cost3,3,1324.8354465851407,254.71562447831715,2.944374384412411,0.6995681506215173
schwefel,optimistic_selected,optimistic_improvement_movement_cost3,4,1323.2526245096449,253.81945158860728,3.7932277911875545,0.8009296148702093
schwefel,optimistic_selected,optimistic_improvement_movement_cost3,5,1323.2526245096449,253.81945158860728,4.130072699448676,0.8478059646581455
schwefel,optimistic_selected,optimistic_improvement_movement_cost3,6,1323.2526245096449,253.81945158860728,4.330402074690898,0.8827525923800664
schwefel,optimistic_selected,optimistic_improvement_movement_cost3,7,1323.2526245096449,253.81945158860728,4.736509638276652,0.6033330061036493
schwefel,optimistic_selected,optimistic_improvement_movement_cost3,8,1323.2526245096449,253.81945158860728,5.327552444199124,0.5657453397126158
schwefel,optimistic_selected,optimistic_improvement_movement_cost3,9,1323.2526245096449,253.81945158860728,5.812772859317467,0.6985095210644573
schwefel,optimistic_selected,optimistic_improvement_movement_cost3,10,1323.2526245096449,253.81945158860728,6.2997338848417455,0.8844462111511755
schwefel,optimistic_selected,optimistic_improvement_movement_cost3,11,1219.1459034419931,203.7324532358486,6.810443547489965,1.2536421207098898
schwefel,optimistic_selected,optimistic_improvement_movement_cost3,12,1219.1459034419931,203.7324532358486,7.0315610712188255,1.2936160251595274
schwefel,optimistic_selected,optimistic_improvement_movement_cost3,13,1219.1459034419931,203.7324532358486,7.175317625291371,1.2602876192567072
schwefel,optimistic_selected,optimistic_improvement_movement_cost3,14,1219.1459034419931,203.7324532358486,7.664302639127641,1.3909484620376784
schwefel,optimistic_selected,optimistic_improvement_movement_cost3,15,1219.1459034419931,203.7324532358486,8.175050515629836,1.640598383610386
schwefel,optimistic_selected,optimistic_improvement_movement_cost3,16,1219.1459034419931,203.7324532358486,8.265489424431955,1.6644684292463123
schwefel,optimistic_selected,optimistic_improvement_movement_cost3,17,1219.1459034419931,203.7324532358486,8.600137063066105,1.6313204574722477
schwefel,optimistic_selected,optimistic_improvement_movement_cost3,18,1219.1459034419931,203.7324532358486,9.103765708463529,1.3887622711603143
schwefel,optimistic_selected,optimistic_improvement_movement_cost3,19,1219.1459034419931,203.7324532358486,10.050416959894692,1.559999735224663
schwefel,optimistic_selected,optimistic_improvement_movement_cost3,20,1219.1459034419931,203.7324532358486,10.94840153701639,1.8830581469339265
schwefel,optimistic_selected,optimistic_improvement_movement_cost3,21,1219.1459034419931,203.7324532358486,11.780494004214509,2.218707449947052
schwefel,optimistic_selected,optimistic_improvement_movement_cost3,22,1153.134329689908,222.34003429305986,12.61780557220566,2.429316810826709
schwefel,optimistic_selected,optimistic_improvement_movement_cost3,23,1115.098462645227,168.9859497894081,13.294869770798089,2.1592369270446317
schwefel,optimistic_selected,optimistic_improvement_movement_cost3,24,1115.098462645227,168.9859497894081,13.80373725146246,1.941131286935816
schwefel,optimistic_selected,optimistic_improvement_movement_cost3,25,1115.098462645227,168.9859497894081,14.534609189900443,1.6880792700945992
schwefel,optimistic_selected,optimistic_improvement_movement_cost3,26,1115.098462645227,168.9859497894081,15.297997362431952,1.653044108684703
schwefel,optimistic_selected,optimistic_improvement_movement_cost3,27,1115.098462645227,168.9859497894081,15.945796444186307,1.6227039333151816
schwefel,optimistic_selected,optimistic_improvement_movement_cost3,28,1115.098462645227,168.9859497894081,16.423606766399587,1.9017464546322624
schwefel,optimistic_selected,optimistic_improvement_movement_cost3,29,1115.098462645227,168.9859497894081,16.82060932001302,2.157142920944322
schwefel,optimistic_selected,optimistic_improvement_movement_cost3,30,1115.098462645227,168.9859497894081,17.41788257807706,2.559848877511935
schwefel,optimistic_selected,optimistic_improvement_movement_cost3,31,1115.098462645227,168.9859497894081,17.86560703479883,2.8698047110380727
schwefel,optimistic_selected,optimistic_improvement_movement_cost3,32,1115.098462645227,168.9859497894081,17.979690491093518,2.8995643088395053
schwefel,optimistic_selected,optimistic_improvement_movement_cost3,33,1115.098462645227,168.9859497894081,18.174693045635063,2.903496690179133
schwefel,optimistic_selected,optimistic_improvement_movement_cost3,34,1115.098462645227,168.9859497894081,18.32092179612807,2.8875419031502734
schwefel,optimistic_selected,optimistic_improvement_movement_cost3,35,1115.098462645227,168.9859497894081,18.45539919114572,2.9082731704500975
schwefel,optimistic_selected,optimistic_improvement_movement_cost3,36,1115.098462645227,168.9859497894081,18.653555592278007,2.997284138950574
schwefel,optimistic_selected,optimistic_improvement_movement_cost3,37,1115.098462645227,168.9859497894081,19.144694192675328,3.254068845490481
schwefel,optimistic_selected,optimistic_improvement_movement_cost3,38,1115.098462645227,168.9859497894081,19.722649679332367,3.63844784392674
schwefel,optimistic_selected,optimistic_improvement_movement_cost3,39,1115.098462645227,168.9859497894081,20.38660035383627,3.522364059037061
schwefel,optimistic_selected,optimistic_improvement_movement_cost3,40,1115.098462645227,168.9859497894081,21.30516267962291,3.5274873222059266
schwefel,optimistic_selected,optimistic_improvement_movement_cost3,41,1115.098462645227,168.9859497894081,22.386508978443697,3.47666081760571
schwefel,optimistic_selected,optimistic_improvement_movement_cost3,42,1115.098462645227,168.9859497894081,23.62762699121394,3.50726622339814
schwefel,optimistic_selected,optimistic_improvement_movement_cost3,43,1115.098462645227,168.9859497894081,24.80028876238087,3.6687184238867743
schwefel,optimistic_selected,optimistic_improvement_movement_cost3,44,1048.441930466186,76.96542449147218,25.31763759902377,4.034974504813363
schwefel,optimistic_selected,optimistic_improvement_movement_cost3,45,1048.441930466186,76.96542449147218,25.85971677379536,4.613836941675682
schwefel,optimistic_selected,optimistic_improvement_movement_cost3,46,1048.441930466186,76.96542449147218,26.490507599835272,5.119687350833989
schwefel,optimistic_selected,optimistic_improvement_movement_cost3,47,1048.441930466186,76.96542449147218,26.951269896172743,5.411490219100471
schwefel,optimistic_selected,optimistic_improvement_movement_cost3,48,1048.441930466186,76.96542449147218,27.133655561458664,5.395437298762831
schwefel,optimistic_selected,optimistic_improvement_movement_cost3,49,1048.441930466186,76.96542449147218,27.595371255998042,5.734414646738219
schwefel,budgeted_exploration,budgeted_exploration,0,1415.4570096500654,128.04220302375958,0.8948541948742824,0.24780447001346054
schwefel,budgeted_exploration,budgeted_exploration,1,1415.4570096500654,128.04220302375958,1.9199128580341605,0.5601020772910603
schwefel,budgeted_exploration,budgeted_exploration,2,1415.4570096500654,128.04220302375958,2.5304973201458356,0.7188676154825514
schwefel,budgeted_exploration,budgeted_exploration,3,1409.8526422735138,135.7953406366108,3.096334185947511,0.5627144727244375
schwefel,budgeted_exploration,budgeted_exploration,4,1409.8526422735138,135.7953406366108,3.641439231993324,0.6948659452771062
schwefel,budgeted_exploration,budgeted_exploration,5,1409.8526422735138,135.7953406366108,4.167745215583357,0.9735171993620724
schwefel,budgeted_exploration,budgeted_exploration,6,1409.8526422735138,135.7953406366108,4.5829380561742505,0.8522877147229363
schwefel,budgeted_exploration,budgeted_exploration,7,1380.5206658849777,128.8808012472315,5.045464347820074,0.7514312590135742
schwefel,budgeted_exploration,budgeted_exploration,8,1342.1729789226547,178.12435498999295,5.6270906947730595,1.0020141616695095
schwefel,budgeted_exploration,budgeted_exploration,9,1329.3471842043837,164.4649872860432,6.2616583253900435,1.3133315085908177
schwefel,budgeted_exploration,budgeted_exploration,10,1329.3471842043837,164.4649872860432,6.597508650418173,1.4037880445268096
schwefel,budgeted_exploration,budgeted_exploration,11,1329.3471842043837,164.4649872860432,7.159993269620145,1.7662220602500358
schwefel,budgeted_exploration,budgeted_exploration,12,1329.3471842043837,164.4649872860432,7.802386342913768,2.0256598913185004
schwefel,budgeted_exploration,budgeted_exploration,13,1329.3471842043837,164.4649872860432,8.160624678743952,2.104579950730079
schwefel,budgeted_exploration,budgeted_exploration,14,1329.3471842043837,164.4649872860432,8.621161081382109,1.85655415038224
schwefel,budgeted_exploration,budgeted_exploration,15,1329.3471842043837,164.4649872860432,9.255911752241195,1.7366929280267203
schwefel,budgeted_exploration,budgeted_exploration,16,1329.3471842043837,164.4649872860432,9.561812287774577,1.8469122550583037
schwefel,budgeted_exploration,budgeted_exploration,17,1329.3471842043837,164.4649872860432,9.97543979136345,1.9699621887844894
schwefel,budgeted_exploration,budgeted_exploration,18,1329.3471842043837,164.4649872860432,10.677619959205847,1.9244703632920674
schwefel,budgeted_exploration,budgeted_exploration,19,1329.3471842043837,164.4649872860432,11.421828032513881,2.1325362922001707
schwefel,budgeted_exploration,budgeted_exploration,20,1329.3471842043837,164.4649872860432,12.216200263884547,2.4688425572515675
schwefel,budgeted_exploration,budgeted_exploration,21,1329.3471842043837,164.4649872860432,12.875034184494238,2.8004824971661497
schwefel,budgeted_exploration,budgeted_exploration,22,1329.3471842043837,164.4649872860432,13.645464486678202,3.0239360445346373
schwefel,budgeted_exploration,budgeted_exploration,23,1329.3471842043837,164.4649872860432,14.461429093064147,2.7553345586379456
schwefel,budgeted_exploration,budgeted_exploration,24,1329.3471842043837,164.4649872860432,15.311251422854829,2.41891603784562
schwefel,budgeted_exploration,budgeted_exploration,25,1329.3471842043837,164.4649872860432,16.248812872943745,2.280194604377879
schwefel,budgeted_exploration,budgeted_exploration,26,1329.3471842043837,164.4649872860432,17.084646091257884,2.030656291628301
schwefel,budgeted_exploration,budgeted_exploration,27,1329.3471842043837,164.4649872860432,17.88347979508124,2.0027464913917266
schwefel,budgeted_exploration,budgeted_exploration,28,1329.3471842043837,164.4649872860432,18.288478860558012,2.145262594555361
schwefel,budgeted_exploration,budgeted_exploration,29,1329.3471842043837,164.4649872860432,18.75045750180644,2.345149443091756
schwefel,budgeted_exploration,budgeted_exploration,30,1329.3471842043837,164.4649872860432,19.619804832973934,2.78633090978191
schwefel,budgeted_exploration,budgeted_exploration,31,1329.3471842043837,164.4649872860432,20.332000024142427,3.17721484606987
schwefel,budgeted_exploration,budgeted_exploration,32,1329.3471842043837,164.4649872860432,20.727837608556673,3.3079666304797133
schwefel,budgeted_exploration,budgeted_exploration,33,1329.3471842043837,164.4649872860432,21.188643349856118,3.285074738758867
schwefel,budgeted_exploration,budgeted_exploration,34,1329.3471842043837,164.4649872860432,21.61194983024414,3.339817293126683
schwefel,budgeted_exploration,budgeted_exploration,35,1329.3471842043837,164.4649872860432,21.986775883912298,3.524318358850392
schwefel,budgeted_exploration,budgeted_exploration,36,1329.3471842043837,164.4649872860432,22.2635500421858,3.598617526027345
schwefel,budgeted_exploration,budgeted_exploration,37,1329.3471842043837,164.4649872860432,22.86060338597854,3.9462978871156817
schwefel,budgeted_exploration,budgeted_exploration,38,1329.3471842043837,164.4649872860432,23.44010437808784,4.318063095748966
schwefel,budgeted_exploration,budgeted_exploration,39,1261.3158918587278,258.0662322338735,24.269841306974428,4.358899093959058
schwefel,budgeted_exploration,budgeted_exploration,40,1261.3158918587278,258.0662322338735,24.895853130612508,4.660267548476986
schwefel,budgeted_exploration,budgeted_exploration,41,1261.3158918587278,258.0662322338735,25.946371107975555,4.726082458330343
schwefel,budgeted_exploration,budgeted_exploration,42,1261.3158918587278,258.0662322338735,27.222188252207076,4.511839201763731
schwefel,budgeted_exploration,budgeted_exploration,43,1261.3158918587278,258.0662322338735,27.97383921025035,4.599749263461227
schwefel,budgeted_exploration,budgeted_exploration,44,1261.3158918587278,258.0662322338735,28.35749721849071,4.815082457405775
schwefel,budgeted_exploration,budgeted_exploration,45,1261.3158918587278,258.0662322338735,28.683121444155574,4.980669108159524
schwefel,budgeted_exploration,budgeted_exploration,46,1261.3158918587278,258.0662322338735,29.238904235981124,5.35180832459832
schwefel,budgeted_exploration,budgeted_exploration,47,1261.3158918587278,258.0662322338735,29.628167157588067,5.533910964033339
schwefel,budgeted_exploration,budgeted_exploration,48,1261.3158918587278,258.0662322338735,29.915076485449287,5.599496096459468
schwefel,budgeted_exploration,budgeted_exploration,49,1261.3158918587278,258.0662322338735,30.391786873598075,6.032333593227292
schwefel,lookahead_budgeted_exploration,lookahead_budgeted_exploration,0,1415.4570096500654,128.04220302375958,1.0596911869976788,0.25147286235708793
schwefel,lookahead_budgeted_exploration,lookahead_budgeted_exploration,1,1241.4776877867205,240.46013133339665,2.107829720378419,0.5044220308905939
schwefel,lookahead_budgeted_exploration,lookahead_budgeted_exploration,2,1241.4776877867205,240.46013133339665,2.5689434202742167,0.4187822488447292
schwefel,lookahead_budgeted_exploration,lookahead_budgeted_exploration,3,1241.4776877867205,240.46013133339665,3.2281843104849206,0.21644303533999618
schwefel,lookahead_budgeted_exploration,lookahead_budgeted_exploration,4,1241.4776877867205,240.46013133339665,3.996159404444827,0.3242993404988357
schwefel,lookahead_budgeted_exploration,lookahead_budgeted_exploration,5,1241.4776877867205,240.46013133339665,4.53873578085426,0.11629759050136043
schwefel,lookahead_budgeted_exploration,lookahead_budgeted_exploration,6,1241.4776877867205,240.46013133339665,4.971736633955296,0.10965255267118452
schwefel,lookahead_budgeted_exploration,lookahead_budgeted_exploration,7,1241.4776877867205,240.46013133339665,5.397487825719009,0.14016799111132647
schwefel,lookahead_budgeted_exploration,lookahead_budgeted_exploration,8,1241.4776877867205,240.46013133339665,5.917492894713878,0.5517561409645864
schwefel,lookahead_budgeted_exploration,lookahead_budgeted_exploration,9,1241.4776877867205,240.46013133339665,6.49488657895886,0.9045284685638406
schwefel,lookahead_budgeted_exploration,lookahead_budgeted_exploration,10,1241.4776877867205,240.46013133339665,6.897908102357342,1.1688085207442709
schwefel,lookahead_budgeted_exploration,lookahead_budgeted_exploration,11,1221.4402430456869,216.2497830540989,7.621457269627129,1.7367326980364222
schwefel,lookahead_budgeted_exploration,lookahead_budgeted_exploration,12,1221.4402430456869,216.2497830540989,8.1457485957765,1.6429035777461027
schwefel,lookahead_budgeted_exploration,lookahead_budgeted_exploration,13,1221.4402430456869,216.2497830540989,8.489511440496777,1.670500893177393
schwefel,lookahead_budgeted_exploration,lookahead_budgeted_exploration,14,1221.4402430456869,216.2497830540989,8.98236554572692,1.6910789897714273
schwefel,lookahead_budgeted_exploration,lookahead_budgeted_exploration,15,1221.4402430456869,216.2497830540989,9.583464542666627,1.8335742041280993
schwefel,lookahead_budgeted_exploration,lookahead_budgeted_exploration,16,1221.4402430456869,216.2497830540989,9.751559165286109,1.8999236778429818
schwefel,lookahead_budgeted_exploration,lookahead_budgeted_exploration,17,1221.4402430456869,216.2497830540989,9.980843352240443,1.8525423544914317
schwefel,lookahead_budgeted_exploration,lookahead_budgeted_exploration,18,1221.4402430456869,216.2497830540989,10.493857915709528,1.63966491311127
schwefel,lookahead_budgeted_exploration,lookahead_budgeted_exploration,19,1208.4149977205734,201.09114581630456,11.28960140730996,1.8386494863909295
schwefel,lookahead_budgeted_exploration,lookahead_budgeted_exploration,20,1208.4149977205734,201.09114581630456,11.674024790492522,1.8663338528417883
schwefel,lookahead_budgeted_exploration,lookahead_budgeted_exploration,21,1208.4149977205734,201.09114581630456,12.36921218226018,1.9099850792665525
schwefel,lookahead_budgeted_exploration,lookahead_budgeted_exploration,22,1208.4149977205734,201.09114581630456,13.210393372202068,1.9680664678323687
schwefel,lookahead_budgeted_exploration,lookahead_budgeted_exploration,23,1186.455425671985,176.9419641375273,13.986756018539268,1.950884623897059
schwefel,lookahead_budgeted_exploration,lookahead_budgeted_exploration,24,1186.455425671985,176.9419641375273,14.541683519968942,1.89080294093212
schwefel,lookahead_budgeted_exploration,lookahead_budgeted_exploration,25,1186.455425671985,176.9419641375273,15.239645806167758,1.6872474889880034
schwefel,lookahead_budgeted_exploration,lookahead_budgeted_exploration,26,1186.455425671985,176.9419641375273,15.950138045263484,1.449877404087789
schwefel,lookahead_budgeted_exploration,lookahead_budgeted_exploration,27,1085.5979397095277,118.9676557567687,16.51242005362059,1.7587430653099545
schwefel,lookahead_budgeted_exploration,lookahead_budgeted_exploration,28,1085.5979397095277,118.9676557567687,16.770306374667285,1.751721098827257
schwefel,lookahead_budgeted_exploration,lookahead_budgeted_exploration,29,1085.5979397095277,118.9676557567687,17.114813768825794,1.8586802662974113
schwefel,lookahead_budgeted_exploration,lookahead_budgeted_exploration,30,1085.5979397095277,118.9676557567687,17.758162312673345,1.5687047534342697
schwefel,lookahead_budgeted_exploration,lookahead_budgeted_exploration,31,1085.5979397095277,118.9676557567687,18.371327405307465,1.3014528352331252
schwefel,lookahead_budgeted_exploration,lookahead_budgeted_exploration,32,1085.5979397095277,118.9676557567687,18.651492822039085,1.48655804400012
schwefel,lookahead_budgeted_exploration,lookahead_budgeted_exploration,33,1085.5979397095277,118.9676557567687,18.96969421285755,1.5046130297166198
schwefel,lookahead_budgeted_exploration,lookahead_budgeted_exploration,34,1085.5979397095277,118.9676557567687,19.435686454092103,1.6975852566442093
schwefel,lookahead_budgeted_exploration,lookahead_budgeted_exploration,35,1085.5979397095277,118.9676557567687,19.732393353069302,1.8308610076082705
schwefel,lookahead_budgeted_exploration,lookahead_budgeted_exploration,36,1085.5979397095277,118.9676557567687,19.850220846754095,1.8031022510908348
schwefel,lookahead_budgeted_exploration,lookahead_budgeted_exploration,37,1085.5979397095277,118.9676557567687,20.251375784488683,2.1873324539976986
schwefel,lookahead_budgeted_exploration,lookahead_budgeted_exploration,38,1085.5979397095277,118.9676557567687,20.56872626808681,2.3886374516964
schwefel,lookahead_budgeted_exploration,lookahead_budgeted_exploration,39,958.5018168142966,87.04859798930164,21.292574651482116,2.7416797958583703
schwefel,lookahead_budgeted_exploration,lookahead_budgeted_exploration,40,958.5018168142966,87.04859798930164,21.756774792907,2.7533872929664764
schwefel,lookahead_budgeted_exploration,lookahead_budgeted_exploration,41,958.5018168142966,87.04859798930164,22.486327788447266,2.833313870509866
schwefel,lookahead_budgeted_exploration,lookahead_budgeted_exploration,42,958.5018168142966,87.04859798930164,23.677056042134797,3.0025022245045254
schwefel,lookahead_budgeted_exploration,lookahead_budgeted_exploration,43,958.5018168142966,87.04859798930164,24.29966440769193,3.3536260256181687
schwefel,lookahead_budgeted_exploration,lookahead_budgeted_exploration,44,958.5018168142966,87.04859798930164,24.480474028351097,3.435614713526139
schwefel,lookahead_budgeted_exploration,lookahead_budgeted_exploration,45,958.5018168142966,87.04859798930164,24.78921372283511,3.6317834462489853
schwefel,lookahead_budgeted_exploration,lookahead_budgeted_exploration,46,958.5018168142966,87.04859798930164,25.156663993855503,3.705179418968694
schwefel,lookahead_budgeted_exploration,lookahead_budgeted_exploration,47,958.5018168142966,87.04859798930164,25.410700565523722,3.6704922550257724
schwefel,lookahead_budgeted_exploration,lookahead_budgeted_exploration,48,958.5018168142966,87.04859798930164,25.557440702898393,3.695398005157438
schwefel,lookahead_budgeted_exploration,lookahead_budgeted_exploration,49,958.5018168142966,87.04859798930164,25.944660294743652,3.952803414223976
michalewicz,pure_bo,pure_bo,0,2.5105812291169864,0.1510038893924928,0.7949734148788039,0.18845462535459348
michalewicz,pure_bo,pure_bo,1,2.5105812291169864,0.1510038893924928,1.2004706459996612,0.3506631602366205
michalewicz,pure_bo,pure_bo,2,2.3957774005923813,0.026112277912883744,1.664367027123621,0.5161828479997909
michalewicz,pure_bo,pure_bo,3,2.192246078658181,0.3017414827904614,2.049016031064666,0.5730166437963609
michalewicz,pure_bo,pure_bo,4,2.192246078658181,0.3017414827904614,2.2999352500773265,0.6578073223192056
michalewicz,pure_bo,pure_bo,5,2.192246078658181,0.3017414827904614,2.5181877785452875,0.8539749924857643
michalewicz,pure_bo,pure_bo,6,2.192246078658181,0.3017414827904614,3.0477589469093407,1.1497769688321027
michalewicz,pure_bo,pure_bo,7,1.9764844300804807,0.606447717164882,3.803809281996506,1.3853783628433454
michalewicz,pure_bo,pure_bo,8,1.9764844300804807,0.606447717164882,4.630759731321985,1.6083143922723102
michalewicz,pure_bo,pure_bo,9,1.9764844300804807,0.606447717164882,5.394412070269504,1.5023090792709117
michalewicz,pure_bo,pure_bo,10,1.9764844300804807,0.606447717164882,6.27921979890201,1.6491755546248839
michalewicz,pure_bo,pure_bo,11,1.9764844300804807,0.606447717164882,6.837989526237898,1.7126458557961224
michalewicz,pure_bo,pure_bo,12,1.9764844300804807,0.606447717164882,7.386456756693082,1.8336143344435551
michalewicz,pure_bo,pure_bo,13,1.9764844300804807,0.606447717164882,8.029904595988018,1.72585105734005
michalewicz,pure_bo,pure_bo,14,1.9764844300804807,0.606447717164882,8.62028042421593,1.9900765749113656
michalewicz,pure_bo,pure_bo,15,1.9764844300804807,0.606447717164882,9.653751706348098,2.156350117773627
michalewicz,pure_bo,pure_bo,16,1.9764844300804807,0.606447717164882,10.694036195969467,2.2832283485467277
michalewicz,pure_bo,pure_bo,17,1.9764844300804807,0.606447717164882,11.295479336035351,1.9193084040508377
michalewicz,pure_bo,pure_bo,18,1.9764844300804807,0.606447717164882,12.282682682954023,2.0144266644966056
michalewicz,pure_bo,pure_bo,19,1.9764844300804807,0.606447717164882,13.07372545853139,1.9040106673981558
michalewicz,pure_bo,pure_bo,20,1.9764844300804807,0.606447717164882,13.814497806432849,1.6807475859555028
michalewicz,pure_bo,pure_bo,21,1.9764844300804807,0.606447717164882,14.601835279340342,1.7817321469795255
michalewicz,pure_bo,pure_bo,22,1.9764844300804807,0.606447717164882,15.287548494450382,1.9947291439084254
michalewicz,pure_bo,pure_bo,23,1.9764844300804807,0.606447717164882,16.033623592040907,2.1154693259232307
michalewicz,pure_bo,pure_bo,24,1.9764844300804807,0.606447717164882,16.923072513732535,2.042788510219535
michalewicz,pure_bo,pure_bo,25,1.9764844300804807,0.606447717164882,17.713338366755934,2.252152206298697
michalewicz,pure_bo,pure_bo,26,1.9764844300804807,0.606447717164882,18.510824547601572,2.3152432336178745
michalewicz,pure_bo,pure_bo,27,1.9764844300804807,0.606447717164882,19.5394171599946,2.394107392076175
michalewicz,pure_bo,pure_bo,28,1.9764844300804807,0.606447717164882,20.248906612996993,2.690990881808908
michalewicz,pure_bo,pure_bo,29,1.9764844300804807,0.606447717164882,21.10240353895374,2.6570309562887333
michalewicz,pure_bo,pure_bo,30,1.9764844300804807,0.606447717164882,22.14478352756896,2.630639300339645
michalewicz,pure_bo,pure_bo,31,1.9764844300804807,0.606447717164882,22.76870481069488,2.422430324204283
michalewicz,pure_bo,pure_bo,32,1.9764844300804807,0.606447717164882,23.301443089949572,2.2023908245724586
michalewicz,pure_bo,pure_bo,33,1.9764844300804807,0.606447717164882,24.09822115282077,1.987990425338041
michalewicz,pure_bo,pure_bo,34,1.9764844300804807,0.606447717164882,24.290190167419215,1.7230651160380381
michalewicz,pure_bo,pure_bo,35,1.9764844300804807,0.606447717164882,24.59272583215726,1.311012593977153
michalewicz,pure_bo,pure_bo,36,1.9764844300804807,0.606447717164882,24.63631335147205,1.2525199063608574
michalewicz,pure_bo,pure_bo,37,1.9764844300804807,0.606447717164882,24.881726986816705,0.9308030675142812
michalewicz,pure_bo,pure_bo,38,1.9764844300804807,0.606447717164882,25.438482549476607,0.40755144711584845
michalewicz,pure_bo,pure_bo,39,1.9764844300804807,0.606447717164882,25.79623895238718,0.608647191548462
michalewicz,pure_bo,pure_bo,40,1.9764844300804807,0.606447717164882,26.12975998325523,1.0109759237463856
michalewicz,pure_bo,pure_bo,41,1.9764844300804807,0.606447717164882,26.543783883779785,1.5652410884991501
michalewicz,pure_bo,pure_bo,42,1.9764844300804807,0.606447717164882,26.950060565876658,2.125489589860232
michalewicz,pure_bo,pure_bo,43,1.9764844300804807,0.606447717164882,27.177048783753605,2.441401103167002
michalewicz,pure_bo,pure_bo,44,1.9764844300804807,0.606447717164882,27.592367273281866,3.022204573508128
michalewicz,pure_bo,pure_bo,45,1.9764844300804807,0.606447717164882,28.303085647777266,3.311559242444728
michalewicz,pure_bo,pure_bo,46,1.9764844300804807,0.606447717164882,29.08438164028517,3.741525953794782
michalewicz,pure_bo,pure_bo,47,1.9764844300804807,0.606447717164882,29.317168769605473,4.050819976663588
michalewicz,pure_bo,pure_bo,48,1.8858168738483323,0.5490820548436125,29.56577106779136,4.384330904166659
michalewicz,pure_bo,pure_bo,49,1.8858168738483323,0.5490820548436125,29.59746684673263,4.427053133327487
michalewicz,earlbo,earlbo,0,2.324112621866389,0.4447072497656653,0.7555630836313433,0.10868264792993201
michalewicz,earlbo,earlbo,1,2.324112621866389,0.4447072497656653,1.2177299788616087,0.302680374170537
michalewicz,earlbo,earlbo,2,2.324112621866389,0.4447072497656653,1.7176647978170567,0.581253158727715
michalewicz,earlbo,earlbo,3,2.1618992094888836,0.6475394864730932,2.1094240098403128,0.7734445386062246
michalewicz,earlbo,earlbo,4,2.1618992094888836,0.6475394864730932,2.547541245306008,0.8848098586841325
michalewicz,earlbo,earlbo,5,2.1618992094888836,0.6475394864730932,2.9459863534294413,1.0506387906946
michalewicz,earlbo,earlbo,6,2.1618992094888836,0.6475394864730932,3.6089146706159876,1.135735384484672
michalewicz,earlbo,earlbo,7,2.1343039565160953,0.6259076942748858,4.093963700484768,1.221378674811043
michalewicz,earlbo,earlbo,8,2.1343039565160953,0.6259076942748858,4.492210285064046,1.1010906275116428
michalewicz,earlbo,earlbo,9,2.1343039565160953,0.6259076942748858,4.830978143419652,0.9058167056065923
michalewicz,earlbo,earlbo,10,2.1343039565160953,0.6259076942748858,5.369249531433147,0.8038637923679335
michalewicz,earlbo,earlbo,11,2.1343039565160953,0.6259076942748858,5.703162088175634,0.7791118564930242
michalewicz,earlbo,earlbo,12,2.1343039565160953,0.6259076942748858,5.9566340449904045,0.9530520473212062
michalewicz,earlbo,earlbo,13,2.1343039565160953,0.6259076942748858,6.526417245643425,1.0703998253884017
michalewicz,earlbo,earlbo,14,2.1343039565160953,0.6259076942748858,7.077684513199138,0.9745828055987158
michalewicz,earlbo,earlbo,15,2.1343039565160953,0.6259076942748858,7.486987578094001,1.1707303504544806
michalewicz,earlbo,earlbo,16,2.1343039565160953,0.6259076942748858,7.977354177499374,1.3403748451203024
michalewicz,earlbo,earlbo,17,2.1343039565160953,0.6259076942748858,8.60956865744829,1.4351012744729892
michalewicz,earlbo,earlbo,18,2.1343039565160953,0.6259076942748858,9.117901247526328,1.5590327378303275
michalewicz,earlbo,earlbo,19,2.1343039565160953,0.6259076942748858,9.62806133865758,1.6167454478686079
michalewicz,earlbo,earlbo,20,2.1343039565160953,0.6259076942748858,10.047940335777218,1.5349307812366628
michalewicz,earlbo,earlbo,21,2.1343039565160953,0.6259076942748858,10.536970381658117,1.6423851870457917
michalewicz,earlbo,earlbo,22,2.1343039565160953,0.6259076942748858,10.890826785233907,1.63291451303523
michalewicz,earlbo,earlbo,23,2.133250478700536,0.6251153251659511,11.240677196031506,1.6240097950261208
michalewicz,earlbo,earlbo,24,1.834484221886326,0.5373979160941874,11.52677000283226,1.7503314618307366
michalewicz,earlbo,earlbo,25,1.834484221886326,0.5373979160941874,12.119865857799864,1.9202699281729037
michalewicz,earlbo,earlbo,26,1.834484221886326,0.5373979160941874,12.714979555064877,1.8133272429042315
michalewicz,earlbo,earlbo,27,1.834484221886326,0.5373979160941874,13.255224617301238,1.8001179938015859
michalewicz,earlbo,earlbo,28,1.834484221886326,0.5373979160941874,13.729503404800989,1.7895520383968238
michalewicz,earlbo,earlbo,29,1.834484221886326,0.5373979160941874,14.206216650648123,1.7694709674214946
michalewicz,earlbo,earlbo,30,1.834484221886326,0.5373979160941874,14.773453314532802,1.9990101561613876
michalewicz,earlbo,earlbo,31,1.834484221886326,0.5373979160941874,15.232272342910543,1.9411448022707718
michalewicz,earlbo,earlbo,32,1.834484221886326,0.5373979160941874,15.876803885132011,1.809428452975228
michalewicz,earlbo,earlbo,33,1.834484221886326,0.5373979160941874,16.58859221754777,1.7853448556140088
michalewicz,earlbo,earlbo,34,1.834484221886326,0.5373979160941874,17.07260285635621,1.8575428646463754
michalewicz,earlbo,earlbo,35,1.834484221886326,0.5373979160941874,17.487724674793412,1.866762088199196
michalewicz,earlbo,earlbo,36,1.834484221886326,0.5373979160941874,18.134104927753523,1.9083810695571712
michalewicz,earlbo,earlbo,37,1.834484221886326,0.5373979160941874,18.63810577083305,1.8745563240080567
michalewicz,earlbo,earlbo,38,1.834484221886326,0.5373979160941874,19.14668528528098,1.7595273134392786
michalewicz,earlbo,earlbo,39,1.834484221886326,0.5373979160941874,19.631603520562777,1.7133133667892955
michalewicz,earlbo,earlbo,40,1.834484221886326,0.5373979160941874,20.180201887807343,1.6557522156844742
michalewicz,earlbo,earlbo,41,1.834484221886326,0.5373979160941874,20.574778892531913,1.6093258781830555
michalewicz,earlbo,earlbo,42,1.723703456113815,0.6654988692783418,21.11190210962909,1.731481371258451
michalewicz,earlbo,earlbo,43,1.723703456113815,0.6654988692783418,21.545530359864873,1.8783138060296944
michalewicz,earlbo,earlbo,44,1.723703456113815,0.6654988692783418,22.097161305985498,1.768801607038092
michalewicz,earlbo,earlbo,45,1.723703456113815,0.6654988692783418,22.6550200055709,1.8205787056326126
michalewicz,earlbo,earlbo,46,1.5981981970735621,0.5173600634196416,23.022764217032858,1.860722764949925
michalewicz,earlbo,earlbo,47,1.5981981970735621,0.5173600634196416,23.351904497552894,1.818535452787988
michalewicz,earlbo,earlbo,48,1.5981981970735621,0.5173600634196416,23.921914478969526,1.7240601434167644
michalewicz,earlbo,earlbo,49,1.5981981970735621,0.5173600634196416,24.532501926725086,1.8759948952515508
michalewicz,snake,snake,0,2.548778061087308,0.1406093043561203,0.7649686150392144,0.23518341264769138
michalewicz,snake,snake,1,2.495293084562992,0.2093653424916109,1.1229580817488067,0.5233643686590714
michalewicz,snake,snake,2,2.495293084562992,0.2093653424916109,1.4351012321291667,0.7488685308616642
michalewicz,snake,snake,3,2.495293084562992,0.2093653424916109,1.7145014168393,1.004012168634439
michalewicz,snake,snake,4,2.492134658842932,0.2135711335794618,2.1802853032001623,1.353260805427434
michalewicz,snake,snake,5,2.3239909002165864,0.4448771697692856,2.55468630699513,1.503870881467887
michalewicz,snake,snake,6,2.169860680064405,0.6609612302171506,2.94400718082125,1.7364587087267245
michalewicz,snake,snake,7,2.169860680064405,0.6609612302171506,3.346965596221473,1.8049707314996155
michalewicz,snake,snake,8,2.169860680064405,0.6609612302171506,3.581715549237203,1.8512804675365144
michalewicz,snake,snake,9,2.169860680064405,0.6609612302171506,4.028208348244427,1.9826090006038801
michalewicz,snake,snake,10,2.169860680064405,0.6609612302171506,4.537356212842789,2.069125189427772
michalewicz,snake,snake,11,2.169860680064405,0.6609612302171506,5.051898999421592,2.1444818898370426
michalewicz,snake,snake,12,2.169860680064405,0.6609612302171506,5.650739927346026,2.167396186992371
michalewicz,snake,snake,13,2.071121310764528,0.5893956735348873,6.137914657283923,2.3389560195334402
michalewicz,snake,snake,14,2.0487127236193152,0.5766359352648263,6.377145300039005,2.3233736142493884
michalewicz,snake,snake,15,2.0487127236193152,0.5766359352648263,6.650649626768825,2.2819102323350617
michalewicz,snake,snake,16,2.0487127236193152,0.5766359352648263,7.005898606482614,2.1333249760045803
michalewicz,snake,snake,17,2.0487127236193152,0.5766359352648263,7.543588712432076,2.1503216770230997
michalewicz,snake,snake,18,2.0487127236193152,0.5766359352648263,7.920545799809896,2.2172179093951216
michalewicz,snake,snake,19,2.0487127236193152,0.5766359352648263,8.130805291486743,2.278355344268627
michalewicz,snake,snake,20,2.0212787499048424,0.5630531769642416,8.34594409748207,2.38331731703423
michalewicz,snake,snake,21,2.0212787499048424,0.5630531769642416,8.574906448161315,2.2336736168624785
michalewicz,snake,snake,22,2.0212787499048424,0.5630531769642416,8.915156947525885,2.0139929039142648
michalewicz,snake,snake,23,2.0212787499048424,0.5630531769642416,9.44859128897446,1.900985844229696
michalewicz,snake,snake,24,2.0212787499048424,0.5630531769642416,9.825358626591862,2.0291211609733377
michalewicz,snake,snake,25,2.0212787499048424,0.5630531769642416,10.352128530179096,1.9581830874070634
michalewicz,snake,snake,26,1.8927407816836872,0.533475034209218,10.817085717924627,1.8931987511551371
michalewicz,snake,snake,27,1.8927407816836872,0.533475034209218,11.29153757917676,1.8365143539164472
michalewicz,snake,snake,28,1.8927407816836872,0.533475034209218,11.77168074908702,1.8762018665990072
michalewicz,snake,snake,29,1.8927407816836872,0.533475034209218,12.228486338567215,1.9719492555710036
michalewicz,snake,snake,30,1.7581302694959733,0.3802834504745717,12.739505409894498,1.7851826712277308
michalewicz,snake,snake,31,1.7581302694959733,0.3802834504745717,13.319909428140784,1.7256355685820368
michalewicz,snake,snake,32,1.7581302694959733,0.3802834504745717,14.010436454117771,1.678786749810178
michalewicz,snake,snake,33,1.7581302694959733,0.3802834504745717,14.408062474325583,1.5783487229670643
michalewicz,snake,snake,34,1.7581302694959733,0.3802834504745717,14.941486334154773,1.4747980529277789
michalewicz,snake,snake,35,1.7581302694959733,0.3802834504745717,15.431947114983217,1.309055396985251
michalewicz,snake,snake,36,1.755360998530974,0.3793394953145896,15.840308964418384,1.3005730937313305
michalewicz,snake,snake,37,1.755360998530974,0.3793394953145896,16.20472412710001,1.2985468658079622
michalewicz,snake,snake,38,1.755360998530974,0.3793394953145896,16.486559494703613,1.273692559293122
michalewicz,snake,snake,39,1.755360998530974,0.3793394953145896,16.997796772143005,1.274908243791676
michalewicz,snake,snake,40,1.755360998530974,0.3793394953145896,17.597725177963916,1.1694796610437974
michalewicz,snake,snake,41,1.755360998530974,0.3793394953145896,18.17326371450176,1.2792511628745902
michalewicz,snake,snake,42,1.755360998530974,0.3793394953145896,18.701893562872495,1.409093589454834
michalewicz,snake,snake,43,1.755360998530974,0.3793394953145896,19.093967969216447,1.442006283329893
michalewicz,snake,snake,44,1.755360998530974,0.3793394953145896,19.50270767323445,1.6680513219466446
michalewicz,snake,snake,45,1.755360998530974,0.3793394953145896,19.965856378824213,1.7532022213644451
michalewicz,snake,snake,46,1.755360998530974,0.3793394953145896,20.532070042150313,1.9460082643384926
michalewicz,snake,snake,47,1.755360998530974,0.3793394953145896,21.02923697614446,1.9768125807985593
michalewicz,snake,snake,48,1.755360998530974,0.3793394953145896,21.410052328377173,1.9245292082445613
michalewicz,snake,snake,49,1.755360998530974,0.3793394953145896,21.85319696860121,1.9117504847512674
michalewicz,log_improvement_movement_cost3,log_improvement_movement_cost3,0,2.3533349972399193,0.16901038461265933,0.5892573154813255,0.012247079636567591
michalewicz,log_improvement_movement_cost3,log_improvement_movement_cost3,1,2.257077716931408,0.20610501895748468,0.7018391125084604,0.030033894760980742
michalewicz,log_improvement_movement_cost3,log_improvement_movement_cost3,2,2.257077716931408,0.20610501895748468,0.8050283113883837,0.04976383411443331
michalewicz,log_improvement_movement_cost3,log_improvement_movement_cost3,3,2.0686290841651487,0.39920763808939874,0.930149724131886,0.09421217287878869
michalewicz,log_improvement_movement_cost3,log_improvement_movement_cost3,4,2.0686290841651487,0.39920763808939874,1.065568812444769,0.13875239979275186
michalewicz,log_improvement_movement_cost3,log_improvement_movement_cost3,5,2.0686290841651487,0.39920763808939874,1.1685137320824284,0.13889738860376705
michalewicz,log_improvement_movement_cost3,log_improvement_movement_cost3,6,2.0686290841651487,0.39920763808939874,1.2513062707289186,0.09163400087211314
michalewicz,log_improvement_movement_cost3,log_improvement_movement_cost3,7,2.0686290841651487,0.39920763808939874,1.3372038509575257,0.06837863447740872
michalewicz,log_improvement_movement_cost3,log_improvement_movement_cost3,8,1.7532490229143658,0.5879932102956105,1.4181357026525039,0.07801668617949448
michalewicz,log_improvement_movement_cost3,log_improvement_movement_cost3,9,1.7532490229143658,0.5879932102956105,1.5025370175924977,0.11496069760680869
michalewicz,log_improvement_movement_cost3,log_improvement_movement_cost3,10,1.5968698013165508,0.38249178770694947,1.601522195032518,0.1373471957775303
michalewicz,log_improvement_movement_cost3,log_improvement_movement_cost3,11,1.5968698013165508,0.38249178770694947,1.7144626815054664,0.1614391391553629
michalewicz,log_improvement_movement_cost3,log_improvement_movement_cost3,12,1.5968698013165508,0.38249178770694947,1.8064414443482768,0.14561795981965725
michalewicz,log_improvement_movement_cost3,log_improvement_movement_cost3,13,1.5968698013165508,0.38249178770694947,1.8962376790361841,0.13544836688637696
michalewicz,log_improvement_movement_cost3,log_improvement_movement_cost3,14,1.5968698013165508,0.38249178770694947,1.9832013356594482,0.14534620552582614
michalewicz,log_improvement_movement_cost3,log_improvement_movement_cost3,15,1.5968698013165508,0.38249178770694947,2.1028427569087,0.15056897996424715
michalewicz,log_improvement_movement_cost3,log_improvement_movement_cost3,16,1.5968698013165508,0.38249178770694947,2.2040751890201205,0.17807576138641046
michalewicz,log_improvement_movement_cost3,log_improvement_movement_cost3,17,1.5968698013165508,0.38249178770694947,2.30024869264296,0.1638279724263262
michalewicz,log_improvement_movement_cost3,log_improvement_movement_cost3,18,1.5968698013165508,0.38249178770694947,2.4058751432006913,0.1581135546457458
michalewicz,log_improvement_movement_cost3,log_improvement_movement_cost3,19,1.5968698013165508,0.38249178770694947,2.475521044980198,0.15604789581313444
michalewicz,log_improvement_movement_cost3,log_improvement_movement_cost3,20,1.5968698013165508,0.38249178770694947,2.5607285551730192,0.14730944727165782
michalewicz,log_improvement_movement_cost3,log_improvement_movement_cost3,21,1.5968698013165508,0.38249178770694947,2.6703461643454376,0.15752792708306224
michalewicz,log_improvement_movement_cost3,log_improvement_movement_cost3,22,1.5968698013165508,0.38249178770694947,2.755176931303654,0.1459924116428203
michalewicz,log_improvement_movement_cost3,log_improvement_movement_cost3,23,1.5360298807155282,0.3961898964218762,2.8617484008591063,0.1702555854110725
michalewicz,log_improvement_movement_cost3,log_improvement_movement_cost3,24,1.5360298807155282,0.3961898964218762,2.951964645372199,0.18778151105854168
michalewicz,log_improvement_movement_cost3,log_improvement_movement_cost3,25,1.5360298807155282,0.3961898964218762,3.0396291477289292,0.18102647154274437
michalewicz,log_improvement_movement_cost3,log_improvement_movement_cost3,26,1.5360298807155282,0.3961898964218762,3.1636640640428784,0.1523848481099314
michalewicz,log_improvement_movement_cost3,log_improvement_movement_cost3,27,1.5360298807155282,0.3961898964218762,3.248128465351652,0.16992788512739096
michalewicz,log_improvement_movement_cost3,log_improvement_movement_cost3,28,1.5360298807155282,0.3961898964218762,3.332832933958155,0.1971569327982952
michalewicz,log_improvement_movement_cost3,log_improvement_movement_cost3,29,1.5360298807155282,0.3961898964218762,3.4130648449817502,0.2053462942819767
michalewicz,log_improvement_movement_cost3,log_improvement_movement_cost3,30,1.5360298807155282,0.3961898964218762,3.5563351992045207,0.2290017771704285
michalewicz,log_improvement_movement_cost3,log_improvement_movement_cost3,31,1.5360298807155282,0.3961898964218762,3.665656884678832,0.23022375776871576
michalewicz,log_improvement_movement_cost3,log_improvement_movement_cost3,32,1.5360298807155282,0.3961898964218762,3.7520338213461115,0.2207147956975696
michalewicz,log_improvement_movement_cost3,log_improvement_movement_cost3,33,1.5360298807155282,0.3961898964218762,3.8673825335406726,0.21448681646520282
michalewicz,log_improvement_movement_cost3,log_improvement_movement_cost3,34,1.5360298807155282,0.3961898964218762,3.974624877875646,0.2100736574025977
michalewicz,log_improvement_movement_cost3,log_improvement_movement_cost3,35,1.5360298807155282,0.3961898964218762,4.058377875899645,0.21535467208220543
michalewicz,log_improvement_movement_cost3,log_improvement_movement_cost3,36,1.5360298807155282,0.3961898964218762,4.165423606453701,0.21836013067017632
michalewicz,log_improvement_movement_cost3,log_improvement_movement_cost3,37,1.5360298807155282,0.3961898964218762,4.240756500874974,0.21548197415453738
michalewicz,log_improvement_movement_cost3,log_improvement_movement_cost3,38,1.5360298807155282,0.3961898964218762,4.330351131186369,0.20068034747584046
michalewicz,log_improvement_movement_cost3,log_improvement_movement_cost3,39,1.5360298807155282,0.3961898964218762,4.4387887708269504,0.2220742209927581
michalewicz,log_improvement_movement_cost3,log_improvement_movement_cost3,40,1.5360298807155282,0.3961898964218762,4.548938928170866,0.22441301846174327
michalewicz,log_improvement_movement_cost3,log_improvement_movement_cost3,41,1.5360298807155282,0.3961898964218762,4.652937763522275,0.21937198405186084
michalewicz,log_improvement_movement_cost3,log_improvement_movement_cost3,42,1.5360298807155282,0.3961898964218762,4.743716429755742,0.21656950282859125
michalewicz,log_improvement_movement_cost3,log_improvement_movement_cost3,43,1.5360298807155282,0.3961898964218762,4.833651078124434,0.2566998656320367
michalewicz,log_improvement_movement_cost3,log_improvement_movement_cost3,44,1.5360298807155282,0.3961898964218762,4.9558834163898355,0.26684306882152475
michalewicz,log_improvement_movement_cost3,log_improvement_movement_cost3,45,1.5360298807155282,0.3961898964218762,5.033059768381311,0.2898952654748667
michalewicz,log_improvement_movement_cost3,log_improvement_movement_cost3,46,1.5360298807155282,0.3961898964218762,5.110840909738784,0.2664475889845183
michalewicz,log_improvement_movement_cost3,log_improvement_movement_cost3,47,1.5360298807155282,0.3961898964218762,5.201639504051724,0.24534471191764962
michalewicz,log_improvement_movement_cost3,log_improvement_movement_cost3,48,1.5360298807155282,0.3961898964218762,5.302287353947521,0.25831176854803695
michalewicz,log_improvement_movement_cost3,log_improvement_movement_cost3,49,1.5360298807155282,0.3961898964218762,5.3889381219866666,0.2634516599275502
michalewicz,optimistic_selected,optimistic_improvement_movement_cost3,0,2.4115876450870832,0.09980054864764643,0.593492977209414,0.014848430637493564
michalewicz,optimistic_selected,optimistic_improvement_movement_cost3,1,2.17590367269583,0.17378225702817335,0.7083870581930336,0.03539317002958903
michalewicz,optimistic_selected,optimistic_improvement_movement_cost3,2,2.17590367269583,0.17378225702817335,0.7899280158663191,0.02782787941254345
michalewicz,optimistic_selected,optimistic_improvement_movement_cost3,3,2.17590367269583,0.17378225702817335,0.9148419094056047,0.02062191629370178
michalewicz,optimistic_selected,optimistic_improvement_movement_cost3,4,2.1385613045628915,0.15153470597249707,1.0438841161234356,0.06235842142326935
michalewicz,optimistic_selected,optimistic_improvement_movement_cost3,5,2.1385613045628915,0.15153470597249707,1.1501321849131563,0.13691652384481096
michalewicz,optimistic_selected,optimistic_improvement_movement_cost3,6,2.1385613045628915,0.15153470597249707,1.2157476178120887,0.15259005711767368
michalewicz,optimistic_selected,optimistic_improvement_movement_cost3,7,2.1333464636409722,0.1496526365176028,1.306059618340129,0.19671012219904832
michalewicz,optimistic_selected,optimistic_improvement_movement_cost3,8,2.0702126842249684,0.10468522269856291,1.3647542841397666,0.18652133131317683
michalewicz,optimistic_selected,optimistic_improvement_movement_cost3,9,2.0702126842249684,0.10468522269856291,1.4439715489313603,0.1748289097575301
michalewicz,optimistic_selected,optimistic_improvement_movement_cost3,10,2.0702126842249684,0.10468522269856291,1.5549440126295702,0.22254528511314345
michalewicz,optimistic_selected,optimistic_improvement_movement_cost3,11,2.0702126842249684,0.10468522269856291,1.6338156417024956,0.26373540463852035
michalewicz,optimistic_selected,optimistic_improvement_movement_cost3,12,2.0702126842249684,0.10468522269856291,1.7443571907628275,0.29913509407505373
michalewicz,optimistic_selected,optimistic_improvement_movement_cost3,13,2.0702126842249684,0.10468522269856291,1.8384338685238777,0.3364877035694831
michalewicz,optimistic_selected,optimistic_improvement_movement_cost3,14,1.9995224341316398,0.07127797033854077,1.9550480756382704,0.32928727656996765
michalewicz,optimistic_selected,optimistic_improvement_movement_cost3,15,1.9995224341316398,0.07127797033854077,2.0313315109172785,0.3402038054458005
michalewicz,optimistic_selected,optimistic_improvement_movement_cost3,16,1.9995224341316398,0.07127797033854077,2.071333624789949,0.35786858037227115
michalewicz,optimistic_selected,optimistic_improvement_movement_cost3,17,1.9995224341316398,0.07127797033854077,2.1981445998489786,0.3394302922287639
michalewicz,optimistic_selected,optimistic_improvement_movement_cost3,18,1.9995224341316398,0.07127797033854077,2.3191505788927382,0.3165020343120595
michalewicz,optimistic_selected,optimistic_improvement_movement_cost3,19,1.9995224341316398,0.07127797033854077,2.3752425871162317,0.34250290012002055
michalewicz,optimistic_selected,optimistic_improvement_movement_cost3,20,1.938082401360697,0.12730871119573,2.464650158622849,0.34519467778756324
michalewicz,optimistic_selected,optimistic_improvement_movement_cost3,21,1.938082401360697,0.12730871119573,2.592257029951245,0.3356050738264541
michalewicz,optimistic_selected,optimistic_improvement_movement_cost3,22,1.938082401360697,0.12730871119573,2.6968251995640267,0.33768659633497267
michalewicz,optimistic_selected,optimistic_improvement_movement_cost3,23,1.938082401360697,0.12730871119573,2.789389225136068,0.35758280251369096
michalewicz,optimistic_selected,optimistic_improvement_movement_cost3,24,1.938082401360697,0.12730871119573,2.884191464056812,0.36539541376047935
michalewicz,optimistic_selected,optimistic_improvement_movement_cost3,25,1.938082401360697,0.12730871119573,2.976843018605429,0.3494450836109386
michalewicz,optimistic_selected,optimistic_improvement_movement_cost3,26,1.938082401360697,0.12730871119573,3.0763614844552936,0.32567000979140087
michalewicz,optimistic_selected,optimistic_improvement_movement_cost3,27,1.938082401360697,0.12730871119573,3.1547999390598975,0.3287705455537
michalewicz,optimistic_selected,optimistic_improvement_movement_cost3,28,1.938082401360697,0.12730871119573,3.235051376785851,0.3457011278478354
michalewicz,optimistic_selected,optimistic_improvement_movement_cost3,29,1.938082401360697,0.12730871119573,3.310044152942474,0.3614888850292068
michalewicz,optimistic_selected,optimistic_improvement_movement_cost3,30,1.938082401360697,0.12730871119573,3.4510750143539877,0.3811988585514111
michalewicz,optimistic_selected,optimistic_improvement_movement_cost3,31,1.938082401360697,0.12730871119573,3.567604910691651,0.3918230075044146
michalewicz,optimistic_selected,optimistic_improvement_movement_cost3,32,1.938082401360697,0.12730871119573,3.6613099251061922,0.38758360257351776
michalewicz,optimistic_selected,optimistic_improvement_movement_cost3,33,1.938082401360697,0.12730871119573,3.7722969724821334,0.3530566853621619
michalewicz,optimistic_selected,optimistic_improvement_movement_cost3,34,1.928435492375393,0.11539001134862296,3.8853447618735295,0.362553594836327
michalewicz,optimistic_selected,optimistic_improvement_movement_cost3,35,1.928435492375393,0.11539001134862296,3.963095570041041,0.373271156023688
michalewicz,optimistic_selected,optimistic_improvement_movement_cost3,36,1.928435492375393,0.11539001134862296,4.060989736138785,0.3646298386544893
michalewicz,optimistic_selected,optimistic_improvement_movement_cost3,37,1.928435492375393,0.11539001134862296,4.137904464830065,0.3586564096485572
michalewicz,optimistic_selected,optimistic_improvement_movement_cost3,38,1.928435492375393,0.11539001134862296,4.193997674302487,0.34555087009876106
michalewicz,optimistic_selected,optimistic_improvement_movement_cost3,39,1.928435492375393,0.11539001134862296,4.278205847031676,0.3330647411023759
michalewicz,optimistic_selected,optimistic_improvement_movement_cost3,40,1.928435492375393,0.11539001134862296,4.363043947208781,0.3274167955540762
michalewicz,optimistic_selected,optimistic_improvement_movement_cost3,41,1.928435492375393,0.11539001134862296,4.4441781340243045,0.3478406004700446
michalewicz,optimistic_selected,optimistic_improvement_movement_cost3,42,1.928435492375393,0.11539001134862296,4.5327617056284195,0.3364591825787574
michalewicz,optimistic_selected,optimistic_improvement_movement_cost3,43,1.928435492375393,0.11539001134862296,4.598084349987491,0.34745829191432265
michalewicz,optimistic_selected,optimistic_improvement_movement_cost3,44,1.928435492375393,0.11539001134862296,4.679150532519857,0.3526657056206662
michalewicz,optimistic_selected,optimistic_improvement_movement_cost3,45,1.928435492375393,0.11539001134862296,4.7580276091895515,0.3496962283180173
michalewicz,optimistic_selected,optimistic_improvement_movement_cost3,46,1.928435492375393,0.11539001134862296,4.869350026321388,0.3843475186786193
michalewicz,optimistic_selected,optimistic_improvement_movement_cost3,47,1.928435492375393,0.11539001134862296,4.9695355476133,0.39364290861411205
michalewicz,optimistic_selected,optimistic_improvement_movement_cost3,48,1.928435492375393,0.11539001134862296,5.050742972078125,0.3959183011455111
michalewicz,optimistic_selected,optimistic_improvement_movement_cost3,49,1.928435492375393,0.11539001134862296,5.147996482988688,0.4031822592597223
michalewicz,budgeted_exploration,budgeted_exploration,0,2.362762191293409,0.15694947819203497,0.5937494175922938,0.017039164812040444
michalewicz,budgeted_exploration,budgeted_exploration,1,2.13505337163205,0.3101451174858218,0.6948213985568792,0.030578627558593814
michalewicz,budgeted_exploration,budgeted_exploration,2,2.13505337163205,0.3101451174858218,0.7867689931129859,0.04433469161415443
michalewicz,budgeted_exploration,budgeted_exploration,3,2.13505337163205,0.3101451174858218,0.9263529462945849,0.01946195891823898
michalewicz,budgeted_exploration,budgeted_exploration,4,2.13505337163205,0.3101451174858218,1.07424912887936,0.036827718331318295
michalewicz,budgeted_exploration,budgeted_exploration,5,1.9833730956207958,0.17765136273192522,1.1656387706142786,0.04701505140117325
michalewicz,budgeted_exploration,budgeted_exploration,6,1.9833730956207958,0.17765136273192522,1.2670799666028254,0.06897693473004962
michalewicz,budgeted_exploration,budgeted_exploration,7,1.9833730956207958,0.17765136273192522,1.3702397856578399,0.07451977351745459
michalewicz,budgeted_exploration,budgeted_exploration,8,1.9833730956207958,0.17765136273192522,1.4942504546207338,0.030524074668483562
michalewicz,budgeted_exploration,budgeted_exploration,9,1.9833730956207958,0.17765136273192522,1.6493249049843712,0.060155835242888915
michalewicz,budgeted_exploration,budgeted_exploration,10,1.9833730956207958,0.17765136273192522,1.7631082792407875,0.07070171010096918
michalewicz,budgeted_exploration,budgeted_exploration,11,1.9833730956207958,0.17765136273192522,1.8367083516424778,0.08364523494258974
michalewicz,budgeted_exploration,budgeted_exploration,12,1.9833730956207958,0.17765136273192522,1.921785562200566,0.09125565022844166
michalewicz,budgeted_exploration,budgeted_exploration,13,1.9833730956207958,0.17765136273192522,2.0011441061743995,0.06661819200766804
michalewicz,budgeted_exploration,budgeted_exploration,14,1.9833730956207958,0.17765136273192522,2.1256046290605357,0.07316596490051606
michalewicz,budgeted_exploration,budgeted_exploration,15,1.72880897023813,0.2633779188078637,2.2364484973185648,0.05600577893646813
michalewicz,budgeted_exploration,budgeted_exploration,16,1.72880897023813,0.2633779188078637,2.334830121685993,0.06396793568783779
michalewicz,budgeted_exploration,budgeted_exploration,17,1.72880897023813,0.2633779188078637,2.4504151651491735,0.06447180385023223
michalewicz,budgeted_exploration,budgeted_exploration,18,1.72880897023813,0.2633779188078637,2.581479927286011,0.04711530350541505
michalewicz,budgeted_exploration,budgeted_exploration,19,1.72880897023813,0.2633779188078637,2.669281075338897,0.026596143160979257
michalewicz,budgeted_exploration,budgeted_exploration,20,1.72880897023813,0.2633779188078637,2.797140051452741,0.01691789903940051
michalewicz,budgeted_exploration,budgeted_exploration,21,1.72880897023813,0.2633779188078637,2.895730952034254,0.057222727502379125
michalewicz,budgeted_exploration,budgeted_exploration,22,1.72880897023813,0.2633779188078637,2.9971900935344653,0.06931052771566577
michalewicz,budgeted_exploration,budgeted_exploration,23,1.72880897023813,0.2633779188078637,3.092664396416165,0.06625063402060793
michalewicz,budgeted_exploration,budgeted_exploration,24,1.72880897023813,0.2633779188078637,3.181263763452735,0.058834355899571575
michalewicz,budgeted_exploration,budgeted_exploration,25,1.72880897023813,0.2633779188078637,3.2984603858865733,0.057810051693000526
michalewicz,budgeted_exploration,budgeted_exploration,26,1.72880897023813,0.2633779188078637,3.420975198304243,0.02644816904674315
michalewicz,budgeted_exploration,budgeted_exploration,27,1.72880897023813,0.2633779188078637,3.51306462935706,0.048358783929054704
michalewicz,budgeted_exploration,budgeted_exploration,28,1.72880897023813,0.2633779188078637,3.612167560309166,0.0643851327240175
michalewicz,budgeted_exploration,budgeted_exploration,29,1.72880897023813,0.2633779188078637,3.70282215168794,0.08260675578234275
michalewicz,budgeted_exploration,budgeted_exploration,30,1.72880897023813,0.2633779188078637,3.8192725291180216,0.12454195710932531
michalewicz,budgeted_exploration,budgeted_exploration,31,1.72880897023813,0.2633779188078637,3.91005469325415,0.12825606393853026
michalewicz,budgeted_exploration,budgeted_exploration,32,1.6993796018990626,0.22913931600373919,4.010925503721559,0.12124392786040854
michalewicz,budgeted_exploration,budgeted_exploration,33,1.6993796018990626,0.22913931600373919,4.086564576135895,0.0987567875029886
michalewicz,budgeted_exploration,budgeted_exploration,34,1.6993796018990626,0.22913931600373919,4.200617334078578,0.10415912817504554
michalewicz,budgeted_exploration,budgeted_exploration,35,1.6993796018990626,0.22913931600373919,4.31089624183777,0.14589653680298237
michalewicz,budgeted_exploration,budgeted_exploration,36,1.6993796018990626,0.22913931600373919,4.42742951324222,0.16373883411137766
michalewicz,budgeted_exploration,budgeted_exploration,37,1.6993796018990626,0.22913931600373919,4.512245848220052,0.17618361737987534
michalewicz,budgeted_exploration,budgeted_exploration,38,1.6993796018990626,0.22913931600373919,4.5768947661311215,0.16930703220825413
michalewicz,budgeted_exploration,budgeted_exploration,39,1.6993796018990626,0.22913931600373919,4.7034629135512205,0.19536816554048164
michalewicz,budgeted_exploration,budgeted_exploration,40,1.569661663358674,0.27418645700675554,4.816001844304025,0.20262825372251847
michalewicz,budgeted_exploration,budgeted_exploration,41,1.569661663358674,0.27418645700675554,4.966135919292014,0.19446169013451015
michalewicz,budgeted_exploration,budgeted_exploration,42,1.569661663358674,0.27418645700675554,5.047018524259344,0.2136081676555456
michalewicz,budgeted_exploration,budgeted_exploration,43,1.569661663358674,0.27418645700675554,5.175720621060737,0.2446393500746627
michalewicz,budgeted_exploration,budgeted_exploration,44,1.569661663358674,0.27418645700675554,5.303455810043319,0.2772285486046422
michalewicz,budgeted_exploration,budgeted_exploration,45,1.569661663358674,0.27418645700675554,5.4145354129720475,0.24791059371966487
michalewicz,budgeted_exploration,budgeted_exploration,46,1.569661663358674,0.27418645700675554,5.527967527537787,0.257591569822441
michalewicz,budgeted_exploration,budgeted_exploration,47,1.569661663358674,0.27418645700675554,5.648589633408139,0.2598389235915238
michalewicz,budgeted_exploration,budgeted_exploration,48,1.5387075427885915,0.23054077848352283,5.757398152460424,0.26914174295592896
michalewicz,budgeted_exploration,budgeted_exploration,49,1.5387075427885915,0.23054077848352283,5.878606332166366,0.22753537769429952
michalewicz,lookahead_budgeted_exploration,lookahead_budgeted_exploration,0,2.548778061087308,0.1406093043561203,0.5918247160251152,0.01689899438767535
michalewicz,lookahead_budgeted_exploration,lookahead_budgeted_exploration,1,2.548778061087308,0.1406093043561203,0.7179350934731207,0.021310905820249536
michalewicz,lookahead_budgeted_exploration,lookahead_budgeted_exploration,2,2.548778061087308,0.1406093043561203,0.8548734976259212,0.0286866710924265
michalewicz,lookahead_budgeted_exploration,lookahead_budgeted_exploration,3,2.548778061087308,0.1406093043561203,0.9760093179497247,0.05120762612665424
michalewicz,lookahead_budgeted_exploration,lookahead_budgeted_exploration,4,2.4121759575741137,0.2397834173052488,1.07853932181382,0.033822869041604295
michalewicz,lookahead_budgeted_exploration,lookahead_budgeted_exploration,5,2.4121759575741137,0.2397834173052488,1.2060527300144894,0.05588304819835496
michalewicz,lookahead_budgeted_exploration,lookahead_budgeted_exploration,6,2.4121759575741137,0.2397834173052488,1.3433688753703714,0.08743045240659113
michalewicz,lookahead_budgeted_exploration,lookahead_budgeted_exploration,7,2.245283643128414,0.09939596843170402,1.4681273673549302,0.10711383890844459
michalewicz,lookahead_budgeted_exploration,lookahead_budgeted_exploration,8,2.243435363407944,0.09694501324879813,1.5615074796793136,0.11240786962097007
michalewicz,lookahead_budgeted_exploration,lookahead_budgeted_exploration,9,2.243435363407944,0.09694501324879813,1.7374853788670146,0.126572026674287
michalewicz,lookahead_budgeted_exploration,lookahead_budgeted_exploration,10,2.165339925277961,0.15840728426191625,1.8209903595609844,0.14017393993421515
michalewicz,lookahead_budgeted_exploration,lookahead_budgeted_exploration,11,2.165339925277961,0.15840728426191625,1.9426965965073666,0.12099600911951204
michalewicz,lookahead_budgeted_exploration,lookahead_budgeted_exploration,12,2.0887575422858062,0.07214584242866345,2.073628704230234,0.12055486454482443
michalewicz,lookahead_budgeted_exploration,lookahead_budgeted_exploration,13,2.0887575422858062,0.07214584242866345,2.2431122982784175,0.1715578521295665
michalewicz,lookahead_budgeted_exploration,lookahead_budgeted_exploration,14,2.0887575422858062,0.07214584242866345,2.39833345395745,0.16659914306271673
michalewicz,lookahead_budgeted_exploration,lookahead_budgeted_exploration,15,2.0887575422858062,0.07214584242866345,2.5362222099361995,0.19467131698667706
michalewicz,lookahead_budgeted_exploration,lookahead_budgeted_exploration,16,2.0887575422858062,0.07214584242866345,2.6574033742446823,0.22683884962047984
michalewicz,lookahead_budgeted_exploration,lookahead_budgeted_exploration,17,2.0887575422858062,0.07214584242866345,2.7673827807307063,0.2383036044858608
michalewicz,lookahead_budgeted_exploration,lookahead_budgeted_exploration,18,2.0887575422858062,0.07214584242866345,2.898480334597116,0.2750885834786037
michalewicz,lookahead_budgeted_exploration,lookahead_budgeted_exploration,19,2.0887575422858062,0.07214584242866345,3.027542571924295,0.3013152506162292
michalewicz,lookahead_budgeted_exploration,lookahead_budgeted_exploration,20,2.0887575422858062,0.07214584242866345,3.124748758619854,0.2830030255403214
michalewicz,lookahead_budgeted_exploration,lookahead_budgeted_exploration,21,2.0887575422858062,0.07214584242866345,3.227492607643297,0.28798224574502895
michalewicz,lookahead_budgeted_exploration,lookahead_budgeted_exploration,22,2.0887575422858062,0.07214584242866345,3.3296682062424323,0.31734728350117464
michalewicz,lookahead_budgeted_exploration,lookahead_budgeted_exploration,23,2.0887575422858062,0.07214584242866345,3.428808473823086,0.3209172300318163
michalewicz,lookahead_budgeted_exploration,lookahead_budgeted_exploration,24,2.0887575422858062,0.07214584242866345,3.562437916780606,0.30911501478409037
michalewicz,lookahead_budgeted_exploration,lookahead_budgeted_exploration,25,2.0887575422858062,0.07214584242866345,3.636586915763399,0.30009766920980285
michalewicz,lookahead_budgeted_exploration,lookahead_budgeted_exploration,26,2.0887575422858062,0.07214584242866345,3.7639497716647905,0.31273536736617785
michalewicz,lookahead_budgeted_exploration,lookahead_budgeted_exploration,27,2.0887575422858062,0.07214584242866345,3.8934508875047413,0.29606060820815516
michalewicz,lookahead_budgeted_exploration,lookahead_budgeted_exploration,28,2.055082827433322,0.06233550760463392,4.0210596687656315,0.3056383911933824
michalewicz,lookahead_budgeted_exploration,lookahead_budgeted_exploration,29,2.055082827433322,0.06233550760463392,4.108031873559076,0.340540136968063
michalewicz,lookahead_budgeted_exploration,lookahead_budgeted_exploration,30,2.055082827433322,0.06233550760463392,4.1931960843759155,0.3302629109965084
michalewicz,lookahead_budgeted_exploration,lookahead_budgeted_exploration,31,2.055082827433322,0.06233550760463392,4.262259895418485,0.33400567028247125
michalewicz,lookahead_budgeted_exploration,lookahead_budgeted_exploration,32,2.055082827433322,0.06233550760463392,4.332171626908136,0.36004634132843394
michalewicz,lookahead_budgeted_exploration,lookahead_budgeted_exploration,33,2.055082827433322,0.06233550760463392,4.4534930920734155,0.39155822241496596
michalewicz,lookahead_budgeted_exploration,lookahead_budgeted_exploration,34,2.055082827433322,0.06233550760463392,4.590151072567428,0.4048063254177414
michalewicz,lookahead_budgeted_exploration,lookahead_budgeted_exploration,35,2.055082827433322,0.06233550760463392,4.741097083680487,0.42359711653267274
michalewicz,lookahead_budgeted_exploration,lookahead_budgeted_exploration,36,1.9212532109642675,0.2408179662935024,4.852560833514089,0.4659314073748164
michalewicz,lookahead_budgeted_exploration,lookahead_budgeted_exploration,37,1.9212532109642675,0.2408179662935024,4.9673906104554755,0.464239896170121
michalewicz,lookahead_budgeted_exploration,lookahead_budgeted_exploration,38,1.9212532109642675,0.2408179662935024,5.084261400270576,0.46705879601490424
michalewicz,lookahead_budgeted_exploration,lookahead_budgeted_exploration,39,1.9212532109642675,0.2408179662935024,5.202287810814912,0.48396917255978456
michalewicz,lookahead_budgeted_exploration,lookahead_budgeted_exploration,40,1.9212532109642675,0.2408179662935024,5.342948259813816,0.4475648999735276
michalewicz,lookahead_budgeted_exploration,lookahead_budgeted_exploration,41,1.9212532109642675,0.2408179662935024,5.483401942070832,0.4469320183954969
michalewicz,lookahead_budgeted_exploration,lookahead_budgeted_exploration,42,1.9212532109642675,0.2408179662935024,5.60768314688847,0.46447453913322667
michalewicz,lookahead_budgeted_exploration,lookahead_budgeted_exploration,43,1.9212532109642675,0.2408179662935024,5.747859120884516,0.41242519145323453
michalewicz,lookahead_budgeted_exploration,lookahead_budgeted_exploration,44,1.9212532109642675,0.2408179662935024,5.861346236535906,0.40972998580600123
michalewicz,lookahead_budgeted_exploration,lookahead_budgeted_exploration,45,1.9212532109642675,0.2408179662935024,5.988386075031014,0.44173072506213357
michalewicz,lookahead_budgeted_exploration,lookahead_budgeted_exploration,46,1.9212532109642675,0.2408179662935024,6.089298355906448,0.4579420935581296
michalewicz,lookahead_budgeted_exploration,lookahead_budgeted_exploration,47,1.9212532109642675,0.2408179662935024,6.192996987224604,0.45285967346818945
michalewicz,lookahead_budgeted_exploration,lookahead_budgeted_exploration,48,1.9212532109642675,0.2408179662935024,6.283270546226717,0.43652087442491877
michalewicz,lookahead_budgeted_exploration,lookahead_budgeted_exploration,49,1.9212532109642675,0.2408179662935024,6.349121569019996,0.4305987734727678
