function,method,reward_dir,iteration,best_regret_mean,best_regret_std,cum_scaled_move_cost_mean,cum_scaled_move_cost_std
rastrigin,pure_bo,pure_bo,0,27.20305305870309,3.810381287459994,0.4138699280120653,0.28496968136497547
rastrigin,pure_bo,pure_bo,1,27.20305305870309,3.810381287459994,0.8887968578348389,0.49536390606060204
rastrigin,pure_bo,pure_bo,2,27.20305305870309,3.810381287459994,1.0790676669851256,0.5477200594445528
rastrigin,pure_bo,pure_bo,3,24.83956811548454,1.5931350919648706,1.6669105366087564,0.48557201427735036
rastrigin,pure_bo,pure_bo,4,24.83956811548454,1.5931350919648706,2.334575476699425,0.3592273099413154
rastrigin,pure_bo,pure_bo,5,24.83956811548454,1.5931350919648706,2.8207978879869917,0.5303882079785333
rastrigin,pure_bo,pure_bo,6,24.83956811548454,1.5931350919648706,3.3918084703647273,0.3221725592780316
rastrigin,pure_bo,pure_bo,7,24.83956811548454,1.5931350919648706,3.8280276673137927,0.3442689214304065
rastrigin,pure_bo,pure_bo,8,24.226437330596085,2.404287742269638,4.098413280172462,0.6467646784644949
rastrigin,pure_bo,pure_bo,9,22.477029615536065,1.8023418414032057,4.607736287140852,0.9051597514392585
rastrigin,pure_bo,pure_bo,10,22.477029615536065,1.8023418414032057,4.767322850482902,1.084044360728768
rastrigin,pure_bo,pure_bo,11,22.477029615536065,1.8023418414032057,5.2259574454516615,1.2855028908857276
rastrigin,pure_bo,pure_bo,12,22.477029615536065,1.8023418414032057,5.74560565240488,1.2605347639609565
rastrigin,pure_bo,pure_bo,13,22.477029615536065,1.8023418414032057,6.292880489574974,1.5026920649127555
rastrigin,pure_bo,pure_bo,14,22.477029615536065,1.8023418414032057,6.724591713740831,1.6717819043089703
rastrigin,pure_bo,pure_bo,15,22.477029615536065,1.8023418414032057,7.003902563602774,1.694541655324335
rastrigin,pure_bo,pure_bo,16,22.477029615536065,1.8023418414032057,7.186100895149455,1.7049732178436046
rastrigin,pure_bo,pure_bo,17,22.477029615536065,1.8023418414032057,7.248688296150792,1.7333629347325132
rastrigin,pure_bo,pure_bo,18,22.477029615536065,1.8023418414032057,7.298179056201103,1.7491574328930488
rastrigin,pure_bo,pure_bo,19,22.477029615536065,1.8023418414032057,7.373843936205215,1.7132890772635645
rastrigin,pure_bo,pure_bo,20,22.477029615536065,1.8023418414032057,7.681055831091153,1.9769847713263637
rastrigin,pure_bo,pure_bo,21,22.477029615536065,1.8023418414032057,7.922330494737579,2.140076323009761
rastrigin,pure_bo,pure_bo,22,22.477029615536065,1.8023418414032057,8.056577744571985,2.227758178770134
rastrigin,pure_bo,pure_bo,23,19.30732822475792,5.463029942767027,8.372179652074733,2.4991145441271314
rastrigin,pure_bo,pure_bo,24,19.30732822475792,5.463029942767027,8.632873375626373,2.740774121133321
rastrigin,pure_bo,pure_bo,25,19.30732822475792,5.463029942767027,8.79903322093711,2.889967719226063
rastrigin,pure_bo,pure_bo,26,19.30732822475792,5.463029942767027,9.140594365673616,2.7163399350990347
rastrigin,pure_bo,pure_bo,27,19.30732822475792,5.463029942767027,9.603748961890906,2.6144820924404257
rastrigin,pure_bo,pure_bo,28,17.42376933234365,3.9312994970397224,10.192117494736623,2.2083783157193886
rastrigin,pure_bo,pure_bo,29,17.42376933234365,3.9312994970397224,10.62725449631475,1.898215694900778
rastrigin,pure_bo,pure_bo,30,17.42376933234365,3.9312994970397224,10.859088081591771,1.878157223775898
rastrigin,pure_bo,pure_bo,31,17.42376933234365,3.9312994970397224,11.09729194641426,1.9002060960144422
rastrigin,pure_bo,pure_bo,32,17.42376933234365,3.9312994970397224,11.690628213315094,1.8871974088781598
rastrigin,pure_bo,pure_bo,33,17.42376933234365,3.9312994970397224,12.342999142546205,1.9425346969534367
rastrigin,pure_bo,pure_bo,34,17.42376933234365,3.9312994970397224,12.719592871900494,2.0680973296390395
rastrigin,pure_bo,pure_bo,35,17.42376933234365,3.9312994970397224,12.921399298678095,2.136888689203447
rastrigin,pure_bo,pure_bo,36,15.324969678152238,6.875631469592577,13.015772428508816,2.1997099714316035
rastrigin,pure_bo,pure_bo,37,15.324969678152238,6.875631469592577,13.22923801726219,2.2445256477418174
rastrigin,pure_bo,pure_bo,38,15.324969678152238,6.875631469592577,13.358480964804627,2.3092162626909003
rastrigin,pure_bo,pure_bo,39,15.324969678152238,6.875631469592577,13.514222229039783,2.3858146449311817
rastrigin,pure_bo,pure_bo,40,15.324969678152238,6.875631469592577,13.745643514814448,2.502150564021473
rastrigin,pure_bo,pure_bo,41,15.324969678152238,6.875631469592577,13.929798056045868,2.541426724566728
rastrigin,pure_bo,pure_bo,42,14.096171451111688,6.354347566657132,14.180132681522792,2.5973077022870417
rastrigin,pure_bo,pure_bo,43,13.42868523580347,7.2491219867551875,14.351713750317415,2.6659121543405
rastrigin,pure_bo,pure_bo,44,13.42868523580347,7.2491219867551875,15.135797421479404,2.8344280618423774
rastrigin,pure_bo,pure_bo,45,13.42868523580347,7.2491219867551875,15.81406692013062,2.943792188738453
rastrigin,pure_bo,pure_bo,46,13.42868523580347,7.2491219867551875,16.076764665367794,3.0206914538751843
rastrigin,pure_bo,pure_bo,47,13.42868523580347,7.2491219867551875,16.233482386985322,2.882860169839003
rastrigin,pure_bo,pure_bo,48,13.42868523580347,7.2491219867551875,16.271816471537022,2.886744285922769
rastrigin,pure_bo,pure_bo,49,13.42868523580347,7.2491219867551875,16.64894089201428,2.9454149628810367
rastrigin,earlbo,earlbo,0,27.20305305870308,3.810381287459994,0.446402938124747,0.27084467134252566
rastrigin,earlbo,earlbo,1,27.20305305870308,3.810381287459994,0.6424598836445066,0.3309495121702439
rastrigin,earlbo,earlbo,2,25.33447388441317,4.835679421476354,0.8160812597923793,0.33775768696212394
rastrigin,earlbo,earlbo,3,25.33447388441317,4.835679421476354,0.9486119082082206,0.3262007103333084
rastrigin,earlbo,earlbo,4,25.33447388441317,4.835679421476354,1.0829820041211489,0.274364659538205
rastrigin,earlbo,earlbo,5,23.976538642101758,5.825124858705116,1.1500150874115935,0.26433792236664055
rastrigin,earlbo,earlbo,6,23.976538642101758,5.825124858705116,1.2539731508058212,0.28289702360329194
rastrigin,earlbo,earlbo,7,23.976538642101758,5.825124858705116,1.479634209992363,0.38621254992649245
rastrigin,earlbo,earlbo,8,23.976538642101758,5.825124858705116,1.6350812027129897,0.3605187218577826
rastrigin,earlbo,earlbo,9,23.976538642101758,5.825124858705116,1.7798906372523604,0.36294836138058284
rastrigin,earlbo,earlbo,10,23.023824079481994,4.501842100757028,2.1590101402601976,0.32337591410387234
rastrigin,earlbo,earlbo,11,20.713268874117293,1.4847529350022677,2.462847075774605,0.36029926642773075
rastrigin,earlbo,earlbo,12,14.572188949538324,3.097263599421903,2.587912712533185,0.4105574320391329
rastrigin,earlbo,earlbo,13,14.572188949538324,3.097263599421903,2.709959148872443,0.4216597078474999
rastrigin,earlbo,earlbo,14,14.241120398911972,2.696353040749794,2.8200314596207083,0.4385844865550766
rastrigin,earlbo,earlbo,15,14.241120398911972,2.696353040749794,2.9890961635716953,0.36169028630910405
rastrigin,earlbo,earlbo,16,13.04594244300239,3.091612509758433,3.2749029432082324,0.32682761959968293
rastrigin,earlbo,earlbo,17,13.04594244300239,3.091612509758433,3.647831317300266,0.5444170388102718
rastrigin,earlbo,earlbo,18,13.04594244300239,3.091612509758433,3.8804147274878784,0.7213801572582856
rastrigin,earlbo,earlbo,19,12.67706012437902,2.569959078493549,4.113065962201751,0.603061635347595
rastrigin,earlbo,earlbo,20,12.67706012437902,2.569959078493549,4.407367044164082,0.543801192321602
rastrigin,earlbo,earlbo,21,12.67706012437902,2.569959078493549,4.574147672106827,0.5612136312879449
rastrigin,earlbo,earlbo,22,12.67706012437902,2.569959078493549,4.89746292212257,0.4974557798336643
rastrigin,earlbo,earlbo,23,12.67706012437902,2.569959078493549,5.14167158389449,0.38076596413617825
rastrigin,earlbo,earlbo,24,12.67706012437902,2.569959078493549,5.269535861558441,0.42527761273940207
rastrigin,earlbo,earlbo,25,12.67706012437902,2.569959078493549,5.417370639616443,0.401085186054386
rastrigin,earlbo,earlbo,26,12.67706012437902,2.569959078493549,5.606784413752872,0.40003134126827505
rastrigin,earlbo,earlbo,27,12.67706012437902,2.569959078493549,5.797035242346222,0.36407521211273236
rastrigin,earlbo,earlbo,28,12.67706012437902,2.569959078493549,5.967225182689059,0.30068698654929127
rastrigin,earlbo,earlbo,29,12.67706012437902,2.569959078493549,6.071362974825797,0.2254282966458804
rastrigin,earlbo,earlbo,30,12.67706012437902,2.569959078493549,6.2860055357295685,0.10182450158926785
rastrigin,earlbo,earlbo,31,12.67706012437902,2.569959078493549,6.464219503655419,0.17101138733872637
rastrigin,earlbo,earlbo,32,12.67706012437902,2.569959078493549,6.603881435645909,0.2746867640675668
rastrigin,earlbo,earlbo,33,12.67706012437902,2.569959078493549,6.931392741621245,0.26141919216208875
rastrigin,earlbo,earlbo,34,12.67706012437902,2.569959078493549,7.1650951622471695,0.21107949269033077
rastrigin,earlbo,earlbo,35,12.67706012437902,2.569959078493549,7.47277879762868,0.2737041290616373
rastrigin,earlbo,earlbo,36,8.323261336701586,3.587495963409882,7.809897712632572,0.23342924288296463
rastrigin,earlbo,earlbo,37,8.323261336701586,3.587495963409882,8.078217285191215,0.2809407137485301
rastrigin,earlbo,earlbo,38,8.323261336701586,3.587495963409882,8.539168107667907,0.4202437870585074
rastrigin,earlbo,earlbo,39,8.323261336701586,3.587495963409882,8.89137381935256,0.5283167693912392
rastrigin,earlbo,earlbo,40,8.323261336701586,3.587495963409882,9.379200014922013,0.4542536407632641
rastrigin,earlbo,earlbo,41,8.323261336701586,3.587495963409882,9.677529983085824,0.4498548118834247
rastrigin,earlbo,earlbo,42,8.323261336701586,3.587495963409882,10.159026046786263,0.4061139738399501
rastrigin,earlbo,earlbo,43,8.323261336701586,3.587495963409882,10.58500629629289,0.3945690130304341
rastrigin,earlbo,earlbo,44,8.323261336701586,3.587495963409882,10.84815540985793,0.5143887108158263
rastrigin,earlbo,earlbo,45,8.323261336701586,3.587495963409882,11.161311428158577,0.6920392282973231
rastrigin,earlbo,earlbo,46,8.323261336701586,3.587495963409882,11.418405500266795,0.7626066400044728
rastrigin,earlbo,earlbo,47,8.323261336701586,3.587495963409882,11.666343288073064,0.7961806267587314
rastrigin,earlbo,earlbo,48,8.323261336701586,3.587495963409882,11.968194238943866,0.7880828107687095
rastrigin,earlbo,earlbo,49,8.323261336701586,3.587495963409882,12.161634478908988,0.8628354490715783
rastrigin,snake,snake,0,27.20305305870308,3.810381287459994,0.43802896374178585,0.2731612908395056
rastrigin,snake,snake,1,27.20305305870308,3.810381287459994,0.6857039530266134,0.3887239047412188
rastrigin,snake,snake,2,27.20305305870308,3.810381287459994,0.8806116506083143,0.5347958580123652
rastrigin,snake,snake,3,27.20305305870308,3.810381287459994,0.9823087140568555,0.5274749150264831
rastrigin,snake,snake,4,27.0544438151267,3.6204111405816453,1.1278105449555003,0.613346920181407
rastrigin,snake,snake,5,27.0544438151267,3.6204111405816453,1.3036915476228927,0.5540590937799108
rastrigin,snake,snake,6,27.0544438151267,3.6204111405816453,1.4882642328651494,0.5670603261149546
rastrigin,snake,snake,7,27.0544438151267,3.6204111405816453,1.5696374305170622,0.5505129530109858
rastrigin,snake,snake,8,19.510806633246258,5.638413175186482,1.6553306208997267,0.5135626786977583
rastrigin,snake,snake,9,19.247133421285255,5.304694534851818,1.7325468868277583,0.5454196079960972
rastrigin,snake,snake,10,16.649835626817488,2.6511041769807724,1.8982040590302856,0.5499580664362521
rastrigin,snake,snake,11,16.649835626817488,2.6511041769807724,2.1321854122294432,0.45778786264542487
rastrigin,snake,snake,12,16.649835626817488,2.6511041769807724,2.3368941081598256,0.32425649204584545
rastrigin,snake,snake,13,13.028613914934624,4.757258709584187,2.4177560770485065,0.3447212006583511
rastrigin,snake,snake,14,13.028613914934624,4.757258709584187,2.5527411723108226,0.35061377186099907
rastrigin,snake,snake,15,13.028613914934624,4.757258709584187,2.699154097941603,0.43683513284393294
rastrigin,snake,snake,16,13.028613914934624,4.757258709584187,2.7751526429641378,0.4517177588856911
rastrigin,snake,snake,17,13.028613914934624,4.757258709584187,2.916419860344305,0.5555635307197152
rastrigin,snake,snake,18,13.028613914934624,4.757258709584187,3.0787886270646863,0.6322508740548528
rastrigin,snake,snake,19,13.028613914934624,4.757258709584187,3.388365908198878,0.6558500539552798
rastrigin,snake,snake,20,12.370668934678667,3.9705428588350893,3.642850221735807,0.6440225162666502
rastrigin,snake,snake,21,12.370668934678667,3.9705428588350893,3.751543056432631,0.6957207729835518
rastrigin,snake,snake,22,12.370668934678667,3.9705428588350893,3.809322347484829,0.6944485685452898
rastrigin,snake,snake,23,12.370668934678667,3.9705428588350893,3.8694610443936477,0.6781048608789028
rastrigin,snake,snake,24,12.370668934678667,3.9705428588350893,4.036574657740672,0.6826296944205852
rastrigin,snake,snake,25,12.370668934678667,3.9705428588350893,4.258479991186193,0.7365245972011669
rastrigin,snake,snake,26,11.374055293475726,5.287002094723507,4.4403635620630695,0.8161202373824872
rastrigin,snake,snake,27,11.374055293475726,5.287002094723507,4.675019663472864,0.9173414348813238
rastrigin,snake,snake,28,9.40773660795982,3.719259124491737,4.9282090474352325,1.0407337035935587
rastrigin,snake,snake,29,9.40773660795982,3.719259124491737,5.101140489937901,1.1034930189114742
rastrigin,snake,snake,30,9.40773660795982,3.719259124491737,5.29140382488295,1.1871708406154573
rastrigin,snake,snake,31,9.40773660795982,3.719259124491737,5.497174809112245,1.2439218454562908
rastrigin,snake,snake,32,9.40773660795982,3.719259124491737,5.675846245769759,1.3213285893266373
rastrigin,snake,snake,33,9.40773660795982,3.719259124491737,5.796244630323456,1.3543379598844039
rastrigin,snake,snake,34,9.40773660795982,3.719259124491737,5.92417869465701,1.4203847183139273
rastrigin,snake,snake,35,9.40773660795982,3.719259124491737,6.114752981466356,1.4897679943439943
rastrigin,snake,snake,36,9.40773660795982,3.719259124491737,6.379542863675268,1.606220136761049
rastrigin,snake,snake,37,9.40773660795982,3.719259124491737,6.556024635092041,1.657275634596673
rastrigin,snake,snake,38,9.40773660795982,3.719259124491737,6.755658588027113,1.6942843391317337
rastrigin,snake,snake,39,9.40773660795982,3.719259124491737,6.950140400391405,1.7707581632050529
rastrigin,snake,snake,40,9.40773660795982,3.719259124491737,7.205136782262997,1.8152914248921246
rastrigin,snake,snake,41,9.40773660795982,3.719259124491737,7.516554498195471,1.940155271315232
rastrigin,snake,snake,42,9.40773660795982,3.719259124491737,7.677641820805552,2.047344144803614
rastrigin,snake,snake,43,9.40773660795982,3.719259124491737,7.717820177622265,2.0347781639969345
rastrigin,snake,snake,44,9.40773660795982,3.719259124491737,7.980016700404069,2.045775641171199
rastrigin,snake,snake,45,9.40773660795982,3.719259124491737,8.516067721231082,2.06058454326161
rastrigin,snake,snake,46,9.40773660795982,3.719259124491737,8.944875685894273,2.1597448138143744
rastrigin,snake,snake,47,9.40773660795982,3.719259124491737,9.158078695689381,2.3380087436690626
rastrigin,snake,snake,48,9.40773660795982,3.719259124491737,9.460568630928998,2.2731804931728194
rastrigin,snake,snake,49,9.40773660795982,3.719259124491737,9.810045375325721,2.124219419073487
rastrigin,log_improvement_movement_cost3,log_improvement_movement_cost3,0,27.20305305870308,3.810381287459994,0.43007175282885196,0.25962544740385257
rastrigin,log_improvement_movement_cost3,log_improvement_movement_cost3,1,26.621738229317348,3.0822416058901907,0.5553894797831743,0.18875851057490137
rastrigin,log_improvement_movement_cost3,log_improvement_movement_cost3,2,26.621738229317348,3.0822416058901907,0.6386251332919682,0.1766587983994943
rastrigin,log_improvement_movement_cost3,log_improvement_movement_cost3,3,25.019573817703844,1.6323244035054603,0.7555164459058812,0.2380185827728104
rastrigin,log_improvement_movement_cost3,log_improvement_movement_cost3,4,25.019573817703844,1.6323244035054603,0.8762679958038584,0.25187388472448674
rastrigin,log_improvement_movement_cost3,log_improvement_movement_cost3,5,25.019573817703844,1.6323244035054603,0.9729947964906976,0.2210121763605235
rastrigin,log_improvement_movement_cost3,log_improvement_movement_cost3,6,22.586445730793923,3.4525589605494194,1.0669196368480698,0.16203847442103433
rastrigin,log_improvement_movement_cost3,log_improvement_movement_cost3,7,20.97201340941301,5.579473918696523,1.2018049424047677,0.19800425348034487
rastrigin,log_improvement_movement_cost3,log_improvement_movement_cost3,8,20.97201340941301,5.579473918696523,1.3231759888787875,0.22238248051349868
rastrigin,log_improvement_movement_cost3,log_improvement_movement_cost3,9,12.2850788801032,1.0375518130206276,1.4165543502043303,0.25151607474035104
rastrigin,log_improvement_movement_cost3,log_improvement_movement_cost3,10,12.2850788801032,1.0375518130206276,1.4642918497665758,0.24923089246450267
rastrigin,log_improvement_movement_cost3,log_improvement_movement_cost3,11,12.2850788801032,1.0375518130206276,1.5712248611471569,0.21444303005336504
rastrigin,log_improvement_movement_cost3,log_improvement_movement_cost3,12,12.2850788801032,1.0375518130206276,1.6619547446755467,0.21895247996625877
rastrigin,log_improvement_movement_cost3,log_improvement_movement_cost3,13,12.2850788801032,1.0375518130206276,1.7642565531248753,0.1865671448686234
rastrigin,log_improvement_movement_cost3,log_improvement_movement_cost3,14,12.2850788801032,1.0375518130206276,1.848680897717432,0.20331446813188198
rastrigin,log_improvement_movement_cost3,log_improvement_movement_cost3,15,12.2850788801032,1.0375518130206276,1.9200742800380868,0.2258119625405202
rastrigin,log_improvement_movement_cost3,log_improvement_movement_cost3,16,11.694101098496228,0.6691567775069661,1.9968192373174716,0.22018363624751514
rastrigin,log_improvement_movement_cost3,log_improvement_movement_cost3,17,11.694101098496228,0.6691567775069661,2.0610005438703127,0.21862181521791124
rastrigin,log_improvement_movement_cost3,log_improvement_movement_cost3,18,11.694101098496228,0.6691567775069661,2.1088212791880623,0.239600359860265
rastrigin,log_improvement_movement_cost3,log_improvement_movement_cost3,19,11.694101098496228,0.6691567775069661,2.1823551073602907,0.24613578323842164
rastrigin,log_improvement_movement_cost3,log_improvement_movement_cost3,20,11.694101098496228,0.6691567775069661,2.273374900276711,0.23699309720953365
rastrigin,log_improvement_movement_cost3,log_improvement_movement_cost3,21,11.694101098496228,0.6691567775069661,2.341836864871631,0.24154163611938767
rastrigin,log_improvement_movement_cost3,log_improvement_movement_cost3,22,9.893886565139487,2.672421309768344,2.441265084693194,0.2323694552526698
rastrigin,log_improvement_movement_cost3,log_improvement_movement_cost3,23,9.893886565139487,2.672421309768344,2.527929656405234,0.279855604131957
rastrigin,log_improvement_movement_cost3,log_improvement_movement_cost3,24,9.893886565139487,2.672421309768344,2.614683893645268,0.29737712928204474
rastrigin,log_improvement_movement_cost3,log_improvement_movement_cost3,25,9.893886565139487,2.672421309768344,2.7040979803615053,0.3264113251563665
rastrigin,log_improvement_movement_cost3,log_improvement_movement_cost3,26,9.893886565139487,2.672421309768344,2.7590195237828348,0.3479731329293139
rastrigin,log_improvement_movement_cost3,log_improvement_movement_cost3,27,9.893886565139487,2.672421309768344,2.8791446521150754,0.3547243573809242
rastrigin,log_improvement_movement_cost3,log_improvement_movement_cost3,28,9.893886565139487,2.672421309768344,2.962337839551502,0.3640788139601963
rastrigin,log_improvement_movement_cost3,log_improvement_movement_cost3,29,9.893886565139487,2.672421309768344,3.081878800347777,0.3778895131000942
rastrigin,log_improvement_movement_cost3,log_improvement_movement_cost3,30,9.893886565139487,2.672421309768344,3.175140847712916,0.34828001956061533
rastrigin,log_improvement_movement_cost3,log_improvement_movement_cost3,31,9.893886565139487,2.672421309768344,3.234991474308986,0.3352752302004347
rastrigin,log_improvement_movement_cost3,log_improvement_movement_cost3,32,9.893886565139487,2.672421309768344,3.3124714982866066,0.3323598267179129
rastrigin,log_improvement_movement_cost3,log_improvement_movement_cost3,33,9.893886565139487,2.672421309768344,3.3886863401684075,0.353987054769626
rastrigin,log_improvement_movement_cost3,log_improvement_movement_cost3,34,9.893886565139487,2.672421309768344,3.4574876001935473,0.3370185559995773
rastrigin,log_improvement_movement_cost3,log_improvement_movement_cost3,35,9.893886565139487,2.672421309768344,3.5105685516727405,0.3219072336601734
rastrigin,log_improvement_movement_cost3,log_improvement_movement_cost3,36,9.3986704764329,2.574920768295056,3.6067734427364457,0.3082684568006113
rastrigin,log_improvement_movement_cost3,log_improvement_movement_cost3,37,9.3986704764329,2.574920768295056,3.684073287262242,0.330012884608182
rastrigin,log_improvement_movement_cost3,log_improvement_movement_cost3,38,9.3986704764329,2.574920768295056,3.7946431386984276,0.3439624222512222
rastrigin,log_improvement_movement_cost3,log_improvement_movement_cost3,39,9.3986704764329,2.574920768295056,3.8566586693809595,0.33745488595537876
rastrigin,log_improvement_movement_cost3,log_improvement_movement_cost3,40,7.8241985003125185,1.3005163727775741,3.9431460215071183,0.325597401325097
rastrigin,log_improvement_movement_cost3,log_improvement_movement_cost3,41,7.8241985003125185,1.3005163727775741,4.04237531532946,0.281400025616704
rastrigin,log_improvement_movement_cost3,log_improvement_movement_cost3,42,6.723225974038418,2.0319804994015453,4.115834074953669,0.2135157540276176
rastrigin,log_improvement_movement_cost3,log_improvement_movement_cost3,43,6.723225974038418,2.0319804994015453,4.216455836043642,0.22513549140096256
rastrigin,log_improvement_movement_cost3,log_improvement_movement_cost3,44,6.723225974038418,2.0319804994015453,4.313522580209637,0.2531218904832288
rastrigin,log_improvement_movement_cost3,log_improvement_movement_cost3,45,6.723225974038418,2.0319804994015453,4.383464579854931,0.2583906611347766
rastrigin,log_improvement_movement_cost3,log_improvement_movement_cost3,46,5.7138520596161975,0.8499872095579176,4.454957040088208,0.2593727688802636
rastrigin,log_improvement_movement_cost3,log_improvement_movement_cost3,47,4.078781907757754,2.08974169465379,4.513904338563569,0.21877888899856263
rastrigin,log_improvement_movement_cost3,log_improvement_movement_cost3,48,4.078781907757754,2.08974169465379,4.610759958281165,0.18713601544281935
rastrigin,log_improvement_movement_cost3,log_improvement_movement_cost3,49,4.078781907757754,2.08974169465379,4.723515352074469,0.20869506195711263
rastrigin,optimistic_selected,optimistic_improvement_movement_cost3,0,27.20305305870308,3.810381287459994,0.43968605118392,0.28545223815089776
rastrigin,optimistic_selected,optimistic_improvement_movement_cost3,1,27.20305305870308,3.810381287459994,0.5429353771153128,0.2756811367672638
rastrigin,optimistic_selected,optimistic_improvement_movement_cost3,2,25.280654298085334,4.883241567486565,0.6177695177268607,0.24983965071021755
rastrigin,optimistic_selected,optimistic_improvement_movement_cost3,3,25.280654298085334,4.883241567486565,0.6771343010831146,0.25596305049706763
rastrigin,optimistic_selected,optimistic_improvement_movement_cost3,4,25.280654298085334,4.883241567486565,0.7420740271410251,0.2874243561997476
rastrigin,optimistic_selected,optimistic_improvement_movement_cost3,5,25.280654298085334,4.883241567486565,0.8182579265017179,0.2842965523531584
rastrigin,optimistic_selected,optimistic_improvement_movement_cost3,6,23.242235502142538,2.08575905765322,0.9193456392546052,0.2513400848578134
rastrigin,optimistic_selected,optimistic_improvement_movement_cost3,7,17.272266191047127,6.547718878333184,1.03370595592856,0.24770027494785782
rastrigin,optimistic_selected,optimistic_improvement_movement_cost3,8,17.272266191047127,6.547718878333184,1.0854542378847718,0.22650431240576002
rastrigin,optimistic_selected,optimistic_improvement_movement_cost3,9,17.272266191047127,6.547718878333184,1.1434565690831564,0.24902212944652477
rastrigin,optimistic_selected,optimistic_improvement_movement_cost3,10,17.272266191047127,6.547718878333184,1.244506842987804,0.2627681066811646
rastrigin,optimistic_selected,optimistic_improvement_movement_cost3,11,12.159576505069325,6.155768265041638,1.2953947966080435,0.2482716370574764
rastrigin,optimistic_selected,optimistic_improvement_movement_cost3,12,11.360879298992396,6.759619752935738,1.3655116238378806,0.2810929318763983
rastrigin,optimistic_selected,optimistic_improvement_movement_cost3,13,11.360879298992396,6.759619752935738,1.4148902465431836,0.28028953443135984
rastrigin,optimistic_selected,optimistic_improvement_movement_cost3,14,11.360879298992396,6.759619752935738,1.4690163879576714,0.30391085152104874
rastrigin,optimistic_selected,optimistic_improvement_movement_cost3,15,11.360879298992396,6.759619752935738,1.54967990163794,0.3014424138598882
rastrigin,optimistic_selected,optimistic_improvement_movement_cost3,16,11.360879298992396,6.759619752935738,1.6219553906895248,0.2876548848723522
rastrigin,optimistic_selected,optimistic_improvement_movement_cost3,17,11.360879298992396,6.759619752935738,1.6804446332191396,0.29625386399887427
rastrigin,optimistic_selected,optimistic_improvement_movement_cost3,18,11.360879298992396,6.759619752935738,1.7565406195710231,0.2925638883690405
rastrigin,optimistic_selected,optimistic_improvement_movement_cost3,19,11.360879298992396,6.759619752935738,1.8252774422785258,0.2883145752881922
rastrigin,optimistic_selected,optimistic_improvement_movement_cost3,20,11.360879298992396,6.759619752935738,1.8987947630533804,0.27817055505184185
rastrigin,optimistic_selected,optimistic_improvement_movement_cost3,21,11.360879298992396,6.759619752935738,1.9580780888036688,0.30339864186902127
rastrigin,optimistic_selected,optimistic_improvement_movement_cost3,22,11.360879298992396,6.759619752935738,2.0357197288295947,0.32653626235705874
rastrigin,optimistic_selected,optimistic_improvement_movement_cost3,23,11.360879298992396,6.759619752935738,2.127439905296898,0.31170128363827376
rastrigin,optimistic_selected,optimistic_improvement_movement_cost3,24,11.360879298992396,6.759619752935738,2.220421432269102,0.2981718173718446
rastrigin,optimistic_selected,optimistic_improvement_movement_cost3,25,10.354077609597564,5.3472313535671265,2.280835047800329,0.30413206609823135
rastrigin,optimistic_selected,optimistic_improvement_movement_cost3,26,10.354077609597564,5.3472313535671265,2.3293236281884844,0.28626209742856584
rastrigin,optimistic_selected,optimistic_improvement_movement_cost3,27,9.025202566000543,3.4972618316974353,2.415991526033445,0.3078699315568209
rastrigin,optimistic_selected,optimistic_improvement_movement_cost3,28,7.554633810629864,1.5354849928711942,2.493300619344691,0.32923843190725816
rastrigin,optimistic_selected,optimistic_improvement_movement_cost3,29,6.920132588740844,2.354140226124645,2.566585920528991,0.36079359349138235
rastrigin,optimistic_selected,optimistic_improvement_movement_cost3,30,6.920132588740844,2.354140226124645,2.6381964045101154,0.3746615208155561
rastrigin,optimistic_selected,optimistic_improvement_movement_cost3,31,6.920132588740844,2.354140226124645,2.7141871932109543,0.3726310925115046
rastrigin,optimistic_selected,optimistic_improvement_movement_cost3,32,6.920132588740844,2.354140226124645,2.76941620852552,0.3371375251518262
rastrigin,optimistic_selected,optimistic_improvement_movement_cost3,33,6.920132588740844,2.354140226124645,2.840025140922679,0.33731531411179344
rastrigin,optimistic_selected,optimistic_improvement_movement_cost3,34,6.920132588740844,2.354140226124645,2.9170421088837752,0.32873942284540364
rastrigin,optimistic_selected,optimistic_improvement_movement_cost3,35,6.920132588740844,2.354140226124645,2.9571089462722653,0.333448503864618
rastrigin,optimistic_selected,optimistic_improvement_movement_cost3,36,6.920132588740844,2.354140226124645,2.9989401476020006,0.33274264578580587
rastrigin,optimistic_selected,optimistic_improvement_movement_cost3,37,6.920132588740844,2.354140226124645,3.0565295567316677,0.31934372103533293
rastrigin,optimistic_selected,optimistic_improvement_movement_cost3,38,6.920132588740844,2.354140226124645,3.1304468535174976,0.34728576720320775
rastrigin,optimistic_selected,optimistic_improvement_movement_cost3,39,6.920132588740844,2.354140226124645,3.2000939962376074,0.33527060417902543
rastrigin,optimistic_selected,optimistic_improvement_movement_cost3,40,6.920132588740844,2.354140226124645,3.2627264555349487,0.31756566562382676
rastrigin,optimistic_selected,optimistic_improvement_movement_cost3,41,6.920132588740844,2.354140226124645,3.3747778038444713,0.28270016568511735
rastrigin,optimistic_selected,optimistic_improvement_movement_cost3,42,6.920132588740844,2.354140226124645,3.4315271200948474,0.26325830353984647
rastrigin,optimistic_selected,optimistic_improvement_movement_cost3,43,5.01905886402358,1.784806460558115,3.466062829748551,0.2800129221118573
rastrigin,optimistic_selected,optimistic_improvement_movement_cost3,44,5.01905886402358,1.784806460558115,3.5351688728411212,0.27447509464421355
rastrigin,optimistic_selected,optimistic_improvement_movement_cost3,45,5.01905886402358,1.784806460558115,3.5921390320621387,0.28278130851493566
rastrigin,optimistic_selected,optimistic_improvement_movement_cost3,46,4.558692852174732,2.180273746724126,3.6622138632193235,0.2724440925280475
rastrigin,optimistic_selected,optimistic_improvement_movement_cost3,47,4.558692852174732,2.180273746724126,3.709446555718268,0.25407570060561735
rastrigin,optimistic_selected,optimistic_improvement_movement_cost3,48,4.558692852174732,2.180273746724126,3.7839352824193573,0.24486001108448477
rastrigin,optimistic_selected,optimistic_improvement_movement_cost3,49,4.558692852174732,2.180273746724126,3.879599869215445,0.22695286666650483
rastrigin,budgeted_exploration,budgeted_exploration,0,27.20305305870308,3.810381287459994,0.43520948831783596,0.2599563655558163
rastrigin,budgeted_exploration,budgeted_exploration,1,27.20305305870308,3.810381287459994,0.5851027918950295,0.22992977773940032
rastrigin,budgeted_exploration,budgeted_exploration,2,27.20305305870308,3.810381287459994,0.6777319056573653,0.21357990443390143
rastrigin,budgeted_exploration,budgeted_exploration,3,23.9893761892888,1.112694780837424,0.7899827907509184,0.16857268749854276
rastrigin,budgeted_exploration,budgeted_exploration,4,22.867027022780732,2.531444285340602,0.8951929316075004,0.1208380714143954
rastrigin,budgeted_exploration,budgeted_exploration,5,22.867027022780732,2.531444285340602,0.9654243206221399,0.14360950878341325
rastrigin,budgeted_exploration,budgeted_exploration,6,22.867027022780732,2.531444285340602,1.052097169466978,0.0979414320112756
rastrigin,budgeted_exploration,budgeted_exploration,7,18.6035865365903,5.986415969513266,1.1192529261597957,0.09397261132356677
rastrigin,budgeted_exploration,budgeted_exploration,8,15.786705574323912,3.593870806762471,1.2308484790281913,0.10752012891811903
rastrigin,budgeted_exploration,budgeted_exploration,9,15.786705574323912,3.593870806762471,1.3099164259695673,0.08615351693282357
rastrigin,budgeted_exploration,budgeted_exploration,10,15.786705574323912,3.593870806762471,1.4116729245126658,0.08648212662583159
rastrigin,budgeted_exploration,budgeted_exploration,11,15.786705574323912,3.593870806762471,1.4943876785037382,0.062264547067248814
rastrigin,budgeted_exploration,budgeted_exploration,12,15.786705574323912,3.593870806762471,1.5837713312939854,0.04854276082320491
rastrigin,budgeted_exploration,budgeted_exploration,13,14.595125862059385,5.237179725981166,1.6538706288324168,0.05273576996910696
rastrigin,budgeted_exploration,budgeted_exploration,14,14.595125862059385,5.237179725981166,1.7491404654530684,0.07734821280906828
rastrigin,budgeted_exploration,budgeted_exploration,15,14.595125862059385,5.237179725981166,1.8172466763722859,0.07079464707648403
rastrigin,budgeted_exploration,budgeted_exploration,16,14.595125862059385,5.237179725981166,1.8964989785155453,0.10167219560455969
rastrigin,budgeted_exploration,budgeted_exploration,17,10.4144465960584,4.702676004872841,1.990240175795961,0.12233780176241485
rastrigin,budgeted_exploration,budgeted_exploration,18,10.4144465960584,4.702676004872841,2.0969856176177473,0.10816454570699924
rastrigin,budgeted_exploration,budgeted_exploration,19,10.4144465960584,4.702676004872841,2.2009913143385424,0.10393518697355394
rastrigin,budgeted_exploration,budgeted_exploration,20,10.4144465960584,4.702676004872841,2.2756130747507677,0.08807303849663899
rastrigin,budgeted_exploration,budgeted_exploration,21,10.4144465960584,4.702676004872841,2.362121030092639,0.12566375022295437
rastrigin,budgeted_exploration,budgeted_exploration,22,10.4144465960584,4.702676004872841,2.4874298214597936,0.18753425237193003
rastrigin,budgeted_exploration,budgeted_exploration,23,10.4144465960584,4.702676004872841,2.603528944436261,0.2382445812575899
rastrigin,budgeted_exploration,budgeted_exploration,24,9.367736456170288,3.224015861111511,2.7080805934157173,0.23990551079263314
rastrigin,budgeted_exploration,budgeted_exploration,25,9.367736456170288,3.224015861111511,2.7769552284812495,0.23253608681829577
rastrigin,budgeted_exploration,budgeted_exploration,26,9.367736456170288,3.224015861111511,2.824372190072708,0.2485807264489391
rastrigin,budgeted_exploration,budgeted_exploration,27,8.310710486859264,1.7335764832521001,2.9450966884149476,0.27554805690929124
rastrigin,budgeted_exploration,budgeted_exploration,28,8.310710486859264,1.7335764832521001,3.0366152413912695,0.26321529885363326
rastrigin,budgeted_exploration,budgeted_exploration,29,8.310710486859264,1.7335764832521001,3.1476914532023073,0.24650203803613194
rastrigin,budgeted_exploration,budgeted_exploration,30,8.310710486859264,1.7335764832521001,3.2397460842811117,0.21023095710575232
rastrigin,budgeted_exploration,budgeted_exploration,31,8.310710486859264,1.7335764832521001,3.3071403708063047,0.21153036100459754
rastrigin,budgeted_exploration,budgeted_exploration,32,8.310710486859264,1.7335764832521001,3.357383509237879,0.19925071377656683
rastrigin,budgeted_exploration,budgeted_exploration,33,8.310710486859264,1.7335764832521001,3.4116704143125065,0.1916673425850774
rastrigin,budgeted_exploration,budgeted_exploration,34,8.310710486859264,1.7335764832521001,3.4984200572263084,0.17397052168484756
rastrigin,budgeted_exploration,budgeted_exploration,35,8.310710486859264,1.7335764832521001,3.5830824257587395,0.18247174564188948
rastrigin,budgeted_exploration,budgeted_exploration,36,8.310710486859264,1.7335764832521001,3.710899032901038,0.18409870490539965
rastrigin,budgeted_exploration,budgeted_exploration,37,8.310710486859264,1.7335764832521001,3.8015610273923244,0.16856496341061597
rastrigin,budgeted_exploration,budgeted_exploration,38,8.310710486859264,1.7335764832521001,3.8935792286628677,0.1545190442015817
rastrigin,budgeted_exploration,budgeted_exploration,39,8.310710486859264,1.7335764832521001,3.986560649856253,0.16485800029980627
rastrigin,budgeted_exploration,budgeted_exploration,40,8.310710486859264,1.7335764832521001,4.082959357948947,0.17081156093197628
rastrigin,budgeted_exploration,budgeted_exploration,41,8.310710486859264,1.7335764832521001,4.181455617255858,0.14686506620927522
rastrigin,budgeted_exploration,budgeted_exploration,42,8.310710486859264,1.7335764832521001,4.323628928481296,0.14101180843507022
rastrigin,budgeted_exploration,budgeted_exploration,43,8.310710486859264,1.7335764832521001,4.448708284509222,0.15859199089157283
rastrigin,budgeted_exploration,budgeted_exploration,44,8.310710486859264,1.7335764832521001,4.5408774762883874,0.17541391507331883
rastrigin,budgeted_exploration,budgeted_exploration,45,8.310710486859264,1.7335764832521001,4.6169311247664675,0.17228622127943205
rastrigin,budgeted_exploration,budgeted_exploration,46,8.310710486859264,1.7335764832521001,4.7088201694471,0.18970391258143565
rastrigin,budgeted_exploration,budgeted_exploration,47,8.310710486859264,1.7335764832521001,4.804338936429659,0.19438013542435764
rastrigin,budgeted_exploration,budgeted_exploration,48,8.310710486859264,1.7335764832521001,4.914205715321512,0.21105676569281492
rastrigin,budgeted_exploration,budgeted_exploration,49,8.310710486859264,1.7335764832521001,5.002302826383072,0.2077429148632508
rastrigin,lookahead_budgeted_exploration,lookahead_budgeted_exploration,0,26.495976981781073,3.5269069339055963,0.44373481689231825,0.2305471526792487
rastrigin,lookahead_budgeted_exploration,lookahead_budgeted_exploration,1,25.775034224952837,2.720706293532426,0.5526239808180409,0.257942881456881
rastrigin,lookahead_budgeted_exploration,lookahead_budgeted_exploration,2,21.76085189346482,4.168053938300782,0.6529705548041193,0.2797518778083936
rastrigin,lookahead_budgeted_exploration,lookahead_budgeted_exploration,3,21.76085189346482,4.168053938300782,0.7705425733219586,0.27200594079644425
rastrigin,lookahead_budgeted_exploration,lookahead_budgeted_exploration,4,21.76085189346482,4.168053938300782,0.8858707973053562,0.2763836101616969
rastrigin,lookahead_budgeted_exploration,lookahead_budgeted_exploration,5,15.347005606368521,9.776318465228377,0.9673494323143101,0.29675239152765825
rastrigin,lookahead_budgeted_exploration,lookahead_budgeted_exploration,6,15.107038050801828,9.499635762099672,1.0687207563360814,0.33024724850150966
rastrigin,lookahead_budgeted_exploration,lookahead_budgeted_exploration,7,15.107038050801828,9.499635762099672,1.1884191241621804,0.3539915176705465
rastrigin,lookahead_budgeted_exploration,lookahead_budgeted_exploration,8,15.107038050801828,9.499635762099672,1.25066103640122,0.3801849415104224
rastrigin,lookahead_budgeted_exploration,lookahead_budgeted_exploration,9,14.976410632235428,9.668655354886772,1.329780802503943,0.4048805132900239
rastrigin,lookahead_budgeted_exploration,lookahead_budgeted_exploration,10,14.976410632235428,9.668655354886772,1.3845070779270383,0.4228439454309631
rastrigin,lookahead_budgeted_exploration,lookahead_budgeted_exploration,11,14.976410632235428,9.668655354886772,1.4982979666149048,0.4331310095270501
rastrigin,lookahead_budgeted_exploration,lookahead_budgeted_exploration,12,14.976410632235428,9.668655354886772,1.6147714919738974,0.43807730164988123
rastrigin,lookahead_budgeted_exploration,lookahead_budgeted_exploration,13,14.976410632235428,9.668655354886772,1.6888820127306676,0.43641440944510096
rastrigin,lookahead_budgeted_exploration,lookahead_budgeted_exploration,14,14.976410632235428,9.668655354886772,1.785000248072229,0.3960944334038371
rastrigin,lookahead_budgeted_exploration,lookahead_budgeted_exploration,15,14.765467187714776,9.639870139391828,1.819552481500498,0.39789460275989125
rastrigin,lookahead_budgeted_exploration,lookahead_budgeted_exploration,16,14.765467187714776,9.639870139391828,1.8880413533803344,0.3850198075001545
rastrigin,lookahead_budgeted_exploration,lookahead_budgeted_exploration,17,14.765467187714776,9.639870139391828,1.9662051462999734,0.37358506209311865
rastrigin,lookahead_budgeted_exploration,lookahead_budgeted_exploration,18,14.765467187714776,9.639870139391828,2.0337448918778054,0.3786706715647594
rastrigin,lookahead_budgeted_exploration,lookahead_budgeted_exploration,19,14.765467187714776,9.639870139391828,2.115322293065738,0.4299459183260345
rastrigin,lookahead_budgeted_exploration,lookahead_budgeted_exploration,20,14.765467187714776,9.639870139391828,2.206588764391091,0.4541581848526638
rastrigin,lookahead_budgeted_exploration,lookahead_budgeted_exploration,21,14.765467187714776,9.639870139391828,2.300103500976783,0.47227714989449027
rastrigin,lookahead_budgeted_exploration,lookahead_budgeted_exploration,22,14.765467187714776,9.639870139391828,2.41496922832629,0.49883160788140546
rastrigin,lookahead_budgeted_exploration,lookahead_budgeted_exploration,23,14.765467187714776,9.639870139391828,2.5198392511268497,0.4470538824228346
rastrigin,lookahead_budgeted_exploration,lookahead_budgeted_exploration,24,14.765467187714776,9.639870139391828,2.633446605241588,0.4457244362404331
rastrigin,lookahead_budgeted_exploration,lookahead_budgeted_exploration,25,13.598778405195006,8.335614541109111,2.7310522352874265,0.44331020243806146
rastrigin,lookahead_budgeted_exploration,lookahead_budgeted_exploration,26,13.598778405195006,8.335614541109111,2.8250217517372698,0.4078102418773291
rastrigin,lookahead_budgeted_exploration,lookahead_budgeted_exploration,27,13.598778405195006,8.335614541109111,2.9537147442224025,0.3992518085151557
rastrigin,lookahead_budgeted_exploration,lookahead_budgeted_exploration,28,13.598778405195006,8.335614541109111,3.0613558110560497,0.37431571947795506
rastrigin,lookahead_budgeted_exploration,lookahead_budgeted_exploration,29,10.341467556990198,8.711706996681396,3.125282902367203,0.37556680789137153
rastrigin,lookahead_budgeted_exploration,lookahead_budgeted_exploration,30,10.081469642424512,8.349686241910586,3.2075932577038273,0.3637138026967837
rastrigin,lookahead_budgeted_exploration,lookahead_budgeted_exploration,31,8.076289611103316,5.5826390043681124,3.2848407588181456,0.364568223744482
rastrigin,lookahead_budgeted_exploration,lookahead_budgeted_exploration,32,8.076289611103316,5.5826390043681124,3.4244950122922155,0.37896198492179667
rastrigin,lookahead_budgeted_exploration,lookahead_budgeted_exploration,33,8.076289611103316,5.5826390043681124,3.4978491066274313,0.36262909396423715
rastrigin,lookahead_budgeted_exploration,lookahead_budgeted_exploration,34,7.270562425471689,4.494960748189254,3.595703037631145,0.39148396214183134
rastrigin,lookahead_budgeted_exploration,lookahead_budgeted_exploration,35,7.270562425471689,4.494960748189254,3.7012811913351356,0.365215890518638
rastrigin,lookahead_budgeted_exploration,lookahead_budgeted_exploration,36,7.270562425471689,4.494960748189254,3.8389278823486617,0.33373678187873584
rastrigin,lookahead_budgeted_exploration,lookahead_budgeted_exploration,37,7.270562425471689,4.494960748189254,3.982969179444377,0.28115375767315276
rastrigin,lookahead_budgeted_exploration,lookahead_budgeted_exploration,38,7.270562425471689,4.494960748189254,4.077649916525897,0.21576038249522997
rastrigin,lookahead_budgeted_exploration,lookahead_budgeted_exploration,39,7.270562425471689,4.494960748189254,4.168063825368997,0.1809504452354554
rastrigin,lookahead_budgeted_exploration,lookahead_budgeted_exploration,40,7.270562425471689,4.494960748189254,4.272153824077936,0.17931371462157708
rastrigin,lookahead_budgeted_exploration,lookahead_budgeted_exploration,41,7.270562425471689,4.494960748189254,4.338585051262427,0.17018526193361402
rastrigin,lookahead_budgeted_exploration,lookahead_budgeted_exploration,42,7.270562425471689,4.494960748189254,4.4178646779067385,0.16081095757995917
rastrigin,lookahead_budgeted_exploration,lookahead_budgeted_exploration,43,6.662267236093623,4.729567188065127,4.501680281557506,0.18584956333181085
rastrigin,lookahead_budgeted_exploration,lookahead_budgeted_exploration,44,6.662267236093623,4.729567188065127,4.622880538120625,0.1763500943781912
rastrigin,lookahead_budgeted_exploration,lookahead_budgeted_exploration,45,6.662267236093623,4.729567188065127,4.760406902156572,0.13798297273603632
rastrigin,lookahead_budgeted_exploration,lookahead_budgeted_exploration,46,6.662267236093623,4.729567188065127,4.865421130915922,0.1183485840464139
rastrigin,lookahead_budgeted_exploration,lookahead_budgeted_exploration,47,6.662267236093623,4.729567188065127,4.959899600012754,0.15869658756463553
rastrigin,lookahead_budgeted_exploration,lookahead_budgeted_exploration,48,4.581094557032311,1.8816701160987204,5.084357360398406,0.17706855025681312
rastrigin,lookahead_budgeted_exploration,lookahead_budgeted_exploration,49,4.581094557032311,1.8816701160987204,5.196566693303224,0.13703769307084465
schwefel,pure_bo,pure_bo,0,663.5093467709976,153.5651152566245,0.5986775998654358,0.19416754011038875
schwefel,pure_bo,pure_bo,1,663.5093467709976,153.5651152566245,1.2716952868657199,0.4106208844733044
schwefel,pure_bo,pure_bo,2,663.5093467709976,153.5651152566245,1.8641451996610978,0.45214545008799817
schwefel,pure_bo,pure_bo,3,663.5093467709976,153.5651152566245,2.2324830783093597,0.3267225333694325
schwefel,pure_bo,pure_bo,4,663.5093467709976,153.5651152566245,2.930168169324809,0.45397909261658864
schwefel,pure_bo,pure_bo,5,663.5093467709976,153.5651152566245,3.4811630696892837,0.4204107101564555
schwefel,pure_bo,pure_bo,6,655.1369981538156,141.73013243044002,4.182413477894131,0.32985621667579046
schwefel,pure_bo,pure_bo,7,655.1369981538156,141.73013243044002,4.738718294617744,0.22903332120219722
schwefel,pure_bo,pure_bo,8,655.1369981538156,141.73013243044002,5.270171159926698,0.19117113525005072
schwefel,pure_bo,pure_bo,9,655.1161503240734,141.700663466121,6.112720768978459,0.26024714210915134
schwefel,pure_bo,pure_bo,10,655.1161503240734,141.700663466121,6.812869741490396,0.2545260105787403
schwefel,pure_bo,pure_bo,11,655.1161503240734,141.700663466121,7.469213323669202,0.6900493133734273
schwefel,pure_bo,pure_bo,12,594.2003363579169,55.65933558414766,8.027331956709025,1.2058621271323304
schwefel,pure_bo,pure_bo,13,594.2003363579169,55.65933558414766,8.312181915363867,1.4090292065432495
schwefel,pure_bo,pure_bo,14,594.2003363579169,55.65933558414766,8.7608372724336,1.6710035114745045
schwefel,pure_bo,pure_bo,15,590.995242017268,51.14220243123093,9.083093524512256,2.0254835888441995
schwefel,pure_bo,pure_bo,16,590.995242017268,51.14220243123093,9.36245295569689,2.2807817790498732
schwefel,pure_bo,pure_bo,17,590.995242017268,51.14220243123093,9.525461047297005,2.3482115267860775
schwefel,pure_bo,pure_bo,18,551.2497874542545,90.60282835621207,9.914088439821207,2.1147031605579696
schwefel,pure_bo,pure_bo,19,551.2497874542545,90.60282835621207,10.391544391270576,2.4884245871137125
schwefel,pure_bo,pure_bo,20,551.2497874542545,90.60282835621207,10.509648952836445,2.4253526828457073
schwefel,pure_bo,pure_bo,21,551.2497874542545,90.60282835621207,10.670796214865929,2.3818933209102
schwefel,pure_bo,pure_bo,22,551.2497874542545,90.60282835621207,10.762700526188857,2.3479048494819352
schwefel,pure_bo,pure_bo,23,551.2497874542545,90.60282835621207,10.93593045145744,2.3323240091399753
schwefel,pure_bo,pure_bo,24,551.2497874542545,90.60282835621207,11.170061572440433,2.3340538803401767
schwefel,pure_bo,pure_bo,25,551.2497874542545,90.60282835621207,11.45137324329646,2.3680477511112374
schwefel,pure_bo,pure_bo,26,551.2497874542545,90.60282835621207,11.720271420516132,2.4525012133982624
schwefel,pure_bo,pure_bo,27,551.2497874542545,90.60282835621207,11.938945328407726,2.539361210232206
schwefel,pure_bo,pure_bo,28,551.2497874542545,90.60282835621207,12.406838849942865,2.4458150478207963
schwefel,pure_bo,pure_bo,29,551.2497874542545,90.60282835621207,12.483106157851141,2.4051853188494188
schwefel,pure_bo,pure_bo,30,551.2497874542545,90.60282835621207,12.56427957997991,2.4145554956826114
schwefel,pure_bo,pure_bo,31,551.2497874542545,90.60282835621207,12.802592779679642,2.1691532847843567
schwefel,pure_bo,pure_bo,32,519.1019130802864,55.5652447886826,13.371123214425403,2.2608118251355025
schwefel,pure_bo,pure_bo,33,519.1019130802864,55.5652447886826,13.72853909675998,2.660683714187522
schwefel,pure_bo,pure_bo,34,519.1019130802864,55.5652447886826,14.05759585592695,3.0197828038049606
schwefel,pure_bo,pure_bo,35,519.1019130802864,55.5652447886826,14.409076243416704,3.421101095299614
schwefel,pure_bo,pure_bo,36,501.58613879529577,45.132121674980986,14.717260682872466,3.7976133875093274
schwefel,pure_bo,pure_bo,37,501.58613879529577,45.132121674980986,15.190831611301947,4.110337921775996
schwefel,pure_bo,pure_bo,38,501.58613879529577,45.132121674980986,15.355892366799928,4.024948965688389
schwefel,pure_bo,pure_bo,39,501.58613879529577,45.132121674980986,15.61955790394965,3.9624812162778733
schwefel,pure_bo,pure_bo,40,501.58613879529577,45.132121674980986,15.823295578013264,3.858870846939887
schwefel,pure_bo,pure_bo,41,501.58613879529577,45.132121674980986,16.220441394568493,3.9194309845631676
schwefel,pure_bo,pure_bo,42,501.58613879529577,45.132121674980986,16.416628792000008,3.847060151984131
schwefel,pure_bo,pure_bo,43,501.58613879529577,45.132121674980986,16.870963976164166,4.130612009821494
schwefel,pure_bo,pure_bo,44,501.58613879529577,45.132121674980986,17.296246860858812,4.4188902965739665
schwefel,pure_bo,pure_bo,45,501.58613879529577,45.132121674980986,17.824765718957305,4.524947166835103
schwefel,pure_bo,pure_bo,46,501.58613879529577,45.132121674980986,18.444244804789154,4.6506526896497835
schwefel,pure_bo,pure_bo,47,501.58613879529577,45.132121674980986,18.642166475559986,4.634251049435581
schwefel,pure_bo,pure_bo,48,501.58613879529577,45.132121674980986,18.706745732804677,4.6840048548426125
schwefel,pure_bo,pure_bo,49,501.58613879529577,45.132121674980986,18.88911541493128,4.861452940293235
schwefel,earlbo,earlbo,0,663.5093467709977,153.56511525662447,0.8527653229007516,0.07085958982074707
schwefel,earlbo,earlbo,1,663.5093467709977,153.56511525662447,1.0908573103570258,0.16627696256483887
schwefel,earlbo,earlbo,2,663.5093467709977,153.56511525662447,1.7281839998324644,0.6491335520989222
schwefel,earlbo,earlbo,3,663.5093467709977,153.56511525662447,2.2852941512279483,1.05898361129274
schwefel,earlbo,earlbo,4,663.5093467709977,153.56511525662447,2.6187595745715737,1.1030113368423968
schwefel,earlbo,earlbo,5,663.5093467709977,153.56511525662447,3.219167426006846,0.7676108207746821
schwefel,earlbo,earlbo,6,606.0882869916489,72.43071758565272,4.148736824816914,0.6746369327197796
schwefel,earlbo,earlbo,7,606.0882869916489,72.43071758565272,4.751627244504453,0.9120986071691819
schwefel,earlbo,earlbo,8,606.0882869916489,72.43071758565272,5.542076536018247,1.0176448768102164
schwefel,earlbo,earlbo,9,606.0882869916489,72.43071758565272,6.487731474308991,1.2643208448824002
schwefel,earlbo,earlbo,10,465.1391679090976,246.8099360138233,6.935868027092579,1.0119239723625242
schwefel,earlbo,earlbo,11,465.1391679090976,246.8099360138233,7.132270293304522,1.1020979579572148
schwefel,earlbo,earlbo,12,465.1391679090976,246.8099360138233,7.4924112081426335,1.1040816011966341
schwefel,earlbo,earlbo,13,465.1391679090976,246.8099360138233,8.058267885031684,1.3705254267904157
schwefel,earlbo,earlbo,14,465.1391679090976,246.8099360138233,8.658210201362138,1.4812767694423767
schwefel,earlbo,earlbo,15,465.1391679090976,246.8099360138233,9.441579487213277,1.7939574119477144
schwefel,earlbo,earlbo,16,465.1391679090976,246.8099360138233,9.880353321222048,1.8217218529487718
schwefel,earlbo,earlbo,17,465.1391679090976,246.8099360138233,10.686773106960826,1.953486734176257
schwefel,earlbo,earlbo,18,465.1391679090976,246.8099360138233,11.326059672301612,2.103735279809149
schwefel,earlbo,earlbo,19,465.1391679090976,246.8099360138233,11.622363163939804,2.176367743831565
schwefel,earlbo,earlbo,20,465.1391679090976,246.8099360138233,12.357346937313642,2.3725958795640087
schwefel,earlbo,earlbo,21,465.1391679090976,246.8099360138233,12.544444854865967,2.385971043227136
schwefel,earlbo,earlbo,22,465.1391679090976,246.8099360138233,13.366306435276643,2.816539978586787
schwefel,earlbo,earlbo,23,465.1391679090976,246.8099360138233,14.373759321469223,3.0462743381817687
schwefel,earlbo,earlbo,24,465.1391679090976,246.8099360138233,15.216280594054055,3.2183555068325043
schwefel,earlbo,earlbo,25,465.1391679090976,246.8099360138233,15.919505159791528,3.638675423227201
schwefel,earlbo,earlbo,26,429.51653003641303,214.7716835685921,16.413520567002504,3.782010860372185
schwefel,earlbo,earlbo,27,429.51653003641303,214.7716835685921,16.83245665289049,3.6846284650861723
schwefel,earlbo,earlbo,28,429.51653003641303,214.7716835685921,17.48158951189593,3.9554956048564316
schwefel,earlbo,earlbo,29,429.51653003641303,214.7716835685921,18.23616319802573,4.207708883350286
schwefel,earlbo,earlbo,30,429.51653003641303,214.7716835685921,18.944287559191434,4.247951232037444
schwefel,earlbo,earlbo,31,429.51653003641303,214.7716835685921,19.638117146418278,4.4019490949589795
schwefel,earlbo,earlbo,32,429.51653003641303,214.7716835685921,20.40452663099531,4.738087851633791
schwefel,earlbo,earlbo,33,429.51653003641303,214.7716835685921,20.75297800055288,4.7559766408404265
schwefel,earlbo,earlbo,34,429.51653003641303,214.7716835685921,21.17503891136343,4.897463307470553
schwefel,earlbo,earlbo,35,429.51653003641303,214.7716835685921,21.96687878578,5.281006369777148
schwefel,earlbo,earlbo,36,429.51653003641303,214.7716835685921,22.516359396247026,5.319400853512369
schwefel,earlbo,earlbo,37,429.51653003641303,214.7716835685921,23.320970893833252,5.569249822169768
schwefel,earlbo,earlbo,38,429.51653003641303,214.7716835685921,24.277429693355618,5.518162855297184
schwefel,earlbo,earlbo,39,429.51653003641303,214.7716835685921,25.442666211928028,5.619635470848281
schwefel,earlbo,earlbo,40,417.4380018054123,207.98431744661292,26.09649042543943,5.825724806570947
schwefel,earlbo,earlbo,41,417.4380018054123,207.98431744661292,26.642515020799465,6.014194660952965
schwefel,earlbo,earlbo,42,417.4380018054123,207.98431744661292,27.12129905147133,6.336525846996012
schwefel,earlbo,earlbo,43,417.4380018054123,207.98431744661292,27.539367652417663,6.430519879391874
schwefel,earlbo,earlbo,44,417.4380018054123,207.98431744661292,28.200349966346806,6.64187944552004
schwefel,earlbo,earlbo,45,417.4380018054123,207.98431744661292,29.109829550725653,6.926080368188081
schwefel,earlbo,earlbo,46,417.4380018054123,207.98431744661292,29.783147041648416,7.129647637119986
schwefel,earlbo,earlbo,47,417.4380018054123,207.98431744661292,30.29376107570717,7.281863628167474
schwefel,earlbo,earlbo,48,417.4380018054123,207.98431744661292,30.651067410051812,7.297333530409704
schwefel,earlbo,earlbo,49,417.4380018054123,207.98431744661292,31.314886289280263,7.362239388732391
schwefel,snake,snake,0,663.5093467709977,153.56511525662447,0.7626835966070357,0.060046645046755165
schwefel,snake,snake,1,663.5093467709977,153.56511525662447,1.0798308091146376,0.2590997380499509
schwefel,snake,snake,2,663.5093467709977,153.56511525662447,1.2803750598510166,0.3097964650230477
schwefel,snake,snake,3,663.5093467709977,153.56511525662447,1.5792049086309365,0.35846013344846933
schwefel,snake,snake,4,585.2694834246228,43.08067827268961,1.9433229108985846,0.45603862785973714
schwefel,snake,snake,5,585.2694834246228,43.08067827268961,2.2294940097160234,0.43700864916382237
schwefel,snake,snake,6,585.2694834246228,43.08067827268961,2.492066702188298,0.47223984076831915
schwefel,snake,snake,7,585.2694834246228,43.08067827268961,2.7433321933775097,0.39939795534773603
schwefel,snake,snake,8,585.2694834246228,43.08067827268961,2.9680060473643146,0.42489123247464244
schwefel,snake,snake,9,585.2694834246228,43.08067827268961,3.2489077908680914,0.3544106545683456
schwefel,snake,snake,10,585.2694834246228,43.08067827268961,3.3884586269974726,0.373079038909905
schwefel,snake,snake,11,585.2694834246228,43.08067827268961,3.5917326796043,0.3234617609457052
schwefel,snake,snake,12,585.2694834246228,43.08067827268961,3.8287774664172143,0.3565363758563829
schwefel,snake,snake,13,585.2694834246228,43.08067827268961,4.286505426592456,0.3184329461516594
schwefel,snake,snake,14,585.2694834246228,43.08067827268961,4.724476183495015,0.43913212245536665
schwefel,snake,snake,15,585.2694834246228,43.08067827268961,5.1370419371139455,0.5312275357750271
schwefel,snake,snake,16,585.2694834246228,43.08067827268961,5.529437960473227,0.49947243284431647
schwefel,snake,snake,17,585.2694834246228,43.08067827268961,5.840359631693704,0.4952922570697447
schwefel,snake,snake,18,585.2694834246228,43.08067827268961,6.186963410010416,0.7100506915364344
schwefel,snake,snake,19,585.2694834246228,43.08067827268961,6.550638531450647,0.7400815102795639
schwefel,snake,snake,20,585.2694834246228,43.08067827268961,7.1457845374388,0.9491703510146795
schwefel,snake,snake,21,585.2694834246228,43.08067827268961,7.693107304271936,1.138163357334598
schwefel,snake,snake,22,585.2694834246228,43.08067827268961,8.081479961923613,1.1306236312359024
schwefel,snake,snake,23,556.6938418916649,5.0462659660939835,8.406043607507028,1.1480833092073481
schwefel,snake,snake,24,556.6938418916649,5.0462659660939835,8.74005441845315,1.047193994627832
schwefel,snake,snake,25,515.190404556638,56.426143405675084,9.066461603040349,1.1353640165183723
schwefel,snake,snake,26,515.190404556638,56.426143405675084,9.552227499989316,1.2018583614493423
schwefel,snake,snake,27,515.190404556638,56.426143405675084,9.883157827954564,1.211506783482532
schwefel,snake,snake,28,515.190404556638,56.426143405675084,10.311959509915404,1.4556755638437566
schwefel,snake,snake,29,515.190404556638,56.426143405675084,10.579443612523947,1.427206178154129
schwefel,snake,snake,30,515.190404556638,56.426143405675084,10.78299195084574,1.5164211006652566
schwefel,snake,snake,31,515.190404556638,56.426143405675084,11.180150057906467,1.5050997263468455
schwefel,snake,snake,32,515.190404556638,56.426143405675084,11.433619776409435,1.4934424502204642
schwefel,snake,snake,33,515.190404556638,56.426143405675084,11.911092769545705,1.5137044712262155
schwefel,snake,snake,34,515.190404556638,56.426143405675084,12.420733161750066,1.48523238104068
schwefel,snake,snake,35,515.190404556638,56.426143405675084,12.644514970699356,1.5591718811859303
schwefel,snake,snake,36,515.190404556638,56.426143405675084,13.05550910447767,1.532771721166901
schwefel,snake,snake,37,515.190404556638,56.426143405675084,13.56684463806107,1.5210522093745948
schwefel,snake,snake,38,515.190404556638,56.426143405675084,13.922914580962987,1.5168670719287316
schwefel,snake,snake,39,515.190404556638,56.426143405675084,14.280797491298188,1.4471739946700748
schwefel,snake,snake,40,509.7479723082352,53.56357868732522,14.688812149279542,1.6419308871627336
schwefel,snake,snake,41,509.7479723082352,53.56357868732522,14.932837747592158,1.4782771595978368
schwefel,snake,snake,42,509.7479723082352,53.56357868732522,15.24524936107754,1.4906485807030194
schwefel,snake,snake,43,509.7479723082352,53.56357868732522,15.62886056685448,1.5065246278502753
schwefel,snake,snake,44,509.7479723082352,53.56357868732522,15.949415670274808,1.6842009831219074
schwefel,snake,snake,45,509.7479723082352,53.56357868732522,16.283216227385054,1.7696218007591633
schwefel,snake,snake,46,509.7479723082352,53.56357868732522,16.503578524823396,1.778853102794947
schwefel,snake,snake,47,509.7479723082352,53.56357868732522,16.75465493518955,1.6924137625156217
schwefel,snake,snake,48,509.7479723082352,53.56357868732522,17.068482136354067,1.6975106351224725
schwefel,snake,snake,49,509.7479723082352,53.56357868732522,17.42985098151584,1.936408131796684
schwefel,log_improvement_movement_cost3,log_improvement_movement_cost3,0,663.5093467709977,153.56511525662447,0.74968373914365,0.09587649580188135
schwefel,log_improvement_movement_cost3,log_improvement_movement_cost3,1,663.5093467709977,153.56511525662447,1.3386920714149246,0.3670882241473351
schwefel,log_improvement_movement_cost3,log_improvement_movement_cost3,2,663.5093467709977,153.56511525662447,1.8684482980814099,0.6334993471722757
schwefel,log_improvement_movement_cost3,log_improvement_movement_cost3,3,650.5800809748511,135.28895662764754,2.2356596700441185,0.5268217379188334
schwefel,log_improvement_movement_cost3,log_improvement_movement_cost3,4,594.5429456684777,56.14234392727893,2.489135643423854,0.28838894614437227
schwefel,log_improvement_movement_cost3,log_improvement_movement_cost3,5,594.5429456684777,56.14234392727893,2.59093301076583,0.27953233202339006
schwefel,log_improvement_movement_cost3,log_improvement_movement_cost3,6,594.5429456684777,56.14234392727893,2.667327717979592,0.27601440409090566
schwefel,log_improvement_movement_cost3,log_improvement_movement_cost3,7,576.0070548752541,30.080619135141824,2.7414570444736053,0.2580338157161244
schwefel,log_improvement_movement_cost3,log_improvement_movement_cost3,8,576.0070548752541,30.080619135141824,2.8055242958071127,0.2605922249081763
schwefel,log_improvement_movement_cost3,log_improvement_movement_cost3,9,576.0070548752541,30.080619135141824,3.1453193317658754,0.4788277364805017
schwefel,log_improvement_movement_cost3,log_improvement_movement_cost3,10,576.0070548752541,30.080619135141824,3.5599884506550943,0.6820487865519053
schwefel,log_improvement_movement_cost3,log_improvement_movement_cost3,11,509.2176587083586,64.43958167380357,3.727929165339853,0.7066333285485786
schwefel,log_improvement_movement_cost3,log_improvement_movement_cost3,12,475.29637133209366,61.303485196585235,3.8263021046377634,0.7219273618266464
schwefel,log_improvement_movement_cost3,log_improvement_movement_cost3,13,475.29637133209366,61.303485196585235,3.9631379288142257,0.7559241853328484
schwefel,log_improvement_movement_cost3,log_improvement_movement_cost3,14,446.9956724506762,83.37245872122229,4.287081978597596,0.8905308199900529
schwefel,log_improvement_movement_cost3,log_improvement_movement_cost3,15,446.9956724506762,83.37245872122229,4.774943624622077,0.8251185269905044
schwefel,log_improvement_movement_cost3,log_improvement_movement_cost3,16,446.9956724506762,83.37245872122229,5.109664143098212,0.691274040800928
schwefel,log_improvement_movement_cost3,log_improvement_movement_cost3,17,446.9956724506762,83.37245872122229,5.31212118108053,0.7051950440057456
schwefel,log_improvement_movement_cost3,log_improvement_movement_cost3,18,446.9956724506762,83.37245872122229,5.475137259521696,0.6907906232887416
schwefel,log_improvement_movement_cost3,log_improvement_movement_cost3,19,446.9956724506762,83.37245872122229,5.591922630551717,0.7487834934080891
schwefel,log_improvement_movement_cost3,log_improvement_movement_cost3,20,446.9956724506762,83.37245872122229,5.699353654872656,0.8411237616431361
schwefel,log_improvement_movement_cost3,log_improvement_movement_cost3,21,446.9956724506762,83.37245872122229,5.851149424647425,0.826860902451441
schwefel,log_improvement_movement_cost3,log_improvement_movement_cost3,22,446.9956724506762,83.37245872122229,6.390639099430845,0.8137073044853431
schwefel,log_improvement_movement_cost3,log_improvement_movement_cost3,23,446.9956724506762,83.37245872122229,6.846480458128791,1.0012772969075467
schwefel,log_improvement_movement_cost3,log_improvement_movement_cost3,24,446.9956724506762,83.37245872122229,7.049564572978817,1.1183558085958376
schwefel,log_improvement_movement_cost3,log_improvement_movement_cost3,25,446.9956724506762,83.37245872122229,7.46027523201564,1.357513240678225
schwefel,log_improvement_movement_cost3,log_improvement_movement_cost3,26,446.9956724506762,83.37245872122229,7.743084349890324,1.5087577881745522
schwefel,log_improvement_movement_cost3,log_improvement_movement_cost3,27,446.9956724506762,83.37245872122229,8.303721250525781,1.5814113540290031
schwefel,log_improvement_movement_cost3,log_improvement_movement_cost3,28,446.9956724506762,83.37245872122229,8.963865045548525,1.528645110402127
schwefel,log_improvement_movement_cost3,log_improvement_movement_cost3,29,446.9956724506762,83.37245872122229,9.291527574636527,1.5364551551619454
schwefel,log_improvement_movement_cost3,log_improvement_movement_cost3,30,446.9956724506762,83.37245872122229,9.804169548847701,1.7855835224507657
schwefel,log_improvement_movement_cost3,log_improvement_movement_cost3,31,446.9956724506762,83.37245872122229,10.160257725302062,2.0544318455957296
schwefel,log_improvement_movement_cost3,log_improvement_movement_cost3,32,446.9956724506762,83.37245872122229,10.218444041476289,2.0476290136713917
schwefel,log_improvement_movement_cost3,log_improvement_movement_cost3,33,446.9956724506762,83.37245872122229,10.364860350556064,2.116274476993067
schwefel,log_improvement_movement_cost3,log_improvement_movement_cost3,34,446.9956724506762,83.37245872122229,10.515725063708416,2.2151794968767056
schwefel,log_improvement_movement_cost3,log_improvement_movement_cost3,35,446.9956724506762,83.37245872122229,10.869583507075427,2.368685305139375
schwefel,log_improvement_movement_cost3,log_improvement_movement_cost3,36,446.9956724506762,83.37245872122229,11.57802211858187,2.161918736092198
schwefel,log_improvement_movement_cost3,log_improvement_movement_cost3,37,446.9956724506762,83.37245872122229,12.289502429324594,1.993129236540284
schwefel,log_improvement_movement_cost3,log_improvement_movement_cost3,38,446.9956724506762,83.37245872122229,12.88458020951542,2.0561463012563936
schwefel,log_improvement_movement_cost3,log_improvement_movement_cost3,39,446.9956724506762,83.37245872122229,13.079681420927548,1.8649930751404569
schwefel,log_improvement_movement_cost3,log_improvement_movement_cost3,40,446.9956724506762,83.37245872122229,13.412648336499508,1.8038252644662398
schwefel,log_improvement_movement_cost3,log_improvement_movement_cost3,41,446.9956724506762,83.37245872122229,13.718226519817604,1.843929846297599
schwefel,log_improvement_movement_cost3,log_improvement_movement_cost3,42,446.9956724506762,83.37245872122229,14.123502828214155,1.991191723319829
schwefel,log_improvement_movement_cost3,log_improvement_movement_cost3,43,446.9956724506762,83.37245872122229,14.661060110927396,2.19608492111704
schwefel,log_improvement_movement_cost3,log_improvement_movement_cost3,44,446.9956724506762,83.37245872122229,15.413547477590152,1.989691365955774
schwefel,log_improvement_movement_cost3,log_improvement_movement_cost3,45,446.9956724506762,83.37245872122229,15.793647190138293,1.6239209032629294
schwefel,log_improvement_movement_cost3,log_improvement_movement_cost3,46,395.3611035008005,145.02124253188188,16.524161660059892,1.4128743422843795
schwefel,log_improvement_movement_cost3,log_improvement_movement_cost3,47,395.3611035008005,145.02124253188188,17.179755727276085,1.307576637241167
schwefel,log_improvement_movement_cost3,log_improvement_movement_cost3,48,395.3611035008005,145.02124253188188,17.391081360487075,1.3574244491605405
schwefel,log_improvement_movement_cost3,log_improvement_movement_cost3,49,395.3611035008005,145.02124253188188,17.626304565547592,1.3355775036661512
schwefel,optimistic_selected,optimistic_improvement_movement_cost3,0,663.5093467709977,153.56511525662447,0.6884775426661661,0.09870308193869062
schwefel,optimistic_selected,optimistic_improvement_movement_cost3,1,663.5093467709977,153.56511525662447,1.303400182566406,0.33082624166789304
schwefel,optimistic_selected,optimistic_improvement_movement_cost3,2,486.2504710153001,78.33240740086902,1.7915615483344371,0.6726256552162817
schwefel,optimistic_selected,optimistic_improvement_movement_cost3,3,486.2504710153001,78.33240740086902,1.9531794333791186,0.5541867271457579
schwefel,optimistic_selected,optimistic_improvement_movement_cost3,4,486.2504710153001,78.33240740086902,2.2754266290896865,0.6317343280944084
schwefel,optimistic_selected,optimistic_improvement_movement_cost3,5,486.2504710153001,78.33240740086902,2.46227644089547,0.7922192535102625
schwefel,optimistic_selected,optimistic_improvement_movement_cost3,6,423.30296032188335,90.19111222479714,2.5482091027516747,0.7849447253718486
schwefel,optimistic_selected,optimistic_improvement_movement_cost3,7,423.30296032188335,90.19111222479714,2.643079578845273,0.7352478575143878
schwefel,optimistic_selected,optimistic_improvement_movement_cost3,8,351.0506058964722,159.46685529649466,2.722571733735768,0.705085239438835
schwefel,optimistic_selected,optimistic_improvement_movement_cost3,9,351.0506058964722,159.46685529649466,3.071369248774392,0.5758590703591083
schwefel,optimistic_selected,optimistic_improvement_movement_cost3,10,351.0506058964722,159.46685529649466,3.552075809269507,0.5580392070682494
schwefel,optimistic_selected,optimistic_improvement_movement_cost3,11,351.0506058964722,159.46685529649466,3.7063349131708443,0.3795109491597902
schwefel,optimistic_selected,optimistic_improvement_movement_cost3,12,351.0506058964722,159.46685529649466,3.7678663367222067,0.3480825481691198
schwefel,optimistic_selected,optimistic_improvement_movement_cost3,13,351.0506058964722,159.46685529649466,3.8303905307103108,0.34444870715001363
schwefel,optimistic_selected,optimistic_improvement_movement_cost3,14,259.60274057660706,76.4777271807809,4.006377146405851,0.22544529566502108
schwefel,optimistic_selected,optimistic_improvement_movement_cost3,15,259.60274057660706,76.4777271807809,4.282674986742039,0.2144628286177579
schwefel,optimistic_selected,optimistic_improvement_movement_cost3,16,259.60274057660706,76.4777271807809,4.517014625923167,0.08864360695222513
schwefel,optimistic_selected,optimistic_improvement_movement_cost3,17,259.60274057660706,76.4777271807809,4.62749347372021,0.07828926244145111
schwefel,optimistic_selected,optimistic_improvement_movement_cost3,18,259.60274057660706,76.4777271807809,4.771532110299108,0.045174200979592134
schwefel,optimistic_selected,optimistic_improvement_movement_cost3,19,259.60274057660706,76.4777271807809,4.985226185000111,0.19803323161449343
schwefel,optimistic_selected,optimistic_improvement_movement_cost3,20,259.60274057660706,76.4777271807809,5.345147872499676,0.388643615878025
schwefel,optimistic_selected,optimistic_improvement_movement_cost3,21,259.60274057660706,76.4777271807809,5.447335346096452,0.4255261421439545
schwefel,optimistic_selected,optimistic_improvement_movement_cost3,22,259.60274057660706,76.4777271807809,5.801331561646016,0.6416164022823914
schwefel,optimistic_selected,optimistic_improvement_movement_cost3,23,259.60274057660706,76.4777271807809,6.143487796325972,0.8486931624207731
schwefel,optimistic_selected,optimistic_improvement_movement_cost3,24,259.60274057660706,76.4777271807809,6.446269062583542,0.8839831963301307
schwefel,optimistic_selected,optimistic_improvement_movement_cost3,25,259.60274057660706,76.4777271807809,6.897674968551441,1.1640340576875865
schwefel,optimistic_selected,optimistic_improvement_movement_cost3,26,259.60274057660706,76.4777271807809,7.1613343018077815,1.3803731221921587
schwefel,optimistic_selected,optimistic_improvement_movement_cost3,27,259.60274057660706,76.4777271807809,7.60558869720606,1.3100536498627398
schwefel,optimistic_selected,optimistic_improvement_movement_cost3,28,259.60274057660706,76.4777271807809,8.16632232353433,1.1476309162647174
schwefel,optimistic_selected,optimistic_improvement_movement_cost3,29,259.60274057660706,76.4777271807809,8.428400651972133,1.0701482118938097
schwefel,optimistic_selected,optimistic_improvement_movement_cost3,30,259.60274057660706,76.4777271807809,8.814473530529895,1.2809657188808512
schwefel,optimistic_selected,optimistic_improvement_movement_cost3,31,259.60274057660706,76.4777271807809,9.141794042861934,1.4855930303165803
schwefel,optimistic_selected,optimistic_improvement_movement_cost3,32,259.60274057660706,76.4777271807809,9.236879950721605,1.4727606023911628
schwefel,optimistic_selected,optimistic_improvement_movement_cost3,33,259.60274057660706,76.4777271807809,9.490832396196295,1.6630033792643721
schwefel,optimistic_selected,optimistic_improvement_movement_cost3,34,259.60274057660706,76.4777271807809,9.750592166764974,1.9007342607023776
schwefel,optimistic_selected,optimistic_improvement_movement_cost3,35,259.60274057660706,76.4777271807809,10.128469981659943,2.0146136854630954
schwefel,optimistic_selected,optimistic_improvement_movement_cost3,36,259.60274057660706,76.4777271807809,11.055634951163512,1.9411072488699699
schwefel,optimistic_selected,optimistic_improvement_movement_cost3,37,259.60274057660706,76.4777271807809,11.604265852120632,1.665275263878312
schwefel,optimistic_selected,optimistic_improvement_movement_cost3,38,259.60274057660706,76.4777271807809,12.063944947352326,1.6426769664156498
schwefel,optimistic_selected,optimistic_improvement_movement_cost3,39,259.60274057660706,76.4777271807809,12.185415175237862,1.5357995300230531
schwefel,optimistic_selected,optimistic_improvement_movement_cost3,40,259.60274057660706,76.4777271807809,12.586882579030162,1.4861683058094801
schwefel,optimistic_selected,optimistic_improvement_movement_cost3,41,259.60274057660706,76.4777271807809,12.976116967524417,1.4958913438018682
schwefel,optimistic_selected,optimistic_improvement_movement_cost3,42,259.60274057660706,76.4777271807809,13.331279269022474,1.4592658316328453
schwefel,optimistic_selected,optimistic_improvement_movement_cost3,43,259.60274057660706,76.4777271807809,13.829933682654108,1.6836037141850053
schwefel,optimistic_selected,optimistic_improvement_movement_cost3,44,259.60274057660706,76.4777271807809,14.525809036052616,1.4297136864137712
schwefel,optimistic_selected,optimistic_improvement_movement_cost3,45,259.60274057660706,76.4777271807809,14.866572743986538,1.0567403376396478
schwefel,optimistic_selected,optimistic_improvement_movement_cost3,46,259.60274057660706,76.4777271807809,15.444765269003128,0.9036801511814813
schwefel,optimistic_selected,optimistic_improvement_movement_cost3,47,259.60274057660706,76.4777271807809,16.06626192405274,0.839977081633931
schwefel,optimistic_selected,optimistic_improvement_movement_cost3,48,259.60274057660706,76.4777271807809,16.24437352967959,0.9403689019028806
schwefel,optimistic_selected,optimistic_improvement_movement_cost3,49,259.60274057660706,76.4777271807809,16.50384967272362,0.9570796668888327
schwefel,budgeted_exploration,budgeted_exploration,0,663.5093467709977,153.56511525662447,0.8776515915289876,0.11858745673557873
schwefel,budgeted_exploration,budgeted_exploration,1,663.5093467709977,153.56511525662447,1.3961876397915844,0.33969607768369303
schwefel,budgeted_exploration,budgeted_exploration,2,663.5093467709977,153.56511525662447,1.9450563808779595,0.6383651660220919
schwefel,budgeted_exploration,budgeted_exploration,3,663.5093467709977,153.56511525662447,2.4622260018170237,0.3419362540608646
schwefel,budgeted_exploration,budgeted_exploration,4,615.7108920648275,86.0178194936261,2.8933612124978807,0.16073250214742993
schwefel,budgeted_exploration,budgeted_exploration,5,615.7108920648275,86.0178194936261,3.1349004650789305,0.16457478525942187
schwefel,budgeted_exploration,budgeted_exploration,6,615.7108920648275,86.0178194936261,3.3300518261446146,0.15412775838506354
schwefel,budgeted_exploration,budgeted_exploration,7,615.7108920648275,86.0178194936261,3.426953378593885,0.14607801936211914
schwefel,budgeted_exploration,budgeted_exploration,8,615.7108920648275,86.0178194936261,3.523111806154578,0.14722010332458843
schwefel,budgeted_exploration,budgeted_exploration,9,548.6606814184578,9.95241393453935,3.9101452815914315,0.3847839807989781
schwefel,budgeted_exploration,budgeted_exploration,10,548.6606814184578,9.95241393453935,4.197907334595912,0.24276362303277657
schwefel,budgeted_exploration,budgeted_exploration,11,548.6606814184578,9.95241393453935,4.490788084294256,0.20974800218810702
schwefel,budgeted_exploration,budgeted_exploration,12,547.4802672138675,11.472362395911233,4.636210898386696,0.2031060115179538
schwefel,budgeted_exploration,budgeted_exploration,13,547.4802672138675,11.472362395911233,4.739585782673939,0.21750004295738984
schwefel,budgeted_exploration,budgeted_exploration,14,547.4802672138675,11.472362395911233,4.901115097666577,0.22324657634049588
schwefel,budgeted_exploration,budgeted_exploration,15,547.4802672138675,11.472362395911233,5.28484996855996,0.340457404434749
schwefel,budgeted_exploration,budgeted_exploration,16,547.4802672138675,11.472362395911233,5.577826175447661,0.4205904705893503
schwefel,budgeted_exploration,budgeted_exploration,17,547.4802672138675,11.472362395911233,5.796213656361638,0.5822730565329681
schwefel,budgeted_exploration,budgeted_exploration,18,547.4802672138675,11.472362395911233,6.064024151061733,0.7866441435633129
schwefel,budgeted_exploration,budgeted_exploration,19,547.4802672138675,11.472362395911233,6.307354839406717,0.7070503039910676
schwefel,budgeted_exploration,budgeted_exploration,20,547.4802672138675,11.472362395911233,6.544058668987504,0.6767886037806
schwefel,budgeted_exploration,budgeted_exploration,21,547.4802672138675,11.472362395911233,6.824254099721256,0.5375193334685007
schwefel,budgeted_exploration,budgeted_exploration,22,547.4802672138675,11.472362395911233,7.258373698016507,0.5917524463253009
schwefel,budgeted_exploration,budgeted_exploration,23,518.2363443803162,41.47859242650192,7.5804760395121695,0.7418446731394971
schwefel,budgeted_exploration,budgeted_exploration,24,508.141732173048,55.34564951143613,7.909384463471817,0.8483653525944953
schwefel,budgeted_exploration,budgeted_exploration,25,508.141732173048,55.34564951143613,8.407192591592478,1.126731711463679
schwefel,budgeted_exploration,budgeted_exploration,26,508.141732173048,55.34564951143613,8.701612217875017,1.2012882460361807
schwefel,budgeted_exploration,budgeted_exploration,27,508.141732173048,55.34564951143613,9.080517593678445,1.1940330402441641
schwefel,budgeted_exploration,budgeted_exploration,28,508.141732173048,55.34564951143613,9.456818161010816,1.256400100931365
schwefel,budgeted_exploration,budgeted_exploration,29,457.9040956869005,125.72614328788025,9.766612472724843,1.2510776824469003
schwefel,budgeted_exploration,budgeted_exploration,30,457.9040956869005,125.72614328788025,9.944369112522926,1.2744415134309617
schwefel,budgeted_exploration,budgeted_exploration,31,457.9040956869005,125.72614328788025,10.123343879193607,1.354649361843666
schwefel,budgeted_exploration,budgeted_exploration,32,457.9040956869005,125.72614328788025,10.291274491307243,1.355318785480934
schwefel,budgeted_exploration,budgeted_exploration,33,457.9040956869005,125.72614328788025,10.490083695050231,1.430591314301704
schwefel,budgeted_exploration,budgeted_exploration,34,457.9040956869005,125.72614328788025,10.719276189945885,1.5087085333870385
schwefel,budgeted_exploration,budgeted_exploration,35,457.9040956869005,125.72614328788025,11.26414727019674,1.6395352086718593
schwefel,budgeted_exploration,budgeted_exploration,36,457.9040956869005,125.72614328788025,12.192880198714017,1.6736300851811678
schwefel,budgeted_exploration,budgeted_exploration,37,457.9040956869005,125.72614328788025,12.87976517165801,1.779420145336196
schwefel,budgeted_exploration,budgeted_exploration,38,457.9040956869005,125.72614328788025,13.279970013946212,1.718793117949903
schwefel,budgeted_exploration,budgeted_exploration,39,457.9040956869005,125.72614328788025,13.524192295693853,1.5837634197313322
schwefel,budgeted_exploration,budgeted_exploration,40,424.5165416507725,172.8023690228633,13.868050673928293,1.5607299284953413
schwefel,budgeted_exploration,budgeted_exploration,41,424.5165416507725,172.8023690228633,14.247143404033343,1.532480772510536
schwefel,budgeted_exploration,budgeted_exploration,42,424.5165416507725,172.8023690228633,14.567796782809792,1.6406462059351299
schwefel,budgeted_exploration,budgeted_exploration,43,424.5165416507725,172.8023690228633,15.225902924812557,1.7726323216277813
schwefel,budgeted_exploration,budgeted_exploration,44,424.5165416507725,172.8023690228633,15.908621926105255,1.6742943289275414
schwefel,budgeted_exploration,budgeted_exploration,45,424.5165416507725,172.8023690228633,16.31644146683212,1.4331181174774494
schwefel,budgeted_exploration,budgeted_exploration,46,424.5165416507725,172.8023690228633,17.057330009038125,1.4589314009553953
schwefel,budgeted_exploration,budgeted_exploration,47,424.5165416507725,172.8023690228633,17.91708204753495,1.4635249287913352
schwefel,budgeted_exploration,budgeted_exploration,48,424.5165416507725,172.8023690228633,18.27610159457549,1.55158928904971
schwefel,budgeted_exploration,budgeted_exploration,49,424.5165416507725,172.8023690228633,18.625475554831564,1.677259417205228
schwefel,lookahead_budgeted_exploration,lookahead_budgeted_exploration,0,663.5093467709977,153.56511525662447,0.7520969765492459,0.052594932755982225
schwefel,lookahead_budgeted_exploration,lookahead_budgeted_exploration,1,611.2034507548639,79.65241394291803,1.275978065034421,0.30837245796067153
schwefel,lookahead_budgeted_exploration,lookahead_budgeted_exploration,2,611.2034507548639,79.65241394291803,1.81237762952696,0.6292435627862134
schwefel,lookahead_budgeted_exploration,lookahead_budgeted_exploration,3,611.2034507548639,79.65241394291803,2.196847680243673,0.5202129773143456
schwefel,lookahead_budgeted_exploration,lookahead_budgeted_exploration,4,611.2034507548639,79.65241394291803,2.480426615787682,0.257473464680838
schwefel,lookahead_budgeted_exploration,lookahead_budgeted_exploration,5,611.2034507548639,79.65241394291803,2.6108155781344764,0.20243242808103948
schwefel,lookahead_budgeted_exploration,lookahead_budgeted_exploration,6,573.3645364033462,117.78465337828875,2.7138255873573507,0.2232275833364998
schwefel,lookahead_budgeted_exploration,lookahead_budgeted_exploration,7,573.3645364033462,117.78465337828875,2.7752846135987252,0.23476253148535886
schwefel,lookahead_budgeted_exploration,lookahead_budgeted_exploration,8,573.3645364033462,117.78465337828875,2.8843260109299353,0.25593281409421803
schwefel,lookahead_budgeted_exploration,lookahead_budgeted_exploration,9,573.3645364033462,117.78465337828875,3.3381862529109068,0.6126211357413878
schwefel,lookahead_budgeted_exploration,lookahead_budgeted_exploration,10,573.3645364033462,117.78465337828875,3.7558614562101895,0.912500594484639
schwefel,lookahead_budgeted_exploration,lookahead_budgeted_exploration,11,573.3645364033462,117.78465337828875,3.821091746923909,0.9094400978007301
schwefel,lookahead_budgeted_exploration,lookahead_budgeted_exploration,12,555.4474709464865,139.4134389172817,3.901397753986911,0.9222499858252403
schwefel,lookahead_budgeted_exploration,lookahead_budgeted_exploration,13,537.4073850489027,118.39464838851637,4.048891504085785,1.010835161639224
schwefel,lookahead_budgeted_exploration,lookahead_budgeted_exploration,14,537.4073850489027,118.39464838851637,4.186348563628562,1.0374217009719937
schwefel,lookahead_budgeted_exploration,lookahead_budgeted_exploration,15,537.4073850489027,118.39464838851637,4.47864129420025,0.905865188841419
schwefel,lookahead_budgeted_exploration,lookahead_budgeted_exploration,16,537.4073850489027,118.39464838851637,4.719589243558473,0.7682432951197924
schwefel,lookahead_budgeted_exploration,lookahead_budgeted_exploration,17,537.4073850489027,118.39464838851637,5.063373494450107,0.5565149054086966
schwefel,lookahead_budgeted_exploration,lookahead_budgeted_exploration,18,537.4073850489027,118.39464838851637,5.443539380212123,0.507242805833395
schwefel,lookahead_budgeted_exploration,lookahead_budgeted_exploration,19,537.4073850489027,118.39464838851637,5.699768085269052,0.537064111587562
schwefel,lookahead_budgeted_exploration,lookahead_budgeted_exploration,20,537.4073850489027,118.39464838851637,5.939151870660196,0.6666204897903409
schwefel,lookahead_budgeted_exploration,lookahead_budgeted_exploration,21,537.4073850489027,118.39464838851637,6.166415233303454,0.8141845793926846
schwefel,lookahead_budgeted_exploration,lookahead_budgeted_exploration,22,537.4073850489027,118.39464838851637,6.478170443528444,0.8550379306358046
schwefel,lookahead_budgeted_exploration,lookahead_budgeted_exploration,23,537.4073850489027,118.39464838851637,6.754547334870828,0.9507482445382452
schwefel,lookahead_budgeted_exploration,lookahead_budgeted_exploration,24,537.4073850489027,118.39464838851637,7.072801075181772,1.1998847984832954
schwefel,lookahead_budgeted_exploration,lookahead_budgeted_exploration,25,537.4073850489027,118.39464838851637,7.468645979901784,1.3811229062512056
schwefel,lookahead_budgeted_exploration,lookahead_budgeted_exploration,26,537.4073850489027,118.39464838851637,7.6857279786797745,1.3221919380661031
schwefel,lookahead_budgeted_exploration,lookahead_budgeted_exploration,27,537.4073850489027,118.39464838851637,8.042896884261925,1.3287119711015585
schwefel,lookahead_budgeted_exploration,lookahead_budgeted_exploration,28,537.4073850489027,118.39464838851637,8.318195237620005,1.4133906107705025
schwefel,lookahead_budgeted_exploration,lookahead_budgeted_exploration,29,537.4073850489027,118.39464838851637,8.706371930412905,1.4215886844316892
schwefel,lookahead_budgeted_exploration,lookahead_budgeted_exploration,30,537.4073850489027,118.39464838851637,9.107950281480262,1.54764038877621
schwefel,lookahead_budgeted_exploration,lookahead_budgeted_exploration,31,537.4073850489027,118.39464838851637,9.390351829298861,1.7790707814251228
schwefel,lookahead_budgeted_exploration,lookahead_budgeted_exploration,32,537.4073850489027,118.39464838851637,9.548670897694107,1.7555138448831182
schwefel,lookahead_budgeted_exploration,lookahead_budgeted_exploration,33,537.4073850489027,118.39464838851637,9.679634145621455,1.7419986917054706
schwefel,lookahead_budgeted_exploration,lookahead_budgeted_exploration,34,537.4073850489027,118.39464838851637,9.781813626365523,1.7530138491172875
schwefel,lookahead_budgeted_exploration,lookahead_budgeted_exploration,35,537.4073850489027,118.39464838851637,10.215644210131204,1.8800162133818579
schwefel,lookahead_budgeted_exploration,lookahead_budgeted_exploration,36,537.4073850489027,118.39464838851637,10.81126208271908,1.9090283643318318
schwefel,lookahead_budgeted_exploration,lookahead_budgeted_exploration,37,537.4073850489027,118.39464838851637,11.348410406737216,1.7858846430045867
schwefel,lookahead_budgeted_exploration,lookahead_budgeted_exploration,38,537.4073850489027,118.39464838851637,11.771610684994707,1.6377408056163953
schwefel,lookahead_budgeted_exploration,lookahead_budgeted_exploration,39,537.4073850489027,118.39464838851637,12.011178631647004,1.5235499119626825
schwefel,lookahead_budgeted_exploration,lookahead_budgeted_exploration,40,537.4073850489027,118.39464838851637,12.22576411630847,1.394393465920493
schwefel,lookahead_budgeted_exploration,lookahead_budgeted_exploration,41,537.4073850489027,118.39464838851637,12.476226515387077,1.2301806406102003
schwefel,lookahead_budgeted_exploration,lookahead_budgeted_exploration,42,537.4073850489027,118.39464838851637,12.824636339428642,1.231408023888455
schwefel,lookahead_budgeted_exploration,lookahead_budgeted_exploration,43,537.4073850489027,118.39464838851637,13.205741215636058,1.4188033358673193
schwefel,lookahead_budgeted_exploration,lookahead_budgeted_exploration,44,537.4073850489027,118.39464838851637,13.816424936166205,1.1396962087131162
schwefel,lookahead_budgeted_exploration,lookahead_budgeted_exploration,45,537.4073850489027,118.39464838851637,14.245197235976939,0.7992028792490964
schwefel,lookahead_budgeted_exploration,lookahead_budgeted_exploration,46,514.6284665884219,95.05088718132514,14.942172012731179,0.41632291174626657
schwefel,lookahead_budgeted_exploration,lookahead_budgeted_exploration,47,514.6284665884219,95.05088718132514,15.469747929310586,0.26708774732322715
schwefel,lookahead_budgeted_exploration,lookahead_budgeted_exploration,48,514.6284665884219,95.05088718132514,15.876156448097783,0.3156032255887941
schwefel,lookahead_budgeted_exploration,lookahead_budgeted_exploration,49,514.6284665884219,95.05088718132514,16.281878449915588,0.4531490916397443
michalewicz,pure_bo,pure_bo,0,1.4102353569557007,0.29096994432912227,0.21686578752567287,0.0912285620118127
michalewicz,pure_bo,pure_bo,1,1.4102353569557007,0.29096994432912227,0.7071760348143726,0.29850779976476616
michalewicz,pure_bo,pure_bo,2,1.3493032251827266,0.33823168496979966,1.1951696023363787,0.5398179491064617
michalewicz,pure_bo,pure_bo,3,1.0854872014522579,0.6438169888015457,1.567860355741893,0.7589912640273444
michalewicz,pure_bo,pure_bo,4,1.0854872014522579,0.6438169888015457,1.9822611020118286,1.0244353945336955
michalewicz,pure_bo,pure_bo,5,1.0854872014522579,0.6438169888015457,2.278729330735017,1.1649830109820203
michalewicz,pure_bo,pure_bo,6,1.0854872014522579,0.6438169888015457,2.75851573009121,1.4444216849713694
michalewicz,pure_bo,pure_bo,7,1.0854872014522579,0.6438169888015457,3.3329572935726333,1.7824808151915332
michalewicz,pure_bo,pure_bo,8,1.0044445857573485,0.7500570121879504,3.8586707634649375,2.123301524699433
michalewicz,pure_bo,pure_bo,9,1.0044445857573485,0.7500570121879504,4.132675570030759,2.2861491058227257
michalewicz,pure_bo,pure_bo,10,1.0044445857573485,0.7500570121879504,4.786343384108638,2.310586182624589
michalewicz,pure_bo,pure_bo,11,1.0044445857573485,0.7500570121879504,5.675252124321339,2.2925747153741507
michalewicz,pure_bo,pure_bo,12,0.9983019996881685,0.7433911319979054,6.344337705229097,2.2004438994853692
michalewicz,pure_bo,pure_bo,13,0.9983019996881685,0.7433911319979054,6.799753388419135,2.3524632809318993
michalewicz,pure_bo,pure_bo,14,0.9983019996881685,0.7433911319979054,7.609382706935982,2.0400612232724606
michalewicz,pure_bo,pure_bo,15,0.7916799972457239,0.5528893120078262,8.222229571777817,1.7376904083789193
michalewicz,pure_bo,pure_bo,16,0.7916799972457239,0.5528893120078262,8.656193673805287,1.9253306074692222
michalewicz,pure_bo,pure_bo,17,0.7916799972457239,0.5528893120078262,9.01126834631785,1.9643272426945773
michalewicz,pure_bo,pure_bo,18,0.7916799972457239,0.5528893120078262,9.144694467209538,1.7786120862070036
michalewicz,pure_bo,pure_bo,19,0.7916799972457239,0.5528893120078262,9.27376639892874,1.5996208968007368
michalewicz,pure_bo,pure_bo,20,0.7916799972457239,0.5528893120078262,9.474953018719473,1.322557613577571
michalewicz,pure_bo,pure_bo,21,0.7916799972457239,0.5528893120078262,9.54172415928764,1.2313559739944422
michalewicz,pure_bo,pure_bo,22,0.7916799972457239,0.5528893120078262,9.71182783030833,1.0017199948912265
michalewicz,pure_bo,pure_bo,23,0.7916799018129428,0.5528892445266719,10.032417486357415,1.093654857602814
michalewicz,pure_bo,pure_bo,24,0.7916799018129428,0.5528892445266719,10.284380892569017,1.3040715579943598
michalewicz,pure_bo,pure_bo,25,0.7916799018129428,0.5528892445266719,10.53747549179757,1.0535186692027072
michalewicz,pure_bo,pure_bo,26,0.7916799018129428,0.5528892445266719,10.572144266920139,1.0241779397689204
michalewicz,pure_bo,pure_bo,27,0.7916799018129428,0.5528892445266719,10.638427096650974,0.9725082426662933
michalewicz,pure_bo,pure_bo,28,0.7916799018129428,0.5528892445266719,10.681425742184972,0.9424667023323996
michalewicz,pure_bo,pure_bo,29,0.7916799018129428,0.5528892445266719,10.787007076487962,0.8822462980434331
michalewicz,pure_bo,pure_bo,30,0.7916799018129428,0.5528892445266719,11.118487795278156,0.850365540092997
michalewicz,pure_bo,pure_bo,31,0.7916799018129428,0.5528892445266719,11.263208322062354,0.9147884652705598
michalewicz,pure_bo,pure_bo,32,0.7916799018129428,0.5528892445266719,11.450682998235074,1.0529508196655857
michalewicz,pure_bo,pure_bo,33,0.7916799018129428,0.5528892445266719,11.705067223710499,1.3047628375420028
michalewicz,pure_bo,pure_bo,34,0.7916799018129428,0.5528892445266719,11.90162600879441,1.5291903238096878
michalewicz,pure_bo,pure_bo,35,0.7916799018129428,0.5528892445266719,12.109993924026563,1.7836476675954627
michalewicz,pure_bo,pure_bo,36,0.7916799018129428,0.5528892445266719,12.307203221898014,2.0345020778365797
michalewicz,pure_bo,pure_bo,37,0.7916799018129428,0.5528892445266719,12.489696712265788,2.272468641457501
michalewicz,pure_bo,pure_bo,38,0.7916799018129428,0.5528892445266719,12.605702698294351,2.425876928143838
michalewicz,pure_bo,pure_bo,39,0.7916799018129428,0.5528892445266719,12.700492000218714,2.552211469176599
michalewicz,pure_bo,pure_bo,40,0.7916799018129428,0.5528892445266719,12.92601562575141,2.855618209638106
michalewicz,pure_bo,pure_bo,41,0.7916799018129428,0.5528892445266719,13.083031329013972,3.068718780449605
michalewicz,pure_bo,pure_bo,42,0.7916799018129428,0.5528892445266719,13.22600114232759,3.26379484320153
michalewicz,pure_bo,pure_bo,43,0.7916799018129428,0.5528892445266719,13.446136943422532,3.56571053740757
michalewicz,pure_bo,pure_bo,44,0.7916799018129428,0.5528892445266719,13.502114215022411,3.642735678594821
michalewicz,pure_bo,pure_bo,45,0.7916799018129428,0.5528892445266719,13.769294443781178,4.01152505134077
michalewicz,pure_bo,pure_bo,46,0.7916799018129428,0.5528892445266719,14.076019953560076,4.436779207777546
michalewicz,pure_bo,pure_bo,47,0.7916799018129428,0.5528892445266719,14.18306314165469,4.585563111872093
michalewicz,pure_bo,pure_bo,48,0.7916799018129428,0.5528892445266719,14.208104425712394,4.620393423842911
michalewicz,pure_bo,pure_bo,49,0.7916799018129428,0.5528892445266719,14.244950718642896,4.671659456771521
michalewicz,earlbo,earlbo,0,1.2395141314223406,0.4532863586670808,0.23193813102962146,0.17329049060520546
michalewicz,earlbo,earlbo,1,1.1787663420038221,0.4687857347699892,0.298434960128299,0.19751936339344398
michalewicz,earlbo,earlbo,2,1.1787663420038221,0.4687857347699892,0.41887830282594746,0.29233055269050967
michalewicz,earlbo,earlbo,3,1.1787663420038221,0.4687857347699892,0.5384088341621633,0.27772806682951484
michalewicz,earlbo,earlbo,4,1.0039901116035235,0.6655594723271269,0.6069629759231941,0.29146346306870424
michalewicz,earlbo,earlbo,5,1.0039901116035235,0.6655594723271269,0.6949891237267956,0.2967850194068194
michalewicz,earlbo,earlbo,6,1.0039901116035235,0.6655594723271269,0.8097021051755111,0.3280093457515371
michalewicz,earlbo,earlbo,7,1.0039901116035235,0.6655594723271269,0.9808267004255818,0.3312741758335984
michalewicz,earlbo,earlbo,8,1.0039901116035235,0.6655594723271269,1.0756240247633977,0.3526460134798578
michalewicz,earlbo,earlbo,9,1.0039901116035235,0.6655594723271269,1.2942988591060471,0.4154593486358684
michalewicz,earlbo,earlbo,10,0.9807233626438013,0.6892210806308663,1.5810732514591015,0.6222463243818271
michalewicz,earlbo,earlbo,11,0.9807233626438013,0.6892210806308663,1.7539756995840925,0.7610192409264972
michalewicz,earlbo,earlbo,12,0.9807233626438013,0.6892210806308663,1.8953918806231105,0.8804364610072883
michalewicz,earlbo,earlbo,13,0.9807233626438013,0.6892210806308663,2.0934182326939097,1.0199990163502592
michalewicz,earlbo,earlbo,14,0.9807233626438013,0.6892210806308663,2.3044587642307874,1.0819456052958751
michalewicz,earlbo,earlbo,15,0.9807233626438013,0.6892210806308663,2.5238776705972303,1.1536205035363343
michalewicz,earlbo,earlbo,16,0.9807233626438013,0.6892210806308663,2.7096606045542564,1.298974842025869
michalewicz,earlbo,earlbo,17,0.797986152320044,0.4867890118869244,2.8392631805851267,1.2797092024498795
michalewicz,earlbo,earlbo,18,0.797986152320044,0.4867890118869244,3.0124284432219706,1.3846243449515707
michalewicz,earlbo,earlbo,19,0.797986152320044,0.4867890118869244,3.347488747016367,1.4018728547880361
michalewicz,earlbo,earlbo,20,0.7699348684292117,0.46070089550292803,3.6738967304454397,1.1697871545691212
michalewicz,earlbo,earlbo,21,0.7699348684292117,0.46070089550292803,3.9001888749215397,1.1004200864961464
michalewicz,earlbo,earlbo,22,0.7699348684292117,0.46070089550292803,4.295106444851874,0.8443844718769782
michalewicz,earlbo,earlbo,23,0.7699348684292117,0.46070089550292803,4.5184771626858975,0.7411910472335769
michalewicz,earlbo,earlbo,24,0.6801563995959347,0.39279954719531307,4.59716898432118,0.7710161999642201
michalewicz,earlbo,earlbo,25,0.6801563995959347,0.39279954719531307,4.659535611319625,0.8051523873254335
michalewicz,earlbo,earlbo,26,0.5858668310706708,0.33419074406930493,4.736574563441119,0.8173908691857872
michalewicz,earlbo,earlbo,27,0.5858668310706708,0.33419074406930493,4.890845657182008,0.835311540022314
michalewicz,earlbo,earlbo,28,0.5523420056434963,0.3032949978666898,5.090885195654039,0.8239429493252011
michalewicz,earlbo,earlbo,29,0.5523420056434963,0.3032949978666898,5.445205154911153,0.826233657779926
michalewicz,earlbo,earlbo,30,0.5186205051520448,0.3506456084693278,5.77691688676513,0.8328800469718963
michalewicz,earlbo,earlbo,31,0.5068193994087872,0.3410178394975254,5.919279257703876,0.9083579927342326
michalewicz,earlbo,earlbo,32,0.5068193994087872,0.3410178394975254,6.169765011398187,1.089789091223234
michalewicz,earlbo,earlbo,33,0.5068193994087872,0.3410178394975254,6.404178127070473,1.3112337936007918
michalewicz,earlbo,earlbo,34,0.48698510131030054,0.3261225546031676,6.476914835045311,1.3540095009821886
michalewicz,earlbo,earlbo,35,0.48698510131030054,0.3261225546031676,6.773584554053873,1.461853020756853
michalewicz,earlbo,earlbo,36,0.48698510131030054,0.3261225546031676,7.302754003161273,1.4606444181950313
michalewicz,earlbo,earlbo,37,0.48698510131030054,0.3261225546031676,7.829309703930572,1.4695246626303855
michalewicz,earlbo,earlbo,38,0.48698510131030054,0.3261225546031676,8.055658563130576,1.5582133251231218
michalewicz,earlbo,earlbo,39,0.48698510131030054,0.3261225546031676,8.23109346338026,1.5940941064495875
michalewicz,earlbo,earlbo,40,0.3021323905074011,0.29902534902744354,8.468990298551086,1.6724819974010152
michalewicz,earlbo,earlbo,41,0.3021323905074011,0.29902534902744354,8.724328252653152,1.8262489219371465
michalewicz,earlbo,earlbo,42,0.3021323905074011,0.29902534902744354,9.103681560977288,1.9120660328340997
michalewicz,earlbo,earlbo,43,0.3021323905074011,0.29902534902744354,9.281628948338403,1.908780639886733
michalewicz,earlbo,earlbo,44,0.3021323905074011,0.29902534902744354,9.675631767688262,1.7713752639580436
michalewicz,earlbo,earlbo,45,0.3021323905074011,0.29902534902744354,10.07167688132933,1.558466832922738
michalewicz,earlbo,earlbo,46,0.3021323905074011,0.29902534902744354,10.253282662323246,1.6002311099336701
michalewicz,earlbo,earlbo,47,0.3021323905074011,0.29902534902744354,10.526624298917547,1.7114827007509246
michalewicz,earlbo,earlbo,48,0.2575661526833645,0.3252396381291177,10.798547446135414,1.866341360259295
michalewicz,earlbo,earlbo,49,0.2575661526833645,0.3252396381291177,11.02803671108285,1.985191119392882
michalewicz,snake,snake,0,1.3493259933450767,0.33821115802455276,0.3839546261255213,0.2206906610376911
michalewicz,snake,snake,1,1.3493259933450767,0.33821115802455276,0.6155997666099284,0.346154315765276
michalewicz,snake,snake,2,1.3493259933450767,0.33821115802455276,0.70445056782556,0.3561729922854531
michalewicz,snake,snake,3,1.3427920021895436,0.32910381173747905,0.8043907038438887,0.36540827919596247
michalewicz,snake,snake,4,1.3427920021895436,0.32910381173747905,0.8778670544013978,0.37443405246574696
michalewicz,snake,snake,5,1.3427920021895436,0.32910381173747905,0.9659305640950485,0.36909580269939934
michalewicz,snake,snake,6,1.3427920021895436,0.32910381173747905,1.0230988555859664,0.35503853717874945
michalewicz,snake,snake,7,1.1566572938352284,0.5061376444533262,1.1326817250068855,0.32141737442115925
michalewicz,snake,snake,8,1.1566572938352284,0.5061376444533262,1.2315837061850312,0.3345314505134001
michalewicz,snake,snake,9,1.1566572938352284,0.5061376444533262,1.2969302553210809,0.3284947408350435
michalewicz,snake,snake,10,1.0558673267812198,0.590845740679028,1.4417644569534354,0.40727662844701135
michalewicz,snake,snake,11,0.7525808288713162,0.28441248487080134,1.6121222853529822,0.5548191449118429
michalewicz,snake,snake,12,0.7525808288713162,0.28441248487080134,1.7451385306241136,0.5563282852522794
michalewicz,snake,snake,13,0.5906079512781721,0.22350734434025496,1.8389920916554094,0.5752356036572411
michalewicz,snake,snake,14,0.5906079512781721,0.22350734434025496,1.9220922644172187,0.5579589759913919
michalewicz,snake,snake,15,0.5906079512781721,0.22350734434025496,2.0274983709951626,0.5678317887458388
michalewicz,snake,snake,16,0.5601905701960893,0.18303949366891026,2.2160173929429487,0.5046183922503154
michalewicz,snake,snake,17,0.5580675613105065,0.18025907910397676,2.5044523391325426,0.4951806834990732
michalewicz,snake,snake,18,0.4518219412542363,0.18352867373892853,2.7660311308531913,0.4451661902657307
michalewicz,snake,snake,19,0.4518219412542363,0.18352867373892853,2.9147795586464174,0.4076240822709742
michalewicz,snake,snake,20,0.4518219412542363,0.18352867373892853,3.1490128232776637,0.4378029341383382
michalewicz,snake,snake,21,0.1978712941583276,0.12580701297585678,3.2617037147669343,0.3998361508387243
michalewicz,snake,snake,22,0.1978712941583276,0.12580701297585678,3.3058385298172355,0.4062271311367534
michalewicz,snake,snake,23,0.18891324344738658,0.12069173758204314,3.3672758941148633,0.40518522925128053
michalewicz,snake,snake,24,0.18891324344738658,0.12069173758204314,3.4263577889527976,0.42250201031910556
michalewicz,snake,snake,25,0.1519099177885231,0.1129577942566673,3.594458837052984,0.4617113699651994
michalewicz,snake,snake,26,0.1519099177885231,0.1129577942566673,3.753679731961365,0.5340341261988691
michalewicz,snake,snake,27,0.1519099177885231,0.1129577942566673,3.99512179777083,0.587770051924889
michalewicz,snake,snake,28,0.1519099177885231,0.1129577942566673,4.33655883510425,0.5976461685381044
michalewicz,snake,snake,29,0.1519099177885231,0.1129577942566673,4.556240888869492,0.5775462284354843
michalewicz,snake,snake,30,0.1519099177885231,0.1129577942566673,4.9487001001998125,0.8257533671786991
michalewicz,snake,snake,31,0.15053638565956243,0.11312741255112196,5.269883896324231,1.0316885887054286
michalewicz,snake,snake,32,0.15053638565956243,0.11312741255112196,5.517406932262914,1.20625396103063
michalewicz,snake,snake,33,0.15053638565956243,0.11312741255112196,5.770899076408281,1.2994544717108911
michalewicz,snake,snake,34,0.15053638565956243,0.11312741255112196,6.062633194780724,1.2289782584978557
michalewicz,snake,snake,35,0.12476900020823045,0.12213075891750912,6.50116403610162,1.3216979491467373
michalewicz,snake,snake,36,0.12476900020823045,0.12213075891750912,6.890015748301113,1.34006443121682
michalewicz,snake,snake,37,0.12476900020823045,0.12213075891750912,7.2440092870376205,1.3421088183378558
michalewicz,snake,snake,38,0.12476900020823045,0.12213075891750912,7.618775742372724,1.5347958461378022
michalewicz,snake,snake,39,0.12476900020823045,0.12213075891750912,7.945968860276904,1.7125319824656597
michalewicz,snake,snake,40,0.12476900020823045,0.12213075891750912,8.29554870866729,1.7382237298496594
michalewicz,snake,snake,41,0.12476900020823045,0.12213075891750912,8.637574986580326,1.6735295881970704
michalewicz,snake,snake,42,0.12476900020823045,0.12213075891750912,9.042225224227684,1.7920113365541879
michalewicz,snake,snake,43,0.11113956602628416,0.130805929764034,9.290292793266248,1.9163466504931306
michalewicz,snake,snake,44,0.11113956602628416,0.130805929764034,9.675190681602375,1.9968939678635063
michalewicz,snake,snake,45,0.11113956602628416,0.130805929764034,10.061294874470901,2.072363720704869
michalewicz,snake,snake,46,0.11113956602628416,0.130805929764034,10.331970941636364,2.0633984279980147
michalewicz,snake,snake,47,0.11113956602628416,0.130805929764034,10.656659728070592,1.8146236418268151
michalewicz,snake,snake,48,0.11113956602628416,0.130805929764034,11.01476520291322,1.6018615583479654
michalewicz,snake,snake,49,0.11113956602628416,0.130805929764034,11.531429226511248,1.6849002698353293
michalewicz,log_improvement_movement_cost3,log_improvement_movement_cost3,0,1.3432231149272476,0.3437773670007804,0.2669570508839929,0.15242299357285638
michalewicz,log_improvement_movement_cost3,log_improvement_movement_cost3,1,1.3383925715916807,0.3370673846343728,0.3419042735040408,0.150414532690583
michalewicz,log_improvement_movement_cost3,log_improvement_movement_cost3,2,1.3383925715916807,0.3370673846343728,0.4163852903266541,0.1462183167191044
michalewicz,log_improvement_movement_cost3,log_improvement_movement_cost3,3,1.3383925715916807,0.3370673846343728,0.5151002228789313,0.17634269024505025
michalewicz,log_improvement_movement_cost3,log_improvement_movement_cost3,4,1.3257883789478717,0.34330544883632924,0.6237163251826009,0.22980608625008403
michalewicz,log_improvement_movement_cost3,log_improvement_movement_cost3,5,1.2670958001306343,0.2613955180475312,0.7312412235990821,0.2821285237188145
michalewicz,log_improvement_movement_cost3,log_improvement_movement_cost3,6,1.2251502861698604,0.28886886669532386,0.8010313810975703,0.28082000982050076
michalewicz,log_improvement_movement_cost3,log_improvement_movement_cost3,7,1.1335122242043079,0.39554308472767064,0.8488437715525743,0.2939202171730963
michalewicz,log_improvement_movement_cost3,log_improvement_movement_cost3,8,0.8667113237821961,0.5483961155245837,0.9215369042157903,0.3375131684512747
michalewicz,log_improvement_movement_cost3,log_improvement_movement_cost3,9,0.6510233203166208,0.2686919771281092,0.9868726647125969,0.35612240258593303
michalewicz,log_improvement_movement_cost3,log_improvement_movement_cost3,10,0.597709679096597,0.3002704353825606,1.0337159091115575,0.3480169434592591
michalewicz,log_improvement_movement_cost3,log_improvement_movement_cost3,11,0.597709679096597,0.3002704353825606,1.0801442093662514,0.3454573696791563
michalewicz,log_improvement_movement_cost3,log_improvement_movement_cost3,12,0.597709679096597,0.3002704353825606,1.133769536308231,0.33736045163062156
michalewicz,log_improvement_movement_cost3,log_improvement_movement_cost3,13,0.5589204261453968,0.26140085343735653,1.1983269926595257,0.32623066622225866
michalewicz,log_improvement_movement_cost3,log_improvement_movement_cost3,14,0.5589204261453968,0.26140085343735653,1.2291394072765083,0.3105571785933887
michalewicz,log_improvement_movement_cost3,log_improvement_movement_cost3,15,0.5352836176095864,0.2525153708023211,1.3044153406999208,0.2688155829220775
michalewicz,log_improvement_movement_cost3,log_improvement_movement_cost3,16,0.5352836176095864,0.2525153708023211,1.4125708907847923,0.2959111188731027
michalewicz,log_improvement_movement_cost3,log_improvement_movement_cost3,17,0.5352836176095864,0.2525153708023211,1.4588012695912014,0.318327398652888
michalewicz,log_improvement_movement_cost3,log_improvement_movement_cost3,18,0.48205969882747485,0.24832105204538865,1.50245147580382,0.32020286927404135
michalewicz,log_improvement_movement_cost3,log_improvement_movement_cost3,19,0.4409738532184277,0.2603677044505025,1.5693572755872447,0.35992478105366615
michalewicz,log_improvement_movement_cost3,log_improvement_movement_cost3,20,0.4409738532184277,0.2603677044505025,1.6288708437037267,0.37806840380996354
michalewicz,log_improvement_movement_cost3,log_improvement_movement_cost3,21,0.4409738532184277,0.2603677044505025,1.695937753599624,0.3960860389804401
michalewicz,log_improvement_movement_cost3,log_improvement_movement_cost3,22,0.4409738532184277,0.2603677044505025,1.7956860405662332,0.41011727559918987
michalewicz,log_improvement_movement_cost3,log_improvement_movement_cost3,23,0.4409738532184277,0.2603677044505025,1.8958191250120615,0.43544520967396894
michalewicz,log_improvement_movement_cost3,log_improvement_movement_cost3,24,0.4409738532184277,0.2603677044505025,1.9580908354779354,0.4166003644597205
michalewicz,log_improvement_movement_cost3,log_improvement_movement_cost3,25,0.4409738532184277,0.2603677044505025,2.0193971833482833,0.40883642097364065
michalewicz,log_improvement_movement_cost3,log_improvement_movement_cost3,26,0.4409738532184277,0.2603677044505025,2.073909113447231,0.42087101018276535
michalewicz,log_improvement_movement_cost3,log_improvement_movement_cost3,27,0.4409738532184277,0.2603677044505025,2.1030190387083274,0.4133106288325357
michalewicz,log_improvement_movement_cost3,log_improvement_movement_cost3,28,0.4409738532184277,0.2603677044505025,2.165800290338446,0.4286729230424123
michalewicz,log_improvement_movement_cost3,log_improvement_movement_cost3,29,0.4409738532184277,0.2603677044505025,2.2544147411009114,0.38661413346972434
michalewicz,log_improvement_movement_cost3,log_improvement_movement_cost3,30,0.4409738532184277,0.2603677044505025,2.3059519837505538,0.3790007946352596
michalewicz,log_improvement_movement_cost3,log_improvement_movement_cost3,31,0.4409738532184277,0.2603677044505025,2.387178315737323,0.3561333595638651
michalewicz,log_improvement_movement_cost3,log_improvement_movement_cost3,32,0.4409738532184277,0.2603677044505025,2.4737896526740095,0.360593582498783
michalewicz,log_improvement_movement_cost3,log_improvement_movement_cost3,33,0.4409738532184277,0.2603677044505025,2.5441504982212884,0.39845712112932435
michalewicz,log_improvement_movement_cost3,log_improvement_movement_cost3,34,0.42244511449778743,0.23476794204271445,2.640798952163888,0.4570142929335637
michalewicz,log_improvement_movement_cost3,log_improvement_movement_cost3,35,0.42244511449778743,0.23476794204271445,2.682309789737016,0.4563450962771661
michalewicz,log_improvement_movement_cost3,log_improvement_movement_cost3,36,0.3778857230029762,0.17394142011123356,2.732572110433884,0.46620798182233614
michalewicz,log_improvement_movement_cost3,log_improvement_movement_cost3,37,0.3778857230029762,0.17394142011123356,2.778561218369052,0.47913571388634557
michalewicz,log_improvement_movement_cost3,log_improvement_movement_cost3,38,0.3778857230029762,0.17394142011123356,2.8314045304730833,0.5069050321225622
michalewicz,log_improvement_movement_cost3,log_improvement_movement_cost3,39,0.3778857230029762,0.17394142011123356,2.8778343785599425,0.5252032325546198
michalewicz,log_improvement_movement_cost3,log_improvement_movement_cost3,40,0.31564942574557814,0.0939476868057248,2.940164397588164,0.558459160975702
michalewicz,log_improvement_movement_cost3,log_improvement_movement_cost3,41,0.22456036115011102,0.07344757235155377,2.978275422384831,0.5540468257799718
michalewicz,log_improvement_movement_cost3,log_improvement_movement_cost3,42,0.20218497809206135,0.09812855461335808,3.0413038285033274,0.5437392019610325
michalewicz,log_improvement_movement_cost3,log_improvement_movement_cost3,43,0.20218497809206135,0.09812855461335808,3.0791697773407853,0.5271997739368348
michalewicz,log_improvement_movement_cost3,log_improvement_movement_cost3,44,0.20218497809206135,0.09812855461335808,3.128385689812708,0.5257247213133973
michalewicz,log_improvement_movement_cost3,log_improvement_movement_cost3,45,0.20218497809206135,0.09812855461335808,3.2092671732611002,0.5791819935478444
michalewicz,log_improvement_movement_cost3,log_improvement_movement_cost3,46,0.20218497809206135,0.09812855461335808,3.264515911010801,0.5723443032360035
michalewicz,log_improvement_movement_cost3,log_improvement_movement_cost3,47,0.20218497809206135,0.09812855461335808,3.32956499652577,0.5765423245751846
michalewicz,log_improvement_movement_cost3,log_improvement_movement_cost3,48,0.20218497809206135,0.09812855461335808,3.3684550243524556,0.592249779227826
michalewicz,log_improvement_movement_cost3,log_improvement_movement_cost3,49,0.20218497809206135,0.09812855461335808,3.408338271865387,0.598656590183445
michalewicz,optimistic_selected,optimistic_improvement_movement_cost3,0,1.3602313333780145,0.3285946553764293,0.27442874015144086,0.15639114372490334
michalewicz,optimistic_selected,optimistic_improvement_movement_cost3,1,1.3602313333780145,0.3285946553764293,0.35065402069978613,0.15633642597262912
michalewicz,optimistic_selected,optimistic_improvement_movement_cost3,2,1.336312680440981,0.3502301202743602,0.4187484211201489,0.12509454946223197
michalewicz,optimistic_selected,optimistic_improvement_movement_cost3,3,1.336312680440981,0.3502301202743602,0.49395801920917554,0.12108684559208759
michalewicz,optimistic_selected,optimistic_improvement_movement_cost3,4,1.3113588932711762,0.37472994497941803,0.5902590882618469,0.15228157869315184
michalewicz,optimistic_selected,optimistic_improvement_movement_cost3,5,1.2843333904954655,0.4030732528887531,0.6823670027726241,0.22956766239176446
michalewicz,optimistic_selected,optimistic_improvement_movement_cost3,6,1.2209071033338834,0.428269712015707,0.7845499608202888,0.26411762980479986
michalewicz,optimistic_selected,optimistic_improvement_movement_cost3,7,1.2209071033338834,0.428269712015707,0.8623066675299214,0.26889272402689235
michalewicz,optimistic_selected,optimistic_improvement_movement_cost3,8,1.0409606640372482,0.6179512346729387,0.9117550679200783,0.2530365148132915
michalewicz,optimistic_selected,optimistic_improvement_movement_cost3,9,1.0409606640372482,0.6179512346729387,0.985662180234693,0.2583690638094168
michalewicz,optimistic_selected,optimistic_improvement_movement_cost3,10,0.9862687914515099,0.6839917489724862,1.0617432969079668,0.26964755872999707
michalewicz,optimistic_selected,optimistic_improvement_movement_cost3,11,0.8898525272475101,0.6247027099504756,1.1165544359547965,0.30122404198898484
michalewicz,optimistic_selected,optimistic_improvement_movement_cost3,12,0.6965871229073896,0.4370677130769821,1.1548317299959507,0.3146314079777711
michalewicz,optimistic_selected,optimistic_improvement_movement_cost3,13,0.6791823994056895,0.42583869112780837,1.2158763693692765,0.3077715766270141
michalewicz,optimistic_selected,optimistic_improvement_movement_cost3,14,0.6483588350895849,0.4028721695020339,1.2752925879010875,0.3108670622596434
michalewicz,optimistic_selected,optimistic_improvement_movement_cost3,15,0.6091463388454667,0.3789274974490046,1.3302110099638111,0.30496058816463556
michalewicz,optimistic_selected,optimistic_improvement_movement_cost3,16,0.6091463388454667,0.3789274974490046,1.4002369454394945,0.288039640427022
michalewicz,optimistic_selected,optimistic_improvement_movement_cost3,17,0.6091463388454667,0.3789274974490046,1.452296994477661,0.3031018598367194
michalewicz,optimistic_selected,optimistic_improvement_movement_cost3,18,0.6091463388454667,0.3789274974490046,1.4901417919419473,0.28670815877354516
michalewicz,optimistic_selected,optimistic_improvement_movement_cost3,19,0.5041081390204448,0.3100296788158625,1.5320167465213492,0.28659184728947934
michalewicz,optimistic_selected,optimistic_improvement_movement_cost3,20,0.5041081390204448,0.3100296788158625,1.6300150942593221,0.2916602740951325
michalewicz,optimistic_selected,optimistic_improvement_movement_cost3,21,0.5041081390204448,0.3100296788158625,1.6943664703211645,0.3188310140124401
michalewicz,optimistic_selected,optimistic_improvement_movement_cost3,22,0.5041081390204448,0.3100296788158625,1.7565400021531545,0.31222845747360056
michalewicz,optimistic_selected,optimistic_improvement_movement_cost3,23,0.4592028435027211,0.29881739354714265,1.8379439339831551,0.2712201646562109
michalewicz,optimistic_selected,optimistic_improvement_movement_cost3,24,0.4592028435027211,0.29881739354714265,1.891392301217536,0.2509858863232804
michalewicz,optimistic_selected,optimistic_improvement_movement_cost3,25,0.4592028435027211,0.29881739354714265,1.9394322793099665,0.20796849772458215
michalewicz,optimistic_selected,optimistic_improvement_movement_cost3,26,0.4592028435027211,0.29881739354714265,1.9851863415765922,0.19705846826151927
michalewicz,optimistic_selected,optimistic_improvement_movement_cost3,27,0.4592028435027211,0.29881739354714265,2.0102248937499296,0.1988656787366234
michalewicz,optimistic_selected,optimistic_improvement_movement_cost3,28,0.4592028435027211,0.29881739354714265,2.0748969177350314,0.18692442279888918
michalewicz,optimistic_selected,optimistic_improvement_movement_cost3,29,0.4592028435027211,0.29881739354714265,2.1637050919004053,0.16045264659518838
michalewicz,optimistic_selected,optimistic_improvement_movement_cost3,30,0.4592028435027211,0.29881739354714265,2.2064900280771913,0.1770960746103044
michalewicz,optimistic_selected,optimistic_improvement_movement_cost3,31,0.4592028435027211,0.29881739354714265,2.2611925363159298,0.1544061162311805
michalewicz,optimistic_selected,optimistic_improvement_movement_cost3,32,0.4454071030026315,0.28289786001121686,2.36448663042265,0.12672248359460928
michalewicz,optimistic_selected,optimistic_improvement_movement_cost3,33,0.4454071030026315,0.28289786001121686,2.419675865710152,0.11062912129168327
michalewicz,optimistic_selected,optimistic_improvement_movement_cost3,34,0.4454071030026315,0.28289786001121686,2.4734304131847833,0.10437127187176051
michalewicz,optimistic_selected,optimistic_improvement_movement_cost3,35,0.37095962593160775,0.20783642527895851,2.5364045736520566,0.08723616660211944
michalewicz,optimistic_selected,optimistic_improvement_movement_cost3,36,0.318717218699343,0.17488448340442433,2.5820782080967417,0.08738158016919176
michalewicz,optimistic_selected,optimistic_improvement_movement_cost3,37,0.3124461321417553,0.1726401430794943,2.6132705346852743,0.0886555956528908
michalewicz,optimistic_selected,optimistic_improvement_movement_cost3,38,0.2968142964266172,0.16895319565938688,2.65271652133233,0.09067066903185546
michalewicz,optimistic_selected,optimistic_improvement_movement_cost3,39,0.28632928307187466,0.16807167950832624,2.694129490253241,0.092006811321663
michalewicz,optimistic_selected,optimistic_improvement_movement_cost3,40,0.28632928307187466,0.16807167950832624,2.7493364022892024,0.06849903711128802
michalewicz,optimistic_selected,optimistic_improvement_movement_cost3,41,0.28632928307187466,0.16807167950832624,2.8652492134166514,0.1152412256601679
michalewicz,optimistic_selected,optimistic_improvement_movement_cost3,42,0.2304566580736472,0.18460793433064618,2.949898682753933,0.14099271617752937
michalewicz,optimistic_selected,optimistic_improvement_movement_cost3,43,0.2304566580736472,0.18460793433064618,3.022663895893615,0.16845634978286858
michalewicz,optimistic_selected,optimistic_improvement_movement_cost3,44,0.2304566580736472,0.18460793433064618,3.093383814097598,0.1584867060137931
michalewicz,optimistic_selected,optimistic_improvement_movement_cost3,45,0.2304566580736472,0.18460793433064618,3.1376967618934324,0.1432527065022624
michalewicz,optimistic_selected,optimistic_improvement_movement_cost3,46,0.2304566580736472,0.18460793433064618,3.1857890566815477,0.1291026828970629
michalewicz,optimistic_selected,optimistic_improvement_movement_cost3,47,0.2304566580736472,0.18460793433064618,3.25349956389147,0.11036080403545863
michalewicz,optimistic_selected,optimistic_improvement_movement_cost3,48,0.2304566580736472,0.18460793433064618,3.3031523627387216,0.12194545632927757
michalewicz,optimistic_selected,optimistic_improvement_movement_cost3,49,0.2304566580736472,0.18460793433064618,3.403898567407245,0.1518918248449386
michalewicz,budgeted_exploration,budgeted_exploration,0,1.4194293084101106,0.28542247141295846,0.27534112847144454,0.15068161718973042
michalewicz,budgeted_exploration,budgeted_exploration,1,1.3380256294722124,0.36506367278811636,0.38600134497553457,0.1723962500266793
michalewicz,budgeted_exploration,budgeted_exploration,2,1.3016133175140578,0.37681444662793456,0.499178273560233,0.1841821772388203
michalewicz,budgeted_exploration,budgeted_exploration,3,1.3016133175140578,0.37681444662793456,0.6719690515403642,0.30639890223888305
michalewicz,budgeted_exploration,budgeted_exploration,4,1.3016133175140578,0.37681444662793456,0.8153762373677474,0.33774200444720814
michalewicz,budgeted_exploration,budgeted_exploration,5,1.1725786061491903,0.46430458651293477,0.9258306470061748,0.4187353901262441
michalewicz,budgeted_exploration,budgeted_exploration,6,1.0732436591858197,0.5635605663274786,0.9973837661939914,0.42661804100703116
michalewicz,budgeted_exploration,budgeted_exploration,7,1.0732436591858197,0.5635605663274786,1.0700663466119724,0.4426278859459604
michalewicz,budgeted_exploration,budgeted_exploration,8,1.0732436591858197,0.5635605663274786,1.17744652051714,0.47266944239665876
michalewicz,budgeted_exploration,budgeted_exploration,9,1.0232633834648122,0.5797185014907967,1.2953725217413252,0.505495812601279
michalewicz,budgeted_exploration,budgeted_exploration,10,1.0232633834648122,0.5797185014907967,1.391356776807226,0.47498134172387496
michalewicz,budgeted_exploration,budgeted_exploration,11,0.9294294241471093,0.4516498281508731,1.5012067012316586,0.45139729194579603
michalewicz,budgeted_exploration,budgeted_exploration,12,0.924527106520085,0.45676519704671753,1.6168590161833387,0.44297971769443506
michalewicz,budgeted_exploration,budgeted_exploration,13,0.7029407523926499,0.18528382573672855,1.7327376640061634,0.420580878265496
michalewicz,budgeted_exploration,budgeted_exploration,14,0.7029407523926499,0.18528382573672855,1.8433126826798014,0.3591364377397432
michalewicz,budgeted_exploration,budgeted_exploration,15,0.7029407523926499,0.18528382573672855,1.927879001692677,0.3405913542166548
michalewicz,budgeted_exploration,budgeted_exploration,16,0.5748608823732454,0.36474570483292695,2.0245238510160273,0.3340208277504174
michalewicz,budgeted_exploration,budgeted_exploration,17,0.5748608823732454,0.36474570483292695,2.130111507286713,0.3308999509141724
michalewicz,budgeted_exploration,budgeted_exploration,18,0.5748608823732454,0.36474570483292695,2.2437146906555627,0.32137709677445275
michalewicz,budgeted_exploration,budgeted_exploration,19,0.5748608823732454,0.36474570483292695,2.3186281335570933,0.32318675714067885
michalewicz,budgeted_exploration,budgeted_exploration,20,0.5748608823732454,0.36474570483292695,2.420677149320491,0.3414919713440953
michalewicz,budgeted_exploration,budgeted_exploration,21,0.5748608823732454,0.36474570483292695,2.530216603172339,0.3825958833612165
michalewicz,budgeted_exploration,budgeted_exploration,22,0.5748608823732454,0.36474570483292695,2.626592429425964,0.435149736118413
michalewicz,budgeted_exploration,budgeted_exploration,23,0.5748608823732454,0.36474570483292695,2.768727221627076,0.46012579583347024
michalewicz,budgeted_exploration,budgeted_exploration,24,0.5748608823732454,0.36474570483292695,2.8830601475512356,0.484913796907479
michalewicz,budgeted_exploration,budgeted_exploration,25,0.5748608823732454,0.36474570483292695,2.974375706772316,0.5237163356098192
michalewicz,budgeted_exploration,budgeted_exploration,26,0.549215338857421,0.3449312369288921,3.0912259749128874,0.5231795762197197
michalewicz,budgeted_exploration,budgeted_exploration,27,0.4610410571259383,0.30116792654013286,3.204388042186197,0.5410441307949656
michalewicz,budgeted_exploration,budgeted_exploration,28,0.4610410571259383,0.30116792654013286,3.299220068281098,0.5483499398187859
michalewicz,budgeted_exploration,budgeted_exploration,29,0.4610410571259383,0.30116792654013286,3.430044290412758,0.5874179652854954
michalewicz,budgeted_exploration,budgeted_exploration,30,0.4610410571259383,0.30116792654013286,3.5331535437867196,0.5733210542412814
michalewicz,budgeted_exploration,budgeted_exploration,31,0.4610410571259383,0.30116792654013286,3.6535912636834333,0.6053017177911053
michalewicz,budgeted_exploration,budgeted_exploration,32,0.4610410571259383,0.30116792654013286,3.759355448814256,0.5921851985371127
michalewicz,budgeted_exploration,budgeted_exploration,33,0.4610410571259383,0.30116792654013286,3.874850489065439,0.6192824970792593
michalewicz,budgeted_exploration,budgeted_exploration,34,0.4610410571259383,0.30116792654013286,3.9318720441395283,0.6268057941745007
michalewicz,budgeted_exploration,budgeted_exploration,35,0.4610410571259383,0.30116792654013286,4.01644541164538,0.638304196307257
michalewicz,budgeted_exploration,budgeted_exploration,36,0.4610410571259383,0.30116792654013286,4.125652107276111,0.6434590606382551
michalewicz,budgeted_exploration,budgeted_exploration,37,0.4610410571259383,0.30116792654013286,4.202464878372117,0.6470882799105482
michalewicz,budgeted_exploration,budgeted_exploration,38,0.4610410571259383,0.30116792654013286,4.326100921049247,0.6811189395092706
michalewicz,budgeted_exploration,budgeted_exploration,39,0.4610410571259383,0.30116792654013286,4.400707445377351,0.6980647431077311
michalewicz,budgeted_exploration,budgeted_exploration,40,0.4610410571259383,0.30116792654013286,4.474135164461369,0.710716409568468
michalewicz,budgeted_exploration,budgeted_exploration,41,0.4610410571259383,0.30116792654013286,4.5481998900268685,0.728325791548544
michalewicz,budgeted_exploration,budgeted_exploration,42,0.4610410571259383,0.30116792654013286,4.671703513371978,0.7448760620893222
michalewicz,budgeted_exploration,budgeted_exploration,43,0.4610410571259383,0.30116792654013286,4.793797864781808,0.7355710346650793
michalewicz,budgeted_exploration,budgeted_exploration,44,0.4610410571259383,0.30116792654013286,4.89572832513727,0.6937075607229689
michalewicz,budgeted_exploration,budgeted_exploration,45,0.4610410571259383,0.30116792654013286,5.0516287844199645,0.6562013815240376
michalewicz,budgeted_exploration,budgeted_exploration,46,0.4610410571259383,0.30116792654013286,5.220216315867785,0.6746924930366074
michalewicz,budgeted_exploration,budgeted_exploration,47,0.4610410571259383,0.30116792654013286,5.311030211885895,0.7035869922828057
michalewicz,budgeted_exploration,budgeted_exploration,48,0.4610410571259383,0.30116792654013286,5.429297626696992,0.7304108121329556
michalewicz,budgeted_exploration,budgeted_exploration,49,0.4610410571259383,0.30116792654013286,5.564381709259618,0.7386218208096177
michalewicz,lookahead_budgeted_exploration,lookahead_budgeted_exploration,0,1.2350479412262751,0.4147027014488322,0.2649393380249299,0.1479363328508489
michalewicz,lookahead_budgeted_exploration,lookahead_budgeted_exploration,1,1.2350479412262751,0.4147027014488322,0.34134550515189055,0.15218827182594474
michalewicz,lookahead_budgeted_exploration,lookahead_budgeted_exploration,2,1.2350479412262751,0.4147027014488322,0.4498401294848997,0.16685571673756788
michalewicz,lookahead_budgeted_exploration,lookahead_budgeted_exploration,3,1.0202969456959268,0.6165729789245438,0.5583966779348489,0.1601612571510164
michalewicz,lookahead_budgeted_exploration,lookahead_budgeted_exploration,4,1.0202969456959268,0.6165729789245438,0.6662947087356096,0.13592662014341958
michalewicz,lookahead_budgeted_exploration,lookahead_budgeted_exploration,5,0.9383003206640484,0.6404685287621928,0.7515009677945113,0.1165738763985159
michalewicz,lookahead_budgeted_exploration,lookahead_budgeted_exploration,6,0.9383003206640484,0.6404685287621928,0.8530028887457014,0.12477210329349162
michalewicz,lookahead_budgeted_exploration,lookahead_budgeted_exploration,7,0.9383003206640484,0.6404685287621928,0.9780977338108183,0.06741884792630659
michalewicz,lookahead_budgeted_exploration,lookahead_budgeted_exploration,8,0.9197287296278244,0.6149034354511492,1.082431304344743,0.09664823728394388
michalewicz,lookahead_budgeted_exploration,lookahead_budgeted_exploration,9,0.6781680943581848,0.3234782503969357,1.194270962559936,0.08612451140451378
michalewicz,lookahead_budgeted_exploration,lookahead_budgeted_exploration,10,0.6283610570313195,0.26436082527534177,1.3015937829349902,0.11698765147512497
michalewicz,lookahead_budgeted_exploration,lookahead_budgeted_exploration,11,0.6283610570313195,0.26436082527534177,1.400437263308044,0.11175013916964831
michalewicz,lookahead_budgeted_exploration,lookahead_budgeted_exploration,12,0.6283610570313195,0.26436082527534177,1.4843236052277204,0.10079390039345232
michalewicz,lookahead_budgeted_exploration,lookahead_budgeted_exploration,13,0.6283610570313195,0.26436082527534177,1.6085754560600505,0.05554963952808065
michalewicz,lookahead_budgeted_exploration,lookahead_budgeted_exploration,14,0.6283610570313195,0.26436082527534177,1.7336167728515182,0.02549784608386144
michalewicz,lookahead_budgeted_exploration,lookahead_budgeted_exploration,15,0.5764222766039555,0.2102780394043492,1.810368307086735,0.016858602374171507
michalewicz,lookahead_budgeted_exploration,lookahead_budgeted_exploration,16,0.47146872044718363,0.15899149665585624,1.8768176263271208,0.018332875197350402
michalewicz,lookahead_budgeted_exploration,lookahead_budgeted_exploration,17,0.47146872044718363,0.15899149665585624,1.9643495997020899,0.027212527414564945
michalewicz,lookahead_budgeted_exploration,lookahead_budgeted_exploration,18,0.47146872044718363,0.15899149665585624,2.0573057979717735,0.05525772530993956
michalewicz,lookahead_budgeted_exploration,lookahead_budgeted_exploration,19,0.47146872044718363,0.15899149665585624,2.1152066477569424,0.04616218989162545
michalewicz,lookahead_budgeted_exploration,lookahead_budgeted_exploration,20,0.47146872044718363,0.15899149665585624,2.208938056874576,0.11283760237890925
michalewicz,lookahead_budgeted_exploration,lookahead_budgeted_exploration,21,0.47146872044718363,0.15899149665585624,2.306664448424916,0.11989812695843637
michalewicz,lookahead_budgeted_exploration,lookahead_budgeted_exploration,22,0.47146872044718363,0.15899149665585624,2.3772869042979443,0.1569597744420717
michalewicz,lookahead_budgeted_exploration,lookahead_budgeted_exploration,23,0.47146872044718363,0.15899149665585624,2.467630544145153,0.23548590575072956
michalewicz,lookahead_budgeted_exploration,lookahead_budgeted_exploration,24,0.47146872044718363,0.15899149665585624,2.52291086503987,0.2355761939318487
michalewicz,lookahead_budgeted_exploration,lookahead_budgeted_exploration,25,0.47146872044718363,0.15899149665585624,2.6035755203512525,0.2920624260316221
michalewicz,lookahead_budgeted_exploration,lookahead_budgeted_exploration,26,0.47146872044718363,0.15899149665585624,2.718141846333436,0.34309832255714495
michalewicz,lookahead_budgeted_exploration,lookahead_budgeted_exploration,27,0.47146872044718363,0.15899149665585624,2.8805475077095637,0.417324137242083
michalewicz,lookahead_budgeted_exploration,lookahead_budgeted_exploration,28,0.47146872044718363,0.15899149665585624,3.0042414010693843,0.4670107225701309
michalewicz,lookahead_budgeted_exploration,lookahead_budgeted_exploration,29,0.47146872044718363,0.15899149665585624,3.1211625859039476,0.4627087757438617
michalewicz,lookahead_budgeted_exploration,lookahead_budgeted_exploration,30,0.47146872044718363,0.15899149665585624,3.2218243573116965,0.4986573077402985
michalewicz,lookahead_budgeted_exploration,lookahead_budgeted_exploration,31,0.47146872044718363,0.15899149665585624,3.3262449029231256,0.5235083516497431
michalewicz,lookahead_budgeted_exploration,lookahead_budgeted_exploration,32,0.47146872044718363,0.15899149665585624,3.4374603169093305,0.5132820637985452
michalewicz,lookahead_budgeted_exploration,lookahead_budgeted_exploration,33,0.47146872044718363,0.15899149665585624,3.543240373487965,0.5040919533146669
michalewicz,lookahead_budgeted_exploration,lookahead_budgeted_exploration,34,0.47146872044718363,0.15899149665585624,3.685353103046183,0.5432997748848237
michalewicz,lookahead_budgeted_exploration,lookahead_budgeted_exploration,35,0.47146872044718363,0.15899149665585624,3.825940430432125,0.5256293669989507
michalewicz,lookahead_budgeted_exploration,lookahead_budgeted_exploration,36,0.47146872044718363,0.15899149665585624,3.960295790345686,0.5042452944062109
michalewicz,lookahead_budgeted_exploration,lookahead_budgeted_exploration,37,0.47146872044718363,0.15899149665585624,4.095801611485862,0.5538516352713893
michalewicz,lookahead_budgeted_exploration,lookahead_budgeted_exploration,38,0.47146872044718363,0.15899149665585624,4.247072263211169,0.6142637915084151
michalewicz,lookahead_budgeted_exploration,lookahead_budgeted_exploration,39,0.47146872044718363,0.15899149665585624,4.40482895672843,0.6493725964129392
michalewicz,lookahead_budgeted_exploration,lookahead_budgeted_exploration,40,0.47146872044718363,0.15899149665585624,4.540629357720829,0.6424953276548951
michalewicz,lookahead_budgeted_exploration,lookahead_budgeted_exploration,41,0.47146872044718363,0.15899149665585624,4.694611454126465,0.6978264267813655
michalewicz,lookahead_budgeted_exploration,lookahead_budgeted_exploration,42,0.47146872044718363,0.15899149665585624,4.81792069525048,0.7236378128911365
michalewicz,lookahead_budgeted_exploration,lookahead_budgeted_exploration,43,0.47146872044718363,0.15899149665585624,4.963607475809069,0.7275616829368123
michalewicz,lookahead_budgeted_exploration,lookahead_budgeted_exploration,44,0.47146872044718363,0.15899149665585624,5.1428503899492455,0.6863890606593145
michalewicz,lookahead_budgeted_exploration,lookahead_budgeted_exploration,45,0.47146872044718363,0.15899149665585624,5.299842957070417,0.7247336403129321
michalewicz,lookahead_budgeted_exploration,lookahead_budgeted_exploration,46,0.47146872044718363,0.15899149665585624,5.418407112171983,0.7576039674441305
michalewicz,lookahead_budgeted_exploration,lookahead_budgeted_exploration,47,0.47146872044718363,0.15899149665585624,5.5275341333313115,0.7608892275086496
michalewicz,lookahead_budgeted_exploration,lookahead_budgeted_exploration,48,0.47146872044718363,0.15899149665585624,5.63175450237291,0.7755439105690277
michalewicz,lookahead_budgeted_exploration,lookahead_budgeted_exploration,49,0.47146872044718363,0.15899149665585624,5.7348287308507055,0.7903321230668315
