function,method,reward_dir,iteration,best_regret_mean,best_regret_std,cum_scaled_move_cost_mean,cum_scaled_move_cost_std
rastrigin,pure_bo,pure_bo,0,27.20305305870309,3.810381287459994,0.4138699280120653,0.28496968136497547
rastrigin,pure_bo,pure_bo,1,27.20305305870309,3.810381287459994,0.8887968578348389,0.49536390606060204
rastrigin,pure_bo,pure_bo,2,27.20305305870309,3.810381287459994,1.0790676669851256,0.5477200594445528
rastrigin,pure_bo,pure_bo,3,24.83956811548454,1.5931350919648706,1.6669105366087564,0.48557201427735036
rastrigin,pure_bo,pure_bo,4,24.83956811548454,1.5931350919648706,2.334575476699425,0.3592273099413154
rastrigin,pure_bo,pure_bo,5,24.83956811548454,1.5931350919648706,2.8207978879869917,0.5303882079785333
rastrigin,pure_bo,pure_bo,6,24.83956811548454,1.5931350919648706,3.3918084703647273,0.3221725592780316
rastrigin,pure_bo,pure_bo,7,24.83956811548454,1.5931350919648706,3.8280276673137927,0.3442689214304065
rastrigin,pure_bo,pure_bo,8,24.226437330596085,2.404287742269638,4.098413280172462,0.6467646784644949
rastrigin,pure_bo,pure_bo,9,22.477029615536065,1.8023418414032057,4.607736287140852,0.9051597514392585
rastrigin,pure_bo,pure_bo,10,22.477029615536065,1.8023418414032057,4.767322850482902,1.084044360728768
rastrigin,pure_bo,pure_bo,11,22.477029615536065,1.8023418414032057,5.2259574454516615,1.2855028908857276
rastrigin,pure_bo,pure_bo,12,22.477029615536065,1.8023418414032057,5.74560565240488,1.2605347639609565
rastrigin,pure_bo,pure_bo,13,22.477029615536065,1.8023418414032057,6.292880489574974,1.5026920649127555
rastrigin,pure_bo,pure_bo,14,22.477029615536065,1.8023418414032057,6.724591713740831,1.6717819043089703
rastrigin,pure_bo,pure_bo,15,22.477029615536065,1.8023418414032057,7.003902563602774,1.694541655324335
rastrigin,pure_bo,pure_bo,16,22.477029615536065,1.8023418414032057,7.186100895149455,1.7049732178436046
rastrigin,pure_bo,pure_bo,17,22.477029615536065,1.8023418414032057,7.248688296150792,1.7333629347325132
rastrigin,pure_bo,pure_bo,18,22.477029615536065,1.8023418414032057,7.298179056201103,1.7491574328930488
rastrigin,pure_bo,pure_bo,19,22.477029615536065,1.8023418414032057,7.373843936205215,1.7132890772635645
rastrigin,pure_bo,pure_bo,20,22.477029615536065,1.8023418414032057,7.681055831091153,1.9769847713263637
rastrigin,pure_bo,pure_bo,21,22.477029615536065,1.8023418414032057,7.922330494737579,2.140076323009761
rastrigin,pure_bo,pure_bo,22,22.477029615536065,1.8023418414032057,8.056577744571985,2.227758178770134
rastrigin,pure_bo,pure_bo,23,19.30732822475792,5.463029942767027,8.372179652074733,2.4991145441271314
rastrigin,pure_bo,pure_bo,24,19.30732822475792,5.463029942767027,8.632873375626373,2.740774121133321
rastrigin,pure_bo,pure_bo,25,19.30732822475792,5.463029942767027,8.79903322093711,2.889967719226063
rastrigin,pure_bo,pure_bo,26,19.30732822475792,5.463029942767027,9.140594365673616,2.7163399350990347
rastrigin,pure_bo,pure_bo,27,19.30732822475792,5.463029942767027,9.603748961890906,2.6144820924404257
rastrigin,pure_bo,pure_bo,28,17.42376933234365,3.9312994970397224,10.192117494736623,2.2083783157193886
rastrigin,pure_bo,pure_bo,29,17.42376933234365,3.9312994970397224,10.62725449631475,1.898215694900778
rastrigin,pure_bo,pure_bo,30,17.42376933234365,3.9312994970397224,10.859088081591771,1.878157223775898
rastrigin,pure_bo,pure_bo,31,17.42376933234365,3.9312994970397224,11.09729194641426,1.9002060960144422
rastrigin,pure_bo,pure_bo,32,17.42376933234365,3.9312994970397224,11.690628213315094,1.8871974088781598
rastrigin,pure_bo,pure_bo,33,17.42376933234365,3.9312994970397224,12.342999142546205,1.9425346969534367
rastrigin,pure_bo,pure_bo,34,17.42376933234365,3.9312994970397224,12.719592871900494,2.0680973296390395
rastrigin,pure_bo,pure_bo,35,17.42376933234365,3.9312994970397224,12.921399298678095,2.136888689203447
rastrigin,pure_bo,pure_bo,36,15.324969678152238,6.875631469592577,13.015772428508816,2.1997099714316035
rastrigin,pure_bo,pure_bo,37,15.324969678152238,6.875631469592577,13.22923801726219,2.2445256477418174
rastrigin,pure_bo,pure_bo,38,15.324969678152238,6.875631469592577,13.358480964804627,2.3092162626909003
rastrigin,pure_bo,pure_bo,39,15.324969678152238,6.875631469592577,13.514222229039783,2.3858146449311817
rastrigin,pure_bo,pure_bo,40,15.324969678152238,6.875631469592577,13.745643514814448,2.502150564021473
rastrigin,pure_bo,pure_bo,41,15.324969678152238,6.875631469592577,13.929798056045868,2.541426724566728
rastrigin,pure_bo,pure_bo,42,14.096171451111688,6.354347566657132,14.180132681522792,2.5973077022870417
rastrigin,pure_bo,pure_bo,43,13.42868523580347,7.2491219867551875,14.351713750317415,2.6659121543405
rastrigin,pure_bo,pure_bo,44,13.42868523580347,7.2491219867551875,15.135797421479404,2.8344280618423774
rastrigin,pure_bo,pure_bo,45,13.42868523580347,7.2491219867551875,15.81406692013062,2.943792188738453
rastrigin,pure_bo,pure_bo,46,13.42868523580347,7.2491219867551875,16.076764665367794,3.0206914538751843
rastrigin,pure_bo,pure_bo,47,13.42868523580347,7.2491219867551875,16.233482386985322,2.882860169839003
rastrigin,pure_bo,pure_bo,48,13.42868523580347,7.2491219867551875,16.271816471537022,2.886744285922769
rastrigin,pure_bo,pure_bo,49,13.42868523580347,7.2491219867551875,16.64894089201428,2.9454149628810367
rastrigin,earlbo,earlbo,0,26.072322614884552,5.197527587523907,0.48032621015807625,0.28617799149524886
rastrigin,earlbo,earlbo,1,26.072322614884552,5.197527587523907,0.6169002400488727,0.35708814035914077
rastrigin,earlbo,earlbo,2,26.072322614884552,5.197527587523907,0.699449187105182,0.341551903620509
rastrigin,earlbo,earlbo,3,24.288498951452393,3.4452429084003118,0.7674804683416978,0.31358205034750736
rastrigin,earlbo,earlbo,4,20.59151275996562,4.623608421842108,0.8124095799907115,0.323339495359985
rastrigin,earlbo,earlbo,5,12.351062832266967,5.242164449841546,0.8935393146357152,0.3207160871860158
rastrigin,earlbo,earlbo,6,12.351062832266967,5.242164449841546,1.074478608421925,0.35808952532363386
rastrigin,earlbo,earlbo,7,12.351062832266967,5.242164449841546,1.370617940849978,0.5457265880453377
rastrigin,earlbo,earlbo,8,12.351062832266967,5.242164449841546,1.648131040901714,0.737806983849754
rastrigin,earlbo,earlbo,9,12.351062832266967,5.242164449841546,1.9358006311127915,0.8832904489264065
rastrigin,earlbo,earlbo,10,12.351062832266967,5.242164449841546,2.2203329797567375,1.0093730060978872
rastrigin,earlbo,earlbo,11,12.351062832266967,5.242164449841546,2.374663989624709,1.0696659903313388
rastrigin,earlbo,earlbo,12,10.788635052338497,4.407987044025935,2.5310179997114672,1.1333382319196312
rastrigin,earlbo,earlbo,13,8.666383433558503,4.9128119684513365,2.614728231057132,1.1909416114983984
rastrigin,earlbo,earlbo,14,7.194164176892879,2.8336603574170094,2.715417906438836,1.159129389340784
rastrigin,earlbo,earlbo,15,7.194164176892879,2.8336603574170094,2.8039485968235702,1.1188842018550498
rastrigin,earlbo,earlbo,16,7.194164176892879,2.8336603574170094,3.1647640756721067,1.1887144019803426
rastrigin,earlbo,earlbo,17,7.194164176892879,2.8336603574170094,3.522610957094288,1.268790888308644
rastrigin,earlbo,earlbo,18,7.194164176892879,2.8336603574170094,3.8142992760534784,1.126172203407563
rastrigin,earlbo,earlbo,19,7.194164176892879,2.8336603574170094,4.242992142260341,1.0757430861537889
rastrigin,earlbo,earlbo,20,7.194164176892879,2.8336603574170094,4.688759447663853,1.0366778365184501
rastrigin,earlbo,earlbo,21,7.194164176892879,2.8336603574170094,4.953336147450245,1.1335739710812154
rastrigin,earlbo,earlbo,22,7.194164176892879,2.8336603574170094,5.20086351701103,1.1933078111287225
rastrigin,earlbo,earlbo,23,7.194164176892879,2.8336603574170094,5.371028921699398,1.165921101882804
rastrigin,earlbo,earlbo,24,7.194164176892879,2.8336603574170094,5.534767549449494,1.1172675393191724
rastrigin,earlbo,earlbo,25,7.194164176892879,2.8336603574170094,5.818579039037563,1.0781139901680379
rastrigin,earlbo,earlbo,26,6.518919807371307,3.364004639086084,5.934651777000281,1.101465558390707
rastrigin,earlbo,earlbo,27,6.518919807371307,3.364004639086084,6.080501946573143,1.0949742274664966
rastrigin,earlbo,earlbo,28,6.518919807371307,3.364004639086084,6.206517333498087,1.089893193561863
rastrigin,earlbo,earlbo,29,5.193115146866108,1.5623686123973068,6.417973064579786,1.0799288942623555
rastrigin,earlbo,earlbo,30,5.193115146866108,1.5623686123973068,6.531493305901056,1.0236412618835178
rastrigin,earlbo,earlbo,31,5.193115146866108,1.5623686123973068,6.792316133067634,1.1638385946221053
rastrigin,earlbo,earlbo,32,5.193115146866108,1.5623686123973068,7.038310000067874,1.281146175699423
rastrigin,earlbo,earlbo,33,5.193115146866108,1.5623686123973068,7.179945329909462,1.2486797785430113
rastrigin,earlbo,earlbo,34,5.193115146866108,1.5623686123973068,7.37564574778726,1.2685181610587286
rastrigin,earlbo,earlbo,35,5.193115146866108,1.5623686123973068,7.612927703986976,1.2416985568456673
rastrigin,earlbo,earlbo,36,5.193115146866108,1.5623686123973068,7.795193043937027,1.251461134035407
rastrigin,earlbo,earlbo,37,5.193115146866108,1.5623686123973068,7.986553871273493,1.2600408346379388
rastrigin,earlbo,earlbo,38,5.193115146866108,1.5623686123973068,8.068897835157856,1.283841992268874
rastrigin,earlbo,earlbo,39,5.193115146866108,1.5623686123973068,8.190229045970185,1.2150635468171471
rastrigin,earlbo,earlbo,40,5.193115146866108,1.5623686123973068,8.49863424580943,1.0464051353317951
rastrigin,earlbo,earlbo,41,5.193115146866108,1.5623686123973068,8.811120153719655,0.8092336704628557
rastrigin,earlbo,earlbo,42,5.193115146866108,1.5623686123973068,9.011320622966087,0.7983895753249858
rastrigin,earlbo,earlbo,43,5.193115146866108,1.5623686123973068,9.118575418530147,0.8116850158621448
rastrigin,earlbo,earlbo,44,5.193115146866108,1.5623686123973068,9.311058000761598,0.8461190035076819
rastrigin,earlbo,earlbo,45,5.193115146866108,1.5623686123973068,9.352691229176736,0.8423453105138962
rastrigin,earlbo,earlbo,46,5.193115146866108,1.5623686123973068,9.60134820493237,0.8405480869722789
rastrigin,earlbo,earlbo,47,5.193115146866108,1.5623686123973068,9.999031870882787,0.8280987607578745
rastrigin,earlbo,earlbo,48,5.193115146866108,1.5623686123973068,10.194455303373296,0.8075663906688985
rastrigin,earlbo,earlbo,49,5.193115146866108,1.5623686123973068,10.451175400100299,0.7548883078047813
rastrigin,snake,snake,0,23.771396903081172,8.26032390537794,0.4376828708664065,0.2296510461152935
rastrigin,snake,snake,1,23.771396903081172,8.26032390537794,0.5438613649790354,0.2828874207392377
rastrigin,snake,snake,2,19.189800268131318,7.894294078301636,0.620504921736727,0.2855297265702666
rastrigin,snake,snake,3,19.189800268131318,7.894294078301636,0.8085791735817138,0.3050455087129672
rastrigin,snake,snake,4,18.18132948863811,6.480074966746373,1.0818523507676632,0.5124985031419951
rastrigin,snake,snake,5,18.18132948863811,6.480074966746373,1.2862598390926585,0.7240857374180383
rastrigin,snake,snake,6,18.18132948863811,6.480074966746373,1.3565146626460516,0.7203673040289795
rastrigin,snake,snake,7,18.18132948863811,6.480074966746373,1.5182999903735777,0.8289444751942822
rastrigin,snake,snake,8,14.760290347761275,10.206768988739588,1.6981558199523905,0.9148898767964374
rastrigin,snake,snake,9,14.760290347761275,10.206768988739588,1.8110474519009412,0.9205907458636834
rastrigin,snake,snake,10,14.632961484608849,10.051343949990223,1.8834649154276617,0.9158372386659621
rastrigin,snake,snake,11,14.632961484608849,10.051343949990223,1.960159166325334,0.9106604908419023
rastrigin,snake,snake,12,8.779437667202961,5.128385002745032,2.0483679089015694,0.9465599563141994
rastrigin,snake,snake,13,8.779437667202961,5.128385002745032,2.2168318434881087,0.9070564594920721
rastrigin,snake,snake,14,8.779437667202961,5.128385002745032,2.477348784553467,0.8680122497747231
rastrigin,snake,snake,15,8.779437667202961,5.128385002745032,2.69530472558928,0.8754084070137589
rastrigin,snake,snake,16,8.779437667202961,5.128385002745032,2.777322073168341,0.8537358846526739
rastrigin,snake,snake,17,8.779437667202961,5.128385002745032,2.9674415493998896,0.9016145250202542
rastrigin,snake,snake,18,8.779437667202961,5.128385002745032,3.254248566133024,0.8605753647601124
rastrigin,snake,snake,19,8.779437667202961,5.128385002745032,3.5076060835305953,0.7328874015013488
rastrigin,snake,snake,20,8.779437667202961,5.128385002745032,3.5822072414826667,0.7200636748959279
rastrigin,snake,snake,21,8.779437667202961,5.128385002745032,3.8843128832036946,0.6282688836919524
rastrigin,snake,snake,22,8.779437667202961,5.128385002745032,4.273228205350856,0.6558418529672086
rastrigin,snake,snake,23,8.779437667202961,5.128385002745032,4.453442330071554,0.7305447400468134
rastrigin,snake,snake,24,8.779437667202961,5.128385002745032,4.573405979690797,0.764640054084098
rastrigin,snake,snake,25,8.212009261987907,4.487306339306297,4.722513029186347,0.868072070567785
rastrigin,snake,snake,26,8.212009261987907,4.487306339306297,4.893419332784334,0.9856819014034441
rastrigin,snake,snake,27,8.212009261987907,4.487306339306297,5.035437554049538,1.0354199500517431
rastrigin,snake,snake,28,8.212009261987907,4.487306339306297,5.258491373419272,1.1714809072637717
rastrigin,snake,snake,29,8.043442873286983,4.3072936773877375,5.363590254749408,1.1984930710000525
rastrigin,snake,snake,30,7.7519335037687584,4.010388778128684,5.813494820274808,1.37929508815381
rastrigin,snake,snake,31,7.7519335037687584,4.010388778128684,6.3110071294553345,1.6538872208376862
rastrigin,snake,snake,32,7.7519335037687584,4.010388778128684,6.530975156959681,1.8782898094616414
rastrigin,snake,snake,33,7.0377346581617095,3.386641146746723,6.680498795738615,1.9995411900740796
rastrigin,snake,snake,34,7.0377346581617095,3.386641146746723,6.969869128286842,2.142665284979028
rastrigin,snake,snake,35,7.0377346581617095,3.386641146746723,7.123855111003002,2.110260768484076
rastrigin,snake,snake,36,7.0377346581617095,3.386641146746723,7.234705992720845,2.0677879844312477
rastrigin,snake,snake,37,7.0377346581617095,3.386641146746723,7.521229761288247,2.049071246924958
rastrigin,snake,snake,38,7.0377346581617095,3.386641146746723,7.77220123383207,2.055596534154093
rastrigin,snake,snake,39,7.0377346581617095,3.386641146746723,7.980708560662799,2.1961707062532945
rastrigin,snake,snake,40,7.0377346581617095,3.386641146746723,8.194668568485284,2.25121599840046
rastrigin,snake,snake,41,7.0377346581617095,3.386641146746723,8.42460012332973,2.17510228178899
rastrigin,snake,snake,42,7.0377346581617095,3.386641146746723,8.619319725115501,2.12166393126265
rastrigin,snake,snake,43,7.0377346581617095,3.386641146746723,8.715477756988188,2.0952177314982077
rastrigin,snake,snake,44,7.0377346581617095,3.386641146746723,8.80401621466291,2.08686437256248
rastrigin,snake,snake,45,7.0377346581617095,3.386641146746723,8.99567582066551,1.9846893984202338
rastrigin,snake,snake,46,7.0377346581617095,3.386641146746723,9.155285948930622,1.9032533580092974
rastrigin,snake,snake,47,7.0377346581617095,3.386641146746723,9.25396643322889,1.9237601265144997
rastrigin,snake,snake,48,7.0377346581617095,3.386641146746723,9.451239705206557,1.891866482566931
rastrigin,snake,snake,49,7.0377346581617095,3.386641146746723,9.838782045585306,1.7603390764711444
rastrigin,log_improvement_movement_cost3,log_improvement_movement_cost3,0,24.26484834568797,7.590091380105037,0.4352438268035193,0.22915606347456816
rastrigin,log_improvement_movement_cost3,log_improvement_movement_cost3,1,20.651825232995872,5.2050021120176515,0.544833412464495,0.28029139030229605
rastrigin,log_improvement_movement_cost3,log_improvement_movement_cost3,2,19.555730500296466,4.029528799654661,0.651233890458674,0.2864753413829319
rastrigin,log_improvement_movement_cost3,log_improvement_movement_cost3,3,19.555730500296466,4.029528799654661,0.7562860159494216,0.28414377209712927
rastrigin,log_improvement_movement_cost3,log_improvement_movement_cost3,4,17.479640941952088,2.9746363731914514,0.8493723037349535,0.28748375746588084
rastrigin,log_improvement_movement_cost3,log_improvement_movement_cost3,5,15.040764689070512,1.5149268622995102,0.9034205590594868,0.286799465743117
rastrigin,log_improvement_movement_cost3,log_improvement_movement_cost3,6,15.040764689070512,1.5149268622995102,1.0064770576585051,0.3116576243343833
rastrigin,log_improvement_movement_cost3,log_improvement_movement_cost3,7,13.66777254374963,3.012140927394331,1.0750105754891714,0.3095431782795707
rastrigin,log_improvement_movement_cost3,log_improvement_movement_cost3,8,11.452079341548412,4.176912545439814,1.1625879690387766,0.29188214318927846
rastrigin,log_improvement_movement_cost3,log_improvement_movement_cost3,9,11.452079341548412,4.176912545439814,1.2245454304984067,0.29026958785034596
rastrigin,log_improvement_movement_cost3,log_improvement_movement_cost3,10,9.185035830192582,1.3194778711316668,1.3035268353161928,0.3344290066566913
rastrigin,log_improvement_movement_cost3,log_improvement_movement_cost3,11,9.185035830192582,1.3194778711316668,1.3510062766932107,0.3124483075671758
rastrigin,log_improvement_movement_cost3,log_improvement_movement_cost3,12,8.496732077682841,1.0202738623126844,1.4345763017340403,0.3007754474917521
rastrigin,log_improvement_movement_cost3,log_improvement_movement_cost3,13,7.666255125558401,1.648914259459956,1.5211041932769132,0.31047548426043114
rastrigin,log_improvement_movement_cost3,log_improvement_movement_cost3,14,7.666255125558401,1.648914259459956,1.5896193435443635,0.2893010260880693
rastrigin,log_improvement_movement_cost3,log_improvement_movement_cost3,15,7.666255125558401,1.648914259459956,1.6659900884393306,0.29754995426064024
rastrigin,log_improvement_movement_cost3,log_improvement_movement_cost3,16,7.666255125558401,1.648914259459956,1.7050873285823425,0.29827938116730407
rastrigin,log_improvement_movement_cost3,log_improvement_movement_cost3,17,7.666255125558401,1.648914259459956,1.7873431733579006,0.31967722836732315
rastrigin,log_improvement_movement_cost3,log_improvement_movement_cost3,18,5.828735089967604,1.2381704236060298,1.8581560861834534,0.3062507707120712
rastrigin,log_improvement_movement_cost3,log_improvement_movement_cost3,19,5.584328024613043,1.286117242108265,1.9259343303225853,0.25001960612187035
rastrigin,log_improvement_movement_cost3,log_improvement_movement_cost3,20,5.584328024613043,1.286117242108265,1.9888018367254023,0.24414503559215456
rastrigin,log_improvement_movement_cost3,log_improvement_movement_cost3,21,5.584328024613043,1.286117242108265,2.060798455929444,0.2414296982193388
rastrigin,log_improvement_movement_cost3,log_improvement_movement_cost3,22,5.584328024613043,1.286117242108265,2.112175149729143,0.2646378439240136
rastrigin,log_improvement_movement_cost3,log_improvement_movement_cost3,23,5.584328024613043,1.286117242108265,2.1805165255580476,0.2513838115174575
rastrigin,log_improvement_movement_cost3,log_improvement_movement_cost3,24,5.584328024613043,1.286117242108265,2.2326790463461013,0.24905594241974152
rastrigin,log_improvement_movement_cost3,log_improvement_movement_cost3,25,5.584328024613043,1.286117242108265,2.292334679571425,0.26179994173027166
rastrigin,log_improvement_movement_cost3,log_improvement_movement_cost3,26,4.8741405440986805,0.3993709960087261,2.3660976973402046,0.28890826003271114
rastrigin,log_improvement_movement_cost3,log_improvement_movement_cost3,27,4.8741405440986805,0.3993709960087261,2.433711947269798,0.2877615207637574
rastrigin,log_improvement_movement_cost3,log_improvement_movement_cost3,28,4.8741405440986805,0.3993709960087261,2.5018593520768695,0.2684249098711961
rastrigin,log_improvement_movement_cost3,log_improvement_movement_cost3,29,4.8741405440986805,0.3993709960087261,2.5614822674060718,0.26907356942928184
rastrigin,log_improvement_movement_cost3,log_improvement_movement_cost3,30,4.8741405440986805,0.3993709960087261,2.615763449777041,0.270663468083875
rastrigin,log_improvement_movement_cost3,log_improvement_movement_cost3,31,4.8741405440986805,0.3993709960087261,2.6908727289591106,0.25237358229810014
rastrigin,log_improvement_movement_cost3,log_improvement_movement_cost3,32,4.8741405440986805,0.3993709960087261,2.7751969777184584,0.2460838766111905
rastrigin,log_improvement_movement_cost3,log_improvement_movement_cost3,33,4.8741405440986805,0.3993709960087261,2.8341595359307177,0.22762579636238528
rastrigin,log_improvement_movement_cost3,log_improvement_movement_cost3,34,4.8741405440986805,0.3993709960087261,2.9101875150774865,0.21904023324868804
rastrigin,log_improvement_movement_cost3,log_improvement_movement_cost3,35,4.689433240279727,0.6593137422563179,2.957859967629535,0.21185703671715703
rastrigin,log_improvement_movement_cost3,log_improvement_movement_cost3,36,4.689433240279727,0.6593137422563179,3.0159346571547885,0.22380650485464768
rastrigin,log_improvement_movement_cost3,log_improvement_movement_cost3,37,4.689433240279727,0.6593137422563179,3.065365966938687,0.21966409205762993
rastrigin,log_improvement_movement_cost3,log_improvement_movement_cost3,38,4.689433240279727,0.6593137422563179,3.1350943441399823,0.1815063371463029
rastrigin,log_improvement_movement_cost3,log_improvement_movement_cost3,39,4.689433240279727,0.6593137422563179,3.2167689500285253,0.17302429789732407
rastrigin,log_improvement_movement_cost3,log_improvement_movement_cost3,40,4.689433240279727,0.6593137422563179,3.3041455202453567,0.15398120189744252
rastrigin,log_improvement_movement_cost3,log_improvement_movement_cost3,41,4.689433240279727,0.6593137422563179,3.3717798563667736,0.1261220231892427
rastrigin,log_improvement_movement_cost3,log_improvement_movement_cost3,42,4.689433240279727,0.6593137422563179,3.432618191111706,0.12713232436547087
rastrigin,log_improvement_movement_cost3,log_improvement_movement_cost3,43,4.689433240279727,0.6593137422563179,3.5006690601621617,0.12013806408793123
rastrigin,log_improvement_movement_cost3,log_improvement_movement_cost3,44,4.689433240279727,0.6593137422563179,3.571255086293847,0.10281645723270753
rastrigin,log_improvement_movement_cost3,log_improvement_movement_cost3,45,3.6668810162179484,1.3045988652361251,3.653810976424553,0.0986885062973754
rastrigin,log_improvement_movement_cost3,log_improvement_movement_cost3,46,3.6668810162179484,1.3045988652361251,3.701557556212246,0.09361805738114017
rastrigin,log_improvement_movement_cost3,log_improvement_movement_cost3,47,3.6668810162179484,1.3045988652361251,3.7568397541908602,0.08044793610759576
rastrigin,log_improvement_movement_cost3,log_improvement_movement_cost3,48,3.6668810162179484,1.3045988652361251,3.822280074045775,0.09864584315435904
rastrigin,log_improvement_movement_cost3,log_improvement_movement_cost3,49,3.6668810162179484,1.3045988652361251,3.88075640887954,0.09490684310557362
rastrigin,optimistic_selected,optimistic_improvement_movement_cost3,0,27.20305305870308,3.810381287459994,0.4275392562261793,0.23143552647900653
rastrigin,optimistic_selected,optimistic_improvement_movement_cost3,1,27.20305305870308,3.810381287459994,0.5516738625946354,0.24026162310363883
rastrigin,optimistic_selected,optimistic_improvement_movement_cost3,2,27.20305305870308,3.810381287459994,0.6426873698441428,0.23642008682110704
rastrigin,optimistic_selected,optimistic_improvement_movement_cost3,3,27.20305305870308,3.810381287459994,0.7401375241308737,0.26079043981557304
rastrigin,optimistic_selected,optimistic_improvement_movement_cost3,4,18.02820696796306,6.174285976890633,0.7885764593035329,0.2575309386833399
rastrigin,optimistic_selected,optimistic_improvement_movement_cost3,5,11.367838173449476,5.41195207766251,0.829765800292099,0.2737415988828557
rastrigin,optimistic_selected,optimistic_improvement_movement_cost3,6,11.367838173449476,5.41195207766251,0.8904126469725003,0.27015319402102334
rastrigin,optimistic_selected,optimistic_improvement_movement_cost3,7,11.367838173449476,5.41195207766251,0.9522058697852224,0.2784334836716044
rastrigin,optimistic_selected,optimistic_improvement_movement_cost3,8,11.367838173449476,5.41195207766251,1.0171569004021341,0.291862873272683
rastrigin,optimistic_selected,optimistic_improvement_movement_cost3,9,11.367838173449476,5.41195207766251,1.0869702641646601,0.26953401201730137
rastrigin,optimistic_selected,optimistic_improvement_movement_cost3,10,11.367838173449476,5.41195207766251,1.1732116524968104,0.2716005547457758
rastrigin,optimistic_selected,optimistic_improvement_movement_cost3,11,11.367838173449476,5.41195207766251,1.2146571664164016,0.29020273421131526
rastrigin,optimistic_selected,optimistic_improvement_movement_cost3,12,11.367838173449476,5.41195207766251,1.307779570146691,0.3058992348478475
rastrigin,optimistic_selected,optimistic_improvement_movement_cost3,13,11.367838173449476,5.41195207766251,1.3588477818983702,0.32079687886577274
rastrigin,optimistic_selected,optimistic_improvement_movement_cost3,14,8.389857765843848,5.28127726080658,1.3994746898000885,0.32091611669717396
rastrigin,optimistic_selected,optimistic_improvement_movement_cost3,15,8.389857765843848,5.28127726080658,1.446528578936247,0.30775749754559395
rastrigin,optimistic_selected,optimistic_improvement_movement_cost3,16,8.389857765843848,5.28127726080658,1.4870310169441348,0.2930714395732803
rastrigin,optimistic_selected,optimistic_improvement_movement_cost3,17,8.389857765843848,5.28127726080658,1.5790648052613836,0.32230142672305334
rastrigin,optimistic_selected,optimistic_improvement_movement_cost3,18,7.024117838455122,3.382726253311989,1.6584188760821743,0.3413350507395227
rastrigin,optimistic_selected,optimistic_improvement_movement_cost3,19,5.490614746317269,1.3657346298534834,1.7278228222717331,0.2892725804149179
rastrigin,optimistic_selected,optimistic_improvement_movement_cost3,20,5.490614746317269,1.3657346298534834,1.8016831071947852,0.27281613122112147
rastrigin,optimistic_selected,optimistic_improvement_movement_cost3,21,5.490614746317269,1.3657346298534834,1.8731456047591604,0.2778544055323828
rastrigin,optimistic_selected,optimistic_improvement_movement_cost3,22,5.490614746317269,1.3657346298534834,1.9395498176127137,0.3097153773933435
rastrigin,optimistic_selected,optimistic_improvement_movement_cost3,23,5.490614746317269,1.3657346298534834,1.9987327634728278,0.3184871690562193
rastrigin,optimistic_selected,optimistic_improvement_movement_cost3,24,5.490614746317269,1.3657346298534834,2.0378456734332375,0.3120944767113118
rastrigin,optimistic_selected,optimistic_improvement_movement_cost3,25,5.490614746317269,1.3657346298534834,2.0834721678209718,0.3175680911351012
rastrigin,optimistic_selected,optimistic_improvement_movement_cost3,26,5.490614746317269,1.3657346298534834,2.140139746831933,0.3258976583779871
rastrigin,optimistic_selected,optimistic_improvement_movement_cost3,27,5.490614746317269,1.3657346298534834,2.191292858147841,0.330057281028188
rastrigin,optimistic_selected,optimistic_improvement_movement_cost3,28,5.490614746317269,1.3657346298534834,2.261047374852754,0.30995513491529636
rastrigin,optimistic_selected,optimistic_improvement_movement_cost3,29,5.416940630175154,1.3612931655979559,2.3427533551745867,0.2774219549904565
rastrigin,optimistic_selected,optimistic_improvement_movement_cost3,30,5.416940630175154,1.3612931655979559,2.4078674848028583,0.26288656555434775
rastrigin,optimistic_selected,optimistic_improvement_movement_cost3,31,5.416940630175154,1.3612931655979559,2.4679515150461104,0.28588464943088454
rastrigin,optimistic_selected,optimistic_improvement_movement_cost3,32,5.416940630175154,1.3612931655979559,2.5163048927658145,0.2979812356168148
rastrigin,optimistic_selected,optimistic_improvement_movement_cost3,33,5.416940630175154,1.3612931655979559,2.565168528678371,0.2929112137044219
rastrigin,optimistic_selected,optimistic_improvement_movement_cost3,34,5.416940630175154,1.3612931655979559,2.6245576406323052,0.29069807756641936
rastrigin,optimistic_selected,optimistic_improvement_movement_cost3,35,5.416940630175154,1.3612931655979559,2.679963991654402,0.278702469284916
rastrigin,optimistic_selected,optimistic_improvement_movement_cost3,36,5.416940630175154,1.3612931655979559,2.747851819189376,0.2916449534925005
rastrigin,optimistic_selected,optimistic_improvement_movement_cost3,37,5.416940630175154,1.3612931655979559,2.808986120131994,0.3192178682654319
rastrigin,optimistic_selected,optimistic_improvement_movement_cost3,38,5.416940630175154,1.3612931655979559,2.8903122030808963,0.3267550892310909
rastrigin,optimistic_selected,optimistic_improvement_movement_cost3,39,5.416940630175154,1.3612931655979559,2.964069819369005,0.30274398883437337
rastrigin,optimistic_selected,optimistic_improvement_movement_cost3,40,5.416940630175154,1.3612931655979559,3.0198974525809543,0.27320346279675367
rastrigin,optimistic_selected,optimistic_improvement_movement_cost3,41,4.793342889646998,1.6187137367982516,3.0700644410921374,0.22360904837258766
rastrigin,optimistic_selected,optimistic_improvement_movement_cost3,42,4.793342889646998,1.6187137367982516,3.1403987524502845,0.22442567965864496
rastrigin,optimistic_selected,optimistic_improvement_movement_cost3,43,4.793342889646998,1.6187137367982516,3.2121300193464486,0.23684840481321215
rastrigin,optimistic_selected,optimistic_improvement_movement_cost3,44,4.793342889646998,1.6187137367982516,3.2768394967259202,0.22928586124759648
rastrigin,optimistic_selected,optimistic_improvement_movement_cost3,45,4.793342889646998,1.6187137367982516,3.3417951443077363,0.21960541778191728
rastrigin,optimistic_selected,optimistic_improvement_movement_cost3,46,4.793342889646998,1.6187137367982516,3.4305921009285156,0.21737690209335941
rastrigin,optimistic_selected,optimistic_improvement_movement_cost3,47,4.793342889646998,1.6187137367982516,3.468708262167178,0.21435983572607845
rastrigin,optimistic_selected,optimistic_improvement_movement_cost3,48,4.060934737187147,2.3468066107304395,3.5079325785076514,0.20619549471859663
rastrigin,optimistic_selected,optimistic_improvement_movement_cost3,49,4.060934737187147,2.3468066107304395,3.550030793233141,0.196971147669474
rastrigin,budgeted_exploration,budgeted_exploration,0,26.637092881354505,4.487086912850945,0.4255018862551097,0.22712012796159614
rastrigin,budgeted_exploration,budgeted_exploration,1,19.530613158929622,5.738160157283974,0.5667547670562956,0.2550436270860393
rastrigin,budgeted_exploration,budgeted_exploration,2,19.530613158929622,5.738160157283974,0.605354247731896,0.2668844934245124
rastrigin,budgeted_exploration,budgeted_exploration,3,19.530613158929622,5.738160157283974,0.7033877046799203,0.23148673937813716
rastrigin,budgeted_exploration,budgeted_exploration,4,19.530613158929622,5.738160157283974,0.7965510185943735,0.24418671521529628
rastrigin,budgeted_exploration,budgeted_exploration,5,17.04303333742574,6.837570824922358,0.8535610920431808,0.2653843773813824
rastrigin,budgeted_exploration,budgeted_exploration,6,17.04303333742574,6.837570824922358,0.9105726973631016,0.2608890115719499
rastrigin,budgeted_exploration,budgeted_exploration,7,17.04303333742574,6.837570824922358,1.013171396948881,0.2762469199638299
rastrigin,budgeted_exploration,budgeted_exploration,8,12.58065380892463,0.6291392620290237,1.1262316206682474,0.26237718799345944
rastrigin,budgeted_exploration,budgeted_exploration,9,12.58065380892463,0.6291392620290237,1.2389457692289478,0.21214174301950217
rastrigin,budgeted_exploration,budgeted_exploration,10,12.58065380892463,0.6291392620290237,1.3241846816108038,0.21060436859918763
rastrigin,budgeted_exploration,budgeted_exploration,11,12.58065380892463,0.6291392620290237,1.3798355240937523,0.22849865180485235
rastrigin,budgeted_exploration,budgeted_exploration,12,12.58065380892463,0.6291392620290237,1.449036208144112,0.2112454627387642
rastrigin,budgeted_exploration,budgeted_exploration,13,12.58065380892463,0.6291392620290237,1.5422033426462118,0.20244439083820095
rastrigin,budgeted_exploration,budgeted_exploration,14,12.58065380892463,0.6291392620290237,1.6164603637298882,0.19892719243346607
rastrigin,budgeted_exploration,budgeted_exploration,15,12.58065380892463,0.6291392620290237,1.6557806234981765,0.19501456948229046
rastrigin,budgeted_exploration,budgeted_exploration,16,12.58065380892463,0.6291392620290237,1.7097430722341278,0.19756465145541532
rastrigin,budgeted_exploration,budgeted_exploration,17,12.58065380892463,0.6291392620290237,1.8197118091078062,0.22872055605644653
rastrigin,budgeted_exploration,budgeted_exploration,18,11.283140316159743,1.8907636448920755,1.8911807874150997,0.2376637058729211
rastrigin,budgeted_exploration,budgeted_exploration,19,11.283140316159743,1.8907636448920755,1.9588689797407473,0.2106339912402001
rastrigin,budgeted_exploration,budgeted_exploration,20,11.283140316159743,1.8907636448920755,2.0296114615631744,0.18290508308353254
rastrigin,budgeted_exploration,budgeted_exploration,21,11.283140316159743,1.8907636448920755,2.1060490790072572,0.20251424379943986
rastrigin,budgeted_exploration,budgeted_exploration,22,11.283140316159743,1.8907636448920755,2.1805981335936147,0.23836499915595752
rastrigin,budgeted_exploration,budgeted_exploration,23,11.283140316159743,1.8907636448920755,2.2442535341047836,0.202464401861711
rastrigin,budgeted_exploration,budgeted_exploration,24,11.283140316159743,1.8907636448920755,2.307287397024934,0.17590961389547471
rastrigin,budgeted_exploration,budgeted_exploration,25,11.283140316159743,1.8907636448920755,2.360394358012147,0.17584054688414005
rastrigin,budgeted_exploration,budgeted_exploration,26,9.925086658894184,2.433859821781003,2.413059171035615,0.18947914636604746
rastrigin,budgeted_exploration,budgeted_exploration,27,9.925086658894184,2.433859821781003,2.4763417002182315,0.19571015385053508
rastrigin,budgeted_exploration,budgeted_exploration,28,9.925086658894184,2.433859821781003,2.548781884164826,0.17072074627094466
rastrigin,budgeted_exploration,budgeted_exploration,29,9.925086658894184,2.433859821781003,2.625714092500136,0.15584018484751483
rastrigin,budgeted_exploration,budgeted_exploration,30,9.925086658894184,2.433859821781003,2.6854758972177257,0.13025244653171306
rastrigin,budgeted_exploration,budgeted_exploration,31,9.042075249370056,3.0886458976950824,2.754980054504014,0.1336799401037792
rastrigin,budgeted_exploration,budgeted_exploration,32,9.042075249370056,3.0886458976950824,2.8153883199451464,0.15277544170459562
rastrigin,budgeted_exploration,budgeted_exploration,33,9.042075249370056,3.0886458976950824,2.8706717418530947,0.1628121068094042
rastrigin,budgeted_exploration,budgeted_exploration,34,9.042075249370056,3.0886458976950824,2.96167361098931,0.1710048723142426
rastrigin,budgeted_exploration,budgeted_exploration,35,9.042075249370056,3.0886458976950824,3.0155801210901267,0.16530972175680328
rastrigin,budgeted_exploration,budgeted_exploration,36,9.042075249370056,3.0886458976950824,3.1147229064174433,0.18360686023737657
rastrigin,budgeted_exploration,budgeted_exploration,37,9.042075249370056,3.0886458976950824,3.2105052468339967,0.2155735243839534
rastrigin,budgeted_exploration,budgeted_exploration,38,9.042075249370056,3.0886458976950824,3.308879639771247,0.19108769021641944
rastrigin,budgeted_exploration,budgeted_exploration,39,9.042075249370056,3.0886458976950824,3.3990444842546874,0.16748097927389938
rastrigin,budgeted_exploration,budgeted_exploration,40,9.042075249370056,3.0886458976950824,3.4783297703021496,0.16108889519550196
rastrigin,budgeted_exploration,budgeted_exploration,41,9.042075249370056,3.0886458976950824,3.555697407890776,0.12427412193704837
rastrigin,budgeted_exploration,budgeted_exploration,42,9.042075249370056,3.0886458976950824,3.631588718628279,0.11890920208327586
rastrigin,budgeted_exploration,budgeted_exploration,43,9.042075249370056,3.0886458976950824,3.6993319241505795,0.14887797832559047
rastrigin,budgeted_exploration,budgeted_exploration,44,9.042075249370056,3.0886458976950824,3.777100818922758,0.12404525871743875
rastrigin,budgeted_exploration,budgeted_exploration,45,9.042075249370056,3.0886458976950824,3.8451713475517795,0.0999615473423767
rastrigin,budgeted_exploration,budgeted_exploration,46,9.042075249370056,3.0886458976950824,3.9397903391133937,0.11618977574757496
rastrigin,budgeted_exploration,budgeted_exploration,47,9.042075249370056,3.0886458976950824,3.988516929223895,0.11969840835351997
rastrigin,budgeted_exploration,budgeted_exploration,48,9.042075249370056,3.0886458976950824,4.037461414320979,0.1151468703431027
rastrigin,budgeted_exploration,budgeted_exploration,49,9.042075249370056,3.0886458976950824,4.087356506781856,0.0975999280834907
rastrigin,lookahead_budgeted_exploration,lookahead_budgeted_exploration,0,24.355985085032614,7.466858031841504,0.4142025570194173,0.2233906510947899
rastrigin,lookahead_budgeted_exploration,lookahead_budgeted_exploration,1,24.355985085032614,7.466858031841504,0.5231002120951685,0.28091243016921125
rastrigin,lookahead_budgeted_exploration,lookahead_budgeted_exploration,2,20.942686162939648,12.162517697766289,0.6268604217479212,0.3278605155600688
rastrigin,lookahead_budgeted_exploration,lookahead_budgeted_exploration,3,20.942686162939648,12.162517697766289,0.7407927527503282,0.3361853346836592
rastrigin,lookahead_budgeted_exploration,lookahead_budgeted_exploration,4,18.3942232527975,11.47056134068295,0.8019009727797132,0.3444052525980357
rastrigin,lookahead_budgeted_exploration,lookahead_budgeted_exploration,5,18.356254058797486,11.468502299871941,0.8895179206054159,0.34591801639264946
rastrigin,lookahead_budgeted_exploration,lookahead_budgeted_exploration,6,18.356254058797486,11.468502299871941,0.94685668304266,0.3494721025630404
rastrigin,lookahead_budgeted_exploration,lookahead_budgeted_exploration,7,18.356254058797486,11.468502299871941,1.0395920993302334,0.3738642833604527
rastrigin,lookahead_budgeted_exploration,lookahead_budgeted_exploration,8,16.45152672927918,11.685792193220822,1.1264492333907545,0.3857625055541388
rastrigin,lookahead_budgeted_exploration,lookahead_budgeted_exploration,9,16.45152672927918,11.685792193220822,1.2223619387170948,0.34936495194829653
rastrigin,lookahead_budgeted_exploration,lookahead_budgeted_exploration,10,16.45152672927918,11.685792193220822,1.273474575608927,0.35210646304887394
rastrigin,lookahead_budgeted_exploration,lookahead_budgeted_exploration,11,16.45152672927918,11.685792193220822,1.353006811538408,0.37127590406728256
rastrigin,lookahead_budgeted_exploration,lookahead_budgeted_exploration,12,14.90200826442207,9.636444613044706,1.4216772699618618,0.35501783651938024
rastrigin,lookahead_budgeted_exploration,lookahead_budgeted_exploration,13,14.90200826442207,9.636444613044706,1.5205862874233056,0.3915232873773462
rastrigin,lookahead_budgeted_exploration,lookahead_budgeted_exploration,14,14.90200826442207,9.636444613044706,1.612959450245609,0.36998680813295465
rastrigin,lookahead_budgeted_exploration,lookahead_budgeted_exploration,15,13.743086294000022,8.152117376650551,1.6995246278852953,0.3621270704841468
rastrigin,lookahead_budgeted_exploration,lookahead_budgeted_exploration,16,13.743086294000022,8.152117376650551,1.7887010005770378,0.34994771564230526
rastrigin,lookahead_budgeted_exploration,lookahead_budgeted_exploration,17,13.743086294000022,8.152117376650551,1.8653539295497679,0.34841768867085404
rastrigin,lookahead_budgeted_exploration,lookahead_budgeted_exploration,18,13.743086294000022,8.152117376650551,1.9497828299862867,0.33308377768166336
rastrigin,lookahead_budgeted_exploration,lookahead_budgeted_exploration,19,13.743086294000022,8.152117376650551,2.0218035970404196,0.33094253161731124
rastrigin,lookahead_budgeted_exploration,lookahead_budgeted_exploration,20,13.743086294000022,8.152117376650551,2.0838211572229963,0.3313015003974623
rastrigin,lookahead_budgeted_exploration,lookahead_budgeted_exploration,21,13.743086294000022,8.152117376650551,2.1419879117709577,0.31599317799223337
rastrigin,lookahead_budgeted_exploration,lookahead_budgeted_exploration,22,13.743086294000022,8.152117376650551,2.23730316252075,0.3291562573758863
rastrigin,lookahead_budgeted_exploration,lookahead_budgeted_exploration,23,13.300109391319978,7.601562869151448,2.2883749569381244,0.3400242987421583
rastrigin,lookahead_budgeted_exploration,lookahead_budgeted_exploration,24,7.9766097848460085,6.0217610732757345,2.3960779019347114,0.2950821386838342
rastrigin,lookahead_budgeted_exploration,lookahead_budgeted_exploration,25,7.9766097848460085,6.0217610732757345,2.4588647523093425,0.2993688879382735
rastrigin,lookahead_budgeted_exploration,lookahead_budgeted_exploration,26,7.9766097848460085,6.0217610732757345,2.534973853854232,0.25166462958820907
rastrigin,lookahead_budgeted_exploration,lookahead_budgeted_exploration,27,5.347982766565135,2.3111966763146223,2.5911714224547304,0.23840006433678265
rastrigin,lookahead_budgeted_exploration,lookahead_budgeted_exploration,28,5.347982766565135,2.3111966763146223,2.671389493634528,0.2628074745039836
rastrigin,lookahead_budgeted_exploration,lookahead_budgeted_exploration,29,5.347982766565135,2.3111966763146223,2.768094921348306,0.27534933979339543
rastrigin,lookahead_budgeted_exploration,lookahead_budgeted_exploration,30,5.347982766565135,2.3111966763146223,2.835259892484185,0.2777988355349531
rastrigin,lookahead_budgeted_exploration,lookahead_budgeted_exploration,31,5.347982766565135,2.3111966763146223,2.9313142060041524,0.28241414666438414
rastrigin,lookahead_budgeted_exploration,lookahead_budgeted_exploration,32,5.347982766565135,2.3111966763146223,3.0185335285860746,0.25101043007498924
rastrigin,lookahead_budgeted_exploration,lookahead_budgeted_exploration,33,5.347982766565135,2.3111966763146223,3.073388053072095,0.26518940587897827
rastrigin,lookahead_budgeted_exploration,lookahead_budgeted_exploration,34,5.347982766565135,2.3111966763146223,3.149002627728404,0.2797810923477309
rastrigin,lookahead_budgeted_exploration,lookahead_budgeted_exploration,35,5.347982766565135,2.3111966763146223,3.219461271810586,0.2714225577717045
rastrigin,lookahead_budgeted_exploration,lookahead_budgeted_exploration,36,5.347982766565135,2.3111966763146223,3.2742864324598506,0.28742477003210937
rastrigin,lookahead_budgeted_exploration,lookahead_budgeted_exploration,37,5.347982766565135,2.3111966763146223,3.356741226100961,0.27421266501561425
rastrigin,lookahead_budgeted_exploration,lookahead_budgeted_exploration,38,5.347982766565135,2.3111966763146223,3.4422705499786836,0.28620600934385887
rastrigin,lookahead_budgeted_exploration,lookahead_budgeted_exploration,39,5.347982766565135,2.3111966763146223,3.5004147032305526,0.27942904227491006
rastrigin,lookahead_budgeted_exploration,lookahead_budgeted_exploration,40,5.347982766565135,2.3111966763146223,3.56285315939955,0.29107411060502064
rastrigin,lookahead_budgeted_exploration,lookahead_budgeted_exploration,41,5.347982766565135,2.3111966763146223,3.6872804898461333,0.3008688908179306
rastrigin,lookahead_budgeted_exploration,lookahead_budgeted_exploration,42,5.347982766565135,2.3111966763146223,3.8029676248522057,0.3038703545011201
rastrigin,lookahead_budgeted_exploration,lookahead_budgeted_exploration,43,5.347982766565135,2.3111966763146223,3.8617889338511264,0.30759168227835887
rastrigin,lookahead_budgeted_exploration,lookahead_budgeted_exploration,44,5.347982766565135,2.3111966763146223,3.922380881757021,0.3041987926780601
rastrigin,lookahead_budgeted_exploration,lookahead_budgeted_exploration,45,5.347982766565135,2.3111966763146223,3.978787873489497,0.30436470064917276
rastrigin,lookahead_budgeted_exploration,lookahead_budgeted_exploration,46,5.347982766565135,2.3111966763146223,4.039408307194926,0.30901863176589883
rastrigin,lookahead_budgeted_exploration,lookahead_budgeted_exploration,47,5.347982766565135,2.3111966763146223,4.110989399626491,0.3324836763227931
rastrigin,lookahead_budgeted_exploration,lookahead_budgeted_exploration,48,5.347982766565135,2.3111966763146223,4.158295842071858,0.3307849507591696
rastrigin,lookahead_budgeted_exploration,lookahead_budgeted_exploration,49,5.347982766565135,2.3111966763146223,4.242689523072284,0.3308961814470006
schwefel,pure_bo,pure_bo,0,663.5093467709976,153.5651152566245,0.5986775998654358,0.19416754011038875
schwefel,pure_bo,pure_bo,1,663.5093467709976,153.5651152566245,1.2716952868657199,0.4106208844733044
schwefel,pure_bo,pure_bo,2,663.5093467709976,153.5651152566245,1.8641451996610978,0.45214545008799817
schwefel,pure_bo,pure_bo,3,663.5093467709976,153.5651152566245,2.2324830783093597,0.3267225333694325
schwefel,pure_bo,pure_bo,4,663.5093467709976,153.5651152566245,2.930168169324809,0.45397909261658864
schwefel,pure_bo,pure_bo,5,663.5093467709976,153.5651152566245,3.4811630696892837,0.4204107101564555
schwefel,pure_bo,pure_bo,6,655.1369981538156,141.73013243044002,4.182413477894131,0.32985621667579046
schwefel,pure_bo,pure_bo,7,655.1369981538156,141.73013243044002,4.738718294617744,0.22903332120219722
schwefel,pure_bo,pure_bo,8,655.1369981538156,141.73013243044002,5.270171159926698,0.19117113525005072
schwefel,pure_bo,pure_bo,9,655.1161503240734,141.700663466121,6.112720768978459,0.26024714210915134
schwefel,pure_bo,pure_bo,10,655.1161503240734,141.700663466121,6.812869741490396,0.2545260105787403
schwefel,pure_bo,pure_bo,11,655.1161503240734,141.700663466121,7.469213323669202,0.6900493133734273
schwefel,pure_bo,pure_bo,12,594.2003363579169,55.65933558414766,8.027331956709025,1.2058621271323304
schwefel,pure_bo,pure_bo,13,594.2003363579169,55.65933558414766,8.312181915363867,1.4090292065432495
schwefel,pure_bo,pure_bo,14,594.2003363579169,55.65933558414766,8.7608372724336,1.6710035114745045
schwefel,pure_bo,pure_bo,15,590.995242017268,51.14220243123093,9.083093524512256,2.0254835888441995
schwefel,pure_bo,pure_bo,16,590.995242017268,51.14220243123093,9.36245295569689,2.2807817790498732
schwefel,pure_bo,pure_bo,17,590.995242017268,51.14220243123093,9.525461047297005,2.3482115267860775
schwefel,pure_bo,pure_bo,18,551.2497874542545,90.60282835621207,9.914088439821207,2.1147031605579696
schwefel,pure_bo,pure_bo,19,551.2497874542545,90.60282835621207,10.391544391270576,2.4884245871137125
schwefel,pure_bo,pure_bo,20,551.2497874542545,90.60282835621207,10.509648952836445,2.4253526828457073
schwefel,pure_bo,pure_bo,21,551.2497874542545,90.60282835621207,10.670796214865929,2.3818933209102
schwefel,pure_bo,pure_bo,22,551.2497874542545,90.60282835621207,10.762700526188857,2.3479048494819352
schwefel,pure_bo,pure_bo,23,551.2497874542545,90.60282835621207,10.93593045145744,2.3323240091399753
schwefel,pure_bo,pure_bo,24,551.2497874542545,90.60282835621207,11.170061572440433,2.3340538803401767
schwefel,pure_bo,pure_bo,25,551.2497874542545,90.60282835621207,11.45137324329646,2.3680477511112374
schwefel,pure_bo,pure_bo,26,551.2497874542545,90.60282835621207,11.720271420516132,2.4525012133982624
schwefel,pure_bo,pure_bo,27,551.2497874542545,90.60282835621207,11.938945328407726,2.539361210232206
schwefel,pure_bo,pure_bo,28,551.2497874542545,90.60282835621207,12.406838849942865,2.4458150478207963
schwefel,pure_bo,pure_bo,29,551.2497874542545,90.60282835621207,12.483106157851141,2.4051853188494188
schwefel,pure_bo,pure_bo,30,551.2497874542545,90.60282835621207,12.56427957997991,2.4145554956826114
schwefel,pure_bo,pure_bo,31,551.2497874542545,90.60282835621207,12.802592779679642,2.1691532847843567
schwefel,pure_bo,pure_bo,32,519.1019130802864,55.5652447886826,13.371123214425403,2.2608118251355025
schwefel,pure_bo,pure_bo,33,519.1019130802864,55.5652447886826,13.72853909675998,2.660683714187522
schwefel,pure_bo,pure_bo,34,519.1019130802864,55.5652447886826,14.05759585592695,3.0197828038049606
schwefel,pure_bo,pure_bo,35,519.1019130802864,55.5652447886826,14.409076243416704,3.421101095299614
schwefel,pure_bo,pure_bo,36,501.58613879529577,45.132121674980986,14.717260682872466,3.7976133875093274
schwefel,pure_bo,pure_bo,37,501.58613879529577,45.132121674980986,15.190831611301947,4.110337921775996
schwefel,pure_bo,pure_bo,38,501.58613879529577,45.132121674980986,15.355892366799928,4.024948965688389
schwefel,pure_bo,pure_bo,39,501.58613879529577,45.132121674980986,15.61955790394965,3.9624812162778733
schwefel,pure_bo,pure_bo,40,501.58613879529577,45.132121674980986,15.823295578013264,3.858870846939887
schwefel,pure_bo,pure_bo,41,501.58613879529577,45.132121674980986,16.220441394568493,3.9194309845631676
schwefel,pure_bo,pure_bo,42,501.58613879529577,45.132121674980986,16.416628792000008,3.847060151984131
schwefel,pure_bo,pure_bo,43,501.58613879529577,45.132121674980986,16.870963976164166,4.130612009821494
schwefel,pure_bo,pure_bo,44,501.58613879529577,45.132121674980986,17.296246860858812,4.4188902965739665
schwefel,pure_bo,pure_bo,45,501.58613879529577,45.132121674980986,17.824765718957305,4.524947166835103
schwefel,pure_bo,pure_bo,46,501.58613879529577,45.132121674980986,18.444244804789154,4.6506526896497835
schwefel,pure_bo,pure_bo,47,501.58613879529577,45.132121674980986,18.642166475559986,4.634251049435581
schwefel,pure_bo,pure_bo,48,501.58613879529577,45.132121674980986,18.706745732804677,4.6840048548426125
schwefel,pure_bo,pure_bo,49,501.58613879529577,45.132121674980986,18.88911541493128,4.861452940293235
schwefel,earlbo,earlbo,0,663.5093467709977,153.56511525662447,0.9281167988671717,0.1867425791839412
schwefel,earlbo,earlbo,1,663.5093467709977,153.56511525662447,1.1866087506678038,0.3961857413429326
schwefel,earlbo,earlbo,2,663.5093467709977,153.56511525662447,2.0176503351538084,0.6342886838414675
schwefel,earlbo,earlbo,3,663.5093467709977,153.56511525662447,3.099199354257292,0.5564009603689514
schwefel,earlbo,earlbo,4,663.5093467709977,153.56511525662447,3.9545864251171707,0.39849470519961017
schwefel,earlbo,earlbo,5,663.5093467709977,153.56511525662447,4.457272133739515,0.38239758012311353
schwefel,earlbo,earlbo,6,663.5093467709977,153.56511525662447,5.251744303767494,0.8890112201778408
schwefel,earlbo,earlbo,7,663.5093467709977,153.56511525662447,5.8557132408890595,1.1713001693018799
schwefel,earlbo,earlbo,8,663.5093467709977,153.56511525662447,6.379554838306373,1.4031797297687265
schwefel,earlbo,earlbo,9,655.9895921617758,142.9353018983814,7.259688954352875,0.9470437978415015
schwefel,earlbo,earlbo,10,655.9895921617758,142.9353018983814,7.951442777781902,0.6589966397177488
schwefel,earlbo,earlbo,11,655.9895921617758,142.9353018983814,8.301831017812955,0.6353665331322207
schwefel,earlbo,earlbo,12,655.9895921617758,142.9353018983814,8.814898279729022,0.8113577434484047
schwefel,earlbo,earlbo,13,655.9895921617758,142.9353018983814,9.678273457803583,0.9656713369338912
schwefel,earlbo,earlbo,14,655.9895921617758,142.9353018983814,10.261731989822927,1.4561375570165267
schwefel,earlbo,earlbo,15,655.9895921617758,142.9353018983814,10.794595553023996,1.8080610598987172
schwefel,earlbo,earlbo,16,655.9895921617758,142.9353018983814,11.471046873184582,2.1635320090500962
schwefel,earlbo,earlbo,17,655.9895921617758,142.9353018983814,12.259811314483636,2.333262996749169
schwefel,earlbo,earlbo,18,600.3868020029225,64.38447866045097,12.80770497006848,2.183218070178811
schwefel,earlbo,earlbo,19,600.3868020029225,64.38447866045097,13.253890652203099,2.2042053382824274
schwefel,earlbo,earlbo,20,600.3868020029225,64.38447866045097,14.15794675634453,1.977031600160744
schwefel,earlbo,earlbo,21,600.3868020029225,64.38447866045097,14.771166489068174,1.7341149756589784
schwefel,earlbo,earlbo,22,538.8966218592623,23.152494117757815,15.551090205116815,1.3142472067693614
schwefel,earlbo,earlbo,23,538.8966218592623,23.152494117757815,15.870859272322788,1.2846900144878712
schwefel,earlbo,earlbo,24,538.8966218592623,23.152494117757815,16.234399930865134,1.2292801145658279
schwefel,earlbo,earlbo,25,538.8966218592623,23.152494117757815,16.744014646846825,1.1396011315416252
schwefel,earlbo,earlbo,26,538.8966218592623,23.152494117757815,17.202984523708363,1.133997859011399
schwefel,earlbo,earlbo,27,538.8966218592623,23.152494117757815,17.840562025821402,0.8898238233397642
schwefel,earlbo,earlbo,28,538.8966218592623,23.152494117757815,18.349628082734753,0.8842162912673799
schwefel,earlbo,earlbo,29,538.8966218592623,23.152494117757815,18.79181086192579,1.0004286208336235
schwefel,earlbo,earlbo,30,538.8966218592623,23.152494117757815,19.321624733801148,1.0969686750558698
schwefel,earlbo,earlbo,31,538.8966218592623,23.152494117757815,19.869008451477157,1.1714082250525113
schwefel,earlbo,earlbo,32,538.8966218592623,23.152494117757815,20.44496028013253,0.9626365720462684
schwefel,earlbo,earlbo,33,538.8966218592623,23.152494117757815,21.30048768336624,1.072446371006049
schwefel,earlbo,earlbo,34,499.46751323752596,52.95814281966971,22.07032733912222,1.309579048087441
schwefel,earlbo,earlbo,35,499.46751323752596,52.95814281966971,22.495953723836944,1.1661812695375828
schwefel,earlbo,earlbo,36,499.46751323752596,52.95814281966971,23.25365995068488,1.2942557280924638
schwefel,earlbo,earlbo,37,499.46751323752596,52.95814281966971,23.80014906677249,1.5396116989301865
schwefel,earlbo,earlbo,38,499.46751323752596,52.95814281966971,24.496405705748128,2.00919231405771
schwefel,earlbo,earlbo,39,499.46751323752596,52.95814281966971,25.198395459443475,2.13791253564076
schwefel,earlbo,earlbo,40,499.46751323752596,52.95814281966971,25.714006557476996,2.115010509330049
schwefel,earlbo,earlbo,41,499.46751323752596,52.95814281966971,26.523657447516683,1.8694907907968605
schwefel,earlbo,earlbo,42,499.46751323752596,52.95814281966971,27.260122870826695,1.6081249686810362
schwefel,earlbo,earlbo,43,499.46751323752596,52.95814281966971,27.65569097989409,1.5815239974906254
schwefel,earlbo,earlbo,44,499.46751323752596,52.95814281966971,28.196804391863434,1.7583495234913524
schwefel,earlbo,earlbo,45,499.46751323752596,52.95814281966971,29.037573891430764,1.9355599241301364
schwefel,earlbo,earlbo,46,499.46751323752596,52.95814281966971,29.69473452501343,1.8126010860891197
schwefel,earlbo,earlbo,47,499.46751323752596,52.95814281966971,30.400724104363576,2.027397311958379
schwefel,earlbo,earlbo,48,499.46751323752596,52.95814281966971,31.18331538319225,2.2138857196213544
schwefel,earlbo,earlbo,49,499.46751323752596,52.95814281966971,31.8265528402619,2.0317157259193257
schwefel,snake,snake,0,663.5093467709977,153.56511525662447,0.7021504585588016,0.078809869519242
schwefel,snake,snake,1,663.5093467709977,153.56511525662447,1.2314747790407958,0.5094387357251564
schwefel,snake,snake,2,663.5093467709977,153.56511525662447,1.7380108858732044,0.9024963718394599
schwefel,snake,snake,3,663.5093467709977,153.56511525662447,2.32051224800459,0.7870700508120396
schwefel,snake,snake,4,663.5093467709977,153.56511525662447,2.7490993854045063,0.835429326397738
schwefel,snake,snake,5,663.5093467709977,153.56511525662447,2.9452268946204185,1.0009243926260756
schwefel,snake,snake,6,663.5093467709977,153.56511525662447,3.323003306693325,0.8671721334186817
schwefel,snake,snake,7,663.5093467709977,153.56511525662447,3.9740032713801305,0.6839398939728275
schwefel,snake,snake,8,625.7482217714379,100.19667728771975,4.349463029228088,0.5991550823786008
schwefel,snake,snake,9,625.7482217714379,100.19667728771975,4.815207830871923,0.5822031844463922
schwefel,snake,snake,10,625.7482217714379,100.19667728771975,5.292411368756134,0.48968008324937773
schwefel,snake,snake,11,625.7482217714379,100.19667728771975,5.735889392336584,0.6582467900607276
schwefel,snake,snake,12,625.7482217714379,100.19667728771975,6.017458645680485,0.7196418679220128
schwefel,snake,snake,13,625.7482217714379,100.19667728771975,6.367835779089735,0.567185417099533
schwefel,snake,snake,14,625.7482217714379,100.19667728771975,6.781576661476163,0.5444928859779178
schwefel,snake,snake,15,625.7482217714379,100.19667728771975,7.084289584829062,0.5615321022672628
schwefel,snake,snake,16,625.7482217714379,100.19667728771975,7.398160245695415,0.4580554335087246
schwefel,snake,snake,17,564.9631112943345,142.3626210292939,7.753933264830192,0.5185588981785019
schwefel,snake,snake,18,564.9631112943345,142.3626210292939,7.9133049464335015,0.44457620731239406
schwefel,snake,snake,19,564.9631112943345,142.3626210292939,8.108069251579375,0.3447707451996703
schwefel,snake,snake,20,564.9631112943345,142.3626210292939,8.519602630558559,0.3738081679386815
schwefel,snake,snake,21,564.9631112943345,142.3626210292939,8.910601506654027,0.3970816780624243
schwefel,snake,snake,22,564.9631112943345,142.3626210292939,9.238597947248516,0.3930216414818119
schwefel,snake,snake,23,527.1659648726502,98.86327708575496,9.66279427982238,0.378084828395448
schwefel,snake,snake,24,527.1659648726502,98.86327708575496,9.884879243692753,0.3984815210576814
schwefel,snake,snake,25,527.1659648726502,98.86327708575496,10.283298601461299,0.7027228143423694
schwefel,snake,snake,26,496.8586333217732,74.08249915829666,10.813810800267197,0.7097104414781589
schwefel,snake,snake,27,496.8586333217732,74.08249915829666,11.115159293473686,0.6834802547852632
schwefel,snake,snake,28,496.8586333217732,74.08249915829666,11.479978279529995,0.7634078443962454
schwefel,snake,snake,29,496.8586333217732,74.08249915829666,11.723592811311931,0.774042697108896
schwefel,snake,snake,30,496.8586333217732,74.08249915829666,11.877017497108374,0.7889352695048173
schwefel,snake,snake,31,496.8586333217732,74.08249915829666,12.082137807487294,0.8793145902900901
schwefel,snake,snake,32,496.8586333217732,74.08249915829666,12.40642726224685,1.026914843522968
schwefel,snake,snake,33,495.60826176664585,73.41880236037512,12.782145028251401,1.1358244100399295
schwefel,snake,snake,34,495.60826176664585,73.41880236037512,13.379146935488768,1.3695242301851005
schwefel,snake,snake,35,495.60826176664585,73.41880236037512,13.822039580889728,1.6779013311783932
schwefel,snake,snake,36,477.7191153860317,60.93506237557376,14.186519288455585,1.5023694785976671
schwefel,snake,snake,37,477.7191153860317,60.93506237557376,14.67049475382168,1.434679762824478
schwefel,snake,snake,38,399.36176540890307,85.14932526786251,15.056971628114523,1.3687372323139082
schwefel,snake,snake,39,399.36176540890307,85.14932526786251,15.367949882637712,1.265251740827731
schwefel,snake,snake,40,399.36176540890307,85.14932526786251,15.612512318965104,1.2267211427088134
schwefel,snake,snake,41,396.5384497801608,88.52264824986261,15.801316783254563,1.2157557091559807
schwefel,snake,snake,42,375.1049620221691,94.38819475739896,16.11878102672588,1.1829023618118604
schwefel,snake,snake,43,375.1049620221691,94.38819475739896,16.577409060827396,1.126137201895719
schwefel,snake,snake,44,375.1049620221691,94.38819475739896,16.925449424002817,1.109000308978844
schwefel,snake,snake,45,375.1049620221691,94.38819475739896,17.229804161176126,0.9859693935088469
schwefel,snake,snake,46,375.1049620221691,94.38819475739896,17.634426626848324,0.970139433676356
schwefel,snake,snake,47,375.1049620221691,94.38819475739896,17.99193872926306,0.9293420696626898
schwefel,snake,snake,48,375.1049620221691,94.38819475739896,18.17475625765636,1.009649022047996
schwefel,snake,snake,49,375.1049620221691,94.38819475739896,18.523528003879207,1.067623990452551
schwefel,log_improvement_movement_cost3,log_improvement_movement_cost3,0,640.8517472813913,171.1212521165935,0.7265761715658363,0.03575616770723734
schwefel,log_improvement_movement_cost3,log_improvement_movement_cost3,1,640.8517472813913,171.1212521165935,1.3948526458501427,0.3875623533962044
schwefel,log_improvement_movement_cost3,log_improvement_movement_cost3,2,640.8517472813913,171.1212521165935,2.0752745165093986,0.7035394277180058
schwefel,log_improvement_movement_cost3,log_improvement_movement_cost3,3,592.6929261007177,185.09375870163362,2.3650879259828366,0.7948083655454488
schwefel,log_improvement_movement_cost3,log_improvement_movement_cost3,4,592.6929261007177,185.09375870163362,2.5382511633454716,0.9506011332067845
schwefel,log_improvement_movement_cost3,log_improvement_movement_cost3,5,592.6929261007177,185.09375870163362,2.881893570027574,0.9576368311699563
schwefel,log_improvement_movement_cost3,log_improvement_movement_cost3,6,573.2920429208001,189.7320597347335,3.1702078941316287,1.0575618495890575
schwefel,log_improvement_movement_cost3,log_improvement_movement_cost3,7,573.2920429208001,189.7320597347335,3.268155439844676,1.0981156457107843
schwefel,log_improvement_movement_cost3,log_improvement_movement_cost3,8,573.2920429208001,189.7320597347335,3.3853907740722717,1.1689060830884883
schwefel,log_improvement_movement_cost3,log_improvement_movement_cost3,9,515.1278492072248,120.24265065389436,3.5850791685141643,1.3086898484143497
schwefel,log_improvement_movement_cost3,log_improvement_movement_cost3,10,510.8400794278435,126.01360416073501,3.823874442629491,1.5058988436149048
schwefel,log_improvement_movement_cost3,log_improvement_movement_cost3,11,510.8400794278435,126.01360416073501,4.045207006181582,1.5715619363675035
schwefel,log_improvement_movement_cost3,log_improvement_movement_cost3,12,510.8400794278435,126.01360416073501,4.441031426872568,1.4346629715222663
schwefel,log_improvement_movement_cost3,log_improvement_movement_cost3,13,510.8400794278435,126.01360416073501,4.693177309958585,1.2036437899049384
schwefel,log_improvement_movement_cost3,log_improvement_movement_cost3,14,510.8400794278435,126.01360416073501,4.752713204983788,1.2105710635056246
schwefel,log_improvement_movement_cost3,log_improvement_movement_cost3,15,510.8400794278435,126.01360416073501,4.899738489365925,1.2612762268558237
schwefel,log_improvement_movement_cost3,log_improvement_movement_cost3,16,510.8400794278435,126.01360416073501,5.127274168396609,1.3386487446362043
schwefel,log_improvement_movement_cost3,log_improvement_movement_cost3,17,510.8400794278435,126.01360416073501,5.450877262886164,1.1832959252811126
schwefel,log_improvement_movement_cost3,log_improvement_movement_cost3,18,510.8400794278435,126.01360416073501,5.659652513456726,1.0163283177974436
schwefel,log_improvement_movement_cost3,log_improvement_movement_cost3,19,510.8400794278435,126.01360416073501,6.040581484927369,1.406282003974381
schwefel,log_improvement_movement_cost3,log_improvement_movement_cost3,20,510.8400794278435,126.01360416073501,6.32430026943911,1.737884528036595
schwefel,log_improvement_movement_cost3,log_improvement_movement_cost3,21,510.8400794278435,126.01360416073501,6.755244879890635,2.251266813923845
schwefel,log_improvement_movement_cost3,log_improvement_movement_cost3,22,510.8400794278435,126.01360416073501,6.889843257405279,2.346654106742277
schwefel,log_improvement_movement_cost3,log_improvement_movement_cost3,23,510.8400794278435,126.01360416073501,7.454050743570467,2.39776027900949
schwefel,log_improvement_movement_cost3,log_improvement_movement_cost3,24,504.37190522669226,119.4349476296024,7.902930204104084,2.473748393059962
schwefel,log_improvement_movement_cost3,log_improvement_movement_cost3,25,504.37190522669226,119.4349476296024,8.233782626690244,2.3179409344379107
schwefel,log_improvement_movement_cost3,log_improvement_movement_cost3,26,504.37190522669226,119.4349476296024,8.55402522021618,2.1990940456862207
schwefel,log_improvement_movement_cost3,log_improvement_movement_cost3,27,504.37190522669226,119.4349476296024,9.026047603192508,2.651254678659311
schwefel,log_improvement_movement_cost3,log_improvement_movement_cost3,28,504.37190522669226,119.4349476296024,9.63645998280787,2.994852151030978
schwefel,log_improvement_movement_cost3,log_improvement_movement_cost3,29,504.37190522669226,119.4349476296024,10.011277110263157,2.9721476569428353
schwefel,log_improvement_movement_cost3,log_improvement_movement_cost3,30,504.37190522669226,119.4349476296024,10.36839490764836,2.9607498979903784
schwefel,log_improvement_movement_cost3,log_improvement_movement_cost3,31,504.37190522669226,119.4349476296024,10.817531378502425,3.0479470125746366
schwefel,log_improvement_movement_cost3,log_improvement_movement_cost3,32,504.37190522669226,119.4349476296024,11.25249303146117,3.1173338548449823
schwefel,log_improvement_movement_cost3,log_improvement_movement_cost3,33,504.37190522669226,119.4349476296024,11.912549329634993,3.089239818438039
schwefel,log_improvement_movement_cost3,log_improvement_movement_cost3,34,504.37190522669226,119.4349476296024,12.289303200364799,2.8930729509006525
schwefel,log_improvement_movement_cost3,log_improvement_movement_cost3,35,346.43549346467034,163.61001739749224,12.579950287880209,2.6936309064133104
schwefel,log_improvement_movement_cost3,log_improvement_movement_cost3,36,346.43549346467034,163.61001739749224,12.70730323954892,2.6261198527375886
schwefel,log_improvement_movement_cost3,log_improvement_movement_cost3,37,346.43549346467034,163.61001739749224,12.939645103089044,2.5608151247428848
schwefel,log_improvement_movement_cost3,log_improvement_movement_cost3,38,346.43549346467034,163.61001739749224,13.254131130986567,2.5577294086667934
schwefel,log_improvement_movement_cost3,log_improvement_movement_cost3,39,346.43549346467034,163.61001739749224,13.415637424847352,2.6280938953673965
schwefel,log_improvement_movement_cost3,log_improvement_movement_cost3,40,346.43549346467034,163.61001739749224,13.506936499142435,2.6320439548805497
schwefel,log_improvement_movement_cost3,log_improvement_movement_cost3,41,346.43549346467034,163.61001739749224,13.581573664387903,2.584077270370421
schwefel,log_improvement_movement_cost3,log_improvement_movement_cost3,42,346.43549346467034,163.61001739749224,13.701361488493243,2.5212384132296863
schwefel,log_improvement_movement_cost3,log_improvement_movement_cost3,43,346.43549346467034,163.61001739749224,13.857018636871702,2.6057082277462777
schwefel,log_improvement_movement_cost3,log_improvement_movement_cost3,44,346.43549346467034,163.61001739749224,13.987135824638356,2.7179418209565616
schwefel,log_improvement_movement_cost3,log_improvement_movement_cost3,45,346.43549346467034,163.61001739749224,14.18964143504727,2.740230482619677
schwefel,log_improvement_movement_cost3,log_improvement_movement_cost3,46,346.43549346467034,163.61001739749224,14.442550774549858,2.8641376680550286
schwefel,log_improvement_movement_cost3,log_improvement_movement_cost3,47,346.43549346467034,163.61001739749224,14.684615089526785,2.9035323068362127
schwefel,log_improvement_movement_cost3,log_improvement_movement_cost3,48,346.43549346467034,163.61001739749224,14.848309827704123,2.859128359974312
schwefel,log_improvement_movement_cost3,log_improvement_movement_cost3,49,346.43549346467034,163.61001739749224,15.07247176520591,2.774724789990857
schwefel,optimistic_selected,optimistic_improvement_movement_cost3,0,637.064299700819,174.4581727441927,0.6088901466767137,0.1725706859219474
schwefel,optimistic_selected,optimistic_improvement_movement_cost3,1,637.064299700819,174.4581727441927,1.2733442681991103,0.48983371152096816
schwefel,optimistic_selected,optimistic_improvement_movement_cost3,2,578.5283444132938,93.69180290818349,1.783249665607473,0.9258528338979458
schwefel,optimistic_selected,optimistic_improvement_movement_cost3,3,578.5283444132938,93.69180290818349,1.953895451892099,0.8996706084978427
schwefel,optimistic_selected,optimistic_improvement_movement_cost3,4,578.5283444132938,93.69180290818349,2.124856273567878,1.0002253167211734
schwefel,optimistic_selected,optimistic_improvement_movement_cost3,5,578.5283444132938,93.69180290818349,2.320954362788862,0.9587643547791751
schwefel,optimistic_selected,optimistic_improvement_movement_cost3,6,578.5283444132938,93.69180290818349,2.42278757719033,0.9154733592728979
schwefel,optimistic_selected,optimistic_improvement_movement_cost3,7,578.5283444132938,93.69180290818349,2.5538381112100415,0.8867487822243311
schwefel,optimistic_selected,optimistic_improvement_movement_cost3,8,578.5283444132938,93.69180290818349,2.6326577320571793,0.9590091825218863
schwefel,optimistic_selected,optimistic_improvement_movement_cost3,9,578.5283444132938,93.69180290818349,2.8345475817433705,1.1962588427741379
schwefel,optimistic_selected,optimistic_improvement_movement_cost3,10,578.5283444132938,93.69180290818349,3.0544114897708923,1.4537737690102952
schwefel,optimistic_selected,optimistic_improvement_movement_cost3,11,578.5283444132938,93.69180290818349,3.2761796119081836,1.5279967045679397
schwefel,optimistic_selected,optimistic_improvement_movement_cost3,12,578.5283444132938,93.69180290818349,3.5726750355041688,1.519697909714008
schwefel,optimistic_selected,optimistic_improvement_movement_cost3,13,578.5283444132938,93.69180290818349,3.794165670445981,1.4188293901731621
schwefel,optimistic_selected,optimistic_improvement_movement_cost3,14,578.5283444132938,93.69180290818349,3.848397462292931,1.4538918537584338
schwefel,optimistic_selected,optimistic_improvement_movement_cost3,15,578.5283444132938,93.69180290818349,3.9558944366358233,1.55444793334934
schwefel,optimistic_selected,optimistic_improvement_movement_cost3,16,578.5283444132938,93.69180290818349,4.089614010534929,1.6253772053763622
schwefel,optimistic_selected,optimistic_improvement_movement_cost3,17,578.5283444132938,93.69180290818349,4.460665967934342,1.5167735179886817
schwefel,optimistic_selected,optimistic_improvement_movement_cost3,18,578.5283444132938,93.69180290818349,4.761009327406893,1.5293232796316532
schwefel,optimistic_selected,optimistic_improvement_movement_cost3,19,578.5283444132938,93.69180290818349,5.076180164293873,1.856967350611688
schwefel,optimistic_selected,optimistic_improvement_movement_cost3,20,578.5283444132938,93.69180290818349,5.359194804721945,2.1660713503327207
schwefel,optimistic_selected,optimistic_improvement_movement_cost3,21,578.5283444132938,93.69180290818349,5.671441731455185,2.5347224919813733
schwefel,optimistic_selected,optimistic_improvement_movement_cost3,22,578.5283444132938,93.69180290818349,5.798407666596525,2.6409399620082827
schwefel,optimistic_selected,optimistic_improvement_movement_cost3,23,578.5283444132938,93.69180290818349,6.2376612754096685,2.756055740680004
schwefel,optimistic_selected,optimistic_improvement_movement_cost3,24,578.5283444132938,93.69180290818349,6.530126282982949,2.75507399416123
schwefel,optimistic_selected,optimistic_improvement_movement_cost3,25,578.5283444132938,93.69180290818349,6.87114053287058,2.7285905241006785
schwefel,optimistic_selected,optimistic_improvement_movement_cost3,26,578.5283444132938,93.69180290818349,7.176663619773268,2.7693644069647365
schwefel,optimistic_selected,optimistic_improvement_movement_cost3,27,578.5283444132938,93.69180290818349,7.563555316421213,3.1807329775849387
schwefel,optimistic_selected,optimistic_improvement_movement_cost3,28,567.7591718390136,79.28698279662717,8.354996949921754,3.2467846020840128
schwefel,optimistic_selected,optimistic_improvement_movement_cost3,29,567.7591718390136,79.28698279662717,8.670370784017154,3.3111205070575886
schwefel,optimistic_selected,optimistic_improvement_movement_cost3,30,567.7591718390136,79.28698279662717,8.986452442374507,3.283357112981893
schwefel,optimistic_selected,optimistic_improvement_movement_cost3,31,440.80620677960866,246.04635920222168,9.52604437903328,3.3884639504238963
schwefel,optimistic_selected,optimistic_improvement_movement_cost3,32,440.80620677960866,246.04635920222168,10.139147753010521,3.4570692733178907
schwefel,optimistic_selected,optimistic_improvement_movement_cost3,33,440.80620677960866,246.04635920222168,10.818783125659593,3.3944427957013352
schwefel,optimistic_selected,optimistic_improvement_movement_cost3,34,440.80620677960866,246.04635920222168,11.142056698400566,3.0858684392517404
schwefel,optimistic_selected,optimistic_improvement_movement_cost3,35,440.80620677960866,246.04635920222168,11.240372768064178,3.0328477283239117
schwefel,optimistic_selected,optimistic_improvement_movement_cost3,36,440.80620677960866,246.04635920222168,11.364708493332856,2.938568143613035
schwefel,optimistic_selected,optimistic_improvement_movement_cost3,37,440.80620677960866,246.04635920222168,11.58997376939832,2.958992777915921
schwefel,optimistic_selected,optimistic_improvement_movement_cost3,38,440.80620677960866,246.04635920222168,11.868545119318867,2.9244534199825685
schwefel,optimistic_selected,optimistic_improvement_movement_cost3,39,440.80620677960866,246.04635920222168,11.943368187926124,2.869082669658766
schwefel,optimistic_selected,optimistic_improvement_movement_cost3,40,387.3673172368672,203.6376620726216,11.990359425216937,2.846171774200563
schwefel,optimistic_selected,optimistic_improvement_movement_cost3,41,387.3673172368672,203.6376620726216,12.045846233008511,2.7992619544744377
schwefel,optimistic_selected,optimistic_improvement_movement_cost3,42,387.3673172368672,203.6376620726216,12.550779117851564,2.630903646740188
schwefel,optimistic_selected,optimistic_improvement_movement_cost3,43,374.25222935656143,193.79887352609617,13.049881402050508,2.603376176820084
schwefel,optimistic_selected,optimistic_improvement_movement_cost3,44,374.25222935656143,193.79887352609617,13.167534701085607,2.6368359867602917
schwefel,optimistic_selected,optimistic_improvement_movement_cost3,45,374.25222935656143,193.79887352609617,13.259667732034066,2.689167541303238
schwefel,optimistic_selected,optimistic_improvement_movement_cost3,46,374.25222935656143,193.79887352609617,13.329341489786609,2.6907382219322877
schwefel,optimistic_selected,optimistic_improvement_movement_cost3,47,374.25222935656143,193.79887352609617,13.46804822167323,2.543036721694441
schwefel,optimistic_selected,optimistic_improvement_movement_cost3,48,374.25222935656143,193.79887352609617,13.667702456436473,2.473220998472686
schwefel,optimistic_selected,optimistic_improvement_movement_cost3,49,374.25222935656143,193.79887352609617,14.099615789064352,2.4498508668094723
schwefel,budgeted_exploration,budgeted_exploration,0,663.5093467709977,153.56511525662447,0.5912468944684093,0.20068181027007165
schwefel,budgeted_exploration,budgeted_exploration,1,663.5093467709977,153.56511525662447,1.1900772551118315,0.465920876920723
schwefel,budgeted_exploration,budgeted_exploration,2,663.5093467709977,153.56511525662447,1.7315748099903943,0.8056166798013099
schwefel,budgeted_exploration,budgeted_exploration,3,663.5093467709977,153.56511525662447,1.9868519245415224,0.6496162113192736
schwefel,budgeted_exploration,budgeted_exploration,4,628.8357405672666,104.55902207420576,2.2306902124052734,0.7857040305899058
schwefel,budgeted_exploration,budgeted_exploration,5,628.8357405672666,104.55902207420576,2.683759951131382,0.707765088978289
schwefel,budgeted_exploration,budgeted_exploration,6,628.8357405672666,104.55902207420576,3.0482299457979605,0.45051782083698105
schwefel,budgeted_exploration,budgeted_exploration,7,551.3535226631311,6.7544197001179365,3.181325209209161,0.45190801708018563
schwefel,budgeted_exploration,budgeted_exploration,8,551.3535226631311,6.7544197001179365,3.31568387786418,0.5484705182110734
schwefel,budgeted_exploration,budgeted_exploration,9,551.3535226631311,6.7544197001179365,3.7884182379890787,1.0698894127575396
schwefel,budgeted_exploration,budgeted_exploration,10,551.3535226631311,6.7544197001179365,4.278904711070106,1.6471861061455482
schwefel,budgeted_exploration,budgeted_exploration,11,525.3318833931686,38.64309475550991,4.387228031045983,1.5915751227360597
schwefel,budgeted_exploration,budgeted_exploration,12,525.3318833931686,38.64309475550991,4.709069696340442,1.3934421257184764
schwefel,budgeted_exploration,budgeted_exploration,13,523.9983218185788,40.50232999659462,5.012749761068705,1.3503674581792713
schwefel,budgeted_exploration,budgeted_exploration,14,517.7051191528044,49.30361867719708,5.088677633127001,1.3424466950022385
schwefel,budgeted_exploration,budgeted_exploration,15,510.8781715735748,58.8849120719167,5.151844664389482,1.3158219170983096
schwefel,budgeted_exploration,budgeted_exploration,16,424.87585996266233,111.98866694828801,5.323031451365875,1.1917893924516663
schwefel,budgeted_exploration,budgeted_exploration,17,424.87585996266233,111.98866694828801,5.62936827717095,1.1690350459068544
schwefel,budgeted_exploration,budgeted_exploration,18,424.87585996266233,111.98866694828801,5.957063553726845,1.2454938741065504
schwefel,budgeted_exploration,budgeted_exploration,19,424.87585996266233,111.98866694828801,6.338178234050964,1.5620629591625266
schwefel,budgeted_exploration,budgeted_exploration,20,424.87585996266233,111.98866694828801,6.547100631307788,1.6952560755014896
schwefel,budgeted_exploration,budgeted_exploration,21,424.87585996266233,111.98866694828801,6.905018687625652,2.034765868108507
schwefel,budgeted_exploration,budgeted_exploration,22,419.696710019038,112.07754134840701,6.991141838564839,2.0297414369280196
schwefel,budgeted_exploration,budgeted_exploration,23,419.696710019038,112.07754134840701,7.38958039802544,2.1091665274880125
schwefel,budgeted_exploration,budgeted_exploration,24,419.696710019038,112.07754134840701,7.917924076377743,2.2043903581811186
schwefel,budgeted_exploration,budgeted_exploration,25,419.696710019038,112.07754134840701,8.032839592015227,2.2298662807403513
schwefel,budgeted_exploration,budgeted_exploration,26,419.696710019038,112.07754134840701,8.320003215749201,2.2917807763245417
schwefel,budgeted_exploration,budgeted_exploration,27,419.696710019038,112.07754134840701,8.724635074830651,2.6439609775441513
schwefel,budgeted_exploration,budgeted_exploration,28,419.696710019038,112.07754134840701,9.23378162978289,2.9419745332558698
schwefel,budgeted_exploration,budgeted_exploration,29,419.696710019038,112.07754134840701,9.459049468852797,2.977082596502803
schwefel,budgeted_exploration,budgeted_exploration,30,419.696710019038,112.07754134840701,10.079169626903346,3.175053530482365
schwefel,budgeted_exploration,budgeted_exploration,31,419.696710019038,112.07754134840701,10.519064615326661,3.219707865058427
schwefel,budgeted_exploration,budgeted_exploration,32,419.696710019038,112.07754134840701,10.867362657192524,3.341824990553851
schwefel,budgeted_exploration,budgeted_exploration,33,419.696710019038,112.07754134840701,11.422507976806541,3.3882452577129745
schwefel,budgeted_exploration,budgeted_exploration,34,419.696710019038,112.07754134840701,11.787012786857884,3.2251853994176436
schwefel,budgeted_exploration,budgeted_exploration,35,419.696710019038,112.07754134840701,11.915369796938029,3.13215009575241
schwefel,budgeted_exploration,budgeted_exploration,36,419.696710019038,112.07754134840701,12.14213146617608,2.9406623390146462
schwefel,budgeted_exploration,budgeted_exploration,37,419.696710019038,112.07754134840701,12.486854280063236,2.8336728539058575
schwefel,budgeted_exploration,budgeted_exploration,38,419.696710019038,112.07754134840701,12.791450528767433,2.7880870305282994
schwefel,budgeted_exploration,budgeted_exploration,39,419.696710019038,112.07754134840701,12.91071381293917,2.673246005856217
schwefel,budgeted_exploration,budgeted_exploration,40,419.696710019038,112.07754134840701,12.96223379653752,2.6663429372458016
schwefel,budgeted_exploration,budgeted_exploration,41,419.696710019038,112.07754134840701,13.05227330340705,2.6091022232404377
schwefel,budgeted_exploration,budgeted_exploration,42,419.696710019038,112.07754134840701,13.465771063240586,2.5180339523570483
schwefel,budgeted_exploration,budgeted_exploration,43,419.696710019038,112.07754134840701,13.997601241459284,2.614964823274703
schwefel,budgeted_exploration,budgeted_exploration,44,418.6802573344319,112.15114173780601,14.1961833627511,2.7097539588678807
schwefel,budgeted_exploration,budgeted_exploration,45,418.6802573344319,112.15114173780601,14.333196781430521,2.7468284470624797
schwefel,budgeted_exploration,budgeted_exploration,46,418.6802573344319,112.15114173780601,14.462588950664495,2.8075320973400575
schwefel,budgeted_exploration,budgeted_exploration,47,418.6802573344319,112.15114173780601,14.611442281978162,2.730635615941197
schwefel,budgeted_exploration,budgeted_exploration,48,418.6802573344319,112.15114173780601,14.764886686915382,2.6134123420435396
schwefel,budgeted_exploration,budgeted_exploration,49,418.6802573344319,112.15114173780601,15.008344717497764,2.6313279883927487
schwefel,lookahead_budgeted_exploration,lookahead_budgeted_exploration,0,663.5093467709977,153.56511525662447,0.718091567556712,0.01569358381286257
schwefel,lookahead_budgeted_exploration,lookahead_budgeted_exploration,1,479.05495420164146,84.81991656706235,1.4674194823360043,0.23168769405929973
schwefel,lookahead_budgeted_exploration,lookahead_budgeted_exploration,2,479.05495420164146,84.81991656706235,2.0445321633352127,0.434798878556104
schwefel,lookahead_budgeted_exploration,lookahead_budgeted_exploration,3,479.05495420164146,84.81991656706235,2.268556651966826,0.30516130488529675
schwefel,lookahead_budgeted_exploration,lookahead_budgeted_exploration,4,441.8005264923986,68.68085045549863,2.410174029883241,0.40541950479295275
schwefel,lookahead_budgeted_exploration,lookahead_budgeted_exploration,5,441.8005264923986,68.68085045549863,2.66894791894225,0.3909833082929595
schwefel,lookahead_budgeted_exploration,lookahead_budgeted_exploration,6,441.8005264923986,68.68085045549863,2.8540328849950307,0.41352950248703413
schwefel,lookahead_budgeted_exploration,lookahead_budgeted_exploration,7,425.56851980307107,73.30785373880522,3.0479260687145007,0.43127637840256033
schwefel,lookahead_budgeted_exploration,lookahead_budgeted_exploration,8,425.56851980307107,73.30785373880522,3.1407600810971448,0.44709844700026585
schwefel,lookahead_budgeted_exploration,lookahead_budgeted_exploration,9,413.77175996125743,80.70196105899092,3.3729234600294853,0.5809257220053489
schwefel,lookahead_budgeted_exploration,lookahead_budgeted_exploration,10,413.77175996125743,80.70196105899092,3.5311257108722844,0.6766282560654139
schwefel,lookahead_budgeted_exploration,lookahead_budgeted_exploration,11,413.77175996125743,80.70196105899092,3.860523439643462,0.3515908057456422
schwefel,lookahead_budgeted_exploration,lookahead_budgeted_exploration,12,413.77175996125743,80.70196105899092,4.311867618964312,0.40519850960711723
schwefel,lookahead_budgeted_exploration,lookahead_budgeted_exploration,13,413.77175996125743,80.70196105899092,4.470753628602988,0.46600744925847326
schwefel,lookahead_budgeted_exploration,lookahead_budgeted_exploration,14,413.77175996125743,80.70196105899092,4.564541880014148,0.4634671556756315
schwefel,lookahead_budgeted_exploration,lookahead_budgeted_exploration,15,413.77175996125743,80.70196105899092,4.768148868317976,0.46336473740981715
schwefel,lookahead_budgeted_exploration,lookahead_budgeted_exploration,16,413.77175996125743,80.70196105899092,4.95792100100152,0.5209383950876573
schwefel,lookahead_budgeted_exploration,lookahead_budgeted_exploration,17,413.77175996125743,80.70196105899092,5.283866357033506,0.6754676917131102
schwefel,lookahead_budgeted_exploration,lookahead_budgeted_exploration,18,413.77175996125743,80.70196105899092,5.5492657601699165,0.9117966390765655
schwefel,lookahead_budgeted_exploration,lookahead_budgeted_exploration,19,413.77175996125743,80.70196105899092,5.979464971464206,1.003705202280519
schwefel,lookahead_budgeted_exploration,lookahead_budgeted_exploration,20,413.77175996125743,80.70196105899092,6.251087501464963,1.1795854921418605
schwefel,lookahead_budgeted_exploration,lookahead_budgeted_exploration,21,413.77175996125743,80.70196105899092,6.594045757442767,1.4536033600606426
schwefel,lookahead_budgeted_exploration,lookahead_budgeted_exploration,22,413.77175996125743,80.70196105899092,6.6845466723639975,1.4502849786880454
schwefel,lookahead_budgeted_exploration,lookahead_budgeted_exploration,23,413.77175996125743,80.70196105899092,7.217474597223567,1.3875441481749395
schwefel,lookahead_budgeted_exploration,lookahead_budgeted_exploration,24,413.77175996125743,80.70196105899092,7.743640058876237,1.397774072804539
schwefel,lookahead_budgeted_exploration,lookahead_budgeted_exploration,25,413.77175996125743,80.70196105899092,7.952649753711083,1.5404551201011107
schwefel,lookahead_budgeted_exploration,lookahead_budgeted_exploration,26,413.77175996125743,80.70196105899092,8.32368044221595,1.8437472848466427
schwefel,lookahead_budgeted_exploration,lookahead_budgeted_exploration,27,413.77175996125743,80.70196105899092,8.756443562510857,2.0249538563271554
schwefel,lookahead_budgeted_exploration,lookahead_budgeted_exploration,28,413.77175996125743,80.70196105899092,9.277616754130834,2.206151337381496
schwefel,lookahead_budgeted_exploration,lookahead_budgeted_exploration,29,413.77175996125743,80.70196105899092,9.565055428357178,2.167402550991029
schwefel,lookahead_budgeted_exploration,lookahead_budgeted_exploration,30,413.77175996125743,80.70196105899092,10.343241132771778,2.4909797254091477
schwefel,lookahead_budgeted_exploration,lookahead_budgeted_exploration,31,413.77175996125743,80.70196105899092,10.95510410570868,2.6989946725242353
schwefel,lookahead_budgeted_exploration,lookahead_budgeted_exploration,32,413.77175996125743,80.70196105899092,11.293870845586968,2.83284385715513
schwefel,lookahead_budgeted_exploration,lookahead_budgeted_exploration,33,413.77175996125743,80.70196105899092,11.917784303996468,3.043401884949592
schwefel,lookahead_budgeted_exploration,lookahead_budgeted_exploration,34,413.77175996125743,80.70196105899092,12.239077270171983,3.012092441922958
schwefel,lookahead_budgeted_exploration,lookahead_budgeted_exploration,35,413.77175996125743,80.70196105899092,12.458903306263716,2.8784281580627393
schwefel,lookahead_budgeted_exploration,lookahead_budgeted_exploration,36,413.77175996125743,80.70196105899092,12.7644068461903,2.5610616680340796
schwefel,lookahead_budgeted_exploration,lookahead_budgeted_exploration,37,413.77175996125743,80.70196105899092,13.194745588417478,2.462524201311405
schwefel,lookahead_budgeted_exploration,lookahead_budgeted_exploration,38,413.77175996125743,80.70196105899092,13.553233706686521,2.456474311251053
schwefel,lookahead_budgeted_exploration,lookahead_budgeted_exploration,39,413.77175996125743,80.70196105899092,13.699645369871106,2.3734557178947697
schwefel,lookahead_budgeted_exploration,lookahead_budgeted_exploration,40,413.77175996125743,80.70196105899092,13.802696640270737,2.3633562323697093
schwefel,lookahead_budgeted_exploration,lookahead_budgeted_exploration,41,413.77175996125743,80.70196105899092,13.994344666468878,2.3350197684658096
schwefel,lookahead_budgeted_exploration,lookahead_budgeted_exploration,42,413.77175996125743,80.70196105899092,14.44244792999122,2.5093147485438143
schwefel,lookahead_budgeted_exploration,lookahead_budgeted_exploration,43,413.77175996125743,80.70196105899092,14.778400571402242,2.7984952938623437
schwefel,lookahead_budgeted_exploration,lookahead_budgeted_exploration,44,413.77175996125743,80.70196105899092,14.952492289112215,2.84702671739394
schwefel,lookahead_budgeted_exploration,lookahead_budgeted_exploration,45,413.77175996125743,80.70196105899092,15.061138567501226,2.842542158258332
schwefel,lookahead_budgeted_exploration,lookahead_budgeted_exploration,46,413.77175996125743,80.70196105899092,15.2073594012522,2.9079967838200296
schwefel,lookahead_budgeted_exploration,lookahead_budgeted_exploration,47,413.77175996125743,80.70196105899092,15.476368954281314,2.7993995678720607
schwefel,lookahead_budgeted_exploration,lookahead_budgeted_exploration,48,413.77175996125743,80.70196105899092,15.704824956115212,2.6641786593712795
schwefel,lookahead_budgeted_exploration,lookahead_budgeted_exploration,49,413.77175996125743,80.70196105899092,15.944819096274259,2.655799682403514
michalewicz,pure_bo,pure_bo,0,1.4102353569557007,0.29096994432912227,0.21686578752567287,0.0912285620118127
michalewicz,pure_bo,pure_bo,1,1.4102353569557007,0.29096994432912227,0.7071760348143726,0.29850779976476616
michalewicz,pure_bo,pure_bo,2,1.3493032251827266,0.33823168496979966,1.1951696023363787,0.5398179491064617
michalewicz,pure_bo,pure_bo,3,1.0854872014522579,0.6438169888015457,1.567860355741893,0.7589912640273444
michalewicz,pure_bo,pure_bo,4,1.0854872014522579,0.6438169888015457,1.9822611020118286,1.0244353945336955
michalewicz,pure_bo,pure_bo,5,1.0854872014522579,0.6438169888015457,2.278729330735017,1.1649830109820203
michalewicz,pure_bo,pure_bo,6,1.0854872014522579,0.6438169888015457,2.75851573009121,1.4444216849713694
michalewicz,pure_bo,pure_bo,7,1.0854872014522579,0.6438169888015457,3.3329572935726333,1.7824808151915332
michalewicz,pure_bo,pure_bo,8,1.0044445857573485,0.7500570121879504,3.8586707634649375,2.123301524699433
michalewicz,pure_bo,pure_bo,9,1.0044445857573485,0.7500570121879504,4.132675570030759,2.2861491058227257
michalewicz,pure_bo,pure_bo,10,1.0044445857573485,0.7500570121879504,4.786343384108638,2.310586182624589
michalewicz,pure_bo,pure_bo,11,1.0044445857573485,0.7500570121879504,5.675252124321339,2.2925747153741507
michalewicz,pure_bo,pure_bo,12,0.9983019996881685,0.7433911319979054,6.344337705229097,2.2004438994853692
michalewicz,pure_bo,pure_bo,13,0.9983019996881685,0.7433911319979054,6.799753388419135,2.3524632809318993
michalewicz,pure_bo,pure_bo,14,0.9983019996881685,0.7433911319979054,7.609382706935982,2.0400612232724606
michalewicz,pure_bo,pure_bo,15,0.7916799972457239,0.5528893120078262,8.222229571777817,1.7376904083789193
michalewicz,pure_bo,pure_bo,16,0.7916799972457239,0.5528893120078262,8.656193673805287,1.9253306074692222
michalewicz,pure_bo,pure_bo,17,0.7916799972457239,0.5528893120078262,9.01126834631785,1.9643272426945773
michalewicz,pure_bo,pure_bo,18,0.7916799972457239,0.5528893120078262,9.144694467209538,1.7786120862070036
michalewicz,pure_bo,pure_bo,19,0.7916799972457239,0.5528893120078262,9.27376639892874,1.5996208968007368
michalewicz,pure_bo,pure_bo,20,0.7916799972457239,0.5528893120078262,9.474953018719473,1.322557613577571
michalewicz,pure_bo,pure_bo,21,0.7916799972457239,0.5528893120078262,9.54172415928764,1.2313559739944422
michalewicz,pure_bo,pure_bo,22,0.7916799972457239,0.5528893120078262,9.71182783030833,1.0017199948912265
michalewicz,pure_bo,pure_bo,23,0.7916799018129428,0.5528892445266719,10.032417486357415,1.093654857602814
michalewicz,pure_bo,pure_bo,24,0.7916799018129428,0.5528892445266719,10.284380892569017,1.3040715579943598
michalewicz,pure_bo,pure_bo,25,0.7916799018129428,0.5528892445266719,10.53747549179757,1.0535186692027072
michalewicz,pure_bo,pure_bo,26,0.7916799018129428,0.5528892445266719,10.572144266920139,1.0241779397689204
michalewicz,pure_bo,pure_bo,27,0.7916799018129428,0.5528892445266719,10.638427096650974,0.9725082426662933
michalewicz,pure_bo,pure_bo,28,0.7916799018129428,0.5528892445266719,10.681425742184972,0.9424667023323996
michalewicz,pure_bo,pure_bo,29,0.7916799018129428,0.5528892445266719,10.787007076487962,0.8822462980434331
michalewicz,pure_bo,pure_bo,30,0.7916799018129428,0.5528892445266719,11.118487795278156,0.850365540092997
michalewicz,pure_bo,pure_bo,31,0.7916799018129428,0.5528892445266719,11.263208322062354,0.9147884652705598
michalewicz,pure_bo,pure_bo,32,0.7916799018129428,0.5528892445266719,11.450682998235074,1.0529508196655857
michalewicz,pure_bo,pure_bo,33,0.7916799018129428,0.5528892445266719,11.705067223710499,1.3047628375420028
michalewicz,pure_bo,pure_bo,34,0.7916799018129428,0.5528892445266719,11.90162600879441,1.5291903238096878
michalewicz,pure_bo,pure_bo,35,0.7916799018129428,0.5528892445266719,12.109993924026563,1.7836476675954627
michalewicz,pure_bo,pure_bo,36,0.7916799018129428,0.5528892445266719,12.307203221898014,2.0345020778365797
michalewicz,pure_bo,pure_bo,37,0.7916799018129428,0.5528892445266719,12.489696712265788,2.272468641457501
michalewicz,pure_bo,pure_bo,38,0.7916799018129428,0.5528892445266719,12.605702698294351,2.425876928143838
michalewicz,pure_bo,pure_bo,39,0.7916799018129428,0.5528892445266719,12.700492000218714,2.552211469176599
michalewicz,pure_bo,pure_bo,40,0.7916799018129428,0.5528892445266719,12.92601562575141,2.855618209638106
michalewicz,pure_bo,pure_bo,41,0.7916799018129428,0.5528892445266719,13.083031329013972,3.068718780449605
michalewicz,pure_bo,pure_bo,42,0.7916799018129428,0.5528892445266719,13.22600114232759,3.26379484320153
michalewicz,pure_bo,pure_bo,43,0.7916799018129428,0.5528892445266719,13.446136943422532,3.56571053740757
michalewicz,pure_bo,pure_bo,44,0.7916799018129428,0.5528892445266719,13.502114215022411,3.642735678594821
michalewicz,pure_bo,pure_bo,45,0.7916799018129428,0.5528892445266719,13.769294443781178,4.01152505134077
michalewicz,pure_bo,pure_bo,46,0.7916799018129428,0.5528892445266719,14.076019953560076,4.436779207777546
michalewicz,pure_bo,pure_bo,47,0.7916799018129428,0.5528892445266719,14.18306314165469,4.585563111872093
michalewicz,pure_bo,pure_bo,48,0.7916799018129428,0.5528892445266719,14.208104425712394,4.620393423842911
michalewicz,pure_bo,pure_bo,49,0.7916799018129428,0.5528892445266719,14.244950718642896,4.671659456771521
michalewicz,earlbo,earlbo,0,1.3651544151182426,0.32440025391215604,0.2342143091293641,0.16946720282605587
michalewicz,earlbo,earlbo,1,1.3035413838572538,0.36785785535870746,0.32941382692916515,0.15426886214315624
michalewicz,earlbo,earlbo,2,1.3035413838572538,0.36785785535870746,0.41695921004253833,0.17741067781486505
michalewicz,earlbo,earlbo,3,1.1802469927617238,0.46680761171870017,0.47545159095975187,0.17393218919017994
michalewicz,earlbo,earlbo,4,1.0814917082353042,0.5726418514555361,0.5234916779341623,0.19116913958658002
michalewicz,earlbo,earlbo,5,1.0814917082353042,0.5726418514555361,0.568093092003551,0.20851879863657005
michalewicz,earlbo,earlbo,6,1.0814917082353042,0.5726418514555361,0.63023463693271,0.24172383605041348
michalewicz,earlbo,earlbo,7,1.0814917082353042,0.5726418514555361,0.7147038548108059,0.256889541106203
michalewicz,earlbo,earlbo,8,1.0814917082353042,0.5726418514555361,0.785725324176893,0.2688572751154
michalewicz,earlbo,earlbo,9,1.0814917082353042,0.5726418514555361,0.8197975445832584,0.2715670756538618
michalewicz,earlbo,earlbo,10,1.0814917082353042,0.5726418514555361,1.0320713640963064,0.479393394692104
michalewicz,earlbo,earlbo,11,1.0744248279996713,0.5635313575163113,1.2185435589062144,0.6268693101167441
michalewicz,earlbo,earlbo,12,1.0418246169396963,0.5219226641161174,1.3201422613124978,0.5974857572587583
michalewicz,earlbo,earlbo,13,1.0000687006516205,0.5721357573725203,1.4104823271834797,0.6360812656269074
michalewicz,earlbo,earlbo,14,1.0000687006516205,0.5721357573725203,1.4974570590736278,0.6576401912591076
michalewicz,earlbo,earlbo,15,0.8893300382698274,0.5936072046087001,1.6048949809115907,0.713252473928622
michalewicz,earlbo,earlbo,16,0.767089844365203,0.6610280983115319,1.820516463018559,0.6651373049222252
michalewicz,earlbo,earlbo,17,0.7457832714490724,0.6765718073185516,2.071306538989097,0.6797700630459754
michalewicz,earlbo,earlbo,18,0.7457832714490724,0.6765718073185516,2.1627741435072116,0.6522077358511637
michalewicz,earlbo,earlbo,19,0.7457832714490724,0.6765718073185516,2.5196381644487356,0.48823873399524026
michalewicz,earlbo,earlbo,20,0.7457832714490724,0.6765718073185516,2.8648298395763336,0.41873312137391827
michalewicz,earlbo,earlbo,21,0.7457832714490724,0.6765718073185516,3.1220560490547142,0.2849304859592737
michalewicz,earlbo,earlbo,22,0.7204974311305844,0.6939956882100756,3.343146751635279,0.11938533476242551
michalewicz,earlbo,earlbo,23,0.7204974311305844,0.6939956882100756,3.460822243235837,0.1301243386824682
michalewicz,earlbo,earlbo,24,0.7204974311305844,0.6939956882100756,3.566888956666221,0.1157476724262436
michalewicz,earlbo,earlbo,25,0.7204974311305844,0.6939956882100756,3.6528202404070664,0.15606746901444887
michalewicz,earlbo,earlbo,26,0.6921965533096509,0.6539735564024203,3.731650344737904,0.1874974864002502
michalewicz,earlbo,earlbo,27,0.6921965533096509,0.6539735564024203,3.9635921475719065,0.20793591363138436
michalewicz,earlbo,earlbo,28,0.6921965533096509,0.6539735564024203,4.343853167617335,0.20662656039462945
michalewicz,earlbo,earlbo,29,0.6921965533096509,0.6539735564024203,4.698944582545338,0.1358238628766752
michalewicz,earlbo,earlbo,30,0.6043359406078861,0.5297253911014966,5.009114752339024,0.20682540372800506
michalewicz,earlbo,earlbo,31,0.6043359406078861,0.5297253911014966,5.296181679870961,0.28323300925724887
michalewicz,earlbo,earlbo,32,0.6043359406078861,0.5297253911014966,5.603348297597108,0.2483185803126306
michalewicz,earlbo,earlbo,33,0.5685350415688429,0.4790983359467531,5.995937180940101,0.24394886379535857
michalewicz,earlbo,earlbo,34,0.5685350415688429,0.4790983359467531,6.265981174510489,0.44204461644296134
michalewicz,earlbo,earlbo,35,0.5685350415688429,0.4790983359467531,6.423901961355725,0.536107413302846
michalewicz,earlbo,earlbo,36,0.5685350415688429,0.4790983359467531,6.73648166214801,0.6875349344059543
michalewicz,earlbo,earlbo,37,0.5685350415688429,0.4790983359467531,7.104566702335465,0.8958281193036421
michalewicz,earlbo,earlbo,38,0.5685350415688429,0.4790983359467531,7.424569801078331,0.996416706198252
michalewicz,earlbo,earlbo,39,0.5685350415688429,0.4790983359467531,7.807967419907566,1.1918763235260428
michalewicz,earlbo,earlbo,40,0.4986982306968551,0.3803424894704442,8.013160640117862,1.2970933803481794
michalewicz,earlbo,earlbo,41,0.4986982306968551,0.3803424894704442,8.294479334371012,1.4621466353948565
michalewicz,earlbo,earlbo,42,0.4986982306968551,0.3803424894704442,8.803524463921287,1.3387451913282187
michalewicz,earlbo,earlbo,43,0.4986982306968551,0.3803424894704442,9.257001276513305,1.3179780444071545
michalewicz,earlbo,earlbo,44,0.4986982306968551,0.3803424894704442,9.760154108673282,1.361504198848677
michalewicz,earlbo,earlbo,45,0.4986982306968551,0.3803424894704442,10.031036944393385,1.442956209461815
michalewicz,earlbo,earlbo,46,0.4986982306968551,0.3803424894704442,10.50096338053253,1.4278776805969833
michalewicz,earlbo,earlbo,47,0.4986982306968551,0.3803424894704442,11.060828352548953,1.5108929733254712
michalewicz,earlbo,earlbo,48,0.4986982306968551,0.3803424894704442,11.622972280550167,1.5121731055794243
michalewicz,earlbo,earlbo,49,0.4986982306968551,0.3803424894704442,12.035998668441678,1.5196940190229977
michalewicz,snake,snake,0,1.2567558048820382,0.40831281958311916,0.28477740253612294,0.1795806605575363
michalewicz,snake,snake,1,1.2567558048820382,0.40831281958311916,0.3986585113759702,0.24821138693737496
michalewicz,snake,snake,2,1.2567558048820382,0.40831281958311916,0.47897676797080985,0.258578349838564
michalewicz,snake,snake,3,1.2567558048820382,0.40831281958311916,0.5687316770701284,0.23439257353230883
michalewicz,snake,snake,4,1.1446404786520892,0.4808412306346042,0.6837339861662342,0.23177096622397209
michalewicz,snake,snake,5,1.0371638487624957,0.5832932711039885,0.7697502748307027,0.2477658503472695
michalewicz,snake,snake,6,0.9818856993643257,0.6318485204430262,0.8368947208280884,0.24040355124866392
michalewicz,snake,snake,7,0.9818856993643257,0.6318485204430262,0.9565285555525501,0.2584889684032441
michalewicz,snake,snake,8,0.9773848908140211,0.6259805246433694,1.1289104536313788,0.320486770288095
michalewicz,snake,snake,9,0.9773848908140211,0.6259805246433694,1.3459367260423445,0.2937827336936312
michalewicz,snake,snake,10,0.8563647635613588,0.4730435782568948,1.580743813898059,0.3521015965239523
michalewicz,snake,snake,11,0.7960253582699252,0.4023093423348909,1.6340839669327465,0.3434873142935441
michalewicz,snake,snake,12,0.7174502283946055,0.3957847053767275,1.7200768308296113,0.4122638232522
michalewicz,snake,snake,13,0.7174502283946055,0.3957847053767275,1.92772315295542,0.3545991165359924
michalewicz,snake,snake,14,0.7174502283946055,0.3957847053767275,2.1751698328345976,0.3161033859201795
michalewicz,snake,snake,15,0.7174502283946055,0.3957847053767275,2.4133555398887707,0.3324342030486811
michalewicz,snake,snake,16,0.7174502283946055,0.3957847053767275,2.774493239267277,0.38708320609724683
michalewicz,snake,snake,17,0.7174502283946055,0.3957847053767275,3.16848105021961,0.399657137222351
michalewicz,snake,snake,18,0.5058003270440888,0.28371895008623305,3.284729403364787,0.29073344323804656
michalewicz,snake,snake,19,0.4318394354041916,0.3100552542606826,3.4502720753298584,0.37732159114988245
michalewicz,snake,snake,20,0.4318394354041916,0.3100552542606826,3.5661098540607905,0.4602881672884627
michalewicz,snake,snake,21,0.3686148771945521,0.35615872300561197,3.7099486185311465,0.5656915824084854
michalewicz,snake,snake,22,0.3686148771945521,0.35615872300561197,3.97362084090843,0.4104822960177669
michalewicz,snake,snake,23,0.3686148771945521,0.35615872300561197,4.407382844727839,0.4125773517918035
michalewicz,snake,snake,24,0.3686148771945521,0.35615872300561197,4.681632487934707,0.582236102881984
michalewicz,snake,snake,25,0.3686148771945521,0.35615872300561197,4.8622791684589535,0.7360791353763927
michalewicz,snake,snake,26,0.3686148771945521,0.35615872300561197,5.154918887913517,0.8308596299708383
michalewicz,snake,snake,27,0.3686148771945521,0.35615872300561197,5.6097184010843835,0.7204590304067433
michalewicz,snake,snake,28,0.3686148771945521,0.35615872300561197,6.120247465207657,0.7046132510725169
michalewicz,snake,snake,29,0.3686148771945521,0.35615872300561197,6.589721568065897,0.6952838710837231
michalewicz,snake,snake,30,0.3686148771945521,0.35615872300561197,7.031658526265834,0.7282872956761527
michalewicz,snake,snake,31,0.3686148771945521,0.35615872300561197,7.422577012166812,0.7177096393373489
michalewicz,snake,snake,32,0.3686148771945521,0.35615872300561197,7.623370057042692,0.5800425259994928
michalewicz,snake,snake,33,0.3686148771945521,0.35615872300561197,7.904974829240589,0.4201014217755824
michalewicz,snake,snake,34,0.3686148771945521,0.35615872300561197,8.179691955966673,0.4537908490114586
michalewicz,snake,snake,35,0.3686148771945521,0.35615872300561197,8.598644755876924,0.5674249364827822
michalewicz,snake,snake,36,0.3686148771945521,0.35615872300561197,8.987369530014428,0.5527249971424697
michalewicz,snake,snake,37,0.3686148771945521,0.35615872300561197,9.417301762816777,0.38816146972910365
michalewicz,snake,snake,38,0.3686148771945521,0.35615872300561197,9.838574983408579,0.5472686294163753
michalewicz,snake,snake,39,0.3686148771945521,0.35615872300561197,10.181394674306977,0.611200848436297
michalewicz,snake,snake,40,0.3686148771945521,0.35615872300561197,10.679106230834591,0.7107837198840845
michalewicz,snake,snake,41,0.3686148771945521,0.35615872300561197,11.102758861476362,0.7169192671211689
michalewicz,snake,snake,42,0.3686148771945521,0.35615872300561197,11.51727131208929,0.7328453135606405
michalewicz,snake,snake,43,0.3686148771945521,0.35615872300561197,11.966223673952372,0.9013396449704618
michalewicz,snake,snake,44,0.3686148771945521,0.35615872300561197,12.331159176944148,1.0691490941993174
michalewicz,snake,snake,45,0.3686148771945521,0.35615872300561197,12.670739359289476,1.191234229759001
michalewicz,snake,snake,46,0.3686148771945521,0.35615872300561197,13.080120470105129,1.2299319128627502
michalewicz,snake,snake,47,0.3686148771945521,0.35615872300561197,13.491376908027028,1.2634520055740026
michalewicz,snake,snake,48,0.3686148771945521,0.35615872300561197,13.869305407509387,1.3439341201480726
michalewicz,snake,snake,49,0.3686148771945521,0.35615872300561197,14.20523589504612,1.5053668514842917
michalewicz,log_improvement_movement_cost3,log_improvement_movement_cost3,0,1.2555889393007307,0.40602650516567523,0.2800624444856348,0.1733189430128053
michalewicz,log_improvement_movement_cost3,log_improvement_movement_cost3,1,1.2555889393007307,0.40602650516567523,0.3583808653120093,0.20426702373103467
michalewicz,log_improvement_movement_cost3,log_improvement_movement_cost3,2,1.2555889393007307,0.40602650516567523,0.41469942733840465,0.1951841194202726
michalewicz,log_improvement_movement_cost3,log_improvement_movement_cost3,3,1.2015228554990878,0.43801102555681726,0.496899755377125,0.2330715155864842
michalewicz,log_improvement_movement_cost3,log_improvement_movement_cost3,4,1.1176260639934175,0.487577014978454,0.5885949840045843,0.2717053853969415
michalewicz,log_improvement_movement_cost3,log_improvement_movement_cost3,5,0.9565749175258986,0.6583549693672911,0.6681250239244223,0.2810283575996442
michalewicz,log_improvement_movement_cost3,log_improvement_movement_cost3,6,0.9565749175258986,0.6583549693672911,0.7268096318919265,0.30768158026868564
michalewicz,log_improvement_movement_cost3,log_improvement_movement_cost3,7,0.9565749175258986,0.6583549693672911,0.7982008467168367,0.33339954009370315
michalewicz,log_improvement_movement_cost3,log_improvement_movement_cost3,8,0.9205625810924172,0.7009884310831629,0.8582864018863091,0.3318124352887531
michalewicz,log_improvement_movement_cost3,log_improvement_movement_cost3,9,0.8894377911579546,0.7039058488122149,0.9042132074779209,0.3489105075350652
michalewicz,log_improvement_movement_cost3,log_improvement_movement_cost3,10,0.8753170320265719,0.7202390983376017,0.9335828050835016,0.35427541888489117
michalewicz,log_improvement_movement_cost3,log_improvement_movement_cost3,11,0.8646375339152826,0.706618116516062,0.9765987076502927,0.36879414561006957
michalewicz,log_improvement_movement_cost3,log_improvement_movement_cost3,12,0.8575463583405796,0.6976075132808945,1.010973215273124,0.36826317539937153
michalewicz,log_improvement_movement_cost3,log_improvement_movement_cost3,13,0.7992847556030623,0.6247512043823267,1.0624117643709114,0.38196567344230375
michalewicz,log_improvement_movement_cost3,log_improvement_movement_cost3,14,0.7992847556030623,0.6247512043823267,1.1498419878839663,0.40699344386453806
michalewicz,log_improvement_movement_cost3,log_improvement_movement_cost3,15,0.6645832712930951,0.46856664137582055,1.2337638099543067,0.3918184756511885
michalewicz,log_improvement_movement_cost3,log_improvement_movement_cost3,16,0.6645832712930951,0.46856664137582055,1.3014827809488037,0.39321885610471496
michalewicz,log_improvement_movement_cost3,log_improvement_movement_cost3,17,0.6645832712930951,0.46856664137582055,1.3573443753982015,0.4025553432633512
michalewicz,log_improvement_movement_cost3,log_improvement_movement_cost3,18,0.6645832712930951,0.46856664137582055,1.406843807300173,0.40838239465617393
michalewicz,log_improvement_movement_cost3,log_improvement_movement_cost3,19,0.6645832712930951,0.46856664137582055,1.4567265842382229,0.4425660781852598
michalewicz,log_improvement_movement_cost3,log_improvement_movement_cost3,20,0.6645832712930951,0.46856664137582055,1.5351234062669752,0.41300852251595693
michalewicz,log_improvement_movement_cost3,log_improvement_movement_cost3,21,0.6645832712930951,0.46856664137582055,1.57479838757744,0.40693344618031413
michalewicz,log_improvement_movement_cost3,log_improvement_movement_cost3,22,0.43504988262930766,0.3094935373122549,1.6562085392358963,0.41938190915360724
michalewicz,log_improvement_movement_cost3,log_improvement_movement_cost3,23,0.43504988262930766,0.3094935373122549,1.7094014771227346,0.42105301049670696
michalewicz,log_improvement_movement_cost3,log_improvement_movement_cost3,24,0.43504988262930766,0.3094935373122549,1.7740680338199166,0.4432894682175584
michalewicz,log_improvement_movement_cost3,log_improvement_movement_cost3,25,0.43504988262930766,0.3094935373122549,1.8078216653246268,0.4636982461786822
michalewicz,log_improvement_movement_cost3,log_improvement_movement_cost3,26,0.3769453734373583,0.3128600201093576,1.854490141683775,0.47156927076303684
michalewicz,log_improvement_movement_cost3,log_improvement_movement_cost3,27,0.3769453734373583,0.3128600201093576,1.9017596681925946,0.47179008736784417
michalewicz,log_improvement_movement_cost3,log_improvement_movement_cost3,28,0.3769453734373583,0.3128600201093576,1.9917534529623115,0.46686782607860267
michalewicz,log_improvement_movement_cost3,log_improvement_movement_cost3,29,0.3471380775115304,0.32279562458071015,2.058106384730954,0.45379434229928206
michalewicz,log_improvement_movement_cost3,log_improvement_movement_cost3,30,0.3471380775115304,0.32279562458071015,2.097354438605477,0.44863552973565507
michalewicz,log_improvement_movement_cost3,log_improvement_movement_cost3,31,0.3038967646091546,0.34594291048250647,2.1440618888852367,0.4517611617298727
michalewicz,log_improvement_movement_cost3,log_improvement_movement_cost3,32,0.3038967646091546,0.34594291048250647,2.1772485770821777,0.44605107886938233
michalewicz,log_improvement_movement_cost3,log_improvement_movement_cost3,33,0.3038967646091546,0.34594291048250647,2.2128297676773516,0.46045996657437216
michalewicz,log_improvement_movement_cost3,log_improvement_movement_cost3,34,0.3038967646091546,0.34594291048250647,2.255161020644611,0.4568631072801445
michalewicz,log_improvement_movement_cost3,log_improvement_movement_cost3,35,0.3038967646091546,0.34594291048250647,2.3342394947313068,0.43795924790881474
michalewicz,log_improvement_movement_cost3,log_improvement_movement_cost3,36,0.3038967646091546,0.34594291048250647,2.378383487662236,0.42604344349145357
michalewicz,log_improvement_movement_cost3,log_improvement_movement_cost3,37,0.3038967646091546,0.34594291048250647,2.433440172902572,0.4155970710875902
michalewicz,log_improvement_movement_cost3,log_improvement_movement_cost3,38,0.3038967646091546,0.34594291048250647,2.541502842312901,0.41445877175509516
michalewicz,log_improvement_movement_cost3,log_improvement_movement_cost3,39,0.3038967646091546,0.34594291048250647,2.5868932471894155,0.42012695793456756
michalewicz,log_improvement_movement_cost3,log_improvement_movement_cost3,40,0.3038967646091546,0.34594291048250647,2.6260501613860505,0.4145942137018717
michalewicz,log_improvement_movement_cost3,log_improvement_movement_cost3,41,0.3038967646091546,0.34594291048250647,2.6720999273681674,0.41299711100394226
michalewicz,log_improvement_movement_cost3,log_improvement_movement_cost3,42,0.3038967646091546,0.34594291048250647,2.7004517589810546,0.4335448948417607
michalewicz,log_improvement_movement_cost3,log_improvement_movement_cost3,43,0.3038967646091546,0.34594291048250647,2.745272030296652,0.4384613553448398
michalewicz,log_improvement_movement_cost3,log_improvement_movement_cost3,44,0.3038967646091546,0.34594291048250647,2.8012091337495257,0.43611340759439843
michalewicz,log_improvement_movement_cost3,log_improvement_movement_cost3,45,0.3038967646091546,0.34594291048250647,2.862727764163093,0.43491816219996343
michalewicz,log_improvement_movement_cost3,log_improvement_movement_cost3,46,0.3038967646091546,0.34594291048250647,2.921192214301545,0.4336489333422196
michalewicz,log_improvement_movement_cost3,log_improvement_movement_cost3,47,0.3038967646091546,0.34594291048250647,2.968527371932962,0.44554695215020523
michalewicz,log_improvement_movement_cost3,log_improvement_movement_cost3,48,0.3038967646091546,0.34594291048250647,3.0066238102215124,0.4453387484422472
michalewicz,log_improvement_movement_cost3,log_improvement_movement_cost3,49,0.3038967646091546,0.34594291048250647,3.054684274984672,0.4616103127951413
michalewicz,optimistic_selected,optimistic_improvement_movement_cost3,0,1.270916492690476,0.3933242442921661,0.2821345526595969,0.15695527078710983
michalewicz,optimistic_selected,optimistic_improvement_movement_cost3,1,1.249540200777316,0.4053392993417197,0.3226238478876864,0.16207103768235873
michalewicz,optimistic_selected,optimistic_improvement_movement_cost3,2,1.249540200777316,0.4053392993417197,0.3711998054095769,0.13933263113448582
michalewicz,optimistic_selected,optimistic_improvement_movement_cost3,3,1.249540200777316,0.4053392993417197,0.4396804698291053,0.14704414249795222
michalewicz,optimistic_selected,optimistic_improvement_movement_cost3,4,1.243141555082354,0.3963201334579716,0.4910824348536855,0.13960593443420144
michalewicz,optimistic_selected,optimistic_improvement_movement_cost3,5,1.2185687355122592,0.41236429778011513,0.5474347477802138,0.15381471758614482
michalewicz,optimistic_selected,optimistic_improvement_movement_cost3,6,1.1980338117786982,0.4274804129232199,0.5973226367835692,0.1973445189593487
michalewicz,optimistic_selected,optimistic_improvement_movement_cost3,7,1.1980338117786982,0.4274804129232199,0.6345741016088532,0.2202934331380103
michalewicz,optimistic_selected,optimistic_improvement_movement_cost3,8,1.1832972331511353,0.43919195954951457,0.6748349303989999,0.2500093040625285
michalewicz,optimistic_selected,optimistic_improvement_movement_cost3,9,0.9183156266869151,0.578400379777549,0.7394726232989058,0.2889151660726058
michalewicz,optimistic_selected,optimistic_improvement_movement_cost3,10,0.6876746013133884,0.33982951317864035,0.7747930761679691,0.28520204775733776
michalewicz,optimistic_selected,optimistic_improvement_movement_cost3,11,0.6580802220861849,0.3816805867377751,0.8084076023546313,0.2768986957594538
michalewicz,optimistic_selected,optimistic_improvement_movement_cost3,12,0.6580802220861849,0.3816805867377751,0.8346763362338514,0.28568717628518436
michalewicz,optimistic_selected,optimistic_improvement_movement_cost3,13,0.6179899494521927,0.35628192396909447,0.8734181924074593,0.2839349432089061
michalewicz,optimistic_selected,optimistic_improvement_movement_cost3,14,0.6179899494521927,0.35628192396909447,0.898483595093055,0.2795702872984573
michalewicz,optimistic_selected,optimistic_improvement_movement_cost3,15,0.6048654059429721,0.3746960736057685,0.9313087389295163,0.26073621443166156
michalewicz,optimistic_selected,optimistic_improvement_movement_cost3,16,0.6048654059429721,0.3746960736057685,0.9928943932320365,0.2666874501364254
michalewicz,optimistic_selected,optimistic_improvement_movement_cost3,17,0.6048654059429721,0.3746960736057685,1.09159662933185,0.28170449907453765
michalewicz,optimistic_selected,optimistic_improvement_movement_cost3,18,0.6048654059429721,0.3746960736057685,1.1403953893522993,0.2814142593545875
michalewicz,optimistic_selected,optimistic_improvement_movement_cost3,19,0.6048654059429721,0.3746960736057685,1.172010754682814,0.2711918439139524
michalewicz,optimistic_selected,optimistic_improvement_movement_cost3,20,0.5612249268101507,0.34110563985792197,1.2175124930362025,0.2731672172768212
michalewicz,optimistic_selected,optimistic_improvement_movement_cost3,21,0.45180063158020783,0.29927049527674704,1.2632954827579312,0.28500202381505013
michalewicz,optimistic_selected,optimistic_improvement_movement_cost3,22,0.45180063158020783,0.29927049527674704,1.3022361233758586,0.3044424207275541
michalewicz,optimistic_selected,optimistic_improvement_movement_cost3,23,0.45180063158020783,0.29927049527674704,1.3693271692483708,0.3083745185899381
michalewicz,optimistic_selected,optimistic_improvement_movement_cost3,24,0.45180063158020783,0.29927049527674704,1.3969372594481981,0.3150805916778907
michalewicz,optimistic_selected,optimistic_improvement_movement_cost3,25,0.45180063158020783,0.29927049527674704,1.437742144091849,0.3472049077955917
michalewicz,optimistic_selected,optimistic_improvement_movement_cost3,26,0.45180063158020783,0.29927049527674704,1.468986253781523,0.3482987013286059
michalewicz,optimistic_selected,optimistic_improvement_movement_cost3,27,0.4400259257650487,0.3113624628131268,1.5288751967380054,0.36757634116007964
michalewicz,optimistic_selected,optimistic_improvement_movement_cost3,28,0.4400259257650487,0.3113624628131268,1.5970357322010393,0.3266678692255475
michalewicz,optimistic_selected,optimistic_improvement_movement_cost3,29,0.4400259257650487,0.3113624628131268,1.6449403057252747,0.3250408099020555
michalewicz,optimistic_selected,optimistic_improvement_movement_cost3,30,0.4400259257650487,0.3113624628131268,1.6756833399624513,0.32962223587018985
michalewicz,optimistic_selected,optimistic_improvement_movement_cost3,31,0.4400259257650487,0.3113624628131268,1.6966762878784774,0.3234213065699964
michalewicz,optimistic_selected,optimistic_improvement_movement_cost3,32,0.4400259257650487,0.3113624628131268,1.7479728427552625,0.31699417541043234
michalewicz,optimistic_selected,optimistic_improvement_movement_cost3,33,0.4400259257650487,0.3113624628131268,1.7668056567291848,0.32727052258965894
michalewicz,optimistic_selected,optimistic_improvement_movement_cost3,34,0.4400259257650487,0.3113624628131268,1.7960013430897532,0.3279654078573697
michalewicz,optimistic_selected,optimistic_improvement_movement_cost3,35,0.4400259257650487,0.3113624628131268,1.8245188112369695,0.32222805972427965
michalewicz,optimistic_selected,optimistic_improvement_movement_cost3,36,0.4400259257650487,0.3113624628131268,1.8660938192852037,0.3172025191539563
michalewicz,optimistic_selected,optimistic_improvement_movement_cost3,37,0.4400259257650487,0.3113624628131268,1.923810559808801,0.2877857972028257
michalewicz,optimistic_selected,optimistic_improvement_movement_cost3,38,0.4400259257650487,0.3113624628131268,1.9982992000626092,0.2445367405733697
michalewicz,optimistic_selected,optimistic_improvement_movement_cost3,39,0.4400259257650487,0.3113624628131268,2.0427745291112704,0.24410008436054906
michalewicz,optimistic_selected,optimistic_improvement_movement_cost3,40,0.4400259257650487,0.3113624628131268,2.0964300992134093,0.2239731240208415
michalewicz,optimistic_selected,optimistic_improvement_movement_cost3,41,0.4400259257650487,0.3113624628131268,2.1536027172480847,0.22560535084378258
michalewicz,optimistic_selected,optimistic_improvement_movement_cost3,42,0.4400259257650487,0.3113624628131268,2.1899965071173377,0.22889886457800415
michalewicz,optimistic_selected,optimistic_improvement_movement_cost3,43,0.4400259257650487,0.3113624628131268,2.2455064985417477,0.20941718144371893
michalewicz,optimistic_selected,optimistic_improvement_movement_cost3,44,0.4400259257650487,0.3113624628131268,2.3048351124531994,0.2051739233189802
michalewicz,optimistic_selected,optimistic_improvement_movement_cost3,45,0.4400259257650487,0.3113624628131268,2.365987535040481,0.18415788891364973
michalewicz,optimistic_selected,optimistic_improvement_movement_cost3,46,0.4400259257650487,0.3113624628131268,2.416087677500857,0.16893276118105752
michalewicz,optimistic_selected,optimistic_improvement_movement_cost3,47,0.4400259257650487,0.3113624628131268,2.461606858496017,0.17191913178925963
michalewicz,optimistic_selected,optimistic_improvement_movement_cost3,48,0.4400259257650487,0.3113624628131268,2.5109262834298405,0.16706507246333674
michalewicz,optimistic_selected,optimistic_improvement_movement_cost3,49,0.4400259257650487,0.3113624628131268,2.5476534975817935,0.1498950915285412
michalewicz,budgeted_exploration,budgeted_exploration,0,1.1684882076482206,0.4740224849936874,0.2748162482597645,0.15811040887461203
michalewicz,budgeted_exploration,budgeted_exploration,1,1.1684882076482206,0.4740224849936874,0.33874938105800306,0.16464560884258367
michalewicz,budgeted_exploration,budgeted_exploration,2,1.1684882076482206,0.4740224849936874,0.444270905710023,0.2019752542807199
michalewicz,budgeted_exploration,budgeted_exploration,3,1.1290404668313334,0.49297433668279445,0.5629045042386857,0.3202403055440912
michalewicz,budgeted_exploration,budgeted_exploration,4,0.9819027811358959,0.6052168882444967,0.6212083703004746,0.3560961269061471
michalewicz,budgeted_exploration,budgeted_exploration,5,0.9086901682873085,0.647952345248011,0.6905986300927963,0.36688635775112605
michalewicz,budgeted_exploration,budgeted_exploration,6,0.9086901682873085,0.647952345248011,0.8015189051993471,0.38194000785473103
michalewicz,budgeted_exploration,budgeted_exploration,7,0.9086901682873085,0.647952345248011,0.9248100448798233,0.430406208333652
michalewicz,budgeted_exploration,budgeted_exploration,8,0.9086901682873085,0.647952345248011,1.00966701670847,0.4164140741255039
michalewicz,budgeted_exploration,budgeted_exploration,9,0.9086901682873085,0.647952345248011,1.0895464343821297,0.41764757195315133
michalewicz,budgeted_exploration,budgeted_exploration,10,0.8653455521392059,0.6853077761664353,1.1421828422459088,0.4241199814805183
michalewicz,budgeted_exploration,budgeted_exploration,11,0.8653455521392059,0.6853077761664353,1.214953049232796,0.4430193374716234
michalewicz,budgeted_exploration,budgeted_exploration,12,0.8653455521392059,0.6853077761664353,1.2814234187645417,0.468917566536485
michalewicz,budgeted_exploration,budgeted_exploration,13,0.8653455521392059,0.6853077761664353,1.3779528835866166,0.49973044123378413
michalewicz,budgeted_exploration,budgeted_exploration,14,0.8653455521392059,0.6853077761664353,1.4611306616409367,0.5368944752464067
michalewicz,budgeted_exploration,budgeted_exploration,15,0.8653455521392059,0.6853077761664353,1.5204007105941775,0.5529084693224304
michalewicz,budgeted_exploration,budgeted_exploration,16,0.8520960069099001,0.6668401969831312,1.5964656568093807,0.5772764470470836
michalewicz,budgeted_exploration,budgeted_exploration,17,0.6301434997949774,0.3616324213083189,1.6891340361711575,0.6497962824591375
michalewicz,budgeted_exploration,budgeted_exploration,18,0.60585706097218,0.3292283118626422,1.7508089594401604,0.6755771542743276
michalewicz,budgeted_exploration,budgeted_exploration,19,0.60585706097218,0.3292283118626422,1.8161176050865366,0.6664559156303607
michalewicz,budgeted_exploration,budgeted_exploration,20,0.5907070425213315,0.3092268425176316,1.8661423174589824,0.6784443419401474
michalewicz,budgeted_exploration,budgeted_exploration,21,0.5258871203864183,0.2266085403867173,1.914507153354733,0.6668768856290554
michalewicz,budgeted_exploration,budgeted_exploration,22,0.280374590055639,0.18988340112570262,1.9906713460810792,0.6866237596414753
michalewicz,budgeted_exploration,budgeted_exploration,23,0.280374590055639,0.18988340112570262,2.0794529839730536,0.6749999289361879
michalewicz,budgeted_exploration,budgeted_exploration,24,0.280374590055639,0.18988340112570262,2.1706630448593933,0.6870102661331613
michalewicz,budgeted_exploration,budgeted_exploration,25,0.280374590055639,0.18988340112570262,2.258152727829264,0.7043802180104597
michalewicz,budgeted_exploration,budgeted_exploration,26,0.280374590055639,0.18988340112570262,2.366441200801304,0.7627308386408702
michalewicz,budgeted_exploration,budgeted_exploration,27,0.280374590055639,0.18988340112570262,2.4126603422967805,0.7643187318794722
michalewicz,budgeted_exploration,budgeted_exploration,28,0.280374590055639,0.18988340112570262,2.5125379837047848,0.7743304339950681
michalewicz,budgeted_exploration,budgeted_exploration,29,0.280374590055639,0.18988340112570262,2.575901977942518,0.7684911232401359
michalewicz,budgeted_exploration,budgeted_exploration,30,0.280374590055639,0.18988340112570262,2.669955249419066,0.777883652557644
michalewicz,budgeted_exploration,budgeted_exploration,31,0.280374590055639,0.18988340112570262,2.7381402402389825,0.7702133498470227
michalewicz,budgeted_exploration,budgeted_exploration,32,0.280374590055639,0.18988340112570262,2.80720517368765,0.7676799515265785
michalewicz,budgeted_exploration,budgeted_exploration,33,0.280374590055639,0.18988340112570262,2.8641814885102224,0.7793236871316411
michalewicz,budgeted_exploration,budgeted_exploration,34,0.280374590055639,0.18988340112570262,2.9196570762398575,0.7922417204397525
michalewicz,budgeted_exploration,budgeted_exploration,35,0.280374590055639,0.18988340112570262,2.9961954298964817,0.8212804932423914
michalewicz,budgeted_exploration,budgeted_exploration,36,0.280374590055639,0.18988340112570262,3.0800865867929432,0.8427900059020413
michalewicz,budgeted_exploration,budgeted_exploration,37,0.280374590055639,0.18988340112570262,3.171597798863177,0.8468297582521617
michalewicz,budgeted_exploration,budgeted_exploration,38,0.280374590055639,0.18988340112570262,3.277743878854755,0.8511359152875053
michalewicz,budgeted_exploration,budgeted_exploration,39,0.280374590055639,0.18988340112570262,3.3529504717956935,0.8523009997380031
michalewicz,budgeted_exploration,budgeted_exploration,40,0.280374590055639,0.18988340112570262,3.5026761967305524,0.8529538957713787
michalewicz,budgeted_exploration,budgeted_exploration,41,0.280374590055639,0.18988340112570262,3.6929447220769007,0.8346936378962965
michalewicz,budgeted_exploration,budgeted_exploration,42,0.280374590055639,0.18988340112570262,3.834005160785704,0.8763474397965619
michalewicz,budgeted_exploration,budgeted_exploration,43,0.280374590055639,0.18988340112570262,3.9303343497520764,0.8987395872333502
michalewicz,budgeted_exploration,budgeted_exploration,44,0.280374590055639,0.18988340112570262,4.031366624341161,0.907920766627891
michalewicz,budgeted_exploration,budgeted_exploration,45,0.280374590055639,0.18988340112570262,4.0950613572751555,0.8942709902986068
michalewicz,budgeted_exploration,budgeted_exploration,46,0.280374590055639,0.18988340112570262,4.196121276063032,0.8633155608842698
michalewicz,budgeted_exploration,budgeted_exploration,47,0.280374590055639,0.18988340112570262,4.321032912163518,0.88404035300124
michalewicz,budgeted_exploration,budgeted_exploration,48,0.280374590055639,0.18988340112570262,4.426199246385798,0.8621208779728795
michalewicz,budgeted_exploration,budgeted_exploration,49,0.280374590055639,0.18988340112570262,4.542736686959952,0.851387808882024
michalewicz,lookahead_budgeted_exploration,lookahead_budgeted_exploration,0,1.4194293084101106,0.28542247141295846,0.27252864777461117,0.14881539312202066
michalewicz,lookahead_budgeted_exploration,lookahead_budgeted_exploration,1,1.4107409331767389,0.2774797696332062,0.33768657751476744,0.132626538555043
michalewicz,lookahead_budgeted_exploration,lookahead_budgeted_exploration,2,1.3809587135166053,0.3039015920377971,0.403632762621626,0.10735787979066569
michalewicz,lookahead_budgeted_exploration,lookahead_budgeted_exploration,3,1.2955935988564882,0.3599789103784724,0.4772649747626934,0.14468854111951515
michalewicz,lookahead_budgeted_exploration,lookahead_budgeted_exploration,4,1.2406817067986007,0.4110209608412918,0.5922575835368334,0.2347496179645632
michalewicz,lookahead_budgeted_exploration,lookahead_budgeted_exploration,5,1.2220096635983582,0.43019501300970825,0.7142719502966065,0.26937065569449387
michalewicz,lookahead_budgeted_exploration,lookahead_budgeted_exploration,6,1.203572782279178,0.44984716667950936,0.7945909613842733,0.27448590394421196
michalewicz,lookahead_budgeted_exploration,lookahead_budgeted_exploration,7,1.0292261242741614,0.6107849969430782,0.8657164951424136,0.29580129068030475
michalewicz,lookahead_budgeted_exploration,lookahead_budgeted_exploration,8,1.0292261242741614,0.6107849969430782,0.9625762026185671,0.3081485739740581
michalewicz,lookahead_budgeted_exploration,lookahead_budgeted_exploration,9,0.9466400003075987,0.6285429505564394,1.0355757858530599,0.3157677601440281
michalewicz,lookahead_budgeted_exploration,lookahead_budgeted_exploration,10,0.9466400003075987,0.6285429505564394,1.1402318293618268,0.3166249613698504
michalewicz,lookahead_budgeted_exploration,lookahead_budgeted_exploration,11,0.9466400003075987,0.6285429505564394,1.2719928375750094,0.31748289924053
michalewicz,lookahead_budgeted_exploration,lookahead_budgeted_exploration,12,0.9466400003075987,0.6285429505564394,1.3301366947961226,0.3140591985111718
michalewicz,lookahead_budgeted_exploration,lookahead_budgeted_exploration,13,0.9466400003075987,0.6285429505564394,1.3786502021649802,0.3317839394827643
michalewicz,lookahead_budgeted_exploration,lookahead_budgeted_exploration,14,0.903199670558975,0.6462133393455579,1.4253264003630093,0.32280774271796175
michalewicz,lookahead_budgeted_exploration,lookahead_budgeted_exploration,15,0.903199670558975,0.6462133393455579,1.4921939025027795,0.324401811669043
michalewicz,lookahead_budgeted_exploration,lookahead_budgeted_exploration,16,0.6964239460638972,0.3628829968386891,1.6109467248513492,0.39833016275592803
michalewicz,lookahead_budgeted_exploration,lookahead_budgeted_exploration,17,0.6879617941435693,0.3720278405503959,1.6725457275513984,0.3781916376775096
michalewicz,lookahead_budgeted_exploration,lookahead_budgeted_exploration,18,0.6169010560244014,0.2800594812484859,1.748294027522751,0.39048002358743555
michalewicz,lookahead_budgeted_exploration,lookahead_budgeted_exploration,19,0.6169010560244014,0.2800594812484859,1.808474252230284,0.38232753529841224
michalewicz,lookahead_budgeted_exploration,lookahead_budgeted_exploration,20,0.6169010560244014,0.2800594812484859,1.900381929467008,0.3754070764748703
michalewicz,lookahead_budgeted_exploration,lookahead_budgeted_exploration,21,0.6169010560244014,0.2800594812484859,1.9688781191328804,0.3825129378875237
michalewicz,lookahead_budgeted_exploration,lookahead_budgeted_exploration,22,0.5944681059006939,0.2523802701555639,2.0110896107812635,0.396043365545303
michalewicz,lookahead_budgeted_exploration,lookahead_budgeted_exploration,23,0.5708491875200324,0.2243981895516972,2.059837218613003,0.3976862265450808
michalewicz,lookahead_budgeted_exploration,lookahead_budgeted_exploration,24,0.5708491875200324,0.2243981895516972,2.118653026862493,0.3714262479811523
michalewicz,lookahead_budgeted_exploration,lookahead_budgeted_exploration,25,0.5708491875200324,0.2243981895516972,2.192169563809886,0.3826284571762068
michalewicz,lookahead_budgeted_exploration,lookahead_budgeted_exploration,26,0.5708491875200324,0.2243981895516972,2.2746848531509443,0.39405495611408436
michalewicz,lookahead_budgeted_exploration,lookahead_budgeted_exploration,27,0.5708491875200324,0.2243981895516972,2.3752899906011087,0.3890859380107689
michalewicz,lookahead_budgeted_exploration,lookahead_budgeted_exploration,28,0.5708491875200324,0.2243981895516972,2.4232641251974534,0.40502236759154825
michalewicz,lookahead_budgeted_exploration,lookahead_budgeted_exploration,29,0.36684957070342056,0.08848734000286965,2.4900999645314568,0.4071533142771928
michalewicz,lookahead_budgeted_exploration,lookahead_budgeted_exploration,30,0.36684957070342056,0.08848734000286965,2.5915954154700143,0.38060577409232094
michalewicz,lookahead_budgeted_exploration,lookahead_budgeted_exploration,31,0.36684957070342056,0.08848734000286965,2.6653910083119565,0.3884251248905407
michalewicz,lookahead_budgeted_exploration,lookahead_budgeted_exploration,32,0.36684957070342056,0.08848734000286965,2.7677777048911487,0.3637965568558474
michalewicz,lookahead_budgeted_exploration,lookahead_budgeted_exploration,33,0.36684957070342056,0.08848734000286965,2.860795025783615,0.35940075714895275
michalewicz,lookahead_budgeted_exploration,lookahead_budgeted_exploration,34,0.36684957070342056,0.08848734000286965,2.919366953574798,0.3647137784326247
michalewicz,lookahead_budgeted_exploration,lookahead_budgeted_exploration,35,0.36684957070342056,0.08848734000286965,3.0028304385630826,0.3680981514377293
michalewicz,lookahead_budgeted_exploration,lookahead_budgeted_exploration,36,0.36684957070342056,0.08848734000286965,3.0650302503922267,0.408400034437792
michalewicz,lookahead_budgeted_exploration,lookahead_budgeted_exploration,37,0.36684957070342056,0.08848734000286965,3.1263372575908774,0.4337657046062591
michalewicz,lookahead_budgeted_exploration,lookahead_budgeted_exploration,38,0.36684957070342056,0.08848734000286965,3.1850092344338026,0.4811728413447925
michalewicz,lookahead_budgeted_exploration,lookahead_budgeted_exploration,39,0.36684957070342056,0.08848734000286965,3.254961329847133,0.4907107222608447
michalewicz,lookahead_budgeted_exploration,lookahead_budgeted_exploration,40,0.36684957070342056,0.08848734000286965,3.3310580913736865,0.48775520127420813
michalewicz,lookahead_budgeted_exploration,lookahead_budgeted_exploration,41,0.36684957070342056,0.08848734000286965,3.4282389355918728,0.5215575991885366
michalewicz,lookahead_budgeted_exploration,lookahead_budgeted_exploration,42,0.36684957070342056,0.08848734000286965,3.5358270611744937,0.5463472072602185
michalewicz,lookahead_budgeted_exploration,lookahead_budgeted_exploration,43,0.36684957070342056,0.08848734000286965,3.6080143898465447,0.5573412089835911
michalewicz,lookahead_budgeted_exploration,lookahead_budgeted_exploration,44,0.36684957070342056,0.08848734000286965,3.703051095147996,0.5657643788822871
michalewicz,lookahead_budgeted_exploration,lookahead_budgeted_exploration,45,0.3443597003456125,0.10266265133004639,3.8056289109371235,0.6174086252461053
michalewicz,lookahead_budgeted_exploration,lookahead_budgeted_exploration,46,0.3443597003456125,0.10266265133004639,3.8957208397340035,0.6512981947607511
michalewicz,lookahead_budgeted_exploration,lookahead_budgeted_exploration,47,0.23016084930738737,0.0597939829309661,4.018634093988435,0.6955202994109864
michalewicz,lookahead_budgeted_exploration,lookahead_budgeted_exploration,48,0.23016084930738737,0.0597939829309661,4.1178609370681825,0.6966981694565029
michalewicz,lookahead_budgeted_exploration,lookahead_budgeted_exploration,49,0.23016084930738737,0.0597939829309661,4.203904527806237,0.6956448447456687
