function,method,reward_dir,iteration,best_regret_mean,best_regret_std,cum_scaled_move_cost_mean,cum_scaled_move_cost_std
rastrigin,pure_bo,pure_bo,0,101.45693296038036,23.069538879151047,1.0261000377295282,0.2192534577297652
rastrigin,pure_bo,pure_bo,1,101.45693296038036,23.069538879151047,1.5579200837883445,0.569641128675569
rastrigin,pure_bo,pure_bo,2,101.45693296038036,23.069538879151047,2.4451965315841417,0.7511916795414151
rastrigin,pure_bo,pure_bo,3,101.45693296038036,23.069538879151047,3.1456615991758645,0.7028072421261349
rastrigin,pure_bo,pure_bo,4,99.65446759528214,20.712366424255755,4.044902033672002,0.8818685511513044
rastrigin,pure_bo,pure_bo,5,99.65446759528214,20.712366424255755,4.3948837817785105,0.9585423525474678
rastrigin,pure_bo,pure_bo,6,99.65446759528214,20.712366424255755,5.007797010463205,1.2102183917203668
rastrigin,pure_bo,pure_bo,7,97.59771021728962,18.086346015559002,5.668696966215818,1.4543165024756155
rastrigin,pure_bo,pure_bo,8,97.59771021728962,18.086346015559002,6.657961013787699,2.054164765624427
rastrigin,pure_bo,pure_bo,9,97.59771021728962,18.086346015559002,7.448964379449962,2.588169347999466
rastrigin,pure_bo,pure_bo,10,97.59771021728962,18.086346015559002,8.357806605849452,2.757072454616599
rastrigin,pure_bo,pure_bo,11,97.59771021728962,18.086346015559002,8.734868690994277,2.988315360228422
rastrigin,pure_bo,pure_bo,12,97.59771021728962,18.086346015559002,9.557583319410854,2.7778781183596704
rastrigin,pure_bo,pure_bo,13,97.59771021728962,18.086346015559002,10.50586311649595,2.559910989327509
rastrigin,pure_bo,pure_bo,14,97.59771021728962,18.086346015559002,11.422665111392194,2.47481409331004
rastrigin,pure_bo,pure_bo,15,97.59771021728962,18.086346015559002,12.269612767935866,2.520662523907255
rastrigin,pure_bo,pure_bo,16,97.59771021728962,18.086346015559002,12.848741096252056,2.2274138461860695
rastrigin,pure_bo,pure_bo,17,97.59771021728962,18.086346015559002,13.335289858436619,2.0823436744431056
rastrigin,pure_bo,pure_bo,18,97.59771021728962,18.086346015559002,13.826698899062647,1.9306226895439136
rastrigin,pure_bo,pure_bo,19,97.59771021728962,18.086346015559002,14.571397963373782,2.1849255018423035
rastrigin,pure_bo,pure_bo,20,97.59771021728962,18.086346015559002,15.179150300297914,2.4780438840691135
rastrigin,pure_bo,pure_bo,21,93.91016914729884,19.05054806116632,15.356885902557138,2.549876357827069
rastrigin,pure_bo,pure_bo,22,93.91016914729884,19.05054806116632,15.551445816223731,2.589226909560944
rastrigin,pure_bo,pure_bo,23,93.91016914729884,19.05054806116632,15.85354811221319,2.7376887705634583
rastrigin,pure_bo,pure_bo,24,89.0098423960214,12.337668965446404,16.505529377635263,2.699303292683529
rastrigin,pure_bo,pure_bo,25,89.0098423960214,12.337668965446404,17.255287499914612,2.742661905815685
rastrigin,pure_bo,pure_bo,26,89.0098423960214,12.337668965446404,17.867944630160498,2.6952453093001543
rastrigin,pure_bo,pure_bo,27,89.0098423960214,12.337668965446404,18.22452938585074,2.4777281719612296
rastrigin,pure_bo,pure_bo,28,89.0098423960214,12.337668965446404,18.5092400727636,2.16183241298929
rastrigin,pure_bo,pure_bo,29,89.0098423960214,12.337668965446404,19.244533582732725,2.250412991571425
rastrigin,pure_bo,pure_bo,30,87.84010708398343,12.785771342427251,20.09687932510714,2.251586226901862
rastrigin,pure_bo,pure_bo,31,87.84010708398343,12.785771342427251,20.37888389215312,2.014276199318372
rastrigin,pure_bo,pure_bo,32,87.84010708398343,12.785771342427251,20.92608895326257,2.7048087283217037
rastrigin,pure_bo,pure_bo,33,87.84010708398343,12.785771342427251,21.681918373036122,3.343397593001211
rastrigin,pure_bo,pure_bo,34,84.38041164592805,15.12633155201269,22.531829007298015,3.966097710648834
rastrigin,pure_bo,pure_bo,35,84.38041164592805,15.12633155201269,23.224422686480082,3.8390964061214206
rastrigin,pure_bo,pure_bo,36,84.38041164592805,15.12633155201269,23.88531788000978,3.755803847266654
rastrigin,pure_bo,pure_bo,37,84.38041164592805,15.12633155201269,24.50820784300412,3.7094785552658434
rastrigin,pure_bo,pure_bo,38,84.38041164592805,15.12633155201269,24.785932863296367,3.770403703780954
rastrigin,pure_bo,pure_bo,39,84.38041164592805,15.12633155201269,25.240636458350256,3.921227087158009
rastrigin,pure_bo,pure_bo,40,84.38041164592805,15.12633155201269,25.77160482636448,4.074223345097378
rastrigin,pure_bo,pure_bo,41,82.29985947830319,12.211899803825888,25.989741788227448,4.0099177511566415
rastrigin,pure_bo,pure_bo,42,78.29989406324798,6.677893715292656,26.281787763590724,4.219482297216944
rastrigin,pure_bo,pure_bo,43,78.29989406324798,6.677893715292656,26.801614823163437,4.533299674671248
rastrigin,pure_bo,pure_bo,44,78.29989406324798,6.677893715292656,27.430955651601007,4.788622764779044
rastrigin,pure_bo,pure_bo,45,78.29989406324798,6.677893715292656,27.827986947858193,4.850845486068846
rastrigin,pure_bo,pure_bo,46,78.29989406324798,6.677893715292656,28.180466950588126,4.830005267079691
rastrigin,pure_bo,pure_bo,47,72.5305212323881,11.708393857470059,28.359891584284743,4.63716251423139
rastrigin,pure_bo,pure_bo,48,72.5305212323881,11.708393857470059,28.734978138682152,4.594182375223858
rastrigin,pure_bo,pure_bo,49,72.5305212323881,11.708393857470059,29.632945721730966,5.2063909001489375
rastrigin,earlbo,earlbo,0,106.32142558684667,7.243220722670861,0.9741139848546881,0.17420263688008245
rastrigin,earlbo,earlbo,1,89.9618864415308,14.743830994280048,1.2748753973623372,0.16054432122538217
rastrigin,earlbo,earlbo,2,79.94603839967967,6.117628220037115,1.543770022866682,0.16974950032513783
rastrigin,earlbo,earlbo,3,79.94603839967967,6.117628220037115,1.8043020849822258,0.21937830180089896
rastrigin,earlbo,earlbo,4,79.94603839967967,6.117628220037115,2.1695533028575245,0.1857446711973793
rastrigin,earlbo,earlbo,5,79.94603839967967,6.117628220037115,2.490983292091195,0.2148181272148251
rastrigin,earlbo,earlbo,6,79.94603839967967,6.117628220037115,2.7745041411760805,0.1520361582304172
rastrigin,earlbo,earlbo,7,79.94603839967967,6.117628220037115,3.4671889107031357,0.3296341256884125
rastrigin,earlbo,earlbo,8,76.4749135847028,2.5091890470740648,4.1977474183202395,0.42307775492456634
rastrigin,earlbo,earlbo,9,76.4749135847028,2.5091890470740648,4.559405051907763,0.30838007782000926
rastrigin,earlbo,earlbo,10,76.4749135847028,2.5091890470740648,4.932158233025942,0.4157651037675518
rastrigin,earlbo,earlbo,11,76.4749135847028,2.5091890470740648,5.449008566828051,0.5700697435836111
rastrigin,earlbo,earlbo,12,76.4749135847028,2.5091890470740648,5.992685177142522,0.5841631597201151
rastrigin,earlbo,earlbo,13,76.4749135847028,2.5091890470740648,6.336201662790242,0.45668073997821385
rastrigin,earlbo,earlbo,14,76.4749135847028,2.5091890470740648,6.677838525203246,0.473154121941468
rastrigin,earlbo,earlbo,15,76.4749135847028,2.5091890470740648,7.212809929501405,0.5343772908598075
rastrigin,earlbo,earlbo,16,76.4749135847028,2.5091890470740648,7.677110402043887,0.6533728060234585
rastrigin,earlbo,earlbo,17,76.4749135847028,2.5091890470740648,8.049421453449648,0.5542909151097263
rastrigin,earlbo,earlbo,18,76.4749135847028,2.5091890470740648,8.674017246560245,0.40737966796493774
rastrigin,earlbo,earlbo,19,74.68203243071012,3.0154256323533914,9.278453280161802,0.45639705828248006
rastrigin,earlbo,earlbo,20,74.68203243071012,3.0154256323533914,9.984476426890142,0.6006242448447571
rastrigin,earlbo,earlbo,21,74.68203243071012,3.0154256323533914,10.822376132458203,0.8495991065978581
rastrigin,earlbo,earlbo,22,74.68203243071012,3.0154256323533914,11.305707232666037,0.900258851258949
rastrigin,earlbo,earlbo,23,74.68203243071012,3.0154256323533914,11.75620399009078,0.9889594460010663
rastrigin,earlbo,earlbo,24,74.68203243071012,3.0154256323533914,12.238858610130785,1.0656837007557758
rastrigin,earlbo,earlbo,25,74.68203243071012,3.0154256323533914,12.679186150503257,0.9208916860854081
rastrigin,earlbo,earlbo,26,74.68203243071012,3.0154256323533914,13.249453583724149,0.7575474433498701
rastrigin,earlbo,earlbo,27,74.68203243071012,3.0154256323533914,13.842980347471103,1.0048744500739635
rastrigin,earlbo,earlbo,28,74.68203243071012,3.0154256323533914,14.512858439514176,1.4495307194079516
rastrigin,earlbo,earlbo,29,74.68203243071012,3.0154256323533914,15.10198438319897,1.6665420243308773
rastrigin,earlbo,earlbo,30,74.68203243071012,3.0154256323533914,15.784249561776994,1.645340369128098
rastrigin,earlbo,earlbo,31,74.68203243071012,3.0154256323533914,16.304448638822382,1.5250742379770248
rastrigin,earlbo,earlbo,32,74.68203243071012,3.0154256323533914,16.680248304129453,1.5505360107413095
rastrigin,earlbo,earlbo,33,74.68203243071012,3.0154256323533914,17.283441944296538,1.791425263820486
rastrigin,earlbo,earlbo,34,74.68203243071012,3.0154256323533914,18.091952692153598,2.0136736820452636
rastrigin,earlbo,earlbo,35,74.68203243071012,3.0154256323533914,18.73996824183104,2.2236311821457426
rastrigin,earlbo,earlbo,36,74.68203243071012,3.0154256323533914,19.319813247034745,2.164572304037464
rastrigin,earlbo,earlbo,37,74.68203243071012,3.0154256323533914,19.814160224852483,2.164744485232873
rastrigin,earlbo,earlbo,38,74.68203243071012,3.0154256323533914,20.368874070106042,2.0034041191268717
rastrigin,earlbo,earlbo,39,74.68203243071012,3.0154256323533914,20.862295640178075,1.986026746023287
rastrigin,earlbo,earlbo,40,74.68203243071012,3.0154256323533914,21.73953792059255,1.9750525476121334
rastrigin,earlbo,earlbo,41,74.68203243071012,3.0154256323533914,22.630881319923333,2.06539971481521
rastrigin,earlbo,earlbo,42,74.68203243071012,3.0154256323533914,23.313034944542824,2.361788627907944
rastrigin,earlbo,earlbo,43,74.68203243071012,3.0154256323533914,23.7864871737939,2.4553547185927678
rastrigin,earlbo,earlbo,44,74.68203243071012,3.0154256323533914,24.38320536157087,2.542818027009153
rastrigin,earlbo,earlbo,45,74.68203243071012,3.0154256323533914,25.060583958653996,2.701885826077184
rastrigin,earlbo,earlbo,46,74.68203243071012,3.0154256323533914,25.60621822486034,2.7195079293214874
rastrigin,earlbo,earlbo,47,74.68203243071012,3.0154256323533914,26.113177298357456,2.8933766922749613
rastrigin,earlbo,earlbo,48,74.68203243071012,3.0154256323533914,26.69734875999768,3.0113136499295736
rastrigin,earlbo,earlbo,49,74.01978109533975,3.4881338029507707,27.246733879138244,2.805968391796051
rastrigin,snake,snake,0,110.53501619989498,10.617536752113782,0.9095201290630266,0.16962506232410127
rastrigin,snake,snake,1,99.60018137817092,10.005681501686214,1.1240967455457291,0.17861747843546155
rastrigin,snake,snake,2,94.75408531473322,3.995897154287623,1.3909471133916564,0.23390913168814784
rastrigin,snake,snake,3,94.75408531473322,3.995897154287623,1.6641701542179639,0.23092223551692787
rastrigin,snake,snake,4,94.55679873019483,4.268469170034159,2.1178886458951602,0.26194188156766546
rastrigin,snake,snake,5,94.25587024109996,4.685692087189843,2.6021244573561373,0.46811589926648134
rastrigin,snake,snake,6,75.13889552495964,15.114935780653415,2.817935766973047,0.39983074758102516
rastrigin,snake,snake,7,66.53025139989172,12.748313248870483,3.1213456415296044,0.5262298810158939
rastrigin,snake,snake,8,66.53025139989172,12.748313248870483,3.458348032111912,0.809258214467256
rastrigin,snake,snake,9,66.53025139989172,12.748313248870483,3.884697706909126,1.1713360708631
rastrigin,snake,snake,10,66.53025139989172,12.748313248870483,4.281307529042115,1.379631288359563
rastrigin,snake,snake,11,66.53025139989172,12.748313248870483,4.834218236922898,1.5726381876301336
rastrigin,snake,snake,12,66.53025139989172,12.748313248870483,5.351253659437217,1.702965591647065
rastrigin,snake,snake,13,64.52304713904412,10.025874745611949,5.718678398220434,1.9150922787615376
rastrigin,snake,snake,14,64.52304713904412,10.025874745611949,6.087167521248966,2.153368783196641
rastrigin,snake,snake,15,64.52304713904412,10.025874745611949,6.3440846945061224,2.24329951152288
rastrigin,snake,snake,16,64.52304713904412,10.025874745611949,6.8476468801555415,2.2662992225258893
rastrigin,snake,snake,17,64.52304713904412,10.025874745611949,7.694489641363884,2.254338822772783
rastrigin,snake,snake,18,64.52304713904412,10.025874745611949,8.463197074584414,2.341576306435483
rastrigin,snake,snake,19,64.52304713904412,10.025874745611949,8.913439282688666,2.414005184311195
rastrigin,snake,snake,20,64.52304713904412,10.025874745611949,9.447943456167236,2.5955993732697897
rastrigin,snake,snake,21,64.52304713904412,10.025874745611949,9.894062155465253,2.9735541205648657
rastrigin,snake,snake,22,64.52304713904412,10.025874745611949,10.612715524276135,3.1849667820330474
rastrigin,snake,snake,23,64.52304713904412,10.025874745611949,11.281248452071493,3.256184182817135
rastrigin,snake,snake,24,57.42725717960112,3.243358121050563,11.82105970835588,3.555111070352173
rastrigin,snake,snake,25,57.42725717960112,3.243358121050563,12.584283706910588,3.800768110627309
rastrigin,snake,snake,26,57.42725717960112,3.243358121050563,13.34230404586919,3.7447575617752857
rastrigin,snake,snake,27,57.42725717960112,3.243358121050563,14.203041394777422,3.7558480002452215
rastrigin,snake,snake,28,57.42725717960112,3.243358121050563,14.741969707289433,3.9401904781231334
rastrigin,snake,snake,29,57.42725717960112,3.243358121050563,15.17001155423151,4.057543958836797
rastrigin,snake,snake,30,57.42725717960112,3.243358121050563,15.692303292901947,4.338631111392499
rastrigin,snake,snake,31,57.42725717960112,3.243358121050563,16.372981347019575,4.623060536337048
rastrigin,snake,snake,32,57.42725717960112,3.243358121050563,17.15838578432647,4.877419164766408
rastrigin,snake,snake,33,57.42725717960112,3.243358121050563,17.896294242708773,4.977193337462613
rastrigin,snake,snake,34,57.42725717960112,3.243358121050563,18.59869431510233,4.925410154265619
rastrigin,snake,snake,35,57.42725717960112,3.243358121050563,19.31206400615254,4.83512219383204
rastrigin,snake,snake,36,57.42725717960112,3.243358121050563,20.060708241521393,4.805385349209378
rastrigin,snake,snake,37,57.42725717960112,3.243358121050563,20.57623431256446,4.897790517575226
rastrigin,snake,snake,38,57.42725717960112,3.243358121050563,21.115119532719245,5.1965329091990915
rastrigin,snake,snake,39,57.42725717960112,3.243358121050563,22.059632628985412,5.231617653041157
rastrigin,snake,snake,40,57.42725717960112,3.243358121050563,22.99647316763151,5.305035979434398
rastrigin,snake,snake,41,57.42725717960112,3.243358121050563,23.591231571783197,5.6433776704432885
rastrigin,snake,snake,42,57.42725717960112,3.243358121050563,24.06935940510741,5.64991774091015
rastrigin,snake,snake,43,57.42725717960112,3.243358121050563,24.71650229022995,5.691371498792811
rastrigin,snake,snake,44,57.42725717960112,3.243358121050563,25.600459225987155,5.720227742417782
rastrigin,snake,snake,45,57.42725717960112,3.243358121050563,26.525986319848148,5.576430946258342
rastrigin,snake,snake,46,57.42725717960112,3.243358121050563,27.392682248315026,5.56539597673655
rastrigin,snake,snake,47,57.42725717960112,3.243358121050563,28.16028652869993,5.664200760326465
rastrigin,snake,snake,48,57.42725717960112,3.243358121050563,28.951781943352984,5.723383738541741
rastrigin,snake,snake,49,57.42725717960112,3.243358121050563,29.82747578464398,5.624991718332018
rastrigin,log_improvement_movement_cost3,log_improvement_movement_cost3,0,93.22473391525848,20.91133125898912,0.8895631616236725,0.17635596769405007
rastrigin,log_improvement_movement_cost3,log_improvement_movement_cost3,1,93.21701042722896,20.90068611408909,1.154589172684875,0.1558622210240015
rastrigin,log_improvement_movement_cost3,log_improvement_movement_cost3,2,92.62761555747655,20.08921266997076,1.4640844179841472,0.17037478023259586
rastrigin,log_improvement_movement_cost3,log_improvement_movement_cost3,3,87.97914632783547,13.781816053220473,1.6791841192403005,0.17278511383524148
rastrigin,log_improvement_movement_cost3,log_improvement_movement_cost3,4,86.9422738025673,12.41269505183987,1.9409488284975478,0.15748513907547246
rastrigin,log_improvement_movement_cost3,log_improvement_movement_cost3,5,86.9422738025673,12.41269505183987,2.13080238961265,0.08700631724823711
rastrigin,log_improvement_movement_cost3,log_improvement_movement_cost3,6,84.8989075269399,9.79729270335461,2.3581299318278646,0.12052591318335194
rastrigin,log_improvement_movement_cost3,log_improvement_movement_cost3,7,84.8989075269399,9.79729270335461,2.578098851217,0.08652885787009848
rastrigin,log_improvement_movement_cost3,log_improvement_movement_cost3,8,84.8989075269399,9.79729270335461,2.8315639568311863,0.08063000744290304
rastrigin,log_improvement_movement_cost3,log_improvement_movement_cost3,9,84.8989075269399,9.79729270335461,3.056842471573326,0.096008643901963
rastrigin,log_improvement_movement_cost3,log_improvement_movement_cost3,10,84.8989075269399,9.79729270335461,3.266887685447949,0.14491471226631503
rastrigin,log_improvement_movement_cost3,log_improvement_movement_cost3,11,84.8989075269399,9.79729270335461,3.456385912757785,0.15132838701763837
rastrigin,log_improvement_movement_cost3,log_improvement_movement_cost3,12,84.6324303288303,9.467981367737675,3.7047116908120494,0.14326698845831715
rastrigin,log_improvement_movement_cost3,log_improvement_movement_cost3,13,74.53657207692517,7.552784646272762,3.9096912412921334,0.15139153434118266
rastrigin,log_improvement_movement_cost3,log_improvement_movement_cost3,14,74.53657207692517,7.552784646272762,4.163804733967577,0.12610312159837322
rastrigin,log_improvement_movement_cost3,log_improvement_movement_cost3,15,74.0639819720078,8.078906662244925,4.385282878656674,0.13406195530355108
rastrigin,log_improvement_movement_cost3,log_improvement_movement_cost3,16,74.0639819720078,8.078906662244925,4.559985791905919,0.10344301001227642
rastrigin,log_improvement_movement_cost3,log_improvement_movement_cost3,17,74.0639819720078,8.078906662244925,4.75025621768675,0.07608042661328931
rastrigin,log_improvement_movement_cost3,log_improvement_movement_cost3,18,74.0639819720078,8.078906662244925,4.959381734565044,0.098782381663131
rastrigin,log_improvement_movement_cost3,log_improvement_movement_cost3,19,74.0639819720078,8.078906662244925,5.149854451626345,0.13647596643292792
rastrigin,log_improvement_movement_cost3,log_improvement_movement_cost3,20,74.0639819720078,8.078906662244925,5.330482410375751,0.11508886027523599
rastrigin,log_improvement_movement_cost3,log_improvement_movement_cost3,21,74.0639819720078,8.078906662244925,5.512011384590863,0.09574947414357912
rastrigin,log_improvement_movement_cost3,log_improvement_movement_cost3,22,74.0639819720078,8.078906662244925,5.722407856258715,0.11469142155531116
rastrigin,log_improvement_movement_cost3,log_improvement_movement_cost3,23,74.0639819720078,8.078906662244925,5.882342689248109,0.15762009064361407
rastrigin,log_improvement_movement_cost3,log_improvement_movement_cost3,24,74.0639819720078,8.078906662244925,6.094571278303103,0.19867599892931437
rastrigin,log_improvement_movement_cost3,log_improvement_movement_cost3,25,74.0639819720078,8.078906662244925,6.322886057162926,0.2142714713421369
rastrigin,log_improvement_movement_cost3,log_improvement_movement_cost3,26,74.0639819720078,8.078906662244925,6.52317192908941,0.23266722014200272
rastrigin,log_improvement_movement_cost3,log_improvement_movement_cost3,27,74.0639819720078,8.078906662244925,6.704254331935862,0.22129529598616562
rastrigin,log_improvement_movement_cost3,log_improvement_movement_cost3,28,74.0639819720078,8.078906662244925,6.908072317288585,0.255337381972902
rastrigin,log_improvement_movement_cost3,log_improvement_movement_cost3,29,72.30295378011282,5.877359403623092,7.089106201855695,0.30815806969216625
rastrigin,log_improvement_movement_cost3,log_improvement_movement_cost3,30,72.30295378011282,5.877359403623092,7.305986906687625,0.30996063409190205
rastrigin,log_improvement_movement_cost3,log_improvement_movement_cost3,31,72.30295378011282,5.877359403623092,7.531454050480263,0.3105291113769278
rastrigin,log_improvement_movement_cost3,log_improvement_movement_cost3,32,72.30295378011282,5.877359403623092,7.762752167431221,0.32043360745819677
rastrigin,log_improvement_movement_cost3,log_improvement_movement_cost3,33,72.30295378011282,5.877359403623092,8.009818443640127,0.2900956430856957
rastrigin,log_improvement_movement_cost3,log_improvement_movement_cost3,34,72.30295378011282,5.877359403623092,8.219052602878424,0.28104905004629055
rastrigin,log_improvement_movement_cost3,log_improvement_movement_cost3,35,72.30295378011282,5.877359403623092,8.432846536995898,0.3305171886398497
rastrigin,log_improvement_movement_cost3,log_improvement_movement_cost3,36,72.30295378011282,5.877359403623092,8.619592793103061,0.36121596431021213
rastrigin,log_improvement_movement_cost3,log_improvement_movement_cost3,37,69.39869771357185,3.3120945124106385,8.787809073869203,0.39811153123632836
rastrigin,log_improvement_movement_cost3,log_improvement_movement_cost3,38,69.39869771357185,3.3120945124106385,8.970181883972609,0.41946514808564705
rastrigin,log_improvement_movement_cost3,log_improvement_movement_cost3,39,69.39869771357185,3.3120945124106385,9.171550270579544,0.43777919911085234
rastrigin,log_improvement_movement_cost3,log_improvement_movement_cost3,40,69.39869771357185,3.3120945124106385,9.362169269420571,0.3952449441712718
rastrigin,log_improvement_movement_cost3,log_improvement_movement_cost3,41,69.39869771357185,3.3120945124106385,9.547093941546306,0.45013421417306937
rastrigin,log_improvement_movement_cost3,log_improvement_movement_cost3,42,69.39869771357185,3.3120945124106385,9.749547935330556,0.41693140829569686
rastrigin,log_improvement_movement_cost3,log_improvement_movement_cost3,43,69.39869771357185,3.3120945124106385,9.932818780719716,0.41242247065224036
rastrigin,log_improvement_movement_cost3,log_improvement_movement_cost3,44,69.39869771357185,3.3120945124106385,10.113378963105097,0.3972883859581868
rastrigin,log_improvement_movement_cost3,log_improvement_movement_cost3,45,69.39869771357185,3.3120945124106385,10.287856914272599,0.3546355841081666
rastrigin,log_improvement_movement_cost3,log_improvement_movement_cost3,46,69.39869771357185,3.3120945124106385,10.503386243198486,0.3388530448176987
rastrigin,log_improvement_movement_cost3,log_improvement_movement_cost3,47,69.39869771357185,3.3120945124106385,10.651008849501993,0.3548468186568413
rastrigin,log_improvement_movement_cost3,log_improvement_movement_cost3,48,69.39869771357185,3.3120945124106385,10.80995595215738,0.37580238036588315
rastrigin,log_improvement_movement_cost3,log_improvement_movement_cost3,49,69.39869771357185,3.3120945124106385,11.00303345588899,0.3507385809421796
rastrigin,optimistic_selected,optimistic_improvement_movement_cost3,0,111.41062413152268,10.598269379014894,0.9070142123757922,0.16140398126163663
rastrigin,optimistic_selected,optimistic_improvement_movement_cost3,1,100.9869586706036,11.164321114051255,1.1059899502411443,0.10379827567001038
rastrigin,optimistic_selected,optimistic_improvement_movement_cost3,2,97.72094388467552,10.494035695521903,1.2902427139316466,0.19887828958864928
rastrigin,optimistic_selected,optimistic_improvement_movement_cost3,3,89.33068579878977,1.9675435335281992,1.4540143699173604,0.21729998170173095
rastrigin,optimistic_selected,optimistic_improvement_movement_cost3,4,89.33068579878977,1.9675435335281992,1.6514793835530093,0.23818972743431127
rastrigin,optimistic_selected,optimistic_improvement_movement_cost3,5,89.33068579878977,1.9675435335281992,1.9303695995736303,0.2756967289846812
rastrigin,optimistic_selected,optimistic_improvement_movement_cost3,6,85.43424035744708,7.090549618500135,2.1268306161406763,0.2801134250030412
rastrigin,optimistic_selected,optimistic_improvement_movement_cost3,7,85.43424035744708,7.090549618500135,2.3839051550282555,0.19485781576574193
rastrigin,optimistic_selected,optimistic_improvement_movement_cost3,8,85.43424035744708,7.090549618500135,2.6615773510431553,0.21063072266369023
rastrigin,optimistic_selected,optimistic_improvement_movement_cost3,9,85.43424035744708,7.090549618500135,2.8736762074767017,0.26888574211417904
rastrigin,optimistic_selected,optimistic_improvement_movement_cost3,10,84.69037193809976,6.816671741213934,3.1327621474322798,0.23244616622958786
rastrigin,optimistic_selected,optimistic_improvement_movement_cost3,11,77.59284815935588,11.01971021014347,3.4331700412685566,0.2853182639073042
rastrigin,optimistic_selected,optimistic_improvement_movement_cost3,12,69.7845626360242,4.321247501157318,3.6090881221051956,0.3425529796995468
rastrigin,optimistic_selected,optimistic_improvement_movement_cost3,13,69.7845626360242,4.321247501157318,3.838786440507542,0.2965492339835599
rastrigin,optimistic_selected,optimistic_improvement_movement_cost3,14,69.7845626360242,4.321247501157318,4.028389197471916,0.25942997916484345
rastrigin,optimistic_selected,optimistic_improvement_movement_cost3,15,69.7845626360242,4.321247501157318,4.290652863565717,0.29928399352315943
rastrigin,optimistic_selected,optimistic_improvement_movement_cost3,16,64.04581276824895,4.24117043105011,4.445904055857068,0.32485928177816603
rastrigin,optimistic_selected,optimistic_improvement_movement_cost3,17,64.04581276824895,4.24117043105011,4.606590129318128,0.2943452281784212
rastrigin,optimistic_selected,optimistic_improvement_movement_cost3,18,64.04581276824895,4.24117043105011,4.844151871693157,0.311212093132975
rastrigin,optimistic_selected,optimistic_improvement_movement_cost3,19,61.013126414243665,3.0037939548927772,5.059813739583183,0.32537641964685365
rastrigin,optimistic_selected,optimistic_improvement_movement_cost3,20,61.013126414243665,3.0037939548927772,5.236340156669769,0.33111847898262603
rastrigin,optimistic_selected,optimistic_improvement_movement_cost3,21,61.013126414243665,3.0037939548927772,5.454721704307102,0.30380741046206483
rastrigin,optimistic_selected,optimistic_improvement_movement_cost3,22,61.013126414243665,3.0037939548927772,5.653551843607256,0.2703107805884461
rastrigin,optimistic_selected,optimistic_improvement_movement_cost3,23,61.013126414243665,3.0037939548927772,5.793031085625143,0.23223778640689335
rastrigin,optimistic_selected,optimistic_improvement_movement_cost3,24,61.013126414243665,3.0037939548927772,6.017432249079391,0.19090348752413752
rastrigin,optimistic_selected,optimistic_improvement_movement_cost3,25,61.013126414243665,3.0037939548927772,6.16007838460057,0.19558497394050253
rastrigin,optimistic_selected,optimistic_improvement_movement_cost3,26,61.013126414243665,3.0037939548927772,6.349835651146523,0.24157077169174704
rastrigin,optimistic_selected,optimistic_improvement_movement_cost3,27,61.013126414243665,3.0037939548927772,6.564967718470796,0.2755784117293286
rastrigin,optimistic_selected,optimistic_improvement_movement_cost3,28,61.013126414243665,3.0037939548927772,6.805259416284506,0.2575359108129175
rastrigin,optimistic_selected,optimistic_improvement_movement_cost3,29,61.013126414243665,3.0037939548927772,6.9889128323785,0.22657107272213692
rastrigin,optimistic_selected,optimistic_improvement_movement_cost3,30,61.013126414243665,3.0037939548927772,7.2126249404043,0.30596566927666985
rastrigin,optimistic_selected,optimistic_improvement_movement_cost3,31,61.013126414243665,3.0037939548927772,7.384144624940582,0.31946548346892606
rastrigin,optimistic_selected,optimistic_improvement_movement_cost3,32,61.013126414243665,3.0037939548927772,7.542985436722397,0.3491773726017233
rastrigin,optimistic_selected,optimistic_improvement_movement_cost3,33,61.013126414243665,3.0037939548927772,7.716754057421223,0.321325491710697
rastrigin,optimistic_selected,optimistic_improvement_movement_cost3,34,59.297830473434885,4.498964396826425,7.90740932118041,0.2837260501397089
rastrigin,optimistic_selected,optimistic_improvement_movement_cost3,35,59.297830473434885,4.498964396826425,8.100277728248022,0.3142401505347542
rastrigin,optimistic_selected,optimistic_improvement_movement_cost3,36,59.297830473434885,4.498964396826425,8.3208949391701,0.3202866753350233
rastrigin,optimistic_selected,optimistic_improvement_movement_cost3,37,59.297830473434885,4.498964396826425,8.515611051198926,0.31068588452289114
rastrigin,optimistic_selected,optimistic_improvement_movement_cost3,38,59.297830473434885,4.498964396826425,8.689460684583926,0.30681285324991747
rastrigin,optimistic_selected,optimistic_improvement_movement_cost3,39,59.297830473434885,4.498964396826425,8.861925649704752,0.30932516090536716
rastrigin,optimistic_selected,optimistic_improvement_movement_cost3,40,59.297830473434885,4.498964396826425,9.093014494003137,0.3386251630495225
rastrigin,optimistic_selected,optimistic_improvement_movement_cost3,41,59.297830473434885,4.498964396826425,9.278121945026458,0.3322124838594258
rastrigin,optimistic_selected,optimistic_improvement_movement_cost3,42,59.297830473434885,4.498964396826425,9.468578431411807,0.3632864421700423
rastrigin,optimistic_selected,optimistic_improvement_movement_cost3,43,59.297830473434885,4.498964396826425,9.655950097559868,0.3884482307252551
rastrigin,optimistic_selected,optimistic_improvement_movement_cost3,44,59.297830473434885,4.498964396826425,9.782589886555618,0.4232497378196993
rastrigin,optimistic_selected,optimistic_improvement_movement_cost3,45,59.297830473434885,4.498964396826425,9.94105976170413,0.41712058432302407
rastrigin,optimistic_selected,optimistic_improvement_movement_cost3,46,59.297830473434885,4.498964396826425,10.07136372092379,0.39026762443504326
rastrigin,optimistic_selected,optimistic_improvement_movement_cost3,47,59.297830473434885,4.498964396826425,10.216351509426898,0.36823987970337424
rastrigin,optimistic_selected,optimistic_improvement_movement_cost3,48,59.297830473434885,4.498964396826425,10.429700444161737,0.34843273905681854
rastrigin,optimistic_selected,optimistic_improvement_movement_cost3,49,59.297830473434885,4.498964396826425,10.665311261045753,0.33082154989263673
rastrigin,budgeted_exploration,budgeted_exploration,0,106.19823573410402,10.928213632479304,0.8918503521492088,0.1518292212937717
rastrigin,budgeted_exploration,budgeted_exploration,1,106.19823573410402,10.928213632479304,1.1066327399048326,0.11258804640542254
rastrigin,budgeted_exploration,budgeted_exploration,2,99.57241008551534,2.2499483703991032,1.4371673924763433,0.12635612403931926
rastrigin,budgeted_exploration,budgeted_exploration,3,91.36310156633681,10.341166080686255,1.7496665260447735,0.08456303427850777
rastrigin,budgeted_exploration,budgeted_exploration,4,91.36310156633681,10.341166080686255,2.04037917945995,0.15561576737693822
rastrigin,budgeted_exploration,budgeted_exploration,5,91.36310156633681,10.341166080686255,2.3048813797844176,0.19080319920187774
rastrigin,budgeted_exploration,budgeted_exploration,6,91.36310156633681,10.341166080686255,2.65929121683103,0.19659856914816873
rastrigin,budgeted_exploration,budgeted_exploration,7,91.36310156633681,10.341166080686255,2.867524529906156,0.2422886245241784
rastrigin,budgeted_exploration,budgeted_exploration,8,89.99887816518294,9.228118893594209,3.0665483732012397,0.20675231055913257
rastrigin,budgeted_exploration,budgeted_exploration,9,89.99887816518294,9.228118893594209,3.2546671758098493,0.25170151876706126
rastrigin,budgeted_exploration,budgeted_exploration,10,89.99887816518294,9.228118893594209,3.4791680017006885,0.316979286653261
rastrigin,budgeted_exploration,budgeted_exploration,11,86.46837112802281,8.042170475259525,3.7493317431111923,0.32311667732758764
rastrigin,budgeted_exploration,budgeted_exploration,12,86.46837112802281,8.042170475259525,3.8993943933353328,0.33890304149374845
rastrigin,budgeted_exploration,budgeted_exploration,13,83.1941637095265,9.67919530038341,4.1147458310767675,0.3386554860600529
rastrigin,budgeted_exploration,budgeted_exploration,14,83.1941637095265,9.67919530038341,4.260994799811763,0.317940240959947
rastrigin,budgeted_exploration,budgeted_exploration,15,81.39681142008477,7.203737262106851,4.506883902365954,0.32211230707165744
rastrigin,budgeted_exploration,budgeted_exploration,16,81.39681142008477,7.203737262106851,4.7330010220066505,0.3835796232228462
rastrigin,budgeted_exploration,budgeted_exploration,17,80.78809190367637,7.838566517464868,5.007587061999849,0.3701657577737017
rastrigin,budgeted_exploration,budgeted_exploration,18,78.57573506240432,5.004860907420695,5.223681269685003,0.4459939821852703
rastrigin,budgeted_exploration,budgeted_exploration,19,78.57573506240432,5.004860907420695,5.364835360666653,0.45872664997183543
rastrigin,budgeted_exploration,budgeted_exploration,20,75.69722095113669,2.6464642393747555,5.599340701886038,0.4342922115630732
rastrigin,budgeted_exploration,budgeted_exploration,21,75.69722095113669,2.6464642393747555,5.811315370020353,0.4743779318681819
rastrigin,budgeted_exploration,budgeted_exploration,22,74.03867113315528,3.4141662850774206,6.0190880525652135,0.44259247757846326
rastrigin,budgeted_exploration,budgeted_exploration,23,74.03867113315528,3.4141662850774206,6.177032618808828,0.44388691101152156
rastrigin,budgeted_exploration,budgeted_exploration,24,74.03867113315528,3.4141662850774206,6.40590550978391,0.3882803111459842
rastrigin,budgeted_exploration,budgeted_exploration,25,72.97219737033564,4.523346216437847,6.5858315093896564,0.34183747321407
rastrigin,budgeted_exploration,budgeted_exploration,26,72.97219737033564,4.523346216437847,6.8002571919544,0.34755012858432943
rastrigin,budgeted_exploration,budgeted_exploration,27,72.97219737033564,4.523346216437847,6.98867149436563,0.3743133170402325
rastrigin,budgeted_exploration,budgeted_exploration,28,72.97219737033564,4.523346216437847,7.14522316633406,0.37088504685360696
rastrigin,budgeted_exploration,budgeted_exploration,29,72.97219737033564,4.523346216437847,7.313708445028918,0.36496946579388034
rastrigin,budgeted_exploration,budgeted_exploration,30,72.97219737033564,4.523346216437847,7.487290265841445,0.36256567438319753
rastrigin,budgeted_exploration,budgeted_exploration,31,72.97219737033564,4.523346216437847,7.702902308016461,0.36671532681457014
rastrigin,budgeted_exploration,budgeted_exploration,32,69.8275181338995,1.8886720633388097,7.928532760898759,0.39697388535662836
rastrigin,budgeted_exploration,budgeted_exploration,33,69.8275181338995,1.8886720633388097,8.133747450563137,0.30362682071431907
rastrigin,budgeted_exploration,budgeted_exploration,34,69.8275181338995,1.8886720633388097,8.370036785491259,0.3058439528354217
rastrigin,budgeted_exploration,budgeted_exploration,35,69.8275181338995,1.8886720633388097,8.574905329621624,0.2992149603066826
rastrigin,budgeted_exploration,budgeted_exploration,36,69.8275181338995,1.8886720633388097,8.77108611121435,0.2786742711652586
rastrigin,budgeted_exploration,budgeted_exploration,37,69.8275181338995,1.8886720633388097,8.976852313614387,0.22892089049375972
rastrigin,budgeted_exploration,budgeted_exploration,38,67.30884808772137,4.308678818151507,9.170013888395324,0.19421960111248382
rastrigin,budgeted_exploration,budgeted_exploration,39,67.30884808772137,4.308678818151507,9.334225040661325,0.18739983649262903
rastrigin,budgeted_exploration,budgeted_exploration,40,63.689511552503795,2.894265622274532,9.50363686853595,0.2049350038487674
rastrigin,budgeted_exploration,budgeted_exploration,41,63.689511552503795,2.894265622274532,9.702786204846793,0.19575510257674758
rastrigin,budgeted_exploration,budgeted_exploration,42,63.689511552503795,2.894265622274532,9.916747783808203,0.2818312901575459
rastrigin,budgeted_exploration,budgeted_exploration,43,63.689511552503795,2.894265622274532,10.131484222048288,0.2759677906782607
rastrigin,budgeted_exploration,budgeted_exploration,44,63.689511552503795,2.894265622274532,10.283053495273421,0.28088800253674007
rastrigin,budgeted_exploration,budgeted_exploration,45,63.689511552503795,2.894265622274532,10.475961616650636,0.29409966062258786
rastrigin,budgeted_exploration,budgeted_exploration,46,63.689511552503795,2.894265622274532,10.639105085173789,0.32584812867719404
rastrigin,budgeted_exploration,budgeted_exploration,47,63.689511552503795,2.894265622274532,10.797653505173473,0.3092411007656351
rastrigin,budgeted_exploration,budgeted_exploration,48,63.689511552503795,2.894265622274532,10.958085411026914,0.2645574933658528
rastrigin,budgeted_exploration,budgeted_exploration,49,63.689511552503795,2.894265622274532,11.175475140984389,0.2181564664186316
rastrigin,lookahead_budgeted_exploration,lookahead_budgeted_exploration,0,101.5896574581521,21.434668380388104,0.9355107837055053,0.14302543647371735
rastrigin,lookahead_budgeted_exploration,lookahead_budgeted_exploration,1,89.48107004787884,4.354097040350382,1.1656517450828898,0.19170385194146394
rastrigin,lookahead_budgeted_exploration,lookahead_budgeted_exploration,2,89.48107004787884,4.354097040350382,1.4451434782271007,0.2043043120241444
rastrigin,lookahead_budgeted_exploration,lookahead_budgeted_exploration,3,89.48107004787884,4.354097040350382,1.660463161900461,0.2503096889684576
rastrigin,lookahead_budgeted_exploration,lookahead_budgeted_exploration,4,87.91968979775618,5.9963516933045184,1.9180602157413371,0.2654113913229187
rastrigin,lookahead_budgeted_exploration,lookahead_budgeted_exploration,5,87.91968979775618,5.9963516933045184,2.136525354463899,0.2896945972711061
rastrigin,lookahead_budgeted_exploration,lookahead_budgeted_exploration,6,87.91968979775618,5.9963516933045184,2.432472925709409,0.34130960979298347
rastrigin,lookahead_budgeted_exploration,lookahead_budgeted_exploration,7,87.91968979775618,5.9963516933045184,2.675709863852875,0.30786844928711127
rastrigin,lookahead_budgeted_exploration,lookahead_budgeted_exploration,8,87.91968979775618,5.9963516933045184,2.8380789887024958,0.3130594002581134
rastrigin,lookahead_budgeted_exploration,lookahead_budgeted_exploration,9,87.91968979775618,5.9963516933045184,3.1298371872283943,0.3346497916281898
rastrigin,lookahead_budgeted_exploration,lookahead_budgeted_exploration,10,80.48369542656776,4.277641523283795,3.340599689238667,0.3284671818480203
rastrigin,lookahead_budgeted_exploration,lookahead_budgeted_exploration,11,80.48369542656776,4.277641523283795,3.4958143674981823,0.2988539335088185
rastrigin,lookahead_budgeted_exploration,lookahead_budgeted_exploration,12,80.48369542656776,4.277641523283795,3.722555191692665,0.28145953125305084
rastrigin,lookahead_budgeted_exploration,lookahead_budgeted_exploration,13,80.48369542656776,4.277641523283795,3.9354466005756783,0.31032254293753136
rastrigin,lookahead_budgeted_exploration,lookahead_budgeted_exploration,14,77.24327136022649,6.041815035935228,4.213712249077196,0.3150375026265082
rastrigin,lookahead_budgeted_exploration,lookahead_budgeted_exploration,15,77.24327136022649,6.041815035935228,4.431651686241406,0.38420978389425475
rastrigin,lookahead_budgeted_exploration,lookahead_budgeted_exploration,16,77.24327136022649,6.041815035935228,4.686914226672106,0.3961995990279945
rastrigin,lookahead_budgeted_exploration,lookahead_budgeted_exploration,17,72.43540008040976,1.8440792720705017,4.860720576612362,0.4324639470317853
rastrigin,lookahead_budgeted_exploration,lookahead_budgeted_exploration,18,72.43540008040976,1.8440792720705017,5.04251524904078,0.3997013117139817
rastrigin,lookahead_budgeted_exploration,lookahead_budgeted_exploration,19,72.43540008040976,1.8440792720705017,5.268413938657589,0.40935010185497067
rastrigin,lookahead_budgeted_exploration,lookahead_budgeted_exploration,20,71.28303161882162,0.21957459418205266,5.485409392810763,0.4722774458892059
rastrigin,lookahead_budgeted_exploration,lookahead_budgeted_exploration,21,71.28303161882162,0.21957459418205266,5.64986415395889,0.5341192907321604
rastrigin,lookahead_budgeted_exploration,lookahead_budgeted_exploration,22,71.28303161882162,0.21957459418205266,5.855369805958454,0.5885222588050063
rastrigin,lookahead_budgeted_exploration,lookahead_budgeted_exploration,23,71.28303161882162,0.21957459418205266,6.103346220212695,0.5997200565193851
rastrigin,lookahead_budgeted_exploration,lookahead_budgeted_exploration,24,71.28303161882162,0.21957459418205266,6.264011164980249,0.585884762687981
rastrigin,lookahead_budgeted_exploration,lookahead_budgeted_exploration,25,71.28303161882162,0.21957459418205266,6.505465348358929,0.562843642969742
rastrigin,lookahead_budgeted_exploration,lookahead_budgeted_exploration,26,71.28303161882162,0.21957459418205266,6.71695095107883,0.5954994473320663
rastrigin,lookahead_budgeted_exploration,lookahead_budgeted_exploration,27,71.28303161882162,0.21957459418205266,6.906700570466548,0.5756072529818517
rastrigin,lookahead_budgeted_exploration,lookahead_budgeted_exploration,28,71.28303161882162,0.21957459418205266,7.071650125600994,0.5585111726321362
rastrigin,lookahead_budgeted_exploration,lookahead_budgeted_exploration,29,71.28303161882162,0.21957459418205266,7.2518878189432465,0.539906508107471
rastrigin,lookahead_budgeted_exploration,lookahead_budgeted_exploration,30,71.28303161882162,0.21957459418205266,7.437269706990665,0.5492769249158709
rastrigin,lookahead_budgeted_exploration,lookahead_budgeted_exploration,31,71.28303161882162,0.21957459418205266,7.639455232886166,0.564641618602683
rastrigin,lookahead_budgeted_exploration,lookahead_budgeted_exploration,32,68.71638403634346,3.698900495648628,7.823722717082883,0.6235957912587918
rastrigin,lookahead_budgeted_exploration,lookahead_budgeted_exploration,33,68.71638403634346,3.698900495648628,7.99810924876999,0.6275256341218559
rastrigin,lookahead_budgeted_exploration,lookahead_budgeted_exploration,34,68.71638403634346,3.698900495648628,8.17853535821622,0.6364222684895459
rastrigin,lookahead_budgeted_exploration,lookahead_budgeted_exploration,35,68.71638403634346,3.698900495648628,8.41237168642599,0.6758171740674532
rastrigin,lookahead_budgeted_exploration,lookahead_budgeted_exploration,36,68.71638403634346,3.698900495648628,8.64945185007197,0.6827012791999519
rastrigin,lookahead_budgeted_exploration,lookahead_budgeted_exploration,37,68.71638403634346,3.698900495648628,8.846813719708273,0.6214283149504726
rastrigin,lookahead_budgeted_exploration,lookahead_budgeted_exploration,38,68.71638403634346,3.698900495648628,9.047594178158386,0.6640220784420033
rastrigin,lookahead_budgeted_exploration,lookahead_budgeted_exploration,39,64.93601823927857,4.946550708714962,9.23476372755031,0.7082084282296416
rastrigin,lookahead_budgeted_exploration,lookahead_budgeted_exploration,40,64.93601823927857,4.946550708714962,9.425478298455266,0.6679986015190432
rastrigin,lookahead_budgeted_exploration,lookahead_budgeted_exploration,41,64.93601823927857,4.946550708714962,9.576590004384913,0.6800057413395534
rastrigin,lookahead_budgeted_exploration,lookahead_budgeted_exploration,42,61.19015880511529,9.567694063277765,9.772035938352493,0.6976863670217598
rastrigin,lookahead_budgeted_exploration,lookahead_budgeted_exploration,43,61.19015880511529,9.567694063277765,9.888992563942391,0.6879551097775795
rastrigin,lookahead_budgeted_exploration,lookahead_budgeted_exploration,44,61.19015880511529,9.567694063277765,10.039176938982171,0.6691729747783474
rastrigin,lookahead_budgeted_exploration,lookahead_budgeted_exploration,45,61.19015880511529,9.567694063277765,10.177874618494892,0.6700712113224021
rastrigin,lookahead_budgeted_exploration,lookahead_budgeted_exploration,46,61.19015880511529,9.567694063277765,10.327763914832486,0.7078537543954396
rastrigin,lookahead_budgeted_exploration,lookahead_budgeted_exploration,47,61.19015880511529,9.567694063277765,10.539127609929677,0.6931808007256111
rastrigin,lookahead_budgeted_exploration,lookahead_budgeted_exploration,48,61.19015880511529,9.567694063277765,10.729363271881176,0.6402595071671523
rastrigin,lookahead_budgeted_exploration,lookahead_budgeted_exploration,49,61.19015880511529,9.567694063277765,10.915273268803324,0.610552445993709
schwefel,pure_bo,pure_bo,0,2835.830852012299,43.90349900139746,1.3026631688055004,0.1991271461369949
schwefel,pure_bo,pure_bo,1,2835.830852012299,43.90349900139746,2.3547154211355017,0.1836446039792755
schwefel,pure_bo,pure_bo,2,2835.830852012299,43.90349900139746,3.730242025358466,0.5838704115256752
schwefel,pure_bo,pure_bo,3,2835.830852012299,43.90349900139746,4.749968362090368,0.8199183687570943
schwefel,pure_bo,pure_bo,4,2835.830852012299,43.90349900139746,6.031225455332013,0.6977556136006833
schwefel,pure_bo,pure_bo,5,2835.830852012299,43.90349900139746,7.366699407934512,0.905837852255695
schwefel,pure_bo,pure_bo,6,2835.830852012299,43.90349900139746,8.572930868511678,0.8849943991872821
schwefel,pure_bo,pure_bo,7,2835.830852012299,43.90349900139746,9.755603619822391,0.8794137254793328
schwefel,pure_bo,pure_bo,8,2835.830852012299,43.90349900139746,10.874282129393336,0.8133544544690946
schwefel,pure_bo,pure_bo,9,2835.830852012299,43.90349900139746,12.139918193972719,0.9633376189056264
schwefel,pure_bo,pure_bo,10,2835.830852012299,43.90349900139746,13.70632079577044,1.0234368546789854
schwefel,pure_bo,pure_bo,11,2835.830852012299,43.90349900139746,14.704298321139971,0.9313590334263044
schwefel,pure_bo,pure_bo,12,2835.830852012299,43.90349900139746,15.745983700982698,0.9425959105146996
schwefel,pure_bo,pure_bo,13,2835.830852012299,43.90349900139746,17.069809765533424,0.7405107629012847
schwefel,pure_bo,pure_bo,14,2835.830852012299,43.90349900139746,18.525292237646184,0.5330018805315913
schwefel,pure_bo,pure_bo,15,2835.830852012299,43.90349900139746,19.6522153156617,0.5940373176498815
schwefel,pure_bo,pure_bo,16,2835.830852012299,43.90349900139746,20.68208983711371,0.46061910310875803
schwefel,pure_bo,pure_bo,17,2835.830852012299,43.90349900139746,21.728527366886592,0.6104686809369063
schwefel,pure_bo,pure_bo,18,2835.830852012299,43.90349900139746,22.982155226732306,0.6383297273020352
schwefel,pure_bo,pure_bo,19,2835.830852012299,43.90349900139746,24.147458004848563,0.5901240796446122
schwefel,pure_bo,pure_bo,20,2835.830852012299,43.90349900139746,25.3791661092918,0.6018856440222368
schwefel,pure_bo,pure_bo,21,2835.830852012299,43.90349900139746,26.462070644660304,0.7319879921415303
schwefel,pure_bo,pure_bo,22,2835.830852012299,43.90349900139746,27.717408138339025,0.5950954619733085
schwefel,pure_bo,pure_bo,23,2835.830852012299,43.90349900139746,29.2604662665438,0.5910680891959956
schwefel,pure_bo,pure_bo,24,2835.830852012299,43.90349900139746,30.406400722220734,0.7182079968240215
schwefel,pure_bo,pure_bo,25,2835.830852012299,43.90349900139746,31.75473059402628,0.4799171442181159
schwefel,pure_bo,pure_bo,26,2835.830852012299,43.90349900139746,33.14633893497969,0.41991246640176577
schwefel,pure_bo,pure_bo,27,2835.830852012299,43.90349900139746,34.53024887428127,0.34301884997281723
schwefel,pure_bo,pure_bo,28,2835.830852012299,43.90349900139746,35.83399965043585,0.3849299673307687
schwefel,pure_bo,pure_bo,29,2835.830852012299,43.90349900139746,37.03163193395767,0.45019501920584304
schwefel,pure_bo,pure_bo,30,2835.830852012299,43.90349900139746,38.413920787910804,0.4969185454222563
schwefel,pure_bo,pure_bo,31,2835.830852012299,43.90349900139746,39.811585122113634,0.5665640016244031
schwefel,pure_bo,pure_bo,32,2835.830852012299,43.90349900139746,41.22255303664469,0.8572015693904952
schwefel,pure_bo,pure_bo,33,2835.830852012299,43.90349900139746,42.39641318211874,0.8621131793942289
schwefel,pure_bo,pure_bo,34,2835.830852012299,43.90349900139746,43.71743656798473,0.8615640484080774
schwefel,pure_bo,pure_bo,35,2835.830852012299,43.90349900139746,45.05560653135583,0.7264939241845912
schwefel,pure_bo,pure_bo,36,2835.830852012299,43.90349900139746,46.166483499006155,0.7331819708791655
schwefel,pure_bo,pure_bo,37,2835.830852012299,43.90349900139746,47.444727597710944,0.4821472023614258
schwefel,pure_bo,pure_bo,38,2835.830852012299,43.90349900139746,49.26339709723792,0.7528603006513311
schwefel,pure_bo,pure_bo,39,2835.830852012299,43.90349900139746,50.8049405617842,1.0647408424921143
schwefel,pure_bo,pure_bo,40,2808.730010675852,47.90051324458297,52.42432205790203,1.0235367541153202
schwefel,pure_bo,pure_bo,41,2808.730010675852,47.90051324458297,53.61424045002402,1.1547040105498279
schwefel,pure_bo,pure_bo,42,2808.730010675852,47.90051324458297,54.95448671222518,1.1774438139637609
schwefel,pure_bo,pure_bo,43,2808.730010675852,47.90051324458297,56.23227605062789,1.0569414751248027
schwefel,pure_bo,pure_bo,44,2808.730010675852,47.90051324458297,57.51518585828466,1.1099527919520016
schwefel,pure_bo,pure_bo,45,2808.730010675852,47.90051324458297,58.70206779773815,1.1657956339273914
schwefel,pure_bo,pure_bo,46,2808.730010675852,47.90051324458297,59.87751194901441,1.0302932049559492
schwefel,pure_bo,pure_bo,47,2808.730010675852,47.90051324458297,61.01898131579421,1.1952729786725493
schwefel,pure_bo,pure_bo,48,2808.730010675852,47.90051324458297,62.113641926471836,1.4227702036505705
schwefel,pure_bo,pure_bo,49,2801.960074274739,38.32637736972513,63.481609140072585,1.3794980917218684
schwefel,earlbo,earlbo,0,2835.830852012299,43.90349900139754,1.647277336206243,0.16226947666836727
schwefel,earlbo,earlbo,1,2835.830852012299,43.90349900139754,3.5180821433958123,0.25996079141618667
schwefel,earlbo,earlbo,2,2835.830852012299,43.90349900139754,5.0674995182602,0.3063371594011444
schwefel,earlbo,earlbo,3,2835.830852012299,43.90349900139754,7.279385574031461,0.8085800645674356
schwefel,earlbo,earlbo,4,2835.830852012299,43.90349900139754,9.065889313249212,0.9049093246790122
schwefel,earlbo,earlbo,5,2835.830852012299,43.90349900139754,10.034831810091651,0.7271304142165145
schwefel,earlbo,earlbo,6,2835.830852012299,43.90349900139754,11.267893310775378,0.9026609255157546
schwefel,earlbo,earlbo,7,2835.830852012299,43.90349900139754,12.704778761061794,1.388067264596106
schwefel,earlbo,earlbo,8,2835.830852012299,43.90349900139754,14.078507987825333,1.6668144648139165
schwefel,earlbo,earlbo,9,2835.830852012299,43.90349900139754,15.37446556052574,2.1569304810030507
schwefel,earlbo,earlbo,10,2835.830852012299,43.90349900139754,16.47668536230252,2.203615352341838
schwefel,earlbo,earlbo,11,2835.830852012299,43.90349900139754,17.95846795047626,2.321356494219978
schwefel,earlbo,earlbo,12,2835.830852012299,43.90349900139754,19.103300451163406,2.4116892960232645
schwefel,earlbo,earlbo,13,2835.830852012299,43.90349900139754,20.39394106352834,1.898602485094007
schwefel,earlbo,earlbo,14,2835.830852012299,43.90349900139754,21.800566192330734,1.129533183541995
schwefel,earlbo,earlbo,15,2835.830852012299,43.90349900139754,23.188543933639163,0.4276725435624238
schwefel,earlbo,earlbo,16,2835.830852012299,43.90349900139754,24.385329247217616,0.38287347069853855
schwefel,earlbo,earlbo,17,2835.830852012299,43.90349900139754,25.31720383870692,0.2783086272734081
schwefel,earlbo,earlbo,18,2835.830852012299,43.90349900139754,26.173652302496958,0.30160822319867353
schwefel,earlbo,earlbo,19,2835.830852012299,43.90349900139754,27.66930985946394,0.05322966838667008
schwefel,earlbo,earlbo,20,2835.830852012299,43.90349900139754,28.76677718023451,0.2840007275416752
schwefel,earlbo,earlbo,21,2835.830852012299,43.90349900139754,30.053216747130065,0.7830687154249025
schwefel,earlbo,earlbo,22,2835.830852012299,43.90349900139754,31.44837075257909,1.135568941354678
schwefel,earlbo,earlbo,23,2835.830852012299,43.90349900139754,33.117821739263825,0.9389525161640887
schwefel,earlbo,earlbo,24,2835.830852012299,43.90349900139754,34.786456962295375,1.0463036190619015
schwefel,earlbo,earlbo,25,2835.830852012299,43.90349900139754,35.68807905968558,1.366591020654483
schwefel,earlbo,earlbo,26,2835.830852012299,43.90349900139754,37.15440687235235,1.6661907844465402
schwefel,earlbo,earlbo,27,2835.830852012299,43.90349900139754,39.002402241379635,1.7832456326511779
schwefel,earlbo,earlbo,28,2835.830852012299,43.90349900139754,39.98526043123294,1.553157303444599
schwefel,earlbo,earlbo,29,2835.830852012299,43.90349900139754,41.44058215098844,1.3851553991679402
schwefel,earlbo,earlbo,30,2835.830852012299,43.90349900139754,43.19347204314007,0.8826474448243842
schwefel,earlbo,earlbo,31,2835.830852012299,43.90349900139754,44.63287590366151,0.6365096093610294
schwefel,earlbo,earlbo,32,2835.830852012299,43.90349900139754,45.61672988492125,0.6755458598062359
schwefel,earlbo,earlbo,33,2835.830852012299,43.90349900139754,46.996123924554354,0.9916982290469596
schwefel,earlbo,earlbo,34,2835.830852012299,43.90349900139754,48.44057832169474,0.5742721099260063
schwefel,earlbo,earlbo,35,2835.830852012299,43.90349900139754,49.76349939628397,0.4941786154968264
schwefel,earlbo,earlbo,36,2835.830852012299,43.90349900139754,51.197714791571116,0.4427893786658142
schwefel,earlbo,earlbo,37,2835.830852012299,43.90349900139754,52.71422649386526,0.5795713858886464
schwefel,earlbo,earlbo,38,2835.830852012299,43.90349900139754,53.91379329483717,0.7399694344270056
schwefel,earlbo,earlbo,39,2835.830852012299,43.90349900139754,55.03423444428697,1.0932838776585758
schwefel,earlbo,earlbo,40,2835.830852012299,43.90349900139754,56.043159053397666,1.576947060602668
schwefel,earlbo,earlbo,41,2835.830852012299,43.90349900139754,57.22670470173947,1.9737843469116985
schwefel,earlbo,earlbo,42,2835.830852012299,43.90349900139754,58.072567562296655,2.0432390965308214
schwefel,earlbo,earlbo,43,2814.6235126405554,73.57384961055632,59.414161651265026,2.0740615881236937
schwefel,earlbo,earlbo,44,2784.8552989072778,59.18777147761445,60.363063908063204,2.030273025851561
schwefel,earlbo,earlbo,45,2784.8552989072778,59.18777147761445,61.12429685067494,1.9927978373678708
schwefel,earlbo,earlbo,46,2784.8552989072778,59.18777147761445,61.95552793269507,1.9418531946590354
schwefel,earlbo,earlbo,47,2784.8552989072778,59.18777147761445,63.13843032013076,1.8917358514656595
schwefel,earlbo,earlbo,48,2784.8552989072778,59.18777147761445,64.7440978637391,1.9193712781460486
schwefel,earlbo,earlbo,49,2784.8552989072778,59.18777147761445,66.79412730157568,2.202224952391637
schwefel,snake,snake,0,2835.830852012299,43.90349900139754,1.1490120498169685,0.2175903759133438
schwefel,snake,snake,1,2835.830852012299,43.90349900139754,2.024848590200628,0.5083476408716807
schwefel,snake,snake,2,2831.704465206665,42.35309911873746,3.2564706340796037,0.9819393547315266
schwefel,snake,snake,3,2831.704465206665,42.35309911873746,4.165036595871538,0.971790407933994
schwefel,snake,snake,4,2831.704465206665,42.35309911873746,5.059062008580473,1.2050050098981908
schwefel,snake,snake,5,2831.704465206665,42.35309911873746,5.776932907730898,1.315336960701517
schwefel,snake,snake,6,2831.704465206665,42.35309911873746,6.770836901873152,1.2990839092704503
schwefel,snake,snake,7,2831.704465206665,42.35309911873746,7.8804960489999845,1.369080106936562
schwefel,snake,snake,8,2831.704465206665,42.35309911873746,8.824029183284573,1.5310368372499943
schwefel,snake,snake,9,2756.483570819433,106.26897585065096,9.80121594964047,1.491202080732885
schwefel,snake,snake,10,2756.483570819433,106.26897585065096,10.828522886880465,1.2934271299304108
schwefel,snake,snake,11,2739.0661522893242,129.3046929820901,11.932322265797021,1.3257591774556319
schwefel,snake,snake,12,2739.0661522893242,129.3046929820901,12.702930195653478,1.4144479738087934
schwefel,snake,snake,13,2739.0661522893242,129.3046929820901,13.651485461244633,1.72762459466648
schwefel,snake,snake,14,2739.0661522893242,129.3046929820901,14.423677333796775,1.7837657473998136
schwefel,snake,snake,15,2739.0661522893242,129.3046929820901,15.272396057792681,1.6543199991014277
schwefel,snake,snake,16,2739.0661522893242,129.3046929820901,16.216778061177735,1.6617883986356807
schwefel,snake,snake,17,2739.0661522893242,129.3046929820901,17.01726808977046,1.550814847537129
schwefel,snake,snake,18,2739.0661522893242,129.3046929820901,17.89015042966542,1.6393202645294385
schwefel,snake,snake,19,2739.0661522893242,129.3046929820901,18.786494986790064,2.0745156976099492
schwefel,snake,snake,20,2739.0661522893242,129.3046929820901,19.739198570751647,2.1292433675648654
schwefel,snake,snake,21,2739.0661522893242,129.3046929820901,21.030883698731014,1.7770886190126824
schwefel,snake,snake,22,2739.0661522893242,129.3046929820901,22.44443694207651,1.777840912667717
schwefel,snake,snake,23,2633.08639890254,275.48899679194875,23.199877871041565,1.8790187734251367
schwefel,snake,snake,24,2633.08639890254,275.48899679194875,24.027781457979575,1.900846730779226
schwefel,snake,snake,25,2633.08639890254,275.48899679194875,25.30115294564043,2.0997747811128376
schwefel,snake,snake,26,2633.08639890254,275.48899679194875,26.42261790295718,2.503927025689203
schwefel,snake,snake,27,2633.08639890254,275.48899679194875,27.24584476744239,2.7022608658298637
schwefel,snake,snake,28,2633.08639890254,275.48899679194875,28.485035748288283,2.274668435596352
schwefel,snake,snake,29,2633.08639890254,275.48899679194875,29.708314351237963,1.7295099561802756
schwefel,snake,snake,30,2633.08639890254,275.48899679194875,31.09330222604228,1.5001548877078517
schwefel,snake,snake,31,2633.08639890254,275.48899679194875,32.20803770236413,1.4840542466895175
schwefel,snake,snake,32,2633.08639890254,275.48899679194875,33.062023520396664,1.60985896641829
schwefel,snake,snake,33,2633.08639890254,275.48899679194875,34.14809315739785,1.1546079784058074
schwefel,snake,snake,34,2633.08639890254,275.48899679194875,35.3160577867821,0.7342341606236146
schwefel,snake,snake,35,2633.08639890254,275.48899679194875,36.24360160641156,0.6345555357418791
schwefel,snake,snake,36,2633.08639890254,275.48899679194875,36.95669315649696,0.6068119796726549
schwefel,snake,snake,37,2633.08639890254,275.48899679194875,37.76392597731567,0.6728222236745799
schwefel,snake,snake,38,2633.08639890254,275.48899679194875,38.69968834453477,1.0212123837725795
schwefel,snake,snake,39,2633.08639890254,275.48899679194875,39.829144123216544,1.6143476834458184
schwefel,snake,snake,40,2633.08639890254,275.48899679194875,40.912213389887285,1.5250128114083312
schwefel,snake,snake,41,2633.08639890254,275.48899679194875,42.09078662789229,1.9104878725290928
schwefel,snake,snake,42,2633.08639890254,275.48899679194875,43.29515998351746,2.36843376172424
schwefel,snake,snake,43,2633.08639890254,275.48899679194875,44.262069497737635,2.4049936817922406
schwefel,snake,snake,44,2633.08639890254,275.48899679194875,44.92627543358642,2.4907777866936778
schwefel,snake,snake,45,2633.08639890254,275.48899679194875,45.92974759619443,2.608231097401275
schwefel,snake,snake,46,2633.08639890254,275.48899679194875,47.507702021964036,2.606465577842359
schwefel,snake,snake,47,2633.08639890254,275.48899679194875,48.59875623085339,2.5373255670227897
schwefel,snake,snake,48,2633.08639890254,275.48899679194875,49.4894922407938,2.349657946537704
schwefel,snake,snake,49,2633.08639890254,275.48899679194875,50.28177987858279,2.2930658667168586
schwefel,log_improvement_movement_cost3,log_improvement_movement_cost3,0,2835.830852012299,43.90349900139754,1.5613903550819324,0.18275361440319277
schwefel,log_improvement_movement_cost3,log_improvement_movement_cost3,1,2835.830852012299,43.90349900139754,3.4530947254561184,0.4830030817961279
schwefel,log_improvement_movement_cost3,log_improvement_movement_cost3,2,2835.830852012299,43.90349900139754,4.863233803280096,0.36954352211200964
schwefel,log_improvement_movement_cost3,log_improvement_movement_cost3,3,2835.830852012299,43.90349900139754,5.946859400134987,0.5150849453010766
schwefel,log_improvement_movement_cost3,log_improvement_movement_cost3,4,2835.830852012299,43.90349900139754,6.941755053104084,0.73827569035519
schwefel,log_improvement_movement_cost3,log_improvement_movement_cost3,5,2835.830852012299,43.90349900139754,7.546630540560723,0.7279382954088781
schwefel,log_improvement_movement_cost3,log_improvement_movement_cost3,6,2835.830852012299,43.90349900139754,8.337411930700815,0.6722982740851245
schwefel,log_improvement_movement_cost3,log_improvement_movement_cost3,7,2835.830852012299,43.90349900139754,9.215446516609433,0.7735765546357632
schwefel,log_improvement_movement_cost3,log_improvement_movement_cost3,8,2835.830852012299,43.90349900139754,10.726611851113034,0.9728209068482095
schwefel,log_improvement_movement_cost3,log_improvement_movement_cost3,9,2835.830852012299,43.90349900139754,11.812999718098842,0.5826285454866509
schwefel,log_improvement_movement_cost3,log_improvement_movement_cost3,10,2835.830852012299,43.90349900139754,12.953452613784357,0.5523828825370439
schwefel,log_improvement_movement_cost3,log_improvement_movement_cost3,11,2835.830852012299,43.90349900139754,14.58838412997745,1.0694288112488655
schwefel,log_improvement_movement_cost3,log_improvement_movement_cost3,12,2835.830852012299,43.90349900139754,16.12920794496436,0.7316693224090586
schwefel,log_improvement_movement_cost3,log_improvement_movement_cost3,13,2835.830852012299,43.90349900139754,17.485200538382028,0.9941702073104769
schwefel,log_improvement_movement_cost3,log_improvement_movement_cost3,14,2835.830852012299,43.90349900139754,18.65115302586771,1.3032653622203114
schwefel,log_improvement_movement_cost3,log_improvement_movement_cost3,15,2835.830852012299,43.90349900139754,20.301008156387816,1.2000788220730894
schwefel,log_improvement_movement_cost3,log_improvement_movement_cost3,16,2835.830852012299,43.90349900139754,22.2099766823641,1.2113972189026299
schwefel,log_improvement_movement_cost3,log_improvement_movement_cost3,17,2835.830852012299,43.90349900139754,23.463688056887133,1.4407027740526157
schwefel,log_improvement_movement_cost3,log_improvement_movement_cost3,18,2835.830852012299,43.90349900139754,24.410060562703865,1.4813316002408896
schwefel,log_improvement_movement_cost3,log_improvement_movement_cost3,19,2835.830852012299,43.90349900139754,24.99566639368778,1.620263742857293
schwefel,log_improvement_movement_cost3,log_improvement_movement_cost3,20,2835.830852012299,43.90349900139754,25.848216331279264,1.813048354666767
schwefel,log_improvement_movement_cost3,log_improvement_movement_cost3,21,2835.830852012299,43.90349900139754,26.974462279533142,1.9664358936784574
schwefel,log_improvement_movement_cost3,log_improvement_movement_cost3,22,2835.830852012299,43.90349900139754,28.557518831599165,2.1619514763895094
schwefel,log_improvement_movement_cost3,log_improvement_movement_cost3,23,2835.830852012299,43.90349900139754,29.813226432904354,2.201889501372185
schwefel,log_improvement_movement_cost3,log_improvement_movement_cost3,24,2835.830852012299,43.90349900139754,30.964816955516785,2.0876313323029883
schwefel,log_improvement_movement_cost3,log_improvement_movement_cost3,25,2835.830852012299,43.90349900139754,32.2328911440568,2.3404364303653415
schwefel,log_improvement_movement_cost3,log_improvement_movement_cost3,26,2835.830852012299,43.90349900139754,33.52829049896715,2.723240605718856
schwefel,log_improvement_movement_cost3,log_improvement_movement_cost3,27,2835.830852012299,43.90349900139754,34.99495276053449,3.2789933274877936
schwefel,log_improvement_movement_cost3,log_improvement_movement_cost3,28,2835.830852012299,43.90349900139754,36.0135399931494,3.5114748295550293
schwefel,log_improvement_movement_cost3,log_improvement_movement_cost3,29,2835.830852012299,43.90349900139754,37.103596740372126,3.1187246381590903
schwefel,log_improvement_movement_cost3,log_improvement_movement_cost3,30,2835.830852012299,43.90349900139754,38.996026322106374,3.337748328245018
schwefel,log_improvement_movement_cost3,log_improvement_movement_cost3,31,2835.830852012299,43.90349900139754,40.870549825174315,3.42075608515342
schwefel,log_improvement_movement_cost3,log_improvement_movement_cost3,32,2801.599149330586,53.658300155251,42.988689845461884,3.5226736803404397
schwefel,log_improvement_movement_cost3,log_improvement_movement_cost3,33,2574.7098432323046,268.06944291081066,44.99089538492192,3.9332116949499656
schwefel,log_improvement_movement_cost3,log_improvement_movement_cost3,34,2574.7098432323046,268.06944291081066,46.72796322059554,4.3149168637175705
schwefel,log_improvement_movement_cost3,log_improvement_movement_cost3,35,2574.7098432323046,268.06944291081066,48.48313914918828,4.2976890693300005
schwefel,log_improvement_movement_cost3,log_improvement_movement_cost3,36,2574.7098432323046,268.06944291081066,49.97906097946353,4.6267733247443905
schwefel,log_improvement_movement_cost3,log_improvement_movement_cost3,37,2574.7098432323046,268.06944291081066,51.4668194362823,5.04686505569984
schwefel,log_improvement_movement_cost3,log_improvement_movement_cost3,38,2574.7098432323046,268.06944291081066,52.92262017229289,5.19133891529409
schwefel,log_improvement_movement_cost3,log_improvement_movement_cost3,39,2574.7098432323046,268.06944291081066,54.640640201859554,5.347991768902569
schwefel,log_improvement_movement_cost3,log_improvement_movement_cost3,40,2574.7098432323046,268.06944291081066,56.29770958240753,5.554987791177183
schwefel,log_improvement_movement_cost3,log_improvement_movement_cost3,41,2574.7098432323046,268.06944291081066,57.51091633934362,5.3343044111061575
schwefel,log_improvement_movement_cost3,log_improvement_movement_cost3,42,2574.7098432323046,268.06944291081066,58.92511489045712,5.694541553891269
schwefel,log_improvement_movement_cost3,log_improvement_movement_cost3,43,2574.7098432323046,268.06944291081066,60.49266856044579,5.776769293531004
schwefel,log_improvement_movement_cost3,log_improvement_movement_cost3,44,2574.7098432323046,268.06944291081066,61.625762015908684,5.494761543935012
schwefel,log_improvement_movement_cost3,log_improvement_movement_cost3,45,2574.7098432323046,268.06944291081066,62.48661207436459,5.979882625626727
schwefel,log_improvement_movement_cost3,log_improvement_movement_cost3,46,2574.7098432323046,268.06944291081066,63.161930406819806,6.0484457742811495
schwefel,log_improvement_movement_cost3,log_improvement_movement_cost3,47,2574.7098432323046,268.06944291081066,63.46548933161682,6.057222981031319
schwefel,log_improvement_movement_cost3,log_improvement_movement_cost3,48,2574.7098432323046,268.06944291081066,65.07033194678041,6.50923944877022
schwefel,log_improvement_movement_cost3,log_improvement_movement_cost3,49,2574.7098432323046,268.06944291081066,66.78551296303813,6.540384937507257
schwefel,optimistic_selected,optimistic_improvement_movement_cost3,0,2835.830852012299,43.90349900139754,1.6744713275989387,0.23804359083390103
schwefel,optimistic_selected,optimistic_improvement_movement_cost3,1,2835.830852012299,43.90349900139754,3.4304330667346346,0.632219748735614
schwefel,optimistic_selected,optimistic_improvement_movement_cost3,2,2835.830852012299,43.90349900139754,4.585458822052385,0.6446824851644369
schwefel,optimistic_selected,optimistic_improvement_movement_cost3,3,2835.830852012299,43.90349900139754,5.57950295196634,0.3022881787028351
schwefel,optimistic_selected,optimistic_improvement_movement_cost3,4,2835.830852012299,43.90349900139754,6.6068263544677786,0.22395863479206193
schwefel,optimistic_selected,optimistic_improvement_movement_cost3,5,2835.830852012299,43.90349900139754,7.213655095169837,0.1640756660712096
schwefel,optimistic_selected,optimistic_improvement_movement_cost3,6,2835.830852012299,43.90349900139754,7.9584058579848005,0.10179605234781856
schwefel,optimistic_selected,optimistic_improvement_movement_cost3,7,2835.830852012299,43.90349900139754,8.957563830856719,0.5819787691800165
schwefel,optimistic_selected,optimistic_improvement_movement_cost3,8,2835.830852012299,43.90349900139754,10.449442504072705,0.6531602092226619
schwefel,optimistic_selected,optimistic_improvement_movement_cost3,9,2835.830852012299,43.90349900139754,11.704884408007095,0.14774953745200198
schwefel,optimistic_selected,optimistic_improvement_movement_cost3,10,2835.830852012299,43.90349900139754,12.809142119119564,0.46485099339080255
schwefel,optimistic_selected,optimistic_improvement_movement_cost3,11,2835.830852012299,43.90349900139754,14.48148999934093,1.2137302296798929
schwefel,optimistic_selected,optimistic_improvement_movement_cost3,12,2835.830852012299,43.90349900139754,15.9186829493499,1.1660961626253825
schwefel,optimistic_selected,optimistic_improvement_movement_cost3,13,2835.830852012299,43.90349900139754,17.35379020431007,1.2216098083925233
schwefel,optimistic_selected,optimistic_improvement_movement_cost3,14,2835.830852012299,43.90349900139754,18.504583881260043,1.4703849789808492
schwefel,optimistic_selected,optimistic_improvement_movement_cost3,15,2647.516999583097,255.33223297212368,20.186575600144177,1.2052663717138188
schwefel,optimistic_selected,optimistic_improvement_movement_cost3,16,2647.516999583097,255.33223297212368,21.64746924541097,0.5566040465165182
schwefel,optimistic_selected,optimistic_improvement_movement_cost3,17,2647.516999583097,255.33223297212368,22.85151642554898,0.7192136305593281
schwefel,optimistic_selected,optimistic_improvement_movement_cost3,18,2647.516999583097,255.33223297212368,23.638442561004343,0.8511460820660135
schwefel,optimistic_selected,optimistic_improvement_movement_cost3,19,2647.516999583097,255.33223297212368,24.18496269740089,0.8932202892628724
schwefel,optimistic_selected,optimistic_improvement_movement_cost3,20,2647.516999583097,255.33223297212368,25.045288331335446,1.1246968291201895
schwefel,optimistic_selected,optimistic_improvement_movement_cost3,21,2647.516999583097,255.33223297212368,26.134313125516798,1.1648267357797009
schwefel,optimistic_selected,optimistic_improvement_movement_cost3,22,2647.516999583097,255.33223297212368,27.40167158914787,1.1134712007999936
schwefel,optimistic_selected,optimistic_improvement_movement_cost3,23,2647.516999583097,255.33223297212368,28.615237110822765,1.1489719873549047
schwefel,optimistic_selected,optimistic_improvement_movement_cost3,24,2647.516999583097,255.33223297212368,29.642298623554055,0.9475645584195694
schwefel,optimistic_selected,optimistic_improvement_movement_cost3,25,2647.516999583097,255.33223297212368,30.50962847941982,1.1256080501671517
schwefel,optimistic_selected,optimistic_improvement_movement_cost3,26,2647.516999583097,255.33223297212368,31.91279277291406,1.4003636992765545
schwefel,optimistic_selected,optimistic_improvement_movement_cost3,27,2647.516999583097,255.33223297212368,33.60269678443323,1.904640411987681
schwefel,optimistic_selected,optimistic_improvement_movement_cost3,28,2647.516999583097,255.33223297212368,34.48292791743871,2.043868044572091
schwefel,optimistic_selected,optimistic_improvement_movement_cost3,29,2647.516999583097,255.33223297212368,35.46350689779763,1.4911573550835022
schwefel,optimistic_selected,optimistic_improvement_movement_cost3,30,2644.064051548244,252.26426313172306,37.35110447030744,1.4887507785428469
schwefel,optimistic_selected,optimistic_improvement_movement_cost3,31,2644.064051548244,252.26426313172306,39.21556737415804,1.3111294576222867
schwefel,optimistic_selected,optimistic_improvement_movement_cost3,32,2644.064051548244,252.26426313172306,41.27548221642084,1.220615713980502
schwefel,optimistic_selected,optimistic_improvement_movement_cost3,33,2644.064051548244,252.26426313172306,43.08363093433445,1.7383232042173113
schwefel,optimistic_selected,optimistic_improvement_movement_cost3,34,2644.064051548244,252.26426313172306,44.853391926237215,2.0501126919835855
schwefel,optimistic_selected,optimistic_improvement_movement_cost3,35,2644.064051548244,252.26426313172306,46.4380215494081,1.5931159352573652
schwefel,optimistic_selected,optimistic_improvement_movement_cost3,36,2644.064051548244,252.26426313172306,48.05283000581944,1.5419542972403164
schwefel,optimistic_selected,optimistic_improvement_movement_cost3,37,2551.004237320331,199.0726009510827,49.43789343825347,1.8998075967259755
schwefel,optimistic_selected,optimistic_improvement_movement_cost3,38,2452.9146305987956,122.30022639949087,50.89950234815067,2.2135408054855885
schwefel,optimistic_selected,optimistic_improvement_movement_cost3,39,2452.9146305987956,122.30022639949087,52.617371377080296,2.3706845484396784
schwefel,optimistic_selected,optimistic_improvement_movement_cost3,40,2452.9146305987956,122.30022639949087,54.2958999121374,2.5192198005429955
schwefel,optimistic_selected,optimistic_improvement_movement_cost3,41,2452.9146305987956,122.30022639949087,55.52547550641149,2.1677293546376304
schwefel,optimistic_selected,optimistic_improvement_movement_cost3,42,2452.9146305987956,122.30022639949087,57.12405581663763,2.3319593431784136
schwefel,optimistic_selected,optimistic_improvement_movement_cost3,43,2452.9146305987956,122.30022639949087,58.828605121583735,2.4450788300508384
schwefel,optimistic_selected,optimistic_improvement_movement_cost3,44,2452.9146305987956,122.30022639949087,59.681324540658174,1.9748908801399352
schwefel,optimistic_selected,optimistic_improvement_movement_cost3,45,2452.9146305987956,122.30022639949087,60.38590107672352,1.9123678992672373
schwefel,optimistic_selected,optimistic_improvement_movement_cost3,46,2452.9146305987956,122.30022639949087,61.19078096361694,1.6841225142660212
schwefel,optimistic_selected,optimistic_improvement_movement_cost3,47,2452.9146305987956,122.30022639949087,61.70280576273035,1.577688000305628
schwefel,optimistic_selected,optimistic_improvement_movement_cost3,48,2452.9146305987956,122.30022639949087,63.20514910666299,1.7477922434740198
schwefel,optimistic_selected,optimistic_improvement_movement_cost3,49,2452.9146305987956,122.30022639949087,64.9869842574322,1.9609991555847042
schwefel,budgeted_exploration,budgeted_exploration,0,2835.830852012299,43.90349900139754,1.6441489416457067,0.46827760664932094
schwefel,budgeted_exploration,budgeted_exploration,1,2835.830852012299,43.90349900139754,3.3195901919863773,1.1853008462013055
schwefel,budgeted_exploration,budgeted_exploration,2,2835.830852012299,43.90349900139754,4.4916356645137165,1.2411642352692858
schwefel,budgeted_exploration,budgeted_exploration,3,2835.830852012299,43.90349900139754,5.248136345339071,1.1455448615054928
schwefel,budgeted_exploration,budgeted_exploration,4,2835.830852012299,43.90349900139754,6.04600179957954,1.1041782410591034
schwefel,budgeted_exploration,budgeted_exploration,5,2835.830852012299,43.90349900139754,6.429638261508746,1.0431610217233682
schwefel,budgeted_exploration,budgeted_exploration,6,2835.830852012299,43.90349900139754,7.247605117805553,0.7413875606414299
schwefel,budgeted_exploration,budgeted_exploration,7,2835.830852012299,43.90349900139754,8.098932904487853,0.5282264171529997
schwefel,budgeted_exploration,budgeted_exploration,8,2835.830852012299,43.90349900139754,9.329296958360208,0.43481675186041424
schwefel,budgeted_exploration,budgeted_exploration,9,2835.830852012299,43.90349900139754,10.723315747234203,0.5542243163778043
schwefel,budgeted_exploration,budgeted_exploration,10,2835.830852012299,43.90349900139754,11.845140275961077,1.0535368561991045
schwefel,budgeted_exploration,budgeted_exploration,11,2835.830852012299,43.90349900139754,13.452088975778706,1.6995559251847856
schwefel,budgeted_exploration,budgeted_exploration,12,2835.830852012299,43.90349900139754,14.976575150589591,1.5557667236325734
schwefel,budgeted_exploration,budgeted_exploration,13,2835.830852012299,43.90349900139754,16.27969449005621,1.663477370102061
schwefel,budgeted_exploration,budgeted_exploration,14,2835.830852012299,43.90349900139754,17.462496461626873,1.689200702080229
schwefel,budgeted_exploration,budgeted_exploration,15,2835.830852012299,43.90349900139754,18.95521676846625,1.8344170549878414
schwefel,budgeted_exploration,budgeted_exploration,16,2835.830852012299,43.90349900139754,20.59331732639218,1.9633811584735814
schwefel,budgeted_exploration,budgeted_exploration,17,2835.830852012299,43.90349900139754,21.88792755511731,1.8456745099230676
schwefel,budgeted_exploration,budgeted_exploration,18,2835.830852012299,43.90349900139754,22.736361314169425,1.7762010777831354
schwefel,budgeted_exploration,budgeted_exploration,19,2835.830852012299,43.90349900139754,23.581157138889353,1.6732046719757598
schwefel,budgeted_exploration,budgeted_exploration,20,2835.830852012299,43.90349900139754,24.443664060886068,2.078278447642073
schwefel,budgeted_exploration,budgeted_exploration,21,2835.830852012299,43.90349900139754,25.409867868448515,2.1680728368195994
schwefel,budgeted_exploration,budgeted_exploration,22,2835.830852012299,43.90349900139754,26.868845553321474,2.317603232163559
schwefel,budgeted_exploration,budgeted_exploration,23,2835.830852012299,43.90349900139754,28.494889447984153,2.0340554665606727
schwefel,budgeted_exploration,budgeted_exploration,24,2835.830852012299,43.90349900139754,29.940175080751857,1.5093083239045313
schwefel,budgeted_exploration,budgeted_exploration,25,2835.830852012299,43.90349900139754,30.971561861479174,1.379544915285022
schwefel,budgeted_exploration,budgeted_exploration,26,2835.830852012299,43.90349900139754,32.324245726673475,1.5141468714263184
schwefel,budgeted_exploration,budgeted_exploration,27,2835.830852012299,43.90349900139754,33.77704404166603,1.2443747940615615
schwefel,budgeted_exploration,budgeted_exploration,28,2835.830852012299,43.90349900139754,34.89163786380292,0.9000944065079124
schwefel,budgeted_exploration,budgeted_exploration,29,2835.830852012299,43.90349900139754,36.20247020655538,1.427121981420332
schwefel,budgeted_exploration,budgeted_exploration,30,2701.9366368843207,164.01135896749233,37.80516289689468,1.6891104590207011
schwefel,budgeted_exploration,budgeted_exploration,31,2701.9366368843207,164.01135896749233,39.78013875874996,2.1752609045353957
schwefel,budgeted_exploration,budgeted_exploration,32,2701.9366368843207,164.01135896749233,41.42880872816708,2.515282433964367
schwefel,budgeted_exploration,budgeted_exploration,33,2701.9366368843207,164.01135896749233,42.999475770663445,2.7167968516625383
schwefel,budgeted_exploration,budgeted_exploration,34,2701.9366368843207,164.01135896749233,44.50160086195748,2.854464339863948
schwefel,budgeted_exploration,budgeted_exploration,35,2701.9366368843207,164.01135896749233,46.30538295661827,2.9487327434494954
schwefel,budgeted_exploration,budgeted_exploration,36,2701.9366368843207,164.01135896749233,48.005873217000556,2.865483113045091
schwefel,budgeted_exploration,budgeted_exploration,37,2701.9366368843207,164.01135896749233,49.64055374807282,2.7736550886720583
schwefel,budgeted_exploration,budgeted_exploration,38,2701.9366368843207,164.01135896749233,51.12301449841785,2.9036796675487158
schwefel,budgeted_exploration,budgeted_exploration,39,2701.9366368843207,164.01135896749233,52.727578045615445,2.8481256984741448
schwefel,budgeted_exploration,budgeted_exploration,40,2701.9366368843207,164.01135896749233,54.25034619874734,2.96206543765062
schwefel,budgeted_exploration,budgeted_exploration,41,2701.9366368843207,164.01135896749233,55.59463604180906,2.9931649295005665
schwefel,budgeted_exploration,budgeted_exploration,42,2701.9366368843207,164.01135896749233,57.39949937486127,3.1430714810067064
schwefel,budgeted_exploration,budgeted_exploration,43,2701.9366368843207,164.01135896749233,58.78307036992019,3.1665992095306463
schwefel,budgeted_exploration,budgeted_exploration,44,2648.485430498709,238.52972080419826,59.71478174083376,3.160972844012965
schwefel,budgeted_exploration,budgeted_exploration,45,2648.485430498709,238.52972080419826,60.56021805106664,3.516342198097116
schwefel,budgeted_exploration,budgeted_exploration,46,2648.485430498709,238.52972080419826,61.333012756864115,3.8782316475156513
schwefel,budgeted_exploration,budgeted_exploration,47,2648.485430498709,238.52972080419826,61.73980714455589,3.73013902462343
schwefel,budgeted_exploration,budgeted_exploration,48,2648.485430498709,238.52972080419826,62.66945909976433,3.45180283680751
schwefel,budgeted_exploration,budgeted_exploration,49,2648.485430498709,238.52972080419826,63.841455076680006,3.0150472062199225
schwefel,lookahead_budgeted_exploration,lookahead_budgeted_exploration,0,2835.830852012299,43.90349900139754,1.7792549535266033,0.4015566339867985
schwefel,lookahead_budgeted_exploration,lookahead_budgeted_exploration,1,2835.830852012299,43.90349900139754,3.545264611628331,0.8613775994564314
schwefel,lookahead_budgeted_exploration,lookahead_budgeted_exploration,2,2835.830852012299,43.90349900139754,4.71673684746913,0.8350124372048863
schwefel,lookahead_budgeted_exploration,lookahead_budgeted_exploration,3,2835.830852012299,43.90349900139754,5.693140267901163,0.7698745910654554
schwefel,lookahead_budgeted_exploration,lookahead_budgeted_exploration,4,2835.830852012299,43.90349900139754,6.733626938855245,0.7871482716957577
schwefel,lookahead_budgeted_exploration,lookahead_budgeted_exploration,5,2835.830852012299,43.90349900139754,7.31903954142333,0.7148538396943327
schwefel,lookahead_budgeted_exploration,lookahead_budgeted_exploration,6,2835.830852012299,43.90349900139754,8.241798692660858,0.4438601945899242
schwefel,lookahead_budgeted_exploration,lookahead_budgeted_exploration,7,2835.830852012299,43.90349900139754,9.235089762725808,0.4240894350200424
schwefel,lookahead_budgeted_exploration,lookahead_budgeted_exploration,8,2835.830852012299,43.90349900139754,10.890654514725716,0.45450110735589
schwefel,lookahead_budgeted_exploration,lookahead_budgeted_exploration,9,2835.830852012299,43.90349900139754,12.109421334052803,0.3138472679771127
schwefel,lookahead_budgeted_exploration,lookahead_budgeted_exploration,10,2835.830852012299,43.90349900139754,13.21650863849557,0.7362021308837142
schwefel,lookahead_budgeted_exploration,lookahead_budgeted_exploration,11,2835.830852012299,43.90349900139754,14.649510229107898,1.4202435203212678
schwefel,lookahead_budgeted_exploration,lookahead_budgeted_exploration,12,2835.830852012299,43.90349900139754,16.367295730654124,1.3071126322917728
schwefel,lookahead_budgeted_exploration,lookahead_budgeted_exploration,13,2835.830852012299,43.90349900139754,17.6405544023378,1.4120204451052782
schwefel,lookahead_budgeted_exploration,lookahead_budgeted_exploration,14,2835.830852012299,43.90349900139754,18.873483822732606,1.5658958653397415
schwefel,lookahead_budgeted_exploration,lookahead_budgeted_exploration,15,2835.830852012299,43.90349900139754,20.552090182074505,1.4709752883838563
schwefel,lookahead_budgeted_exploration,lookahead_budgeted_exploration,16,2835.830852012299,43.90349900139754,22.190028561520887,1.5556712080693975
schwefel,lookahead_budgeted_exploration,lookahead_budgeted_exploration,17,2835.830852012299,43.90349900139754,23.45328731399344,1.647314482596922
schwefel,lookahead_budgeted_exploration,lookahead_budgeted_exploration,18,2835.830852012299,43.90349900139754,24.31096511489797,1.6090000562315414
schwefel,lookahead_budgeted_exploration,lookahead_budgeted_exploration,19,2835.830852012299,43.90349900139754,24.993451040071278,1.4046764179490177
schwefel,lookahead_budgeted_exploration,lookahead_budgeted_exploration,20,2835.830852012299,43.90349900139754,25.873166140600876,1.6767755603179417
schwefel,lookahead_budgeted_exploration,lookahead_budgeted_exploration,21,2835.830852012299,43.90349900139754,26.679508345912726,1.8517067523947768
schwefel,lookahead_budgeted_exploration,lookahead_budgeted_exploration,22,2835.830852012299,43.90349900139754,28.17125651478642,2.035155540827481
schwefel,lookahead_budgeted_exploration,lookahead_budgeted_exploration,23,2687.189470313771,200.17994487341093,29.687360553160655,1.9815094120786916
schwefel,lookahead_budgeted_exploration,lookahead_budgeted_exploration,24,2687.189470313771,200.17994487341093,30.828148437837353,1.5451660569729389
schwefel,lookahead_budgeted_exploration,lookahead_budgeted_exploration,25,2687.189470313771,200.17994487341093,31.775013277182463,1.30008315681972
schwefel,lookahead_budgeted_exploration,lookahead_budgeted_exploration,26,2479.70435611093,299.6528226806567,33.2006682776177,1.5190924711736877
schwefel,lookahead_budgeted_exploration,lookahead_budgeted_exploration,27,2479.70435611093,299.6528226806567,34.62245819660157,1.6167337827599042
schwefel,lookahead_budgeted_exploration,lookahead_budgeted_exploration,28,2479.70435611093,299.6528226806567,35.63263173503983,1.4690993847266647
schwefel,lookahead_budgeted_exploration,lookahead_budgeted_exploration,29,2479.70435611093,299.6528226806567,37.02059286187336,1.6249432578478973
schwefel,lookahead_budgeted_exploration,lookahead_budgeted_exploration,30,2479.70435611093,299.6528226806567,38.88601941527718,1.9248023746773726
schwefel,lookahead_budgeted_exploration,lookahead_budgeted_exploration,31,2479.70435611093,299.6528226806567,40.780155440812415,2.1387461352460124
schwefel,lookahead_budgeted_exploration,lookahead_budgeted_exploration,32,2479.70435611093,299.6528226806567,42.51874768503818,2.1973616051274134
schwefel,lookahead_budgeted_exploration,lookahead_budgeted_exploration,33,2479.70435611093,299.6528226806567,44.48746086197713,2.7099797963711176
schwefel,lookahead_budgeted_exploration,lookahead_budgeted_exploration,34,2479.70435611093,299.6528226806567,46.15932165794783,2.9054305811309393
schwefel,lookahead_budgeted_exploration,lookahead_budgeted_exploration,35,2479.70435611093,299.6528226806567,48.050543730364886,3.2535024036887386
schwefel,lookahead_budgeted_exploration,lookahead_budgeted_exploration,36,2479.70435611093,299.6528226806567,49.21919265422478,3.0903971316728343
schwefel,lookahead_budgeted_exploration,lookahead_budgeted_exploration,37,2479.70435611093,299.6528226806567,50.42496186831667,3.3785827206291414
schwefel,lookahead_budgeted_exploration,lookahead_budgeted_exploration,38,2479.70435611093,299.6528226806567,51.95768802332815,2.9065200138491907
schwefel,lookahead_budgeted_exploration,lookahead_budgeted_exploration,39,2479.70435611093,299.6528226806567,53.685782593425756,2.682645953838137
schwefel,lookahead_budgeted_exploration,lookahead_budgeted_exploration,40,2479.70435611093,299.6528226806567,55.3504762407451,2.5881169327299682
schwefel,lookahead_budgeted_exploration,lookahead_budgeted_exploration,41,2479.70435611093,299.6528226806567,56.64229003393141,2.4528422068937985
schwefel,lookahead_budgeted_exploration,lookahead_budgeted_exploration,42,2413.2067799876263,214.16711674600546,58.161685850839696,2.47851680166152
schwefel,lookahead_budgeted_exploration,lookahead_budgeted_exploration,43,2413.2067799876263,214.16711674600546,59.50535953836292,2.4798180907312806
schwefel,lookahead_budgeted_exploration,lookahead_budgeted_exploration,44,2413.2067799876263,214.16711674600546,60.223465842640245,2.6542470676950023
schwefel,lookahead_budgeted_exploration,lookahead_budgeted_exploration,45,2413.2067799876263,214.16711674600546,61.177121210533606,3.2147351963014574
schwefel,lookahead_budgeted_exploration,lookahead_budgeted_exploration,46,2413.2067799876263,214.16711674600546,61.938825418509175,3.63990309598381
schwefel,lookahead_budgeted_exploration,lookahead_budgeted_exploration,47,2413.2067799876263,214.16711674600546,62.29491345598749,3.487180217494732
schwefel,lookahead_budgeted_exploration,lookahead_budgeted_exploration,48,2413.2067799876263,214.16711674600546,63.11928877699463,3.0665087790354386
schwefel,lookahead_budgeted_exploration,lookahead_budgeted_exploration,49,2413.2067799876263,214.16711674600546,64.55555638985861,2.504094029821682
michalewicz,pure_bo,pure_bo,0,6.058451746840696,0.7473237350214,1.1355903714137268,0.2371061448242352
michalewicz,pure_bo,pure_bo,1,6.058451746840696,0.7473237350214,2.009342250638612,0.3184816773657937
michalewicz,pure_bo,pure_bo,2,6.058451746840696,0.7473237350214,2.895599627785668,0.38655186942742265
michalewicz,pure_bo,pure_bo,3,6.058451746840696,0.7473237350214,3.76955430307058,0.539171201265957
michalewicz,pure_bo,pure_bo,4,6.058451746840696,0.7473237350214,4.876265343337741,0.5421776059174228
michalewicz,pure_bo,pure_bo,5,6.058451746840696,0.7473237350214,6.1176221802834485,0.61958614186795
michalewicz,pure_bo,pure_bo,6,6.058451746840696,0.7473237350214,7.297813454648356,0.6846771276346996
michalewicz,pure_bo,pure_bo,7,6.058451746840696,0.7473237350214,8.619086444265953,0.6367202250606444
michalewicz,pure_bo,pure_bo,8,6.058451746840696,0.7473237350214,9.483509493050269,0.6627638075161922
michalewicz,pure_bo,pure_bo,9,6.058451746840696,0.7473237350214,10.651099994559102,0.7262408283958492
michalewicz,pure_bo,pure_bo,10,6.058451746840696,0.7473237350214,11.814454116789639,0.7631694534756226
michalewicz,pure_bo,pure_bo,11,6.058451746840696,0.7473237350214,13.468835102570972,0.645786225523432
michalewicz,pure_bo,pure_bo,12,6.058451746840696,0.7473237350214,14.996511496771634,0.5616755890073171
michalewicz,pure_bo,pure_bo,13,6.058451746840696,0.7473237350214,16.52869258839686,0.49975928890100224
michalewicz,pure_bo,pure_bo,14,6.058451746840696,0.7473237350214,17.91623644159649,0.30864181859577117
michalewicz,pure_bo,pure_bo,15,6.054758179763042,0.743548900903715,18.565790471850004,0.572500708671449
michalewicz,pure_bo,pure_bo,16,6.054758179763042,0.743548900903715,19.574011208482744,0.46545005491767766
michalewicz,pure_bo,pure_bo,17,6.054758179763042,0.743548900903715,20.93197287040428,0.43506097349677686
michalewicz,pure_bo,pure_bo,18,6.054758179763042,0.743548900903715,22.282171256139936,0.7019313145674045
michalewicz,pure_bo,pure_bo,19,6.054758179763042,0.743548900903715,23.592403141333183,0.6557211271565595
michalewicz,pure_bo,pure_bo,20,6.054758179763042,0.743548900903715,24.806113824181782,0.6359872385156535
michalewicz,pure_bo,pure_bo,21,6.054758179763042,0.743548900903715,25.943689775815404,0.8419237353285144
michalewicz,pure_bo,pure_bo,22,6.054758179763042,0.743548900903715,27.371047753861763,0.9845522756091212
michalewicz,pure_bo,pure_bo,23,6.054758179763042,0.743548900903715,28.689875599134464,1.1446242427973408
michalewicz,pure_bo,pure_bo,24,6.054758179763042,0.743548900903715,29.810833379451292,1.2858048767025214
michalewicz,pure_bo,pure_bo,25,6.054758179763042,0.743548900903715,31.16748813508605,1.189142873417618
michalewicz,pure_bo,pure_bo,26,6.054758179763042,0.743548900903715,32.57805142541624,1.423580952749985
michalewicz,pure_bo,pure_bo,27,6.054758179763042,0.743548900903715,33.59601445516051,1.4645361336592955
michalewicz,pure_bo,pure_bo,28,6.054758179763042,0.743548900903715,35.116770888711635,1.3135230205629207
michalewicz,pure_bo,pure_bo,29,6.054758179763042,0.743548900903715,36.34548048624228,1.225718882923221
michalewicz,pure_bo,pure_bo,30,6.054758179763042,0.743548900903715,37.66247389123057,1.281642368182039
michalewicz,pure_bo,pure_bo,31,6.054758179763042,0.743548900903715,38.91791248956337,1.1198213387073175
michalewicz,pure_bo,pure_bo,32,6.054758179763042,0.743548900903715,40.287146960504735,1.2018361122781451
michalewicz,pure_bo,pure_bo,33,6.054758179763042,0.743548900903715,41.54497194544189,1.0930582095007708
michalewicz,pure_bo,pure_bo,34,6.054758179763042,0.743548900903715,42.77939744606643,1.0196049754312244
michalewicz,pure_bo,pure_bo,35,6.054758179763042,0.743548900903715,44.16260144877892,1.0099952230908917
michalewicz,pure_bo,pure_bo,36,6.054758179763042,0.743548900903715,45.51332280498389,0.9916031159041928
michalewicz,pure_bo,pure_bo,37,6.054758179763042,0.743548900903715,46.60962757997323,0.9455219029808204
michalewicz,pure_bo,pure_bo,38,6.054758179763042,0.743548900903715,47.89794682665487,0.7481371748864357
michalewicz,pure_bo,pure_bo,39,6.054758179763042,0.743548900903715,49.31144903335544,0.8865118135421922
michalewicz,pure_bo,pure_bo,40,6.054758179763042,0.743548900903715,50.618762640641194,1.0358448679842638
michalewicz,pure_bo,pure_bo,41,6.054758179763042,0.743548900903715,51.70721644012607,1.30313958515544
michalewicz,pure_bo,pure_bo,42,6.054758179763042,0.743548900903715,52.80516542176699,1.4368955610199792
michalewicz,pure_bo,pure_bo,43,6.054758179763042,0.743548900903715,54.140120050555275,1.3804908942189074
michalewicz,pure_bo,pure_bo,44,5.465339701644237,0.5949495735262701,55.46937604712115,1.2249051375465732
michalewicz,pure_bo,pure_bo,45,5.465339701644237,0.5949495735262701,56.68794190275319,1.2333350911634435
michalewicz,pure_bo,pure_bo,46,5.465339701644237,0.5949495735262701,57.915865492063325,1.340837221801038
michalewicz,pure_bo,pure_bo,47,5.465339701644237,0.5949495735262701,59.25658947883722,1.4857111589728333
michalewicz,pure_bo,pure_bo,48,5.465339701644237,0.5949495735262701,60.521929578971914,1.508900253897998
michalewicz,pure_bo,pure_bo,49,5.465339701644237,0.5949495735262701,61.90084381908692,1.7026089684539236
michalewicz,earlbo,earlbo,0,6.058451746840696,0.7473237350214,1.1291325166375505,0.22529070693672917
michalewicz,earlbo,earlbo,1,6.058451746840696,0.7473237350214,1.6927780012478852,0.24106101219669182
michalewicz,earlbo,earlbo,2,5.94616411804403,0.6417089829880533,2.1422211045221373,0.13563257076930002
michalewicz,earlbo,earlbo,3,5.94616411804403,0.6417089829880533,2.6388723646610743,0.4335757700907143
michalewicz,earlbo,earlbo,4,5.94616411804403,0.6417089829880533,3.2597078848234475,0.6605099302329207
michalewicz,earlbo,earlbo,5,5.94616411804403,0.6417089829880533,3.9805010529034135,0.5636639503361578
michalewicz,earlbo,earlbo,6,5.94616411804403,0.6417089829880533,4.798969881564737,0.4706040624756468
michalewicz,earlbo,earlbo,7,5.94616411804403,0.6417089829880533,5.3956706332998925,0.7938765304300863
michalewicz,earlbo,earlbo,8,5.796748145824864,0.5429417689763397,5.911652057358488,0.9560619713916266
michalewicz,earlbo,earlbo,9,5.796748145824864,0.5429417689763397,6.591481750976615,1.0636177793713488
michalewicz,earlbo,earlbo,10,5.796748145824864,0.5429417689763397,7.563147791116539,1.3556405127591795
michalewicz,earlbo,earlbo,11,5.796748145824864,0.5429417689763397,8.01594461410086,1.6117498342844432
michalewicz,earlbo,earlbo,12,5.796748145824864,0.5429417689763397,8.515342418891464,1.6237372120066609
michalewicz,earlbo,earlbo,13,5.796748145824864,0.5429417689763397,9.141593178524326,1.652526062260681
michalewicz,earlbo,earlbo,14,5.796748145824864,0.5429417689763397,9.871373996536425,1.3978942564518682
michalewicz,earlbo,earlbo,15,5.796748145824864,0.5429417689763397,10.501063669236686,1.40589154459626
michalewicz,earlbo,earlbo,16,5.796748145824864,0.5429417689763397,10.92111376196037,1.4197061794904535
michalewicz,earlbo,earlbo,17,5.796748145824864,0.5429417689763397,11.662851791848922,1.306943444745978
michalewicz,earlbo,earlbo,18,5.752115266712832,0.6049023450707245,12.527358314117585,1.2172186298375867
michalewicz,earlbo,earlbo,19,5.752115266712832,0.6049023450707245,13.124002857526543,0.9041436887653541
michalewicz,earlbo,earlbo,20,5.607290962855288,0.4972051241441153,13.857130191293443,0.5289421765169802
michalewicz,earlbo,earlbo,21,5.607290962855288,0.4972051241441153,14.418137447378902,0.24626425159701304
michalewicz,earlbo,earlbo,22,5.607290962855288,0.4972051241441153,15.329402211611745,0.19624186463843188
michalewicz,earlbo,earlbo,23,5.607290962855288,0.4972051241441153,16.17990580289843,0.22756892577677656
michalewicz,earlbo,earlbo,24,5.607290962855288,0.4972051241441153,16.947531872864936,0.29500168313252023
michalewicz,earlbo,earlbo,25,5.607290962855288,0.4972051241441153,17.952577391768738,0.29005218957450446
michalewicz,earlbo,earlbo,26,5.607290962855288,0.4972051241441153,18.74464871254788,0.5748913650657981
michalewicz,earlbo,earlbo,27,5.548163024091445,0.4720931023096088,19.42621332827314,0.5824943325286125
michalewicz,earlbo,earlbo,28,5.548163024091445,0.4720931023096088,19.993880939634014,0.4100666302102797
michalewicz,earlbo,earlbo,29,5.548163024091445,0.4720931023096088,20.461445640727174,0.3986786818530891
michalewicz,earlbo,earlbo,30,5.548163024091445,0.4720931023096088,21.179995612451034,0.43260798158928676
michalewicz,earlbo,earlbo,31,5.548163024091445,0.4720931023096088,22.04966549290006,0.562315170102923
michalewicz,earlbo,earlbo,32,5.548163024091445,0.4720931023096088,23.204465595967367,0.572730196724213
michalewicz,earlbo,earlbo,33,5.548163024091445,0.4720931023096088,24.015669762029635,0.5958431567072224
michalewicz,earlbo,earlbo,34,5.548163024091445,0.4720931023096088,24.977386738202437,0.7740063702798629
michalewicz,earlbo,earlbo,35,5.548163024091445,0.4720931023096088,25.79099958366557,1.018368976908949
michalewicz,earlbo,earlbo,36,5.548163024091445,0.4720931023096088,26.270758774155738,1.0866305810680823
michalewicz,earlbo,earlbo,37,5.548163024091445,0.4720931023096088,26.771008379570343,1.0028584820039608
michalewicz,earlbo,earlbo,38,5.548163024091445,0.4720931023096088,27.362445164464614,1.1061116167362663
michalewicz,earlbo,earlbo,39,5.548163024091445,0.4720931023096088,27.957849445067257,1.2600098456568318
michalewicz,earlbo,earlbo,40,5.548163024091445,0.4720931023096088,28.515599952698977,1.424725774779185
michalewicz,earlbo,earlbo,41,5.548163024091445,0.4720931023096088,29.34040525963421,1.8709355057626043
michalewicz,earlbo,earlbo,42,5.548163024091445,0.4720931023096088,30.032478529457478,2.225002805736495
michalewicz,earlbo,earlbo,43,5.548163024091445,0.4720931023096088,30.748259085030934,2.479936539236411
michalewicz,earlbo,earlbo,44,5.548163024091445,0.4720931023096088,31.441326615773036,2.7061400988382496
michalewicz,earlbo,earlbo,45,5.548163024091445,0.4720931023096088,32.1651992127158,2.8922825638743084
michalewicz,earlbo,earlbo,46,5.548163024091445,0.4720931023096088,33.00935988647948,2.87037638250103
michalewicz,earlbo,earlbo,47,5.548163024091445,0.4720931023096088,33.89646423708459,2.7969954915146698
michalewicz,earlbo,earlbo,48,5.548163024091445,0.4720931023096088,34.612662425951775,2.764980854577893
michalewicz,earlbo,earlbo,49,5.548163024091445,0.4720931023096088,35.185006705031824,2.987349482906984
michalewicz,snake,snake,0,6.058451746840696,0.7473237350214,1.0742642898385142,0.26261525712122974
michalewicz,snake,snake,1,6.058451746840696,0.7473237350214,1.917765718176959,0.4051741502952543
michalewicz,snake,snake,2,6.058451746840696,0.7473237350214,2.7637695127128197,0.31529851637634454
michalewicz,snake,snake,3,6.058451746840696,0.7473237350214,3.671327897086011,0.2984833196290217
michalewicz,snake,snake,4,6.058451746840696,0.7473237350214,4.134870565650178,0.32723458982243964
michalewicz,snake,snake,5,6.058451746840696,0.7473237350214,4.642311065912062,0.4027049243813137
michalewicz,snake,snake,6,6.058451746840696,0.7473237350214,5.206172389357967,0.5679308500407176
michalewicz,snake,snake,7,6.058451746840696,0.7473237350214,5.864680704961512,0.8724611791052589
michalewicz,snake,snake,8,6.058451746840696,0.7473237350214,6.605027864786341,1.324194096333329
michalewicz,snake,snake,9,6.058451746840696,0.7473237350214,7.534779985823977,1.399388508263166
michalewicz,snake,snake,10,6.058451746840696,0.7473237350214,8.625155038534464,1.3509274849174107
michalewicz,snake,snake,11,6.058451746840696,0.7473237350214,9.586504725549654,1.217040041087964
michalewicz,snake,snake,12,6.058451746840696,0.7473237350214,10.437222012278111,1.197495586470125
michalewicz,snake,snake,13,6.02159502991515,0.7104784765907266,11.07432412124115,1.4693868550341092
michalewicz,snake,snake,14,6.02159502991515,0.7104784765907266,11.776322568586444,1.909739611276509
michalewicz,snake,snake,15,6.02159502991515,0.7104784765907266,12.745601027198981,2.0774541559827315
michalewicz,snake,snake,16,6.02159502991515,0.7104784765907266,13.83993524007866,2.319691809305798
michalewicz,snake,snake,17,6.02159502991515,0.7104784765907266,14.497769026207855,2.6449826435320607
michalewicz,snake,snake,18,5.741217575009746,0.523509774571441,15.150560526196918,2.9560332120875947
michalewicz,snake,snake,19,5.741217575009746,0.523509774571441,15.763276985031618,3.3016803038520313
michalewicz,snake,snake,20,5.741217575009746,0.523509774571441,16.61395540181169,3.4660650526604293
michalewicz,snake,snake,21,5.741217575009746,0.523509774571441,17.309995606084716,3.5238462155985606
michalewicz,snake,snake,22,5.741217575009746,0.523509774571441,18.014216730683234,3.594274583581739
michalewicz,snake,snake,23,5.741217575009746,0.523509774571441,18.75563570616729,3.6741737096596845
michalewicz,snake,snake,24,5.578838194161171,0.5331348757460803,19.454155566322637,3.7489484050912965
michalewicz,snake,snake,25,5.578838194161171,0.5331348757460803,20.201985974802408,3.837244732485017
michalewicz,snake,snake,26,5.578838194161171,0.5331348757460803,21.199644517187313,3.8006865847603515
michalewicz,snake,snake,27,5.578838194161171,0.5331348757460803,22.133259950415873,3.775346511371787
michalewicz,snake,snake,28,5.578838194161171,0.5331348757460803,23.06078324689967,3.6658696644672237
michalewicz,snake,snake,29,5.578838194161171,0.5331348757460803,23.94751521848347,3.58032040107739
michalewicz,snake,snake,30,5.578838194161171,0.5331348757460803,24.676015475672845,3.637160606315676
michalewicz,snake,snake,31,5.578838194161171,0.5331348757460803,25.45311132246289,3.4974498335318613
michalewicz,snake,snake,32,5.578838194161171,0.5331348757460803,26.37654317369268,3.7370255472184897
michalewicz,snake,snake,33,5.578838194161171,0.5331348757460803,27.273721300507688,3.6158708510445536
michalewicz,snake,snake,34,5.578838194161171,0.5331348757460803,28.075871808753515,3.7603177050280263
michalewicz,snake,snake,35,5.578838194161171,0.5331348757460803,29.094364835335856,3.6222721342789286
michalewicz,snake,snake,36,5.578838194161171,0.5331348757460803,29.992516156429655,3.608800169813012
michalewicz,snake,snake,37,5.480994928378441,0.6386810326953613,30.77923182075416,3.7164288975767152
michalewicz,snake,snake,38,5.480994928378441,0.6386810326953613,31.495037333229153,3.5250710380370096
michalewicz,snake,snake,39,5.480994928378441,0.6386810326953613,32.27707987707428,3.4605095380893633
michalewicz,snake,snake,40,5.480994928378441,0.6386810326953613,33.10710690086628,3.475535279662811
michalewicz,snake,snake,41,5.480994928378441,0.6386810326953613,33.86262027987596,3.549319987301022
michalewicz,snake,snake,42,5.480994928378441,0.6386810326953613,34.6018308658355,3.568421291961271
michalewicz,snake,snake,43,5.480994928378441,0.6386810326953613,35.43327176638068,3.535376474205568
michalewicz,snake,snake,44,5.480994928378441,0.6386810326953613,36.429826304075085,3.4983128496554845
michalewicz,snake,snake,45,5.480994928378441,0.6386810326953613,37.30493689052319,3.6038126391827756
michalewicz,snake,snake,46,5.480994928378441,0.6386810326953613,37.91347830844263,3.628471097067351
michalewicz,snake,snake,47,5.480994928378441,0.6386810326953613,38.755601362602995,3.650095411624026
michalewicz,snake,snake,48,5.480994928378441,0.6386810326953613,39.376378337185216,3.3488472479559688
michalewicz,snake,snake,49,5.480994928378441,0.6386810326953613,39.98926139966708,3.1748092971536184
michalewicz,log_improvement_movement_cost3,log_improvement_movement_cost3,0,6.058451746840696,0.7473237350214,0.9996251882385284,0.1835882444992683
michalewicz,log_improvement_movement_cost3,log_improvement_movement_cost3,1,6.058451746840696,0.7473237350214,1.2210256696959962,0.204646115636066
michalewicz,log_improvement_movement_cost3,log_improvement_movement_cost3,2,5.76530795610977,0.5306014379090183,1.3904729266855584,0.20385072111877905
michalewicz,log_improvement_movement_cost3,log_improvement_movement_cost3,3,5.76530795610977,0.5306014379090183,1.5502704222645611,0.22506387000327877
michalewicz,log_improvement_movement_cost3,log_improvement_movement_cost3,4,5.76530795610977,0.5306014379090183,1.7763387295573445,0.26137845856688374
michalewicz,log_improvement_movement_cost3,log_improvement_movement_cost3,5,5.76530795610977,0.5306014379090183,1.953372944922014,0.23075202356419888
michalewicz,log_improvement_movement_cost3,log_improvement_movement_cost3,6,5.76530795610977,0.5306014379090183,2.176494447847159,0.25212040316856127
michalewicz,log_improvement_movement_cost3,log_improvement_movement_cost3,7,5.76530795610977,0.5306014379090183,2.377256606411969,0.2795462252478781
michalewicz,log_improvement_movement_cost3,log_improvement_movement_cost3,8,5.76530795610977,0.5306014379090183,2.5302130148166015,0.30188956947755
michalewicz,log_improvement_movement_cost3,log_improvement_movement_cost3,9,5.76530795610977,0.5306014379090183,2.757646319273352,0.34031166233796023
michalewicz,log_improvement_movement_cost3,log_improvement_movement_cost3,10,5.76530795610977,0.5306014379090183,2.9598103166539977,0.3945284963484379
michalewicz,log_improvement_movement_cost3,log_improvement_movement_cost3,11,5.76530795610977,0.5306014379090183,3.1726564042359455,0.44003867001442065
michalewicz,log_improvement_movement_cost3,log_improvement_movement_cost3,12,5.736901622027685,0.569292901163571,3.338395167274932,0.47749411970109173
michalewicz,log_improvement_movement_cost3,log_improvement_movement_cost3,13,5.736901622027685,0.569292901163571,3.500234278580328,0.5326794750397162
michalewicz,log_improvement_movement_cost3,log_improvement_movement_cost3,14,5.736901622027685,0.569292901163571,3.7005212706044794,0.5584877326924432
michalewicz,log_improvement_movement_cost3,log_improvement_movement_cost3,15,5.610356555887511,0.55096965225565,3.901715314093489,0.5367816203944468
michalewicz,log_improvement_movement_cost3,log_improvement_movement_cost3,16,5.610356555887511,0.55096965225565,4.040478812706845,0.5698177444809446
michalewicz,log_improvement_movement_cost3,log_improvement_movement_cost3,17,5.610356555887511,0.55096965225565,4.14530688699215,0.5853086213737213
michalewicz,log_improvement_movement_cost3,log_improvement_movement_cost3,18,5.610356555887511,0.55096965225565,4.313072488428424,0.6172301525354519
michalewicz,log_improvement_movement_cost3,log_improvement_movement_cost3,19,5.568713652074149,0.5575126380669009,4.443881013616262,0.6199007801208575
michalewicz,log_improvement_movement_cost3,log_improvement_movement_cost3,20,5.568713652074149,0.5575126380669009,4.579419541051094,0.6227425350621195
michalewicz,log_improvement_movement_cost3,log_improvement_movement_cost3,21,5.568713652074149,0.5575126380669009,4.750391052182336,0.6283785098875371
michalewicz,log_improvement_movement_cost3,log_improvement_movement_cost3,22,5.568713652074149,0.5575126380669009,4.985619539256592,0.604856668107538
michalewicz,log_improvement_movement_cost3,log_improvement_movement_cost3,23,5.568713652074149,0.5575126380669009,5.110092749808412,0.6119355026407941
michalewicz,log_improvement_movement_cost3,log_improvement_movement_cost3,24,5.568713652074149,0.5575126380669009,5.24708456173968,0.6393552605610326
michalewicz,log_improvement_movement_cost3,log_improvement_movement_cost3,25,5.568713652074149,0.5575126380669009,5.396185733751284,0.6863515095907822
michalewicz,log_improvement_movement_cost3,log_improvement_movement_cost3,26,5.005089498294372,0.3425479975456824,5.5199507213082315,0.704134186868396
michalewicz,log_improvement_movement_cost3,log_improvement_movement_cost3,27,5.005089498294372,0.3425479975456824,5.685230150943895,0.7668846964078448
michalewicz,log_improvement_movement_cost3,log_improvement_movement_cost3,28,5.005089498294372,0.3425479975456824,5.8387144259952075,0.7856167054130938
michalewicz,log_improvement_movement_cost3,log_improvement_movement_cost3,29,5.005089498294372,0.3425479975456824,6.030767162081735,0.7998338561868392
michalewicz,log_improvement_movement_cost3,log_improvement_movement_cost3,30,5.005089498294372,0.3425479975456824,6.171813636668472,0.7905400575532812
michalewicz,log_improvement_movement_cost3,log_improvement_movement_cost3,31,5.005089498294372,0.3425479975456824,6.304893690751668,0.8032207832716783
michalewicz,log_improvement_movement_cost3,log_improvement_movement_cost3,32,5.005089498294372,0.3425479975456824,6.457346580912994,0.8514362947771497
michalewicz,log_improvement_movement_cost3,log_improvement_movement_cost3,33,5.005089498294372,0.3425479975456824,6.636330057226499,0.8697034815603669
michalewicz,log_improvement_movement_cost3,log_improvement_movement_cost3,34,5.005089498294372,0.3425479975456824,6.766760477459571,0.8410637881063436
michalewicz,log_improvement_movement_cost3,log_improvement_movement_cost3,35,5.005089498294372,0.3425479975456824,6.887116195861441,0.8347206335617349
michalewicz,log_improvement_movement_cost3,log_improvement_movement_cost3,36,5.005089498294372,0.3425479975456824,7.032205262403406,0.8462341683077488
michalewicz,log_improvement_movement_cost3,log_improvement_movement_cost3,37,5.005089498294372,0.3425479975456824,7.182026444117284,0.8419134282753964
michalewicz,log_improvement_movement_cost3,log_improvement_movement_cost3,38,5.005089498294372,0.3425479975456824,7.3346798990914435,0.838213842472179
michalewicz,log_improvement_movement_cost3,log_improvement_movement_cost3,39,5.005089498294372,0.3425479975456824,7.492287182820724,0.8377182593718985
michalewicz,log_improvement_movement_cost3,log_improvement_movement_cost3,40,5.005089498294372,0.3425479975456824,7.666427143126204,0.8494403858334575
michalewicz,log_improvement_movement_cost3,log_improvement_movement_cost3,41,5.005089498294372,0.3425479975456824,7.7759994571605375,0.849812598300797
michalewicz,log_improvement_movement_cost3,log_improvement_movement_cost3,42,5.005089498294372,0.3425479975456824,7.971310933354481,0.8029959453503535
michalewicz,log_improvement_movement_cost3,log_improvement_movement_cost3,43,5.005089498294372,0.3425479975456824,8.140588742258823,0.7912795765861175
michalewicz,log_improvement_movement_cost3,log_improvement_movement_cost3,44,4.8380913071791545,0.43401239285546744,8.270066932304175,0.8047780078567122
michalewicz,log_improvement_movement_cost3,log_improvement_movement_cost3,45,4.8380913071791545,0.43401239285546744,8.385011411557477,0.7894792182448265
michalewicz,log_improvement_movement_cost3,log_improvement_movement_cost3,46,4.788026955788539,0.48103461898671834,8.505350032375476,0.7818162019562791
michalewicz,log_improvement_movement_cost3,log_improvement_movement_cost3,47,4.582030264923923,0.7168908902100101,8.625513490417129,0.8056294101025558
michalewicz,log_improvement_movement_cost3,log_improvement_movement_cost3,48,4.582030264923923,0.7168908902100101,8.791010134352696,0.825305404289701
michalewicz,log_improvement_movement_cost3,log_improvement_movement_cost3,49,4.582030264923923,0.7168908902100101,8.964312377269396,0.8284103054142659
michalewicz,optimistic_selected,optimistic_improvement_movement_cost3,0,6.058451746840696,0.7473237350214,1.0084036509523584,0.17630900272024685
michalewicz,optimistic_selected,optimistic_improvement_movement_cost3,1,5.875885696970201,0.9976603682398946,1.2187196067099084,0.20221659836037018
michalewicz,optimistic_selected,optimistic_improvement_movement_cost3,2,5.7115288824146715,0.8588946637847816,1.4194378167118968,0.22429622692125317
michalewicz,optimistic_selected,optimistic_improvement_movement_cost3,3,5.7115288824146715,0.8588946637847816,1.6059112090323362,0.19911101358898398
michalewicz,optimistic_selected,optimistic_improvement_movement_cost3,4,5.7115288824146715,0.8588946637847816,1.817354961372737,0.244553912852736
michalewicz,optimistic_selected,optimistic_improvement_movement_cost3,5,5.7115288824146715,0.8588946637847816,1.9681132965761743,0.22331598830285931
michalewicz,optimistic_selected,optimistic_improvement_movement_cost3,6,5.7115288824146715,0.8588946637847816,2.151964932934331,0.22353348395753195
michalewicz,optimistic_selected,optimistic_improvement_movement_cost3,7,5.704927348802823,0.8543586972568854,2.366235784627775,0.2632190644911632
michalewicz,optimistic_selected,optimistic_improvement_movement_cost3,8,5.704927348802823,0.8543586972568854,2.5380454484798793,0.29424751643060154
michalewicz,optimistic_selected,optimistic_improvement_movement_cost3,9,5.704927348802823,0.8543586972568854,2.7413595704261398,0.30331138510058275
michalewicz,optimistic_selected,optimistic_improvement_movement_cost3,10,5.704927348802823,0.8543586972568854,2.8897932982742653,0.32648342821564313
michalewicz,optimistic_selected,optimistic_improvement_movement_cost3,11,5.704927348802823,0.8543586972568854,3.0440226283910605,0.3229117088735511
michalewicz,optimistic_selected,optimistic_improvement_movement_cost3,12,5.597498613529261,0.7864560129797068,3.2144225723033686,0.3726217687704431
michalewicz,optimistic_selected,optimistic_improvement_movement_cost3,13,5.597498613529261,0.7864560129797068,3.358115012973243,0.38264591080190036
michalewicz,optimistic_selected,optimistic_improvement_movement_cost3,14,5.597498613529261,0.7864560129797068,3.532657642687959,0.3966891288288252
michalewicz,optimistic_selected,optimistic_improvement_movement_cost3,15,5.597498613529261,0.7864560129797068,3.740622786510045,0.3806932539337897
michalewicz,optimistic_selected,optimistic_improvement_movement_cost3,16,5.597498613529261,0.7864560129797068,3.9157796345652596,0.3803040717053707
michalewicz,optimistic_selected,optimistic_improvement_movement_cost3,17,5.597498613529261,0.7864560129797068,4.026599769410713,0.3856992196103225
michalewicz,optimistic_selected,optimistic_improvement_movement_cost3,18,5.597498613529261,0.7864560129797068,4.210602920625647,0.38841301176778886
michalewicz,optimistic_selected,optimistic_improvement_movement_cost3,19,5.597498613529261,0.7864560129797068,4.380810144163713,0.4062899006487127
michalewicz,optimistic_selected,optimistic_improvement_movement_cost3,20,5.597498613529261,0.7864560129797068,4.527520434457916,0.4042616521348914
michalewicz,optimistic_selected,optimistic_improvement_movement_cost3,21,5.597498613529261,0.7864560129797068,4.728848278214866,0.40202992916753705
michalewicz,optimistic_selected,optimistic_improvement_movement_cost3,22,5.597498613529261,0.7864560129797068,4.9274767034650955,0.373015092953233
michalewicz,optimistic_selected,optimistic_improvement_movement_cost3,23,5.597498613529261,0.7864560129797068,5.085735489074074,0.37328368513761145
michalewicz,optimistic_selected,optimistic_improvement_movement_cost3,24,5.597498613529261,0.7864560129797068,5.244389661188385,0.3607507148192641
michalewicz,optimistic_selected,optimistic_improvement_movement_cost3,25,5.597498613529261,0.7864560129797068,5.371357181415244,0.37666449679279435
michalewicz,optimistic_selected,optimistic_improvement_movement_cost3,26,5.597498613529261,0.7864560129797068,5.502727718375947,0.3868393844883858
michalewicz,optimistic_selected,optimistic_improvement_movement_cost3,27,5.248880930067771,0.7582406403018296,5.638558993264997,0.397700705795704
michalewicz,optimistic_selected,optimistic_improvement_movement_cost3,28,5.248880930067771,0.7582406403018296,5.801548282570853,0.3638168924375917
michalewicz,optimistic_selected,optimistic_improvement_movement_cost3,29,5.248880930067771,0.7582406403018296,5.982035681521697,0.3518405569195168
michalewicz,optimistic_selected,optimistic_improvement_movement_cost3,30,4.918170061410155,0.32724005604554673,6.114641059413711,0.3927690447038091
michalewicz,optimistic_selected,optimistic_improvement_movement_cost3,31,4.396733642822231,0.5080482772346974,6.248995595694052,0.4288002518263037
michalewicz,optimistic_selected,optimistic_improvement_movement_cost3,32,4.396733642822231,0.5080482772346974,6.402347001854168,0.4415687000203502
michalewicz,optimistic_selected,optimistic_improvement_movement_cost3,33,4.396733642822231,0.5080482772346974,6.5730441198861955,0.44872139976060305
michalewicz,optimistic_selected,optimistic_improvement_movement_cost3,34,4.396733642822231,0.5080482772346974,6.7094353409653165,0.4011329384826496
michalewicz,optimistic_selected,optimistic_improvement_movement_cost3,35,4.396733642822231,0.5080482772346974,6.84423249322244,0.3833893656121714
michalewicz,optimistic_selected,optimistic_improvement_movement_cost3,36,4.396733642822231,0.5080482772346974,6.99294176752646,0.3828637568431455
michalewicz,optimistic_selected,optimistic_improvement_movement_cost3,37,4.396733642822231,0.5080482772346974,7.156845233519633,0.4206632349066061
michalewicz,optimistic_selected,optimistic_improvement_movement_cost3,38,4.396733642822231,0.5080482772346974,7.346193796390018,0.4216339733011369
michalewicz,optimistic_selected,optimistic_improvement_movement_cost3,39,4.396733642822231,0.5080482772346974,7.51497539353003,0.41662743147944653
michalewicz,optimistic_selected,optimistic_improvement_movement_cost3,40,4.396733642822231,0.5080482772346974,7.694779644731483,0.4087238503619955
michalewicz,optimistic_selected,optimistic_improvement_movement_cost3,41,4.396733642822231,0.5080482772346974,7.843951901697331,0.38949656213401196
michalewicz,optimistic_selected,optimistic_improvement_movement_cost3,42,4.396733642822231,0.5080482772346974,8.021680072691415,0.37410288160236604
michalewicz,optimistic_selected,optimistic_improvement_movement_cost3,43,4.396733642822231,0.5080482772346974,8.184198918367812,0.37184834688708684
michalewicz,optimistic_selected,optimistic_improvement_movement_cost3,44,4.396733642822231,0.5080482772346974,8.29766859962831,0.4108924481956961
michalewicz,optimistic_selected,optimistic_improvement_movement_cost3,45,4.396733642822231,0.5080482772346974,8.422010425920066,0.397731897399705
michalewicz,optimistic_selected,optimistic_improvement_movement_cost3,46,4.324127876826168,0.4318110311386982,8.554579930864328,0.37410527572596647
michalewicz,optimistic_selected,optimistic_improvement_movement_cost3,47,4.324127876826168,0.4318110311386982,8.677403198209024,0.38371409263355
michalewicz,optimistic_selected,optimistic_improvement_movement_cost3,48,4.324127876826168,0.4318110311386982,8.807353680238242,0.385234036297722
michalewicz,optimistic_selected,optimistic_improvement_movement_cost3,49,4.324127876826168,0.4318110311386982,8.974993545280947,0.3675763108143895
michalewicz,budgeted_exploration,budgeted_exploration,0,6.058451746840696,0.7473237350214,0.9933780162216923,0.18337330345181385
michalewicz,budgeted_exploration,budgeted_exploration,1,6.058451746840696,0.7473237350214,1.241308144671032,0.1798042353106495
michalewicz,budgeted_exploration,budgeted_exploration,2,6.0541028555213146,0.7428809908379247,1.4039174715397422,0.16769824897815325
michalewicz,budgeted_exploration,budgeted_exploration,3,6.0541028555213146,0.7428809908379247,1.6406450996880035,0.23919447242674413
michalewicz,budgeted_exploration,budgeted_exploration,4,6.0541028555213146,0.7428809908379247,1.865839734964278,0.21844530148536911
michalewicz,budgeted_exploration,budgeted_exploration,5,6.0541028555213146,0.7428809908379247,2.0429251862845828,0.2290674917916529
michalewicz,budgeted_exploration,budgeted_exploration,6,6.0541028555213146,0.7428809908379247,2.2372310058699423,0.27664600577745996
michalewicz,budgeted_exploration,budgeted_exploration,7,6.026907441560156,0.7156720972488478,2.435204201652096,0.294598544389784
michalewicz,budgeted_exploration,budgeted_exploration,8,5.982137473727242,0.6732745245697119,2.5819492440637526,0.3320303380988809
michalewicz,budgeted_exploration,budgeted_exploration,9,5.982137473727242,0.6732745245697119,2.793825229158365,0.42416377676273026
michalewicz,budgeted_exploration,budgeted_exploration,10,5.752918652113041,0.5266910555056277,2.9609412123251424,0.4353137960213313
michalewicz,budgeted_exploration,budgeted_exploration,11,5.752918652113041,0.5266910555056277,3.129535174775611,0.48275015600934634
michalewicz,budgeted_exploration,budgeted_exploration,12,5.752918652113041,0.5266910555056277,3.30752417671957,0.48873882857177264
michalewicz,budgeted_exploration,budgeted_exploration,13,5.752918652113041,0.5266910555056277,3.4782330976609863,0.5318933986180189
michalewicz,budgeted_exploration,budgeted_exploration,14,5.752918652113041,0.5266910555056277,3.6819556006756318,0.5530194505994112
michalewicz,budgeted_exploration,budgeted_exploration,15,5.752918652113041,0.5266910555056277,3.9114906574242325,0.5732412847735234
michalewicz,budgeted_exploration,budgeted_exploration,16,5.752918652113041,0.5266910555056277,4.082113497575926,0.550814399430213
michalewicz,budgeted_exploration,budgeted_exploration,17,5.752918652113041,0.5266910555056277,4.238341247602505,0.5624687048245335
michalewicz,budgeted_exploration,budgeted_exploration,18,5.752918652113041,0.5266910555056277,4.376370118466713,0.5669387335008631
michalewicz,budgeted_exploration,budgeted_exploration,19,5.752918652113041,0.5266910555056277,4.540033516998881,0.560999691667437
michalewicz,budgeted_exploration,budgeted_exploration,20,5.752918652113041,0.5266910555056277,4.708435466584351,0.5259641266169274
michalewicz,budgeted_exploration,budgeted_exploration,21,5.682764698610839,0.45775883234683845,4.88198845355332,0.5248473570850973
michalewicz,budgeted_exploration,budgeted_exploration,22,5.682764698610839,0.45775883234683845,5.084881295180014,0.49267271615261227
michalewicz,budgeted_exploration,budgeted_exploration,23,5.522608824556564,0.35832164547071343,5.26109401413069,0.5137685864080511
michalewicz,budgeted_exploration,budgeted_exploration,24,5.522608824556564,0.35832164547071343,5.431108626981323,0.5451550335904494
michalewicz,budgeted_exploration,budgeted_exploration,25,5.522608824556564,0.35832164547071343,5.575795674250384,0.576153073499229
michalewicz,budgeted_exploration,budgeted_exploration,26,5.517565349050343,0.352936353801199,5.705763965428193,0.6026312009929243
michalewicz,budgeted_exploration,budgeted_exploration,27,5.517565349050343,0.352936353801199,5.86396781650749,0.633589610265775
michalewicz,budgeted_exploration,budgeted_exploration,28,5.517565349050343,0.352936353801199,6.03664935929467,0.6446188303272368
michalewicz,budgeted_exploration,budgeted_exploration,29,5.517565349050343,0.352936353801199,6.219574588592105,0.6715488127884123
michalewicz,budgeted_exploration,budgeted_exploration,30,5.188568637951455,0.30740782092096947,6.40258430054516,0.6876724501545147
michalewicz,budgeted_exploration,budgeted_exploration,31,5.188568637951455,0.30740782092096947,6.563496133559973,0.715991904637315
michalewicz,budgeted_exploration,budgeted_exploration,32,5.188568637951455,0.30740782092096947,6.748251280442022,0.7132629628744117
michalewicz,budgeted_exploration,budgeted_exploration,33,5.188568637951455,0.30740782092096947,6.918061230101031,0.742502644026262
michalewicz,budgeted_exploration,budgeted_exploration,34,5.154978024937631,0.34027788538005693,7.093442859004997,0.7253018886765606
michalewicz,budgeted_exploration,budgeted_exploration,35,5.154978024937631,0.34027788538005693,7.239798649522399,0.7636036918042876
michalewicz,budgeted_exploration,budgeted_exploration,36,5.154978024937631,0.34027788538005693,7.433700143278922,0.7701029151311343
michalewicz,budgeted_exploration,budgeted_exploration,37,5.154978024937631,0.34027788538005693,7.633852815475902,0.759977549980338
michalewicz,budgeted_exploration,budgeted_exploration,38,5.154978024937631,0.34027788538005693,7.802353280639387,0.7700851647950953
michalewicz,budgeted_exploration,budgeted_exploration,39,5.154978024937631,0.34027788538005693,7.954181852616155,0.7982125425244312
michalewicz,budgeted_exploration,budgeted_exploration,40,5.153262783460771,0.34204862549367815,8.105678012164512,0.7786695466359571
michalewicz,budgeted_exploration,budgeted_exploration,41,5.153262783460771,0.34204862549367815,8.253131186316109,0.8292835254326454
michalewicz,budgeted_exploration,budgeted_exploration,42,5.153262783460771,0.34204862549367815,8.45759994314159,0.8196350216442623
michalewicz,budgeted_exploration,budgeted_exploration,43,5.153262783460771,0.34204862549367815,8.656878423108095,0.7889594048200466
michalewicz,budgeted_exploration,budgeted_exploration,44,5.153262783460771,0.34204862549367815,8.804295207923422,0.8040505132668186
michalewicz,budgeted_exploration,budgeted_exploration,45,5.153262783460771,0.34204862549367815,8.948671239948352,0.7631786610424103
michalewicz,budgeted_exploration,budgeted_exploration,46,5.153262783460771,0.34204862549367815,9.106370896058444,0.7264614588061389
michalewicz,budgeted_exploration,budgeted_exploration,47,5.153262783460771,0.34204862549367815,9.249924382984625,0.7438845156697574
michalewicz,budgeted_exploration,budgeted_exploration,48,5.153262783460771,0.34204862549367815,9.381036333887792,0.7324982523406265
michalewicz,budgeted_exploration,budgeted_exploration,49,5.153262783460771,0.34204862549367815,9.551813165496391,0.7425500732190671
michalewicz,lookahead_budgeted_exploration,lookahead_budgeted_exploration,0,6.058451746840696,0.7473237350214,0.9923074365170729,0.18266323097181808
michalewicz,lookahead_budgeted_exploration,lookahead_budgeted_exploration,1,6.058451746840696,0.7473237350214,1.2342435221583203,0.18493110345369035
michalewicz,lookahead_budgeted_exploration,lookahead_budgeted_exploration,2,6.058451746840696,0.7473237350214,1.3629503117521997,0.20572636267828198
michalewicz,lookahead_budgeted_exploration,lookahead_budgeted_exploration,3,6.058451746840696,0.7473237350214,1.5328894982768968,0.24787391128917172
michalewicz,lookahead_budgeted_exploration,lookahead_budgeted_exploration,4,6.058451746840696,0.7473237350214,1.709646107459685,0.28167802449385193
michalewicz,lookahead_budgeted_exploration,lookahead_budgeted_exploration,5,6.04075682600953,0.7418440658691573,1.9319484773528834,0.2982344935096951
michalewicz,lookahead_budgeted_exploration,lookahead_budgeted_exploration,6,6.008802535024633,0.7087452997712487,2.1055519606821838,0.34956189341978117
michalewicz,lookahead_budgeted_exploration,lookahead_budgeted_exploration,7,6.008802535024633,0.7087452997712487,2.2965641172291367,0.43444254238086794
michalewicz,lookahead_budgeted_exploration,lookahead_budgeted_exploration,8,6.008802535024633,0.7087452997712487,2.5240746428456537,0.5078026514037778
michalewicz,lookahead_budgeted_exploration,lookahead_budgeted_exploration,9,6.008802535024633,0.7087452997712487,2.7170485983733212,0.5291520630931372
michalewicz,lookahead_budgeted_exploration,lookahead_budgeted_exploration,10,5.900247603387687,0.6080438397756938,2.8782906351954556,0.537029297175833
michalewicz,lookahead_budgeted_exploration,lookahead_budgeted_exploration,11,5.900247603387687,0.6080438397756938,3.0307426832951236,0.5524639042499248
michalewicz,lookahead_budgeted_exploration,lookahead_budgeted_exploration,12,5.573552170894345,0.8474936690589603,3.2083718025578687,0.5542856569391706
michalewicz,lookahead_budgeted_exploration,lookahead_budgeted_exploration,13,5.573552170894345,0.8474936690589603,3.4031861700534543,0.6352776154820059
michalewicz,lookahead_budgeted_exploration,lookahead_budgeted_exploration,14,5.573552170894345,0.8474936690589603,3.5914418565054724,0.6051759713693168
michalewicz,lookahead_budgeted_exploration,lookahead_budgeted_exploration,15,5.071482363851447,0.874394473318907,3.7317272754398325,0.5767308863554436
michalewicz,lookahead_budgeted_exploration,lookahead_budgeted_exploration,16,5.071482363851447,0.874394473318907,3.8836748915522556,0.5618021133216011
michalewicz,lookahead_budgeted_exploration,lookahead_budgeted_exploration,17,5.071482363851447,0.874394473318907,4.066518027613913,0.6033053874270604
michalewicz,lookahead_budgeted_exploration,lookahead_budgeted_exploration,18,5.071482363851447,0.874394473318907,4.2221597933563695,0.6071029512233116
michalewicz,lookahead_budgeted_exploration,lookahead_budgeted_exploration,19,4.758667191161073,0.43385352530895976,4.392850779758267,0.5867770985976445
michalewicz,lookahead_budgeted_exploration,lookahead_budgeted_exploration,20,4.333189703363614,0.18048440451399902,4.526315193593686,0.6206068147394087
michalewicz,lookahead_budgeted_exploration,lookahead_budgeted_exploration,21,4.333189703363614,0.18048440451399902,4.690958700320011,0.6094000557296894
michalewicz,lookahead_budgeted_exploration,lookahead_budgeted_exploration,22,4.333189703363614,0.18048440451399902,4.87294316191936,0.5657860873739993
michalewicz,lookahead_budgeted_exploration,lookahead_budgeted_exploration,23,4.333189703363614,0.18048440451399902,5.054414891971555,0.5120956903013757
michalewicz,lookahead_budgeted_exploration,lookahead_budgeted_exploration,24,4.333189703363614,0.18048440451399902,5.234846885924579,0.4885114534259242
michalewicz,lookahead_budgeted_exploration,lookahead_budgeted_exploration,25,4.333189703363614,0.18048440451399902,5.388375016127859,0.46827304523140584
michalewicz,lookahead_budgeted_exploration,lookahead_budgeted_exploration,26,4.333189703363614,0.18048440451399902,5.527549600083428,0.4448498252676246
michalewicz,lookahead_budgeted_exploration,lookahead_budgeted_exploration,27,4.333189703363614,0.18048440451399902,5.678918320449024,0.43138350683243193
michalewicz,lookahead_budgeted_exploration,lookahead_budgeted_exploration,28,4.333189703363614,0.18048440451399902,5.826529679642093,0.40472373065874545
michalewicz,lookahead_budgeted_exploration,lookahead_budgeted_exploration,29,4.333189703363614,0.18048440451399902,5.9836773377505805,0.3909819346659973
michalewicz,lookahead_budgeted_exploration,lookahead_budgeted_exploration,30,4.333189703363614,0.18048440451399902,6.123356632834207,0.3825690171123939
michalewicz,lookahead_budgeted_exploration,lookahead_budgeted_exploration,31,4.333189703363614,0.18048440451399902,6.271470117496203,0.3919311008356186
michalewicz,lookahead_budgeted_exploration,lookahead_budgeted_exploration,32,4.333189703363614,0.18048440451399902,6.461920852696012,0.4103694883462047
michalewicz,lookahead_budgeted_exploration,lookahead_budgeted_exploration,33,4.333189703363614,0.18048440451399902,6.650865062114472,0.4246097400830106
michalewicz,lookahead_budgeted_exploration,lookahead_budgeted_exploration,34,4.333189703363614,0.18048440451399902,6.790482124708827,0.4196654915211471
michalewicz,lookahead_budgeted_exploration,lookahead_budgeted_exploration,35,4.333189703363614,0.18048440451399902,6.92797730619347,0.44846439050996323
michalewicz,lookahead_budgeted_exploration,lookahead_budgeted_exploration,36,4.333189703363614,0.18048440451399902,7.089842174447793,0.4548204100668998
michalewicz,lookahead_budgeted_exploration,lookahead_budgeted_exploration,37,4.333189703363614,0.18048440451399902,7.236634287711048,0.44965520515447255
michalewicz,lookahead_budgeted_exploration,lookahead_budgeted_exploration,38,4.333189703363614,0.18048440451399902,7.378077992065875,0.4284846730410614
michalewicz,lookahead_budgeted_exploration,lookahead_budgeted_exploration,39,4.333189703363614,0.18048440451399902,7.554830410166112,0.4421624293956011
michalewicz,lookahead_budgeted_exploration,lookahead_budgeted_exploration,40,4.333189703363614,0.18048440451399902,7.758100180207706,0.46452757164902503
michalewicz,lookahead_budgeted_exploration,lookahead_budgeted_exploration,41,4.333189703363614,0.18048440451399902,7.921051978998406,0.4301079509553829
michalewicz,lookahead_budgeted_exploration,lookahead_budgeted_exploration,42,4.333189703363614,0.18048440451399902,8.094529360549203,0.4060775184265277
michalewicz,lookahead_budgeted_exploration,lookahead_budgeted_exploration,43,4.333189703363614,0.18048440451399902,8.24694659113785,0.4096588711039079
michalewicz,lookahead_budgeted_exploration,lookahead_budgeted_exploration,44,4.333189703363614,0.18048440451399902,8.399168683090549,0.4012313774854503
michalewicz,lookahead_budgeted_exploration,lookahead_budgeted_exploration,45,4.333189703363614,0.18048440451399902,8.529999487004583,0.4056844942424889
michalewicz,lookahead_budgeted_exploration,lookahead_budgeted_exploration,46,4.333189703363614,0.18048440451399902,8.662425519836766,0.411428423239368
michalewicz,lookahead_budgeted_exploration,lookahead_budgeted_exploration,47,4.333189703363614,0.18048440451399902,8.85684334601025,0.38474544082556295
michalewicz,lookahead_budgeted_exploration,lookahead_budgeted_exploration,48,4.333189703363614,0.18048440451399902,9.026853095467752,0.3711472692519239
michalewicz,lookahead_budgeted_exploration,lookahead_budgeted_exploration,49,4.333189703363614,0.18048440451399902,9.163555522318724,0.35447981802804635
