function,method,reward_dir,iteration,best_regret_mean,best_regret_std,cum_scaled_move_cost_mean,cum_scaled_move_cost_std
rastrigin,pure_bo,pure_bo,0,47.89154360073737,5.723736249081757,0.6554381886435794,0.04742610408296477
rastrigin,pure_bo,pure_bo,1,47.89154360073737,5.723736249081757,1.2295431730776916,0.4007149263674193
rastrigin,pure_bo,pure_bo,2,47.89154360073737,5.723736249081757,1.6321013172275916,0.5804184986158576
rastrigin,pure_bo,pure_bo,3,47.89154360073737,5.723736249081757,2.195842763069692,0.7800226453956148
rastrigin,pure_bo,pure_bo,4,43.06610549613765,5.806393393450482,2.9474750868304214,1.0775391035578687
rastrigin,pure_bo,pure_bo,5,43.06610549613765,5.806393393450482,3.304251607617305,1.0844825858039118
rastrigin,pure_bo,pure_bo,6,43.06610549613765,5.806393393450482,3.7843406638351715,1.2656715816062216
rastrigin,pure_bo,pure_bo,7,42.727400101219246,5.33111302992267,4.125787800470938,1.4418836889361872
rastrigin,pure_bo,pure_bo,8,42.727400101219246,5.33111302992267,4.631859461588628,1.5507484067073896
rastrigin,pure_bo,pure_bo,9,42.727400101219246,5.33111302992267,5.0894670029412294,1.726471246482156
rastrigin,pure_bo,pure_bo,10,42.57208977357768,5.419106209324384,5.328649805494071,1.9088285282814672
rastrigin,pure_bo,pure_bo,11,42.57208977357768,5.419106209324384,5.753256094536895,2.205349710593862
rastrigin,pure_bo,pure_bo,12,42.57208977357768,5.419106209324384,6.183739139318749,2.1317274594175797
rastrigin,pure_bo,pure_bo,13,42.57208977357768,5.419106209324384,6.69095913010617,2.324579752938234
rastrigin,pure_bo,pure_bo,14,42.57208977357768,5.419106209324384,7.194386421023815,2.8153916741726364
rastrigin,pure_bo,pure_bo,15,42.57208977357768,5.419106209324384,8.038744909584656,3.280637362221457
rastrigin,pure_bo,pure_bo,16,37.542711355788235,10.590117328250395,8.54542265534625,3.638709622442124
rastrigin,pure_bo,pure_bo,17,37.542711355788235,10.590117328250395,8.83823903346609,3.9458994898169393
rastrigin,pure_bo,pure_bo,18,37.542711355788235,10.590117328250395,9.200907513369401,4.323566486713851
rastrigin,pure_bo,pure_bo,19,37.542711355788235,10.590117328250395,9.91000952256043,4.849976145203858
rastrigin,pure_bo,pure_bo,20,37.542711355788235,10.590117328250395,10.335775426215209,5.094916514200795
rastrigin,pure_bo,pure_bo,21,37.542711355788235,10.590117328250395,10.70772993105892,5.364628584981723
rastrigin,pure_bo,pure_bo,22,37.542711355788235,10.590117328250395,11.222364694193766,5.452776361005033
rastrigin,pure_bo,pure_bo,23,37.542711355788235,10.590117328250395,11.924631701471377,5.7551358796760015
rastrigin,pure_bo,pure_bo,24,37.542711355788235,10.590117328250395,12.565509698803984,6.1169982252573245
rastrigin,pure_bo,pure_bo,25,37.542711355788235,10.590117328250395,13.412376679190961,6.388494296433646
rastrigin,pure_bo,pure_bo,26,37.542711355788235,10.590117328250395,14.458064456734407,6.208775210697013
rastrigin,pure_bo,pure_bo,27,37.542711355788235,10.590117328250395,15.719328893828349,5.943373848050662
rastrigin,pure_bo,pure_bo,28,37.542711355788235,10.590117328250395,16.85303725759407,5.558677249163883
rastrigin,pure_bo,pure_bo,29,37.542711355788235,10.590117328250395,17.807445890217696,5.256064595876196
rastrigin,pure_bo,pure_bo,30,37.542711355788235,10.590117328250395,18.749945377612274,5.277459526042869
rastrigin,pure_bo,pure_bo,31,37.542711355788235,10.590117328250395,19.92149395422725,4.76947742670225
rastrigin,pure_bo,pure_bo,32,37.542711355788235,10.590117328250395,20.851749538473072,4.5740493329326055
rastrigin,pure_bo,pure_bo,33,37.542711355788235,10.590117328250395,21.517764195278602,4.1238889471862645
rastrigin,pure_bo,pure_bo,34,37.542711355788235,10.590117328250395,22.537503703853645,4.074454633107072
rastrigin,pure_bo,pure_bo,35,37.542711355788235,10.590117328250395,22.881704723271444,3.9846536557951935
rastrigin,pure_bo,pure_bo,36,37.542711355788235,10.590117328250395,23.27906713677785,3.9614556725521086
rastrigin,pure_bo,pure_bo,37,37.542711355788235,10.590117328250395,23.575336785038605,3.9953435385345473
rastrigin,pure_bo,pure_bo,38,37.542711355788235,10.590117328250395,23.850374116600534,3.8842641818506864
rastrigin,pure_bo,pure_bo,39,37.542711355788235,10.590117328250395,24.023807460294545,3.8784820409224348
rastrigin,pure_bo,pure_bo,40,37.542711355788235,10.590117328250395,24.22721112259335,3.873813965352373
rastrigin,pure_bo,pure_bo,41,37.542711355788235,10.590117328250395,24.55169230754214,3.9498494532391364
rastrigin,pure_bo,pure_bo,42,37.542711355788235,10.590117328250395,24.603807671696057,3.8770026387711995
rastrigin,pure_bo,pure_bo,43,37.542711355788235,10.590117328250395,24.700421998390194,3.7420438329936148
rastrigin,pure_bo,pure_bo,44,37.542711355788235,10.590117328250395,24.761950313619092,3.6561608739200104
rastrigin,pure_bo,pure_bo,45,37.542711355788235,10.590117328250395,24.92510161202576,3.428705868846512
rastrigin,pure_bo,pure_bo,46,37.542711355788235,10.590117328250395,25.105782786455013,3.177363126187075
rastrigin,pure_bo,pure_bo,47,37.542711355788235,10.590117328250395,25.22299985887477,3.0146800976471075
rastrigin,pure_bo,pure_bo,48,37.542711355788235,10.590117328250395,25.421628914684508,2.739852130030462
rastrigin,pure_bo,pure_bo,49,37.542711355788235,10.590117328250395,25.625835498236725,2.458739064531059
rastrigin,earlbo,earlbo,0,49.040620718391544,4.1100094252459325,0.6790798306226161,0.18912382151237375
rastrigin,earlbo,earlbo,1,49.040620718391544,4.1100094252459325,0.9645280213848503,0.20508548475487923
rastrigin,earlbo,earlbo,2,40.116851881098995,16.70000806800607,1.1363603159873092,0.2630307828298829
rastrigin,earlbo,earlbo,3,35.757852175304095,14.016008308796412,1.303266014131367,0.28479344302217136
rastrigin,earlbo,earlbo,4,35.757852175304095,14.016008308796412,1.62376998287971,0.31697656178676037
rastrigin,earlbo,earlbo,5,34.45182618641494,13.618611393081547,1.902417385122473,0.4173975124873877
rastrigin,earlbo,earlbo,6,34.45182618641494,13.618611393081547,2.0241010360082012,0.401421353153719
rastrigin,earlbo,earlbo,7,34.45182618641494,13.618611393081547,2.314852514518608,0.4342556518258717
rastrigin,earlbo,earlbo,8,26.896751755508266,8.506744021910723,2.730689982617525,0.6495309119177269
rastrigin,earlbo,earlbo,9,26.896751755508266,8.506744021910723,3.0355394955484094,0.8673374679087861
rastrigin,earlbo,earlbo,10,26.896751755508266,8.506744021910723,3.291111742660146,0.9519844418613748
rastrigin,earlbo,earlbo,11,26.896751755508266,8.506744021910723,3.6400349432561097,0.9772633130687007
rastrigin,earlbo,earlbo,12,26.896751755508266,8.506744021910723,4.041207085096115,1.0115402020727928
rastrigin,earlbo,earlbo,13,24.75420880559493,6.062349039930872,4.207421116109705,0.9615556572245568
rastrigin,earlbo,earlbo,14,24.75420880559493,6.062349039930872,4.418919931967053,0.8808009526352322
rastrigin,earlbo,earlbo,15,24.75420880559493,6.062349039930872,4.623040445764163,0.8281406777904569
rastrigin,earlbo,earlbo,16,24.75420880559493,6.062349039930872,4.78162040786819,0.8394068870779937
rastrigin,earlbo,earlbo,17,24.75420880559493,6.062349039930872,5.029055311963071,0.8642533413361322
rastrigin,earlbo,earlbo,18,23.148933600339358,4.701308135598512,5.307699832676218,0.9411609944776225
rastrigin,earlbo,earlbo,19,23.148933600339358,4.701308135598512,5.487632414973,0.9436912079751537
rastrigin,earlbo,earlbo,20,23.148933600339358,4.701308135598512,5.74813024405773,1.0751505454156856
rastrigin,earlbo,earlbo,21,23.148933600339358,4.701308135598512,6.145902539463768,1.2908336699514626
rastrigin,earlbo,earlbo,22,23.148933600339358,4.701308135598512,6.417844582401979,1.3673045585526933
rastrigin,earlbo,earlbo,23,23.148933600339358,4.701308135598512,6.654598686175983,1.4883313645660743
rastrigin,earlbo,earlbo,24,23.148933600339358,4.701308135598512,6.920880087686949,1.5612355323172373
rastrigin,earlbo,earlbo,25,23.148933600339358,4.701308135598512,7.233492773290101,1.6434183297104783
rastrigin,earlbo,earlbo,26,23.148933600339358,4.701308135598512,7.624166253411271,1.8385460783008156
rastrigin,earlbo,earlbo,27,23.148933600339358,4.701308135598512,7.95598226531834,2.0799591279502647
rastrigin,earlbo,earlbo,28,23.148933600339358,4.701308135598512,8.213184331842026,2.1610770628333196
rastrigin,earlbo,earlbo,29,23.148933600339358,4.701308135598512,8.442142878830905,2.183996721933046
rastrigin,earlbo,earlbo,30,23.148933600339358,4.701308135598512,8.594491788848496,2.2523371099459575
rastrigin,earlbo,earlbo,31,23.148933600339358,4.701308135598512,8.856314664643884,2.3882283349739426
rastrigin,earlbo,earlbo,32,23.148933600339358,4.701308135598512,9.239996511445156,2.487969790428884
rastrigin,earlbo,earlbo,33,23.148933600339358,4.701308135598512,9.549466138423732,2.478581012552544
rastrigin,earlbo,earlbo,34,22.90755028459586,4.55970763544953,9.935041544042493,2.6099177050088325
rastrigin,earlbo,earlbo,35,22.90755028459586,4.55970763544953,10.29866146310093,2.7645747937848832
rastrigin,earlbo,earlbo,36,22.90755028459586,4.55970763544953,10.544375716249585,2.913215809057164
rastrigin,earlbo,earlbo,37,22.90755028459586,4.55970763544953,10.93588357207148,3.0833403777633297
rastrigin,earlbo,earlbo,38,22.90755028459586,4.55970763544953,11.379506957443242,3.238890183039507
rastrigin,earlbo,earlbo,39,22.90755028459586,4.55970763544953,11.804574644608932,3.486469829470838
rastrigin,earlbo,earlbo,40,22.90755028459586,4.55970763544953,12.165329282414362,3.5807497951852034
rastrigin,earlbo,earlbo,41,22.90755028459586,4.55970763544953,12.587141962350456,3.726808311861635
rastrigin,earlbo,earlbo,42,22.90755028459586,4.55970763544953,13.071587261195878,4.029960204788429
rastrigin,earlbo,earlbo,43,22.90755028459586,4.55970763544953,13.565357225561172,4.343107617735679
rastrigin,earlbo,earlbo,44,22.90755028459586,4.55970763544953,13.808927958328852,4.426996732727134
rastrigin,earlbo,earlbo,45,22.90755028459586,4.55970763544953,14.070363804161644,4.550398498662196
rastrigin,earlbo,earlbo,46,22.90755028459586,4.55970763544953,14.414687324451222,4.744169380038426
rastrigin,earlbo,earlbo,47,22.90755028459586,4.55970763544953,14.790965879110944,4.96374137841936
rastrigin,earlbo,earlbo,48,22.90755028459586,4.55970763544953,15.001734829765567,5.009783727007915
rastrigin,earlbo,earlbo,49,22.90755028459586,4.55970763544953,15.262987467267868,4.973374859138021
rastrigin,snake,snake,0,43.597266861623915,6.409171415481639,0.6215052976548519,0.16167440053074617
rastrigin,snake,snake,1,36.902098386572696,13.449970424099783,0.8742625243560479,0.33421865689977953
rastrigin,snake,snake,2,34.919919685824816,11.245239412626667,1.0044998986104061,0.355978128465428
rastrigin,snake,snake,3,34.919919685824816,11.245239412626667,1.1155579144062024,0.28388095077612946
rastrigin,snake,snake,4,34.919919685824816,11.245239412626667,1.2410491782478361,0.2388876731295284
rastrigin,snake,snake,5,34.919919685824816,11.245239412626667,1.397975622731809,0.3133226715306182
rastrigin,snake,snake,6,27.91345095047822,7.743368184681623,1.6302345289773952,0.25548056962654486
rastrigin,snake,snake,7,27.91345095047822,7.743368184681623,1.8289916476001238,0.2982504244041875
rastrigin,snake,snake,8,24.130155641017648,3.1335693957936837,2.178387785960284,0.5165403387139911
rastrigin,snake,snake,9,24.130155641017648,3.1335693957936837,2.44906895260271,0.709798722997572
rastrigin,snake,snake,10,24.130155641017648,3.1335693957936837,2.5717323031883197,0.7413146430784808
rastrigin,snake,snake,11,24.130155641017648,3.1335693957936837,2.8417743097593218,0.793048502388467
rastrigin,snake,snake,12,24.130155641017648,3.1335693957936837,3.1374140814071705,0.9371294571194012
rastrigin,snake,snake,13,24.130155641017648,3.1335693957936837,3.4147428868307745,1.0804991547439633
rastrigin,snake,snake,14,24.130155641017648,3.1335693957936837,3.735558620604818,1.260171192411362
rastrigin,snake,snake,15,24.130155641017648,3.1335693957936837,3.9599197858891686,1.3784174983073167
rastrigin,snake,snake,16,24.130155641017648,3.1335693957936837,4.217092478949045,1.5038988137133984
rastrigin,snake,snake,17,24.130155641017648,3.1335693957936837,4.447039797652429,1.633358638231746
rastrigin,snake,snake,18,24.130155641017648,3.1335693957936837,4.709202816600751,1.5088851834123673
rastrigin,snake,snake,19,24.130155641017648,3.1335693957936837,5.076763370505215,1.3122826589237997
rastrigin,snake,snake,20,24.130155641017648,3.1335693957936837,5.400932411804949,1.3747482829905067
rastrigin,snake,snake,21,24.130155641017648,3.1335693957936837,5.821893102721542,1.6055893684152869
rastrigin,snake,snake,22,21.49224953178153,3.9630638973386025,6.174959096890041,1.6912531517631355
rastrigin,snake,snake,23,21.49224953178153,3.9630638973386025,6.383642733084994,1.8406124909063182
rastrigin,snake,snake,24,21.49224953178153,3.9630638973386025,6.6106747973193505,2.0130330663377856
rastrigin,snake,snake,25,21.49224953178153,3.9630638973386025,6.766313411318912,2.104844168680482
rastrigin,snake,snake,26,21.49224953178153,3.9630638973386025,7.053902467892931,2.3663339095484783
rastrigin,snake,snake,27,21.49224953178153,3.9630638973386025,7.465579327577761,2.603658202300041
rastrigin,snake,snake,28,21.49224953178153,3.9630638973386025,7.83542227972436,2.568418546701437
rastrigin,snake,snake,29,21.49224953178153,3.9630638973386025,8.272999064828022,2.5859263019762717
rastrigin,snake,snake,30,21.49224953178153,3.9630638973386025,8.561326528668767,2.7576543911908282
rastrigin,snake,snake,31,21.49224953178153,3.9630638973386025,8.774309385521388,2.885476811223897
rastrigin,snake,snake,32,21.49224953178153,3.9630638973386025,9.070790060414966,3.1297309668218203
rastrigin,snake,snake,33,21.49224953178153,3.9630638973386025,9.456121739807699,3.4662794770143397
rastrigin,snake,snake,34,21.49224953178153,3.9630638973386025,9.78058688000934,3.545678904614094
rastrigin,snake,snake,35,20.42949390383936,2.5128622528961917,10.132147180894426,3.672047459375023
rastrigin,snake,snake,36,20.42949390383936,2.5128622528961917,10.52769371306403,4.091166233593413
rastrigin,snake,snake,37,20.42949390383936,2.5128622528961917,10.841924274824626,4.4198007299293245
rastrigin,snake,snake,38,20.42949390383936,2.5128622528961917,11.29790239311859,4.666905270601592
rastrigin,snake,snake,39,20.42949390383936,2.5128622528961917,11.624896470508773,4.764262216207951
rastrigin,snake,snake,40,20.42949390383936,2.5128622528961917,12.093334817338445,4.689814036402128
rastrigin,snake,snake,41,20.42949390383936,2.5128622528961917,12.533076269756108,4.604393652956866
rastrigin,snake,snake,42,20.42949390383936,2.5128622528961917,12.917459360239087,4.50984604956265
rastrigin,snake,snake,43,20.42949390383936,2.5128622528961917,13.389745466179896,4.53352915915002
rastrigin,snake,snake,44,20.42949390383936,2.5128622528961917,13.711754390479092,4.659660203939489
rastrigin,snake,snake,45,20.42949390383936,2.5128622528961917,14.24080758922486,4.771856445070584
rastrigin,snake,snake,46,20.42949390383936,2.5128622528961917,14.705843618295376,4.790447644259082
rastrigin,snake,snake,47,20.42949390383936,2.5128622528961917,15.028536750456558,4.904308102271631
rastrigin,snake,snake,48,19.9058763798708,2.749357029917287,15.345900431232204,4.8025296886318865
rastrigin,snake,snake,49,19.9058763798708,2.749357029917287,15.785519339478313,4.94349077638267
rastrigin,log_improvement_movement_cost3,log_improvement_movement_cost3,0,46.04532669319042,8.325725029921545,0.6001004602692736,0.13219910792766565
rastrigin,log_improvement_movement_cost3,log_improvement_movement_cost3,1,46.0395789874698,8.322156539503306,0.7333926159227174,0.1371052991667796
rastrigin,log_improvement_movement_cost3,log_improvement_movement_cost3,2,46.0395789874698,8.322156539503306,0.8462768682544458,0.12296999240364112
rastrigin,log_improvement_movement_cost3,log_improvement_movement_cost3,3,43.46376967624679,7.478912818608854,0.9867702276169283,0.11640542282788248
rastrigin,log_improvement_movement_cost3,log_improvement_movement_cost3,4,43.46376967624679,7.478912818608854,1.1488689064957274,0.11975196265089032
rastrigin,log_improvement_movement_cost3,log_improvement_movement_cost3,5,35.71361170663402,13.262724329359619,1.2533075096226234,0.10566786330788774
rastrigin,log_improvement_movement_cost3,log_improvement_movement_cost3,6,35.71361170663402,13.262724329359619,1.3168859256683787,0.11099542654807418
rastrigin,log_improvement_movement_cost3,log_improvement_movement_cost3,7,35.71361170663402,13.262724329359619,1.4442179584635522,0.09896467453298033
rastrigin,log_improvement_movement_cost3,log_improvement_movement_cost3,8,35.71361170663402,13.262724329359619,1.5757996227274076,0.11717567114392492
rastrigin,log_improvement_movement_cost3,log_improvement_movement_cost3,9,35.71361170663402,13.262724329359619,1.6874427131988081,0.12999161227532455
rastrigin,log_improvement_movement_cost3,log_improvement_movement_cost3,10,35.71361170663402,13.262724329359619,1.7983321855572445,0.1287758881529775
rastrigin,log_improvement_movement_cost3,log_improvement_movement_cost3,11,26.65235007240865,5.56670614190134,1.8646841965516643,0.10453382394485863
rastrigin,log_improvement_movement_cost3,log_improvement_movement_cost3,12,26.65235007240865,5.56670614190134,1.9779602907538967,0.09449226972028318
rastrigin,log_improvement_movement_cost3,log_improvement_movement_cost3,13,26.65235007240865,5.56670614190134,2.062484822484641,0.0860269779029075
rastrigin,log_improvement_movement_cost3,log_improvement_movement_cost3,14,26.65235007240865,5.56670614190134,2.131443243936876,0.09022963501925452
rastrigin,log_improvement_movement_cost3,log_improvement_movement_cost3,15,26.65235007240865,5.56670614190134,2.2071073850144676,0.09627168152825426
rastrigin,log_improvement_movement_cost3,log_improvement_movement_cost3,16,26.65235007240865,5.56670614190134,2.328611242855541,0.09097553203842743
rastrigin,log_improvement_movement_cost3,log_improvement_movement_cost3,17,26.65235007240865,5.56670614190134,2.424860713639729,0.10368005514742032
rastrigin,log_improvement_movement_cost3,log_improvement_movement_cost3,18,26.65235007240865,5.56670614190134,2.5557838592297393,0.10755807411630426
rastrigin,log_improvement_movement_cost3,log_improvement_movement_cost3,19,26.65235007240865,5.56670614190134,2.6668322335973067,0.07472632933414412
rastrigin,log_improvement_movement_cost3,log_improvement_movement_cost3,20,26.65235007240865,5.56670614190134,2.747342422322898,0.033801175716419905
rastrigin,log_improvement_movement_cost3,log_improvement_movement_cost3,21,26.65235007240865,5.56670614190134,2.854274263036743,0.00969320454021712
rastrigin,log_improvement_movement_cost3,log_improvement_movement_cost3,22,26.4464090614062,5.600904837248664,2.940639564660404,0.006967236231552981
rastrigin,log_improvement_movement_cost3,log_improvement_movement_cost3,23,26.4464090614062,5.600904837248664,3.042594058799931,0.021101732946417883
rastrigin,log_improvement_movement_cost3,log_improvement_movement_cost3,24,26.4464090614062,5.600904837248664,3.137324584842817,0.02878755273754757
rastrigin,log_improvement_movement_cost3,log_improvement_movement_cost3,25,26.4464090614062,5.600904837248664,3.250610986708825,0.01820510640941711
rastrigin,log_improvement_movement_cost3,log_improvement_movement_cost3,26,26.4464090614062,5.600904837248664,3.3808515385771685,0.02786062476044216
rastrigin,log_improvement_movement_cost3,log_improvement_movement_cost3,27,25.890163248919702,4.879117236174222,3.460194082788908,0.04712876692479886
rastrigin,log_improvement_movement_cost3,log_improvement_movement_cost3,28,25.890163248919702,4.879117236174222,3.5673425944205146,0.03435179179730923
rastrigin,log_improvement_movement_cost3,log_improvement_movement_cost3,29,20.40951951243189,3.9302614837265795,3.6495871400475437,0.008456094515581528
rastrigin,log_improvement_movement_cost3,log_improvement_movement_cost3,30,20.40951951243189,3.9302614837265795,3.7250125726111967,0.01310026277047715
rastrigin,log_improvement_movement_cost3,log_improvement_movement_cost3,31,15.377057993536106,4.09181472867158,3.8386387405667617,0.01767961201552845
rastrigin,log_improvement_movement_cost3,log_improvement_movement_cost3,32,15.377057993536106,4.09181472867158,3.9171537697074386,0.02339950685404758
rastrigin,log_improvement_movement_cost3,log_improvement_movement_cost3,33,15.377057993536106,4.09181472867158,4.021625841440087,0.009787854289654584
rastrigin,log_improvement_movement_cost3,log_improvement_movement_cost3,34,15.377057993536106,4.09181472867158,4.128378027326886,0.03918299253437088
rastrigin,log_improvement_movement_cost3,log_improvement_movement_cost3,35,15.377057993536106,4.09181472867158,4.21427796973561,0.04344838896892431
rastrigin,log_improvement_movement_cost3,log_improvement_movement_cost3,36,15.377057993536106,4.09181472867158,4.307971767383687,0.015256984521501094
rastrigin,log_improvement_movement_cost3,log_improvement_movement_cost3,37,15.377057993536106,4.09181472867158,4.421374556114816,0.012497124790016903
rastrigin,log_improvement_movement_cost3,log_improvement_movement_cost3,38,14.438705155624403,5.309431206232084,4.544041891189894,0.017909025262932456
rastrigin,log_improvement_movement_cost3,log_improvement_movement_cost3,39,13.67173823939151,5.238788383096255,4.629571408253762,0.03961147343610239
rastrigin,log_improvement_movement_cost3,log_improvement_movement_cost3,40,13.67173823939151,5.238788383096255,4.725900127279739,0.03555000821999109
rastrigin,log_improvement_movement_cost3,log_improvement_movement_cost3,41,13.67173823939151,5.238788383096255,4.829358937888354,0.03542792414812193
rastrigin,log_improvement_movement_cost3,log_improvement_movement_cost3,42,13.67173823939151,5.238788383096255,4.906025940410867,0.05755007010697564
rastrigin,log_improvement_movement_cost3,log_improvement_movement_cost3,43,13.67173823939151,5.238788383096255,5.0026942740239315,0.07061633925986062
rastrigin,log_improvement_movement_cost3,log_improvement_movement_cost3,44,13.67173823939151,5.238788383096255,5.104138825048458,0.048074461850966664
rastrigin,log_improvement_movement_cost3,log_improvement_movement_cost3,45,13.67173823939151,5.238788383096255,5.179736258443685,0.03558901308349975
rastrigin,log_improvement_movement_cost3,log_improvement_movement_cost3,46,13.67173823939151,5.238788383096255,5.311415848449677,0.0524661215355743
rastrigin,log_improvement_movement_cost3,log_improvement_movement_cost3,47,13.67173823939151,5.238788383096255,5.420220194123661,0.0727938852679159
rastrigin,log_improvement_movement_cost3,log_improvement_movement_cost3,48,13.467995868920049,4.985782258334576,5.507950494394309,0.06749988540586178
rastrigin,log_improvement_movement_cost3,log_improvement_movement_cost3,49,13.467995868920049,4.985782258334576,5.629758424590443,0.012666196093279472
rastrigin,optimistic_selected,optimistic_improvement_movement_cost3,0,49.040620718391544,4.1100094252459325,0.606187731466569,0.1423917332646106
rastrigin,optimistic_selected,optimistic_improvement_movement_cost3,1,40.39323160995796,9.368051731829837,0.7505387945716154,0.13742350883939858
rastrigin,optimistic_selected,optimistic_improvement_movement_cost3,2,31.250021543512194,5.604063763933617,0.8697323262900983,0.16820879547566825
rastrigin,optimistic_selected,optimistic_improvement_movement_cost3,3,31.250021543512194,5.604063763933617,1.0544598750332879,0.19875237991889722
rastrigin,optimistic_selected,optimistic_improvement_movement_cost3,4,27.51120524103943,4.152631838194936,1.1904490353233708,0.17603194982381531
rastrigin,optimistic_selected,optimistic_improvement_movement_cost3,5,26.33615275672769,5.046208099309505,1.2743004230092356,0.1898723551204903
rastrigin,optimistic_selected,optimistic_improvement_movement_cost3,6,26.33615275672769,5.046208099309505,1.4012153281508564,0.14881481040061592
rastrigin,optimistic_selected,optimistic_improvement_movement_cost3,7,26.33615275672769,5.046208099309505,1.5312844946592303,0.1831524030461102
rastrigin,optimistic_selected,optimistic_improvement_movement_cost3,8,26.33615275672769,5.046208099309505,1.6238432457081793,0.18418450348105878
rastrigin,optimistic_selected,optimistic_improvement_movement_cost3,9,26.33615275672769,5.046208099309505,1.7345673850926808,0.14996046461067797
rastrigin,optimistic_selected,optimistic_improvement_movement_cost3,10,26.33615275672769,5.046208099309505,1.8245835908689487,0.1703812322682177
rastrigin,optimistic_selected,optimistic_improvement_movement_cost3,11,26.33615275672769,5.046208099309505,1.9121055150518498,0.17390488547952518
rastrigin,optimistic_selected,optimistic_improvement_movement_cost3,12,21.701071814762447,1.8629153880551432,2.0195032407775737,0.19421791973443378
rastrigin,optimistic_selected,optimistic_improvement_movement_cost3,13,21.701071814762447,1.8629153880551432,2.1207267511291676,0.21244893921458335
rastrigin,optimistic_selected,optimistic_improvement_movement_cost3,14,21.701071814762447,1.8629153880551432,2.2389301774693906,0.21493136874121344
rastrigin,optimistic_selected,optimistic_improvement_movement_cost3,15,17.595363750879432,4.277430184034504,2.2978332572230156,0.19759089099235486
rastrigin,optimistic_selected,optimistic_improvement_movement_cost3,16,17.595363750879432,4.277430184034504,2.370391146803588,0.1851515286539173
rastrigin,optimistic_selected,optimistic_improvement_movement_cost3,17,17.595363750879432,4.277430184034504,2.446218758848858,0.19844410185817044
rastrigin,optimistic_selected,optimistic_improvement_movement_cost3,18,17.595363750879432,4.277430184034504,2.537476895519323,0.23461753698200172
rastrigin,optimistic_selected,optimistic_improvement_movement_cost3,19,17.595363750879432,4.277430184034504,2.6341325205881354,0.2406317897311093
rastrigin,optimistic_selected,optimistic_improvement_movement_cost3,20,17.595363750879432,4.277430184034504,2.765144552968188,0.1946088859377525
rastrigin,optimistic_selected,optimistic_improvement_movement_cost3,21,17.595363750879432,4.277430184034504,2.887108305387931,0.20021738374402115
rastrigin,optimistic_selected,optimistic_improvement_movement_cost3,22,17.595363750879432,4.277430184034504,2.985280356262649,0.21612573348325573
rastrigin,optimistic_selected,optimistic_improvement_movement_cost3,23,17.595363750879432,4.277430184034504,3.0839911315366226,0.22471676130262452
rastrigin,optimistic_selected,optimistic_improvement_movement_cost3,24,17.595363750879432,4.277430184034504,3.1542611003469765,0.22833845702231814
rastrigin,optimistic_selected,optimistic_improvement_movement_cost3,25,16.66720698384022,3.530967425173371,3.255282160682165,0.24098818032281868
rastrigin,optimistic_selected,optimistic_improvement_movement_cost3,26,16.66720698384022,3.530967425173371,3.3369747869991158,0.27581988557979953
rastrigin,optimistic_selected,optimistic_improvement_movement_cost3,27,16.66720698384022,3.530967425173371,3.430766787242574,0.27550039503078516
rastrigin,optimistic_selected,optimistic_improvement_movement_cost3,28,16.66720698384022,3.530967425173371,3.5410644219713774,0.27632760331271605
rastrigin,optimistic_selected,optimistic_improvement_movement_cost3,29,16.366196432466143,3.313691985917109,3.6272428209219982,0.2737896835119041
rastrigin,optimistic_selected,optimistic_improvement_movement_cost3,30,16.366196432466143,3.313691985917109,3.7329533468937135,0.28331432564653025
rastrigin,optimistic_selected,optimistic_improvement_movement_cost3,31,16.366196432466143,3.313691985917109,3.823656658743159,0.2684934875649846
rastrigin,optimistic_selected,optimistic_improvement_movement_cost3,32,16.366196432466143,3.313691985917109,3.8791096678627146,0.2574834185021001
rastrigin,optimistic_selected,optimistic_improvement_movement_cost3,33,16.366196432466143,3.313691985917109,3.9790696016044103,0.2313555381826668
rastrigin,optimistic_selected,optimistic_improvement_movement_cost3,34,16.366196432466143,3.313691985917109,4.083129630122169,0.1788184582446866
rastrigin,optimistic_selected,optimistic_improvement_movement_cost3,35,16.366196432466143,3.313691985917109,4.168013415866533,0.18707557749464715
rastrigin,optimistic_selected,optimistic_improvement_movement_cost3,36,16.366196432466143,3.313691985917109,4.261835679027044,0.23588857126730714
rastrigin,optimistic_selected,optimistic_improvement_movement_cost3,37,15.49303587252823,2.9524712932369077,4.385703601343555,0.26918414653036654
rastrigin,optimistic_selected,optimistic_improvement_movement_cost3,38,15.49303587252823,2.9524712932369077,4.481534024402991,0.27882756249896656
rastrigin,optimistic_selected,optimistic_improvement_movement_cost3,39,15.49303587252823,2.9524712932369077,4.571365943529393,0.26159482077172
rastrigin,optimistic_selected,optimistic_improvement_movement_cost3,40,15.49303587252823,2.9524712932369077,4.638650065995878,0.25063771349703073
rastrigin,optimistic_selected,optimistic_improvement_movement_cost3,41,15.49303587252823,2.9524712932369077,4.705564109814586,0.2888221562844587
rastrigin,optimistic_selected,optimistic_improvement_movement_cost3,42,15.49303587252823,2.9524712932369077,4.779999760980956,0.2708203657559549
rastrigin,optimistic_selected,optimistic_improvement_movement_cost3,43,15.49303587252823,2.9524712932369077,4.920468374415116,0.2947976540406187
rastrigin,optimistic_selected,optimistic_improvement_movement_cost3,44,14.236396436175449,3.2882091601945143,5.042018438132102,0.32097429392869165
rastrigin,optimistic_selected,optimistic_improvement_movement_cost3,45,14.236396436175449,3.2882091601945143,5.141330404462072,0.32794743780871677
rastrigin,optimistic_selected,optimistic_improvement_movement_cost3,46,11.645796140093063,0.4250030385033156,5.25959656669549,0.3498119490410815
rastrigin,optimistic_selected,optimistic_improvement_movement_cost3,47,11.645796140093063,0.4250030385033156,5.379303024400716,0.3510607103388785
rastrigin,optimistic_selected,optimistic_improvement_movement_cost3,48,11.645796140093063,0.4250030385033156,5.453860476475249,0.35148451242193124
rastrigin,optimistic_selected,optimistic_improvement_movement_cost3,49,11.645796140093063,0.4250030385033156,5.574498504217938,0.3531801191930469
rastrigin,budgeted_exploration,budgeted_exploration,0,41.907790643733016,7.582460326418007,0.5921918044711653,0.14678667713645566
rastrigin,budgeted_exploration,budgeted_exploration,1,41.907790643733016,7.582460326418007,0.7468391333023056,0.14523187899210196
rastrigin,budgeted_exploration,budgeted_exploration,2,41.907790643733016,7.582460326418007,0.9833398679058202,0.1218474163685075
rastrigin,budgeted_exploration,budgeted_exploration,3,39.479718281945715,9.6482873628107,1.1191562051650934,0.09613744970935888
rastrigin,budgeted_exploration,budgeted_exploration,4,39.479718281945715,9.6482873628107,1.234843733261621,0.1187303936555867
rastrigin,budgeted_exploration,budgeted_exploration,5,39.479718281945715,9.6482873628107,1.3707987267257586,0.07237196415795279
rastrigin,budgeted_exploration,budgeted_exploration,6,38.14977237822769,7.853657971096324,1.4845547582789707,0.0641181252636493
rastrigin,budgeted_exploration,budgeted_exploration,7,35.583284381293865,9.240053001714623,1.6110690823681406,0.05676651061903848
rastrigin,budgeted_exploration,budgeted_exploration,8,35.583284381293865,9.240053001714623,1.6830778911763202,0.07300508110908714
rastrigin,budgeted_exploration,budgeted_exploration,9,35.583284381293865,9.240053001714623,1.8033234133210334,0.0557388461671577
rastrigin,budgeted_exploration,budgeted_exploration,10,29.99906689466418,1.4325216194250865,1.9240298905814015,0.03989008303646466
rastrigin,budgeted_exploration,budgeted_exploration,11,29.99906689466418,1.4325216194250865,2.047592573360205,0.06468489967549468
rastrigin,budgeted_exploration,budgeted_exploration,12,25.867357944941176,7.029160020562885,2.168864832203534,0.06478548742560801
rastrigin,budgeted_exploration,budgeted_exploration,13,25.867357944941176,7.029160020562885,2.2465476424854596,0.05452211647511132
rastrigin,budgeted_exploration,budgeted_exploration,14,25.867357944941176,7.029160020562885,2.348383678144128,0.08564734383412287
rastrigin,budgeted_exploration,budgeted_exploration,15,23.944286117143843,8.075408543357604,2.4402736992716965,0.07385508287006516
rastrigin,budgeted_exploration,budgeted_exploration,16,22.410853858313402,6.752063419663074,2.5394098337268307,0.06802612980232509
rastrigin,budgeted_exploration,budgeted_exploration,17,22.410853858313402,6.752063419663074,2.636389750897294,0.07320822882102468
rastrigin,budgeted_exploration,budgeted_exploration,18,20.8129233144862,5.977346371159574,2.721862883227144,0.08937494441335128
rastrigin,budgeted_exploration,budgeted_exploration,19,20.8129233144862,5.977346371159574,2.8340468547951314,0.06449517004686527
rastrigin,budgeted_exploration,budgeted_exploration,20,20.8129233144862,5.977346371159574,2.9418116854659337,0.046997537823956284
rastrigin,budgeted_exploration,budgeted_exploration,21,20.8129233144862,5.977346371159574,3.075001225339753,0.062110588868221794
rastrigin,budgeted_exploration,budgeted_exploration,22,20.8129233144862,5.977346371159574,3.175465818636073,0.09850458891602007
rastrigin,budgeted_exploration,budgeted_exploration,23,17.543552967851642,6.883141812514506,3.2574491304089843,0.11104861050122758
rastrigin,budgeted_exploration,budgeted_exploration,24,17.543552967851642,6.883141812514506,3.334468910136394,0.11403727368054398
rastrigin,budgeted_exploration,budgeted_exploration,25,17.543552967851642,6.883141812514506,3.4257408825426956,0.13699866653559917
rastrigin,budgeted_exploration,budgeted_exploration,26,17.543552967851642,6.883141812514506,3.501128218064132,0.1399377007191159
rastrigin,budgeted_exploration,budgeted_exploration,27,17.543552967851642,6.883141812514506,3.58677692448452,0.1664850765602866
rastrigin,budgeted_exploration,budgeted_exploration,28,17.543552967851642,6.883141812514506,3.6937296377362885,0.19007027517994193
rastrigin,budgeted_exploration,budgeted_exploration,29,17.543552967851642,6.883141812514506,3.780740914903707,0.17632692270982736
rastrigin,budgeted_exploration,budgeted_exploration,30,17.543552967851642,6.883141812514506,3.8602851312548516,0.16663766286583437
rastrigin,budgeted_exploration,budgeted_exploration,31,17.543552967851642,6.883141812514506,3.9629336800359654,0.1729271240309594
rastrigin,budgeted_exploration,budgeted_exploration,32,17.543552967851642,6.883141812514506,4.035373626317278,0.18726333680031487
rastrigin,budgeted_exploration,budgeted_exploration,33,17.543552967851642,6.883141812514506,4.157577388597006,0.17684322406530475
rastrigin,budgeted_exploration,budgeted_exploration,34,17.543552967851642,6.883141812514506,4.285269026527864,0.1922612966726747
rastrigin,budgeted_exploration,budgeted_exploration,35,14.74138426894269,2.922524357433462,4.400640227356252,0.1876367384069226
rastrigin,budgeted_exploration,budgeted_exploration,36,14.74138426894269,2.922524357433462,4.495660583190314,0.18824205797575916
rastrigin,budgeted_exploration,budgeted_exploration,37,14.74138426894269,2.922524357433462,4.593723298269858,0.17298510201553366
rastrigin,budgeted_exploration,budgeted_exploration,38,14.74138426894269,2.922524357433462,4.705097845849818,0.18165476385301627
rastrigin,budgeted_exploration,budgeted_exploration,39,14.74138426894269,2.922524357433462,4.78991265083847,0.17818175263474864
rastrigin,budgeted_exploration,budgeted_exploration,40,14.74138426894269,2.922524357433462,4.846623596201069,0.18617951052181525
rastrigin,budgeted_exploration,budgeted_exploration,41,14.74138426894269,2.922524357433462,4.937105298625597,0.18800705125765876
rastrigin,budgeted_exploration,budgeted_exploration,42,14.74138426894269,2.922524357433462,5.04254308853541,0.1877712041949381
rastrigin,budgeted_exploration,budgeted_exploration,43,14.74138426894269,2.922524357433462,5.163548357707853,0.1886721884719929
rastrigin,budgeted_exploration,budgeted_exploration,44,14.74138426894269,2.922524357433462,5.268479732691004,0.1733024115955863
rastrigin,budgeted_exploration,budgeted_exploration,45,14.74138426894269,2.922524357433462,5.3552221616846625,0.1837711893879478
rastrigin,budgeted_exploration,budgeted_exploration,46,12.245789461445248,0.6290795466265746,5.438924592058778,0.16495828133846516
rastrigin,budgeted_exploration,budgeted_exploration,47,12.245789461445248,0.6290795466265746,5.539903229514377,0.18991088059038508
rastrigin,budgeted_exploration,budgeted_exploration,48,12.245789461445248,0.6290795466265746,5.649373902978167,0.19132558188302196
rastrigin,budgeted_exploration,budgeted_exploration,49,12.245789461445248,0.6290795466265746,5.752136963629496,0.14591438947915522
rastrigin,lookahead_budgeted_exploration,lookahead_budgeted_exploration,0,49.03941313022339,4.108958485632313,0.6331248152765737,0.11831339745337613
rastrigin,lookahead_budgeted_exploration,lookahead_budgeted_exploration,1,45.25344296654428,6.199403241149363,0.8517286121587088,0.07534581142615589
rastrigin,lookahead_budgeted_exploration,lookahead_budgeted_exploration,2,39.54601097928448,4.7042873045532705,0.9756220186996143,0.12764604308883828
rastrigin,lookahead_budgeted_exploration,lookahead_budgeted_exploration,3,38.830612061985846,4.4180403437616045,1.1191051555908775,0.12913539532572846
rastrigin,lookahead_budgeted_exploration,lookahead_budgeted_exploration,4,37.91036694870563,3.3325198235293687,1.2265945033711643,0.12649417800568022
rastrigin,lookahead_budgeted_exploration,lookahead_budgeted_exploration,5,35.908534999260695,4.01199214341248,1.3707831842833216,0.11841203075795263
rastrigin,lookahead_budgeted_exploration,lookahead_budgeted_exploration,6,35.908534999260695,4.01199214341248,1.52005623648426,0.12183506903886858
rastrigin,lookahead_budgeted_exploration,lookahead_budgeted_exploration,7,31.870155322405,4.9941432885176145,1.6643227095523845,0.12718712795526774
rastrigin,lookahead_budgeted_exploration,lookahead_budgeted_exploration,8,31.870155322405,4.9941432885176145,1.7368397030719904,0.14861114440298134
rastrigin,lookahead_budgeted_exploration,lookahead_budgeted_exploration,9,31.870155322405,4.9941432885176145,1.8598298277725949,0.18909466270269257
rastrigin,lookahead_budgeted_exploration,lookahead_budgeted_exploration,10,31.5030406330618,4.586753181578218,1.967650469496285,0.16322943530489037
rastrigin,lookahead_budgeted_exploration,lookahead_budgeted_exploration,11,31.5030406330618,4.586753181578218,2.0708321054973235,0.20036918372678322
rastrigin,lookahead_budgeted_exploration,lookahead_budgeted_exploration,12,31.5030406330618,4.586753181578218,2.1605868356554603,0.1868276925071723
rastrigin,lookahead_budgeted_exploration,lookahead_budgeted_exploration,13,31.5030406330618,4.586753181578218,2.2445429030091772,0.18240022726022231
rastrigin,lookahead_budgeted_exploration,lookahead_budgeted_exploration,14,28.98351264061348,2.9659136304453946,2.3514038988287376,0.16850334855416996
rastrigin,lookahead_budgeted_exploration,lookahead_budgeted_exploration,15,28.98351264061348,2.9659136304453946,2.4427960885235795,0.1726413049489401
rastrigin,lookahead_budgeted_exploration,lookahead_budgeted_exploration,16,28.98351264061348,2.9659136304453946,2.5540364038351773,0.19536650578917414
rastrigin,lookahead_budgeted_exploration,lookahead_budgeted_exploration,17,26.27051768910474,1.8887576326687634,2.6394686899417628,0.22506553361003623
rastrigin,lookahead_budgeted_exploration,lookahead_budgeted_exploration,18,22.787130474738262,3.092371610043686,2.740176714726484,0.2559794820933181
rastrigin,lookahead_budgeted_exploration,lookahead_budgeted_exploration,19,22.787130474738262,3.092371610043686,2.8088404305792025,0.2694943438281259
rastrigin,lookahead_budgeted_exploration,lookahead_budgeted_exploration,20,22.787130474738262,3.092371610043686,2.8830223659275993,0.2720053850713186
rastrigin,lookahead_budgeted_exploration,lookahead_budgeted_exploration,21,22.670097463543346,2.9965455791743634,2.9566039078554454,0.26256849445203245
rastrigin,lookahead_budgeted_exploration,lookahead_budgeted_exploration,22,22.670097463543346,2.9965455791743634,3.026793076347355,0.24526812895398403
rastrigin,lookahead_budgeted_exploration,lookahead_budgeted_exploration,23,22.670097463543346,2.9965455791743634,3.1267908446022523,0.24189677409392413
rastrigin,lookahead_budgeted_exploration,lookahead_budgeted_exploration,24,22.670097463543346,2.9965455791743634,3.2346730009726166,0.2596695568350989
rastrigin,lookahead_budgeted_exploration,lookahead_budgeted_exploration,25,22.670097463543346,2.9965455791743634,3.3367100477670775,0.24899632782018447
rastrigin,lookahead_budgeted_exploration,lookahead_budgeted_exploration,26,22.670097463543346,2.9965455791743634,3.418123548345605,0.2549208192116213
rastrigin,lookahead_budgeted_exploration,lookahead_budgeted_exploration,27,22.670097463543346,2.9965455791743634,3.5034747034882963,0.26145697431857606
rastrigin,lookahead_budgeted_exploration,lookahead_budgeted_exploration,28,22.670097463543346,2.9965455791743634,3.551300690596767,0.26508660893344954
rastrigin,lookahead_budgeted_exploration,lookahead_budgeted_exploration,29,22.670097463543346,2.9965455791743634,3.6301687968183374,0.27488917451214184
rastrigin,lookahead_budgeted_exploration,lookahead_budgeted_exploration,30,22.670097463543346,2.9965455791743634,3.7239815287365894,0.28507214076322374
rastrigin,lookahead_budgeted_exploration,lookahead_budgeted_exploration,31,22.670097463543346,2.9965455791743634,3.833426908766867,0.33089824213792773
rastrigin,lookahead_budgeted_exploration,lookahead_budgeted_exploration,32,22.670097463543346,2.9965455791743634,3.9055148788834324,0.3690412081290701
rastrigin,lookahead_budgeted_exploration,lookahead_budgeted_exploration,33,22.670097463543346,2.9965455791743634,4.000635918968049,0.3719051444092087
rastrigin,lookahead_budgeted_exploration,lookahead_budgeted_exploration,34,22.226741074733116,3.6222200038076027,4.0757385903296095,0.3691281325216081
rastrigin,lookahead_budgeted_exploration,lookahead_budgeted_exploration,35,22.226741074733116,3.6222200038076027,4.157647999103756,0.3657817341626007
rastrigin,lookahead_budgeted_exploration,lookahead_budgeted_exploration,36,22.226741074733116,3.6222200038076027,4.272893001979283,0.3810690219718027
rastrigin,lookahead_budgeted_exploration,lookahead_budgeted_exploration,37,22.226741074733116,3.6222200038076027,4.345895533394805,0.37120188330098947
rastrigin,lookahead_budgeted_exploration,lookahead_budgeted_exploration,38,22.226741074733116,3.6222200038076027,4.441015390604497,0.34937560391954003
rastrigin,lookahead_budgeted_exploration,lookahead_budgeted_exploration,39,22.226741074733116,3.6222200038076027,4.5438553783329425,0.36576129603491425
rastrigin,lookahead_budgeted_exploration,lookahead_budgeted_exploration,40,22.226741074733116,3.6222200038076027,4.65782057165014,0.36147903330864933
rastrigin,lookahead_budgeted_exploration,lookahead_budgeted_exploration,41,22.226741074733116,3.6222200038076027,4.751174549554305,0.3673698099272046
rastrigin,lookahead_budgeted_exploration,lookahead_budgeted_exploration,42,22.226741074733116,3.6222200038076027,4.832741568343292,0.3518030043802595
rastrigin,lookahead_budgeted_exploration,lookahead_budgeted_exploration,43,22.226741074733116,3.6222200038076027,4.893767478498614,0.32648927175161024
rastrigin,lookahead_budgeted_exploration,lookahead_budgeted_exploration,44,22.226741074733116,3.6222200038076027,4.974332181021438,0.3155553377914572
rastrigin,lookahead_budgeted_exploration,lookahead_budgeted_exploration,45,22.226741074733116,3.6222200038076027,5.054383180990597,0.29542025760113416
rastrigin,lookahead_budgeted_exploration,lookahead_budgeted_exploration,46,22.226741074733116,3.6222200038076027,5.1471766191640285,0.2955138900316574
rastrigin,lookahead_budgeted_exploration,lookahead_budgeted_exploration,47,22.226741074733116,3.6222200038076027,5.215021077382727,0.2903111818797835
rastrigin,lookahead_budgeted_exploration,lookahead_budgeted_exploration,48,22.226741074733116,3.6222200038076027,5.322424418511696,0.28778646372684596
rastrigin,lookahead_budgeted_exploration,lookahead_budgeted_exploration,49,22.226741074733116,3.6222200038076027,5.440803661392235,0.27997613224103995
schwefel,pure_bo,pure_bo,0,1415.4570096500659,128.04220302375992,1.02683210418964,0.19295453984030572
schwefel,pure_bo,pure_bo,1,1415.4570096500659,128.04220302375992,1.8242904125281372,0.40086272220877095
schwefel,pure_bo,pure_bo,2,1415.4570096500659,128.04220302375992,2.696442622600326,0.5737743415390654
schwefel,pure_bo,pure_bo,3,1415.4570096500659,128.04220302375992,3.465988432147647,0.6392329611774645
schwefel,pure_bo,pure_bo,4,1406.7663865904294,120.10779681911814,4.3376700503180325,0.7149719359055565
schwefel,pure_bo,pure_bo,5,1406.7663865904294,120.10779681911814,5.139935534204009,0.5297536430840538
schwefel,pure_bo,pure_bo,6,1406.7365995179946,120.0818632979895,5.823670750626729,0.5968274120700742
schwefel,pure_bo,pure_bo,7,1399.5923007364324,116.67195080183765,6.526112377415125,0.9734215744656272
schwefel,pure_bo,pure_bo,8,1399.5923007364324,116.67195080183765,6.955763414945473,1.0196401743846115
schwefel,pure_bo,pure_bo,9,1399.5923007364324,116.67195080183765,7.466684171383316,1.125356714495567
schwefel,pure_bo,pure_bo,10,1399.5923007364324,116.67195080183765,8.130144837320826,1.5279334876179944
schwefel,pure_bo,pure_bo,11,1329.090119056501,88.35793014333855,9.158502651335487,1.7264359209321705
schwefel,pure_bo,pure_bo,12,1329.090119056501,88.35793014333855,9.785112575740682,2.126133175083706
schwefel,pure_bo,pure_bo,13,1329.090119056501,88.35793014333855,10.702816417535098,2.221668238933797
schwefel,pure_bo,pure_bo,14,1329.090119056501,88.35793014333855,11.642312910729324,2.4987818009957654
schwefel,pure_bo,pure_bo,15,1329.090119056501,88.35793014333855,12.789397802179119,2.6256525313011143
schwefel,pure_bo,pure_bo,16,1329.090119056501,88.35793014333855,13.579480015299135,2.4785266668628325
schwefel,pure_bo,pure_bo,17,1329.090119056501,88.35793014333855,14.26407156091509,2.5772311511495336
schwefel,pure_bo,pure_bo,18,1329.090119056501,88.35793014333855,15.058480031255561,2.4653130066169417
schwefel,pure_bo,pure_bo,19,1329.090119056501,88.35793014333855,15.502937272288762,2.6346932883698324
schwefel,pure_bo,pure_bo,20,1329.090119056501,88.35793014333855,16.470290474450547,2.8058758450065673
schwefel,pure_bo,pure_bo,21,1329.090119056501,88.35793014333855,17.531525305294533,2.7092283918698925
schwefel,pure_bo,pure_bo,22,1310.61452809363,63.72533163558243,18.467129893017624,2.655623162019846
schwefel,pure_bo,pure_bo,23,1310.61452809363,63.72533163558243,18.977633336207784,2.9954006016258816
schwefel,pure_bo,pure_bo,24,1310.61452809363,63.72533163558243,19.71521083006046,3.333182277929058
schwefel,pure_bo,pure_bo,25,1310.61452809363,63.72533163558243,20.282959849013526,3.5754776775089643
schwefel,pure_bo,pure_bo,26,1310.61452809363,63.72533163558243,21.00168026737874,3.949598475955946
schwefel,pure_bo,pure_bo,27,1310.61452809363,63.72533163558243,21.762863120841946,3.65350538672701
schwefel,pure_bo,pure_bo,28,1310.61452809363,63.72533163558243,22.62586032302956,3.7602965489393303
schwefel,pure_bo,pure_bo,29,1310.61452809363,63.72533163558243,22.966120858082366,3.6593395857506628
schwefel,pure_bo,pure_bo,30,1310.61452809363,63.72533163558243,23.324725834625326,3.5523162966207287
schwefel,pure_bo,pure_bo,31,1300.7327730512009,66.8638205297145,23.521109838138944,3.617536000268987
schwefel,pure_bo,pure_bo,32,1300.7327730512009,66.8638205297145,23.861138340966296,3.848424543191745
schwefel,pure_bo,pure_bo,33,1300.7327730512009,66.8638205297145,24.3207185193982,4.201844851669484
schwefel,pure_bo,pure_bo,34,1152.6296114251952,239.60296854522286,24.664361926780813,4.503482708618195
schwefel,pure_bo,pure_bo,35,1152.6296114251952,239.60296854522286,25.002184385661028,4.835730284090663
schwefel,pure_bo,pure_bo,36,1144.2363817925768,251.07115562514804,25.01459553084317,4.819341718755838
schwefel,pure_bo,pure_bo,37,1119.9768340625162,284.40382992748795,25.027218775809782,4.8026815157115
schwefel,pure_bo,pure_bo,38,1119.9768340625162,284.40382992748795,25.03755931307997,4.789040437533255
schwefel,pure_bo,pure_bo,39,1119.9768340625162,284.40382992748795,25.060071733454716,4.7593625804521285
schwefel,pure_bo,pure_bo,40,1119.9768340625162,284.40382992748795,25.074239267623636,4.7407000543100954
schwefel,pure_bo,pure_bo,41,1119.9768340625162,284.40382992748795,25.096386712719383,4.711548398426775
schwefel,pure_bo,pure_bo,42,1119.9768340625162,284.40382992748795,25.127480837320643,4.670668046012152
schwefel,pure_bo,pure_bo,43,1119.9768340625162,284.40382992748795,25.17661690733406,4.6061835992718185
schwefel,pure_bo,pure_bo,44,1119.9768340625162,284.40382992748795,25.219991815318696,4.549382368396242
schwefel,pure_bo,pure_bo,45,1119.9768340625162,284.40382992748795,25.279670281359767,4.471427026737667
schwefel,pure_bo,pure_bo,46,1119.9768340625162,284.40382992748795,25.31992106014924,4.4189828793614465
schwefel,pure_bo,pure_bo,47,1119.9768340625162,284.40382992748795,25.61114821319671,4.043144075776829
schwefel,pure_bo,pure_bo,48,1119.9768340625162,284.40382992748795,25.846223732073796,3.7453001973355216
schwefel,pure_bo,pure_bo,49,1119.9768340625162,284.40382992748795,26.03028517417948,3.51642392783468
schwefel,earlbo,earlbo,0,1415.4570096500654,128.04220302375958,1.390432519003113,0.15082241603804686
schwefel,earlbo,earlbo,1,1415.4570096500654,128.04220302375958,2.604391468967664,0.3236083412669725
schwefel,earlbo,earlbo,2,1415.4570096500654,128.04220302375958,3.7843572103873684,0.8210430867866363
schwefel,earlbo,earlbo,3,1415.4570096500654,128.04220302375958,4.936583402576482,0.8151084241462649
schwefel,earlbo,earlbo,4,1391.866697066151,160.79101795469683,6.089164720641951,0.958133819915447
schwefel,earlbo,earlbo,5,1391.866697066151,160.79101795469683,6.789500554308366,0.9606337067870717
schwefel,earlbo,earlbo,6,1391.866697066151,160.79101795469683,8.019784811704762,0.9437880569047654
schwefel,earlbo,earlbo,7,1391.866697066151,160.79101795469683,9.4694091578614,0.7998623807979844
schwefel,earlbo,earlbo,8,1391.866697066151,160.79101795469683,10.787402462374446,0.6664993250199515
schwefel,earlbo,earlbo,9,1391.866697066151,160.79101795469683,11.785470427021068,0.28844631568713436
schwefel,earlbo,earlbo,10,1391.866697066151,160.79101795469683,12.815557171168557,0.5909972642263643
schwefel,earlbo,earlbo,11,1391.866697066151,160.79101795469683,14.233632874076335,1.2717471684064243
schwefel,earlbo,earlbo,12,1391.866697066151,160.79101795469683,15.216291761533464,1.4329295283429273
schwefel,earlbo,earlbo,13,1391.866697066151,160.79101795469683,16.254326648375937,1.6823740477938713
schwefel,earlbo,earlbo,14,1391.866697066151,160.79101795469683,17.609243342054267,2.131014267651472
schwefel,earlbo,earlbo,15,1391.866697066151,160.79101795469683,18.607610556732244,2.6412861880390195
schwefel,earlbo,earlbo,16,1391.866697066151,160.79101795469683,19.66197976739899,3.056062984668135
schwefel,earlbo,earlbo,17,1391.866697066151,160.79101795469683,20.953880139011115,3.7291314645124056
schwefel,earlbo,earlbo,18,1359.6815335356553,136.2197021622277,22.284463046192304,3.946792042764116
schwefel,earlbo,earlbo,19,1359.6815335356553,136.2197021622277,23.653189463044086,3.9890167804244294
schwefel,earlbo,earlbo,20,1319.993944541138,192.19060131056318,24.97763692331308,4.560749215293099
schwefel,earlbo,earlbo,21,1319.993944541138,192.19060131056318,25.97636460563625,5.146309613736094
schwefel,earlbo,earlbo,22,1319.993944541138,192.19060131056318,26.767039305017907,5.57814174975201
schwefel,earlbo,earlbo,23,1319.993944541138,192.19060131056318,28.011007178762796,5.466460499623068
schwefel,earlbo,earlbo,24,1319.993944541138,192.19060131056318,28.966381016428443,4.92874477223284
schwefel,earlbo,earlbo,25,1319.993944541138,192.19060131056318,30.232496802365915,5.213215304131945
schwefel,earlbo,earlbo,26,1249.4286490051798,238.62866373674737,31.563688456527046,5.747429304328458
schwefel,earlbo,earlbo,27,1249.4286490051798,238.62866373674737,32.66958668697608,6.3969888761947935
schwefel,earlbo,earlbo,28,1249.4286490051798,238.62866373674737,33.90700930648773,6.704706826197238
schwefel,earlbo,earlbo,29,1249.4286490051798,238.62866373674737,34.48845474867864,6.794035869490174
schwefel,earlbo,earlbo,30,1249.4286490051798,238.62866373674737,35.50067142250755,7.268027694498405
schwefel,earlbo,earlbo,31,1249.4286490051798,238.62866373674737,36.34445468047488,7.284074061241224
schwefel,earlbo,earlbo,32,1249.4286490051798,238.62866373674737,37.4419358524375,7.5014120705723535
schwefel,earlbo,earlbo,33,1249.4286490051798,238.62866373674737,38.63160100891729,8.026973248395958
schwefel,earlbo,earlbo,34,1249.4286490051798,238.62866373674737,39.766281704286975,8.351045748127202
schwefel,earlbo,earlbo,35,1249.4286490051798,238.62866373674737,40.91125227553152,8.714232737300069
schwefel,earlbo,earlbo,36,1249.4286490051798,238.62866373674737,41.803350883960135,8.814284347941411
schwefel,earlbo,earlbo,37,1249.4286490051798,238.62866373674737,42.83751811000335,9.056054874695898
schwefel,earlbo,earlbo,38,1249.4286490051798,238.62866373674737,43.91874201386347,9.523760796885586
schwefel,earlbo,earlbo,39,1249.4286490051798,238.62866373674737,44.793856343892195,9.743326501577357
schwefel,earlbo,earlbo,40,1249.4286490051798,238.62866373674737,45.66584540647764,10.133066135557836
schwefel,earlbo,earlbo,41,1249.4286490051798,238.62866373674737,47.1403732062437,10.235101739236686
schwefel,earlbo,earlbo,42,1249.4286490051798,238.62866373674737,48.81013471670534,10.096567710637256
schwefel,earlbo,earlbo,43,1249.4286490051798,238.62866373674737,50.16248251880577,10.357675282713132
schwefel,earlbo,earlbo,44,1249.4286490051798,238.62866373674737,51.563826710879574,10.36962249841268
schwefel,earlbo,earlbo,45,1249.4286490051798,238.62866373674737,52.57305498475714,10.932033494970234
schwefel,earlbo,earlbo,46,1249.4286490051798,238.62866373674737,53.75184213804997,11.407675929116438
schwefel,earlbo,earlbo,47,1249.4286490051798,238.62866373674737,54.86602258636439,11.422726585733404
schwefel,earlbo,earlbo,48,1249.4286490051798,238.62866373674737,56.49217464829233,12.080434817532613
schwefel,earlbo,earlbo,49,1249.4286490051798,238.62866373674737,57.695001491038205,12.3742278505971
schwefel,snake,snake,0,1415.4570096500654,128.04220302375958,1.0551115424055875,0.2909064937895967
schwefel,snake,snake,1,1415.4570096500654,128.04220302375958,1.6394281948917646,0.35849256888019093
schwefel,snake,snake,2,1415.4570096500654,128.04220302375958,2.3791821276874807,0.6161734743584202
schwefel,snake,snake,3,1415.4570096500654,128.04220302375958,2.9565442535146658,0.8897462525568657
schwefel,snake,snake,4,1415.4570096500654,128.04220302375958,3.6325123270653212,1.4047692309491004
schwefel,snake,snake,5,1415.4570096500654,128.04220302375958,4.33010362349365,1.9555780369374536
schwefel,snake,snake,6,1415.4570096500654,128.04220302375958,4.832089461981354,2.1644531817218775
schwefel,snake,snake,7,1414.7278984363547,127.73322709579969,5.217856974413073,2.3250345859703807
schwefel,snake,snake,8,1414.7278984363547,127.73322709579969,5.801414980756859,2.1880642822834133
schwefel,snake,snake,9,1414.7278984363547,127.73322709579969,6.32242433807307,2.0619518771044913
schwefel,snake,snake,10,1414.7278984363547,127.73322709579969,6.92412080644053,2.2051486455633116
schwefel,snake,snake,11,1414.7278984363547,127.73322709579969,7.6000069951570195,2.4666888287409723
schwefel,snake,snake,12,1414.7278984363547,127.73322709579969,8.171164981404294,2.646303912850833
schwefel,snake,snake,13,1414.7278984363547,127.73322709579969,8.605139394901473,2.6523516074618283
schwefel,snake,snake,14,1414.7278984363547,127.73322709579969,8.996055062939782,2.6645823532251374
schwefel,snake,snake,15,1414.7278984363547,127.73322709579969,9.534058345169912,2.5523192201445846
schwefel,snake,snake,16,1414.7278984363547,127.73322709579969,10.415146986902185,2.2161162471362665
schwefel,snake,snake,17,1414.7278984363547,127.73322709579969,11.108932690789457,2.020506093719258
schwefel,snake,snake,18,1414.7278984363547,127.73322709579969,11.533933770346005,1.826336938163305
schwefel,snake,snake,19,1414.7278984363547,127.73322709579969,11.941247705504892,1.7763745316518031
schwefel,snake,snake,20,1414.7278984363547,127.73322709579969,12.616417144469507,1.934314639166881
schwefel,snake,snake,21,1414.7278984363547,127.73322709579969,13.607645318024543,1.8721546388408323
schwefel,snake,snake,22,1396.182581589591,111.59156145178615,14.846520127480986,1.8868749494293153
schwefel,snake,snake,23,1396.182581589591,111.59156145178615,15.488035809324009,2.193849582959369
schwefel,snake,snake,24,1396.182581589591,111.59156145178615,16.03890526908677,2.447350502908358
schwefel,snake,snake,25,1396.182581589591,111.59156145178615,16.696459345631265,2.3060245921534053
schwefel,snake,snake,26,1396.182581589591,111.59156145178615,17.605911386830577,2.2421226131272216
schwefel,snake,snake,27,1336.3235041777832,196.18548451805145,18.187995423400427,2.168055014735134
schwefel,snake,snake,28,1336.3235041777832,196.18548451805145,18.606572411083437,2.0570496056899064
schwefel,snake,snake,29,1336.3235041777832,196.18548451805145,19.156325111554114,2.136092245058132
schwefel,snake,snake,30,1336.3235041777832,196.18548451805145,19.734410611042943,2.2272306615584685
schwefel,snake,snake,31,1336.3235041777832,196.18548451805145,20.509728491761262,2.2853177443936117
schwefel,snake,snake,32,1336.3235041777832,196.18548451805145,21.12622439388679,2.1467913949229445
schwefel,snake,snake,33,1336.3235041777832,196.18548451805145,21.763958262677264,2.1677767577317546
schwefel,snake,snake,34,1336.3235041777832,196.18548451805145,22.263071134665452,2.445274480765354
schwefel,snake,snake,35,1336.3235041777832,196.18548451805145,22.956861800202073,2.642460449392429
schwefel,snake,snake,36,1328.8597638342628,191.39401032279514,23.874151490993267,2.6660936936753874
schwefel,snake,snake,37,1317.7466183179365,182.97429711679646,24.55559973568479,2.689507573763082
schwefel,snake,snake,38,1317.7466183179365,182.97429711679646,25.072538924893426,2.7682892684878806
schwefel,snake,snake,39,1317.7466183179365,182.97429711679646,25.757058042089493,2.709669713876145
schwefel,snake,snake,40,1317.7466183179365,182.97429711679646,26.36297140795539,2.624982967976355
schwefel,snake,snake,41,1317.7466183179365,182.97429711679646,26.758925265877178,2.8048182779912367
schwefel,snake,snake,42,1306.333855712346,175.37589201906877,27.18395491657029,2.7532068399845153
schwefel,snake,snake,43,1306.333855712346,175.37589201906877,27.827680226583585,2.4024749502788083
schwefel,snake,snake,44,1306.333855712346,175.37589201906877,28.332192134168608,2.1101558172168042
schwefel,snake,snake,45,1306.333855712346,175.37589201906877,28.76059094091062,2.0875644588831768
schwefel,snake,snake,46,1306.333855712346,175.37589201906877,29.452112601818953,2.4923959305265124
schwefel,snake,snake,47,1306.333855712346,175.37589201906877,30.14231940557204,2.8734810182851906
schwefel,snake,snake,48,1306.333855712346,175.37589201906877,30.94536968884886,3.3568799407712215
schwefel,snake,snake,49,1306.333855712346,175.37589201906877,31.521442191278982,3.336723147506096
schwefel,log_improvement_movement_cost3,log_improvement_movement_cost3,0,1415.4570096500654,128.04220302375958,0.9860794680265522,0.22350887214445622
schwefel,log_improvement_movement_cost3,log_improvement_movement_cost3,1,1415.4570096500654,128.04220302375958,1.4592668258351313,0.25199262314703375
schwefel,log_improvement_movement_cost3,log_improvement_movement_cost3,2,1415.4570096500654,128.04220302375958,2.3813830507639495,0.49859202802372665
schwefel,log_improvement_movement_cost3,log_improvement_movement_cost3,3,1415.4570096500654,128.04220302375958,2.9278037905934284,0.8164663229848513
schwefel,log_improvement_movement_cost3,log_improvement_movement_cost3,4,1415.4570096500654,128.04220302375958,3.6724263737088365,1.2492323320543772
schwefel,log_improvement_movement_cost3,log_improvement_movement_cost3,5,1415.4570096500654,128.04220302375958,4.475449953460107,1.6829335048072454
schwefel,log_improvement_movement_cost3,log_improvement_movement_cost3,6,1415.4570096500654,128.04220302375958,5.584543414700133,1.9456314542089703
schwefel,log_improvement_movement_cost3,log_improvement_movement_cost3,7,1406.3508380184423,119.74683905948636,6.573550778944767,2.0088356708167896
schwefel,log_improvement_movement_cost3,log_improvement_movement_cost3,8,1406.3508380184423,119.74683905948636,6.920099795161491,2.117213147598109
schwefel,log_improvement_movement_cost3,log_improvement_movement_cost3,9,1406.3508380184423,119.74683905948636,7.296711450862382,2.226526503573213
schwefel,log_improvement_movement_cost3,log_improvement_movement_cost3,10,1339.317908112913,121.41602027587237,7.871269392326745,2.3208576738983475
schwefel,log_improvement_movement_cost3,log_improvement_movement_cost3,11,1339.317908112913,121.41602027587237,8.398539809197125,2.1304061383839
schwefel,log_improvement_movement_cost3,log_improvement_movement_cost3,12,1339.317908112913,121.41602027587237,8.981958432418066,2.076125694301534
schwefel,log_improvement_movement_cost3,log_improvement_movement_cost3,13,1339.317908112913,121.41602027587237,9.602074547339777,2.4231082409561093
schwefel,log_improvement_movement_cost3,log_improvement_movement_cost3,14,1339.317908112913,121.41602027587237,10.086264434684962,2.6498881212671797
schwefel,log_improvement_movement_cost3,log_improvement_movement_cost3,15,1339.317908112913,121.41602027587237,10.923472048973077,2.8310896037638726
schwefel,log_improvement_movement_cost3,log_improvement_movement_cost3,16,1339.317908112913,121.41602027587237,11.875736402838013,3.1202217263070904
schwefel,log_improvement_movement_cost3,log_improvement_movement_cost3,17,1339.317908112913,121.41602027587237,12.570733882765545,3.370190998154144
schwefel,log_improvement_movement_cost3,log_improvement_movement_cost3,18,1339.317908112913,121.41602027587237,13.2935626603645,3.676973165584523
schwefel,log_improvement_movement_cost3,log_improvement_movement_cost3,19,1339.317908112913,121.41602027587237,13.8605083408139,3.792968391767611
schwefel,log_improvement_movement_cost3,log_improvement_movement_cost3,20,1339.317908112913,121.41602027587237,15.033174600288751,3.6018137941442663
schwefel,log_improvement_movement_cost3,log_improvement_movement_cost3,21,1339.317908112913,121.41602027587237,16.092057490480915,3.4093327205495982
schwefel,log_improvement_movement_cost3,log_improvement_movement_cost3,22,1339.317908112913,121.41602027587237,17.07646109265015,3.840944886710225
schwefel,log_improvement_movement_cost3,log_improvement_movement_cost3,23,1204.5563581355566,279.67624980995345,17.723115215253028,4.109319135279485
schwefel,log_improvement_movement_cost3,log_improvement_movement_cost3,24,1204.5563581355566,279.67624980995345,18.204608096731835,4.051035706213137
schwefel,log_improvement_movement_cost3,log_improvement_movement_cost3,25,1204.5563581355566,279.67624980995345,18.81022332683106,4.06338224169144
schwefel,log_improvement_movement_cost3,log_improvement_movement_cost3,26,1142.0837406514238,218.74020322690595,19.464025822963514,3.919663130918057
schwefel,log_improvement_movement_cost3,log_improvement_movement_cost3,27,1142.0837406514238,218.74020322690595,20.04764972851197,3.825774057594336
schwefel,log_improvement_movement_cost3,log_improvement_movement_cost3,28,1142.0837406514238,218.74020322690595,20.554123967671785,3.6368776183824583
schwefel,log_improvement_movement_cost3,log_improvement_movement_cost3,29,1142.0837406514238,218.74020322690595,21.019221737590502,3.4775558598448613
schwefel,log_improvement_movement_cost3,log_improvement_movement_cost3,30,1142.0837406514238,218.74020322690595,21.72499952419874,3.480720461606419
schwefel,log_improvement_movement_cost3,log_improvement_movement_cost3,31,1142.0837406514238,218.74020322690595,22.45343434090604,3.6264852806165493
schwefel,log_improvement_movement_cost3,log_improvement_movement_cost3,32,1063.7473907102387,178.3939397419695,23.701964333016235,3.7919095711500472
schwefel,log_improvement_movement_cost3,log_improvement_movement_cost3,33,1063.7473907102387,178.3939397419695,24.732385892606164,3.930949487547634
schwefel,log_improvement_movement_cost3,log_improvement_movement_cost3,34,1063.7473907102387,178.3939397419695,25.249819162841145,3.633175157022351
schwefel,log_improvement_movement_cost3,log_improvement_movement_cost3,35,1063.7473907102387,178.3939397419695,25.858370732622976,4.101217519441952
schwefel,log_improvement_movement_cost3,log_improvement_movement_cost3,36,1063.7473907102387,178.3939397419695,26.779949534012456,4.7704874493810046
schwefel,log_improvement_movement_cost3,log_improvement_movement_cost3,37,1063.7473907102387,178.3939397419695,27.643656150556307,5.3439070458832605
schwefel,log_improvement_movement_cost3,log_improvement_movement_cost3,38,1063.7473907102387,178.3939397419695,28.31492257498881,5.626934078928626
schwefel,log_improvement_movement_cost3,log_improvement_movement_cost3,39,1063.7473907102387,178.3939397419695,28.812349648946697,5.770583024823651
schwefel,log_improvement_movement_cost3,log_improvement_movement_cost3,40,1063.7473907102387,178.3939397419695,29.053092141362622,5.7918691081161775
schwefel,log_improvement_movement_cost3,log_improvement_movement_cost3,41,1063.7473907102387,178.3939397419695,29.15543723196481,5.82941514787179
schwefel,log_improvement_movement_cost3,log_improvement_movement_cost3,42,1003.288714714385,190.37052469309796,29.37543925379686,6.030576967221989
schwefel,log_improvement_movement_cost3,log_improvement_movement_cost3,43,1003.288714714385,190.37052469309796,30.231306793260064,5.936963921046214
schwefel,log_improvement_movement_cost3,log_improvement_movement_cost3,44,1003.288714714385,190.37052469309796,30.98590445029932,5.72071631402026
schwefel,log_improvement_movement_cost3,log_improvement_movement_cost3,45,1003.288714714385,190.37052469309796,31.460505478515348,5.743753226394953
schwefel,log_improvement_movement_cost3,log_improvement_movement_cost3,46,1003.288714714385,190.37052469309796,32.19217033823287,5.9248843472522355
schwefel,log_improvement_movement_cost3,log_improvement_movement_cost3,47,1003.288714714385,190.37052469309796,32.87615705236043,5.888884643825226
schwefel,log_improvement_movement_cost3,log_improvement_movement_cost3,48,1003.288714714385,190.37052469309796,33.336169288578695,5.858679671636036
schwefel,log_improvement_movement_cost3,log_improvement_movement_cost3,49,1003.288714714385,190.37052469309796,33.964581049427,5.912673889634662
schwefel,optimistic_selected,optimistic_improvement_movement_cost3,0,1415.4570096500654,128.04220302375958,0.88571146395322,0.13774785475994542
schwefel,optimistic_selected,optimistic_improvement_movement_cost3,1,1415.4570096500654,128.04220302375958,1.636336138438849,0.4180010228061208
schwefel,optimistic_selected,optimistic_improvement_movement_cost3,2,1412.7604410990543,126.93752454452041,2.5246684810980082,0.714436274391875
schwefel,optimistic_selected,optimistic_improvement_movement_cost3,3,1412.7604410990543,126.93752454452041,3.0087889315929175,1.032058044751623
schwefel,optimistic_selected,optimistic_improvement_movement_cost3,4,1412.7604410990543,126.93752454452041,3.69856600358094,1.448329072025809
schwefel,optimistic_selected,optimistic_improvement_movement_cost3,5,1412.7604410990543,126.93752454452041,4.450771528998051,1.9256047094801
schwefel,optimistic_selected,optimistic_improvement_movement_cost3,6,1412.7604410990543,126.93752454452041,4.974683820451765,1.6745528449156497
schwefel,optimistic_selected,optimistic_improvement_movement_cost3,7,1388.2295525107438,105.83165766557715,5.701709385755674,1.5531116751384464
schwefel,optimistic_selected,optimistic_improvement_movement_cost3,8,1345.2566624956796,91.62878339101434,6.014750394124438,1.7365034882437111
schwefel,optimistic_selected,optimistic_improvement_movement_cost3,9,1312.90570866546,105.63207636690619,6.361396022801241,2.012980179859301
schwefel,optimistic_selected,optimistic_improvement_movement_cost3,10,1079.5973012590478,393.3357638351212,6.890614321946436,1.9779165572140527
schwefel,optimistic_selected,optimistic_improvement_movement_cost3,11,1079.5973012590478,393.3357638351212,7.369537759694673,1.7148862392892168
schwefel,optimistic_selected,optimistic_improvement_movement_cost3,12,1079.5973012590478,393.3357638351212,7.865905557517254,1.4445532982051474
schwefel,optimistic_selected,optimistic_improvement_movement_cost3,13,1079.5973012590478,393.3357638351212,8.35512651426343,1.8438951084265163
schwefel,optimistic_selected,optimistic_improvement_movement_cost3,14,1079.5973012590478,393.3357638351212,8.860121165143129,2.327987085973576
schwefel,optimistic_selected,optimistic_improvement_movement_cost3,15,1079.5973012590478,393.3357638351212,9.654073336195387,2.4278647973210767
schwefel,optimistic_selected,optimistic_improvement_movement_cost3,16,981.7273888167307,314.5815827183378,10.206776390720186,2.4543775977410864
schwefel,optimistic_selected,optimistic_improvement_movement_cost3,17,971.5337806012607,306.50859595109495,10.684898710386468,2.5181891343162177
schwefel,optimistic_selected,optimistic_improvement_movement_cost3,18,971.5337806012607,306.50859595109495,11.035633901419736,2.7875375771391653
schwefel,optimistic_selected,optimistic_improvement_movement_cost3,19,971.5337806012607,306.50859595109495,11.514385759479628,2.9376523256513485
schwefel,optimistic_selected,optimistic_improvement_movement_cost3,20,971.5337806012607,306.50859595109495,12.569053683348267,2.892467289118787
schwefel,optimistic_selected,optimistic_improvement_movement_cost3,21,971.5337806012607,306.50859595109495,13.604120968585859,2.6652862476466175
schwefel,optimistic_selected,optimistic_improvement_movement_cost3,22,971.5337806012607,306.50859595109495,14.369016211420458,2.9708789112327327
schwefel,optimistic_selected,optimistic_improvement_movement_cost3,23,971.5337806012607,306.50859595109495,14.778289183575373,2.918243063963201
schwefel,optimistic_selected,optimistic_improvement_movement_cost3,24,971.5337806012607,306.50859595109495,15.197355697043841,2.9961630492030085
schwefel,optimistic_selected,optimistic_improvement_movement_cost3,25,971.5337806012607,306.50859595109495,15.583536443237435,3.0233166917280525
schwefel,optimistic_selected,optimistic_improvement_movement_cost3,26,971.5337806012607,306.50859595109495,16.118919002822278,2.67202281362376
schwefel,optimistic_selected,optimistic_improvement_movement_cost3,27,971.5337806012607,306.50859595109495,16.709511540893576,2.229141255299948
schwefel,optimistic_selected,optimistic_improvement_movement_cost3,28,971.5337806012607,306.50859595109495,17.29029779271881,2.285407537745926
schwefel,optimistic_selected,optimistic_improvement_movement_cost3,29,971.5337806012607,306.50859595109495,17.87540914274037,2.364922636894499
schwefel,optimistic_selected,optimistic_improvement_movement_cost3,30,971.5337806012607,306.50859595109495,18.57560703941644,2.396875822285611
schwefel,optimistic_selected,optimistic_improvement_movement_cost3,31,971.5337806012607,306.50859595109495,19.331850894983784,2.3331257524583693
schwefel,optimistic_selected,optimistic_improvement_movement_cost3,32,971.5337806012607,306.50859595109495,20.35734282132835,2.454985582146886
schwefel,optimistic_selected,optimistic_improvement_movement_cost3,33,971.5337806012607,306.50859595109495,21.303733814413565,2.593827029790725
schwefel,optimistic_selected,optimistic_improvement_movement_cost3,34,971.5337806012607,306.50859595109495,21.751644304012533,2.3570603742923524
schwefel,optimistic_selected,optimistic_improvement_movement_cost3,35,971.5337806012607,306.50859595109495,22.15387768007515,2.4825787852418992
schwefel,optimistic_selected,optimistic_improvement_movement_cost3,36,971.5337806012607,306.50859595109495,23.013299688679993,3.0105588470426086
schwefel,optimistic_selected,optimistic_improvement_movement_cost3,37,971.5337806012607,306.50859595109495,23.78670525970436,3.4818983663603476
schwefel,optimistic_selected,optimistic_improvement_movement_cost3,38,971.5337806012607,306.50859595109495,24.396981341353676,3.7475437698184915
schwefel,optimistic_selected,optimistic_improvement_movement_cost3,39,971.5337806012607,306.50859595109495,24.909642661142374,3.7539636304733133
schwefel,optimistic_selected,optimistic_improvement_movement_cost3,40,971.5337806012607,306.50859595109495,25.231571252087566,3.652683741608657
schwefel,optimistic_selected,optimistic_improvement_movement_cost3,41,971.5337806012607,306.50859595109495,25.356000148284725,3.622795449858782
schwefel,optimistic_selected,optimistic_improvement_movement_cost3,42,971.5337806012607,306.50859595109495,25.76970211410307,4.089243021875656
schwefel,optimistic_selected,optimistic_improvement_movement_cost3,43,971.5337806012607,306.50859595109495,26.825143852848715,4.1024899527683525
schwefel,optimistic_selected,optimistic_improvement_movement_cost3,44,971.5337806012607,306.50859595109495,27.50606140896886,3.684193618436756
schwefel,optimistic_selected,optimistic_improvement_movement_cost3,45,971.5337806012607,306.50859595109495,27.89016851868621,3.955600700761456
schwefel,optimistic_selected,optimistic_improvement_movement_cost3,46,971.5337806012607,306.50859595109495,28.51058805116544,3.9636073415936197
schwefel,optimistic_selected,optimistic_improvement_movement_cost3,47,971.5337806012607,306.50859595109495,29.18955039259335,3.8560856839860005
schwefel,optimistic_selected,optimistic_improvement_movement_cost3,48,971.5337806012607,306.50859595109495,29.612049469607893,3.730101113015154
schwefel,optimistic_selected,optimistic_improvement_movement_cost3,49,971.5337806012607,306.50859595109495,30.114638359698358,3.769794298710018
schwefel,budgeted_exploration,budgeted_exploration,0,1329.2871970964231,248.4572736260337,0.7422761755340086,0.13415506489439735
schwefel,budgeted_exploration,budgeted_exploration,1,1329.2871970964231,248.4572736260337,1.7559338262821624,0.458572976726024
schwefel,budgeted_exploration,budgeted_exploration,2,1283.4090478312407,230.20504848948548,2.658282705788297,0.8130072028113928
schwefel,budgeted_exploration,budgeted_exploration,3,1283.4090478312407,230.20504848948548,3.3170825857192128,1.1827846331640939
schwefel,budgeted_exploration,budgeted_exploration,4,1283.4090478312407,230.20504848948548,4.076373136368148,1.6289923833073636
schwefel,budgeted_exploration,budgeted_exploration,5,1283.4090478312407,230.20504848948548,4.847444385002686,1.9540001162328917
schwefel,budgeted_exploration,budgeted_exploration,6,1283.4090478312407,230.20504848948548,5.9131372226139405,2.4158682574839303
schwefel,budgeted_exploration,budgeted_exploration,7,1283.4090478312407,230.20504848948548,6.784513803005126,2.8491855901281062
schwefel,budgeted_exploration,budgeted_exploration,8,1283.4090478312407,230.20504848948548,7.099671122625828,3.01643253037605
schwefel,budgeted_exploration,budgeted_exploration,9,1283.4090478312407,230.20504848948548,7.397110519012819,3.0534668111934664
schwefel,budgeted_exploration,budgeted_exploration,10,1283.4090478312407,230.20504848948548,7.739734754833774,2.977615479803567
schwefel,budgeted_exploration,budgeted_exploration,11,1283.4090478312407,230.20504848948548,8.266348197037553,2.771262491559969
schwefel,budgeted_exploration,budgeted_exploration,12,1283.4090478312407,230.20504848948548,8.666963073867453,2.625112309304097
schwefel,budgeted_exploration,budgeted_exploration,13,1283.4090478312407,230.20504848948548,9.335550316341354,2.7597677428922514
schwefel,budgeted_exploration,budgeted_exploration,14,1283.4090478312407,230.20504848948548,9.886274327409646,2.847924664328048
schwefel,budgeted_exploration,budgeted_exploration,15,1283.4090478312407,230.20504848948548,10.552573664066612,3.1129349060991336
schwefel,budgeted_exploration,budgeted_exploration,16,1283.4090478312407,230.20504848948548,11.459339141771785,3.5902652499062597
schwefel,budgeted_exploration,budgeted_exploration,17,1228.4615137702197,176.4017958740512,11.851315878343035,3.863039270832482
schwefel,budgeted_exploration,budgeted_exploration,18,1152.546938641183,163.73790918192842,12.278010059950473,3.94813666825136
schwefel,budgeted_exploration,budgeted_exploration,19,1152.546938641183,163.73790918192842,12.50497654863822,3.9456490797585992
schwefel,budgeted_exploration,budgeted_exploration,20,1152.546938641183,163.73790918192842,13.614253790639372,3.8747412435734927
schwefel,budgeted_exploration,budgeted_exploration,21,1152.546938641183,163.73790918192842,14.868457311997323,3.9127731951859985
schwefel,budgeted_exploration,budgeted_exploration,22,1152.546938641183,163.73790918192842,15.634044695822416,4.362469115190728
schwefel,budgeted_exploration,budgeted_exploration,23,1152.546938641183,163.73790918192842,16.279998983579954,4.715689435818714
schwefel,budgeted_exploration,budgeted_exploration,24,1152.546938641183,163.73790918192842,16.896814358445734,4.654925242142929
schwefel,budgeted_exploration,budgeted_exploration,25,1152.546938641183,163.73790918192842,17.28450543276834,4.361617211318492
schwefel,budgeted_exploration,budgeted_exploration,26,1152.546938641183,163.73790918192842,17.744932811165768,3.9657735864038344
schwefel,budgeted_exploration,budgeted_exploration,27,1152.546938641183,163.73790918192842,18.294990173565157,3.6570906319633996
schwefel,budgeted_exploration,budgeted_exploration,28,1152.546938641183,163.73790918192842,18.76490732001538,3.361005755693893
schwefel,budgeted_exploration,budgeted_exploration,29,1152.546938641183,163.73790918192842,19.314513381418653,2.770708175888359
schwefel,budgeted_exploration,budgeted_exploration,30,1152.546938641183,163.73790918192842,20.222177778608582,2.568496931736985
schwefel,budgeted_exploration,budgeted_exploration,31,1152.546938641183,163.73790918192842,21.027277518048184,2.727509046601587
schwefel,budgeted_exploration,budgeted_exploration,32,1152.546938641183,163.73790918192842,21.906928517639063,2.381433080336387
schwefel,budgeted_exploration,budgeted_exploration,33,1152.546938641183,163.73790918192842,22.99837344874331,2.0177331553593327
schwefel,budgeted_exploration,budgeted_exploration,34,1152.546938641183,163.73790918192842,23.759752680114318,1.5728195723731235
schwefel,budgeted_exploration,budgeted_exploration,35,1152.546938641183,163.73790918192842,24.147071611196324,1.7903415173716055
schwefel,budgeted_exploration,budgeted_exploration,36,1152.546938641183,163.73790918192842,24.8596340269339,2.090460125890862
schwefel,budgeted_exploration,budgeted_exploration,37,1152.546938641183,163.73790918192842,25.731635883656555,2.4553263413727993
schwefel,budgeted_exploration,budgeted_exploration,38,1152.546938641183,163.73790918192842,26.562916834890938,2.719740466539091
schwefel,budgeted_exploration,budgeted_exploration,39,1152.546938641183,163.73790918192842,27.271342571281878,2.9426171045971405
schwefel,budgeted_exploration,budgeted_exploration,40,1152.546938641183,163.73790918192842,27.82030926019733,3.0344665745489023
schwefel,budgeted_exploration,budgeted_exploration,41,1152.546938641183,163.73790918192842,28.031963513538845,2.882965598562471
schwefel,budgeted_exploration,budgeted_exploration,42,1152.546938641183,163.73790918192842,28.256835464807903,2.9070588502615915
schwefel,budgeted_exploration,budgeted_exploration,43,1152.546938641183,163.73790918192842,29.0105821203815,2.868896136988023
schwefel,budgeted_exploration,budgeted_exploration,44,1152.546938641183,163.73790918192842,29.72319184839154,2.9149616732537535
schwefel,budgeted_exploration,budgeted_exploration,45,1152.546938641183,163.73790918192842,30.425052524920773,2.7772343980950662
schwefel,budgeted_exploration,budgeted_exploration,46,1152.546938641183,163.73790918192842,31.48718290859154,2.9994145448080225
schwefel,budgeted_exploration,budgeted_exploration,47,1152.546938641183,163.73790918192842,32.19894944670391,3.411330000981647
schwefel,budgeted_exploration,budgeted_exploration,48,1152.546938641183,163.73790918192842,32.619927398375985,3.4168080456034002
schwefel,budgeted_exploration,budgeted_exploration,49,1152.546938641183,163.73790918192842,33.37763732410381,3.0581153727757386
schwefel,lookahead_budgeted_exploration,lookahead_budgeted_exploration,0,1415.4570096500654,128.04220302375958,0.9707336703725294,0.25063623701107823
schwefel,lookahead_budgeted_exploration,lookahead_budgeted_exploration,1,1415.4570096500654,128.04220302375958,1.7598013779665946,0.14226243638234326
schwefel,lookahead_budgeted_exploration,lookahead_budgeted_exploration,2,1415.4570096500654,128.04220302375958,2.41914372992972,0.4360425977121576
schwefel,lookahead_budgeted_exploration,lookahead_budgeted_exploration,3,1415.4570096500654,128.04220302375958,3.1448008906441163,0.8582805124520128
schwefel,lookahead_budgeted_exploration,lookahead_budgeted_exploration,4,1415.4570096500654,128.04220302375958,3.9698487610852755,1.3814443788152821
schwefel,lookahead_budgeted_exploration,lookahead_budgeted_exploration,5,1415.4570096500654,128.04220302375958,4.828713571848412,1.9158636664476296
schwefel,lookahead_budgeted_exploration,lookahead_budgeted_exploration,6,1284.106723504916,190.9764123644578,5.872932158899718,2.216635343471478
schwefel,lookahead_budgeted_exploration,lookahead_budgeted_exploration,7,1284.106723504916,190.9764123644578,6.446120911109413,2.3053749482669366
schwefel,lookahead_budgeted_exploration,lookahead_budgeted_exploration,8,1284.106723504916,190.9764123644578,6.712532764084564,2.4300008985727732
schwefel,lookahead_budgeted_exploration,lookahead_budgeted_exploration,9,1284.106723504916,190.9764123644578,7.01066094246665,2.4235205226784
schwefel,lookahead_budgeted_exploration,lookahead_budgeted_exploration,10,1284.106723504916,190.9764123644578,7.493591212859862,2.339501770105249
schwefel,lookahead_budgeted_exploration,lookahead_budgeted_exploration,11,1284.106723504916,190.9764123644578,8.003622013567158,2.337564134858532
schwefel,lookahead_budgeted_exploration,lookahead_budgeted_exploration,12,1284.106723504916,190.9764123644578,8.601270996119874,2.3099105669898528
schwefel,lookahead_budgeted_exploration,lookahead_budgeted_exploration,13,1284.106723504916,190.9764123644578,9.019541813207136,2.4285385627510707
schwefel,lookahead_budgeted_exploration,lookahead_budgeted_exploration,14,1273.1641269512452,176.54326652333265,9.276150965797205,2.5523643307897284
schwefel,lookahead_budgeted_exploration,lookahead_budgeted_exploration,15,1273.1641269512452,176.54326652333265,9.886708900535977,2.7849399220246296
schwefel,lookahead_budgeted_exploration,lookahead_budgeted_exploration,16,1273.1641269512452,176.54326652333265,10.618172849231815,3.055238659152877
schwefel,lookahead_budgeted_exploration,lookahead_budgeted_exploration,17,1273.1641269512452,176.54326652333265,11.054916146724418,3.346510948595733
schwefel,lookahead_budgeted_exploration,lookahead_budgeted_exploration,18,1273.1641269512452,176.54326652333265,11.473950745192502,3.544379216333946
schwefel,lookahead_budgeted_exploration,lookahead_budgeted_exploration,19,1273.1641269512452,176.54326652333265,12.021491601888252,3.622017728592079
schwefel,lookahead_budgeted_exploration,lookahead_budgeted_exploration,20,1273.1641269512452,176.54326652333265,13.012922889643688,3.530283283076077
schwefel,lookahead_budgeted_exploration,lookahead_budgeted_exploration,21,1261.8324842783827,179.4672617172586,14.081895782800894,3.5733960037806383
schwefel,lookahead_budgeted_exploration,lookahead_budgeted_exploration,22,1261.8324842783827,179.4672617172586,14.638239376922092,3.6105666762979842
schwefel,lookahead_budgeted_exploration,lookahead_budgeted_exploration,23,1261.8324842783827,179.4672617172586,15.10401673378846,3.8872600556861903
schwefel,lookahead_budgeted_exploration,lookahead_budgeted_exploration,24,1261.8324842783827,179.4672617172586,15.487393886596038,3.727000576558541
schwefel,lookahead_budgeted_exploration,lookahead_budgeted_exploration,25,1261.8324842783827,179.4672617172586,15.836452383334574,3.6530209685138315
schwefel,lookahead_budgeted_exploration,lookahead_budgeted_exploration,26,1216.0052172431335,118.98813271743136,16.37504630325005,3.2898980704447665
schwefel,lookahead_budgeted_exploration,lookahead_budgeted_exploration,27,1216.0052172431335,118.98813271743136,16.897495061909577,2.9694676100929005
schwefel,lookahead_budgeted_exploration,lookahead_budgeted_exploration,28,1216.0052172431335,118.98813271743136,17.579936934741237,2.891988087849457
schwefel,lookahead_budgeted_exploration,lookahead_budgeted_exploration,29,1216.0052172431335,118.98813271743136,18.033380681253167,2.9620918203674855
schwefel,lookahead_budgeted_exploration,lookahead_budgeted_exploration,30,1216.0052172431335,118.98813271743136,18.68463086207915,3.2124514247735085
schwefel,lookahead_budgeted_exploration,lookahead_budgeted_exploration,31,1216.0052172431335,118.98813271743136,19.117171589428455,3.4423806387681446
schwefel,lookahead_budgeted_exploration,lookahead_budgeted_exploration,32,1216.0052172431335,118.98813271743136,20.243252424812123,3.5097281725796847
schwefel,lookahead_budgeted_exploration,lookahead_budgeted_exploration,33,1216.0052172431335,118.98813271743136,21.409373531912227,3.641942443105815
schwefel,lookahead_budgeted_exploration,lookahead_budgeted_exploration,34,1216.0052172431335,118.98813271743136,22.01963991663342,3.4179393882137363
schwefel,lookahead_budgeted_exploration,lookahead_budgeted_exploration,35,1216.0052172431335,118.98813271743136,22.39044341235159,3.6333720539720225
schwefel,lookahead_budgeted_exploration,lookahead_budgeted_exploration,36,1216.0052172431335,118.98813271743136,23.118353329948903,4.106025386295477
schwefel,lookahead_budgeted_exploration,lookahead_budgeted_exploration,37,1216.0052172431335,118.98813271743136,23.95313735202292,4.625849219467453
schwefel,lookahead_budgeted_exploration,lookahead_budgeted_exploration,38,1216.0052172431335,118.98813271743136,24.745698084157965,4.879518083628413
schwefel,lookahead_budgeted_exploration,lookahead_budgeted_exploration,39,1216.0052172431335,118.98813271743136,25.2696951153107,4.862180248075816
schwefel,lookahead_budgeted_exploration,lookahead_budgeted_exploration,40,1216.0052172431335,118.98813271743136,25.629719574236805,5.017061240022648
schwefel,lookahead_budgeted_exploration,lookahead_budgeted_exploration,41,1216.0052172431335,118.98813271743136,25.75851068394145,5.05576520572359
schwefel,lookahead_budgeted_exploration,lookahead_budgeted_exploration,42,1216.0052172431335,118.98813271743136,25.970323299154643,5.179413282001317
schwefel,lookahead_budgeted_exploration,lookahead_budgeted_exploration,43,1216.0052172431335,118.98813271743136,26.644670604535026,5.453542206912576
schwefel,lookahead_budgeted_exploration,lookahead_budgeted_exploration,44,1216.0052172431335,118.98813271743136,27.178979649752673,5.663542600434611
schwefel,lookahead_budgeted_exploration,lookahead_budgeted_exploration,45,1216.0052172431335,118.98813271743136,27.390422526484755,5.72594704481052
schwefel,lookahead_budgeted_exploration,lookahead_budgeted_exploration,46,1216.0052172431335,118.98813271743136,27.812264719627553,5.954733906324765
schwefel,lookahead_budgeted_exploration,lookahead_budgeted_exploration,47,1216.0052172431335,118.98813271743136,28.290388450057744,5.976150962032471
schwefel,lookahead_budgeted_exploration,lookahead_budgeted_exploration,48,1216.0052172431335,118.98813271743136,28.70782169386524,6.01303017822957
schwefel,lookahead_budgeted_exploration,lookahead_budgeted_exploration,49,1216.0052172431335,118.98813271743136,29.111247465992687,6.06251781901003
michalewicz,pure_bo,pure_bo,0,2.5105812291169864,0.1510038893924928,0.7949734148788039,0.18845462535459348
michalewicz,pure_bo,pure_bo,1,2.5105812291169864,0.1510038893924928,1.2004706459996612,0.3506631602366205
michalewicz,pure_bo,pure_bo,2,2.3957774005923813,0.026112277912883744,1.664367027123621,0.5161828479997909
michalewicz,pure_bo,pure_bo,3,2.192246078658181,0.3017414827904614,2.049016031064666,0.5730166437963609
michalewicz,pure_bo,pure_bo,4,2.192246078658181,0.3017414827904614,2.2999352500773265,0.6578073223192056
michalewicz,pure_bo,pure_bo,5,2.192246078658181,0.3017414827904614,2.5181877785452875,0.8539749924857643
michalewicz,pure_bo,pure_bo,6,2.192246078658181,0.3017414827904614,3.0477589469093407,1.1497769688321027
michalewicz,pure_bo,pure_bo,7,1.9764844300804807,0.606447717164882,3.803809281996506,1.3853783628433454
michalewicz,pure_bo,pure_bo,8,1.9764844300804807,0.606447717164882,4.630759731321985,1.6083143922723102
michalewicz,pure_bo,pure_bo,9,1.9764844300804807,0.606447717164882,5.394412070269504,1.5023090792709117
michalewicz,pure_bo,pure_bo,10,1.9764844300804807,0.606447717164882,6.27921979890201,1.6491755546248839
michalewicz,pure_bo,pure_bo,11,1.9764844300804807,0.606447717164882,6.837989526237898,1.7126458557961224
michalewicz,pure_bo,pure_bo,12,1.9764844300804807,0.606447717164882,7.386456756693082,1.8336143344435551
michalewicz,pure_bo,pure_bo,13,1.9764844300804807,0.606447717164882,8.029904595988018,1.72585105734005
michalewicz,pure_bo,pure_bo,14,1.9764844300804807,0.606447717164882,8.62028042421593,1.9900765749113656
michalewicz,pure_bo,pure_bo,15,1.9764844300804807,0.606447717164882,9.653751706348098,2.156350117773627
michalewicz,pure_bo,pure_bo,16,1.9764844300804807,0.606447717164882,10.694036195969467,2.2832283485467277
michalewicz,pure_bo,pure_bo,17,1.9764844300804807,0.606447717164882,11.295479336035351,1.9193084040508377
michalewicz,pure_bo,pure_bo,18,1.9764844300804807,0.606447717164882,12.282682682954023,2.0144266644966056
michalewicz,pure_bo,pure_bo,19,1.9764844300804807,0.606447717164882,13.07372545853139,1.9040106673981558
michalewicz,pure_bo,pure_bo,20,1.9764844300804807,0.606447717164882,13.814497806432849,1.6807475859555028
michalewicz,pure_bo,pure_bo,21,1.9764844300804807,0.606447717164882,14.601835279340342,1.7817321469795255
michalewicz,pure_bo,pure_bo,22,1.9764844300804807,0.606447717164882,15.287548494450382,1.9947291439084254
michalewicz,pure_bo,pure_bo,23,1.9764844300804807,0.606447717164882,16.033623592040907,2.1154693259232307
michalewicz,pure_bo,pure_bo,24,1.9764844300804807,0.606447717164882,16.923072513732535,2.042788510219535
michalewicz,pure_bo,pure_bo,25,1.9764844300804807,0.606447717164882,17.713338366755934,2.252152206298697
michalewicz,pure_bo,pure_bo,26,1.9764844300804807,0.606447717164882,18.510824547601572,2.3152432336178745
michalewicz,pure_bo,pure_bo,27,1.9764844300804807,0.606447717164882,19.5394171599946,2.394107392076175
michalewicz,pure_bo,pure_bo,28,1.9764844300804807,0.606447717164882,20.248906612996993,2.690990881808908
michalewicz,pure_bo,pure_bo,29,1.9764844300804807,0.606447717164882,21.10240353895374,2.6570309562887333
michalewicz,pure_bo,pure_bo,30,1.9764844300804807,0.606447717164882,22.14478352756896,2.630639300339645
michalewicz,pure_bo,pure_bo,31,1.9764844300804807,0.606447717164882,22.76870481069488,2.422430324204283
michalewicz,pure_bo,pure_bo,32,1.9764844300804807,0.606447717164882,23.301443089949572,2.2023908245724586
michalewicz,pure_bo,pure_bo,33,1.9764844300804807,0.606447717164882,24.09822115282077,1.987990425338041
michalewicz,pure_bo,pure_bo,34,1.9764844300804807,0.606447717164882,24.290190167419215,1.7230651160380381
michalewicz,pure_bo,pure_bo,35,1.9764844300804807,0.606447717164882,24.59272583215726,1.311012593977153
michalewicz,pure_bo,pure_bo,36,1.9764844300804807,0.606447717164882,24.63631335147205,1.2525199063608574
michalewicz,pure_bo,pure_bo,37,1.9764844300804807,0.606447717164882,24.881726986816705,0.9308030675142812
michalewicz,pure_bo,pure_bo,38,1.9764844300804807,0.606447717164882,25.438482549476607,0.40755144711584845
michalewicz,pure_bo,pure_bo,39,1.9764844300804807,0.606447717164882,25.79623895238718,0.608647191548462
michalewicz,pure_bo,pure_bo,40,1.9764844300804807,0.606447717164882,26.12975998325523,1.0109759237463856
michalewicz,pure_bo,pure_bo,41,1.9764844300804807,0.606447717164882,26.543783883779785,1.5652410884991501
michalewicz,pure_bo,pure_bo,42,1.9764844300804807,0.606447717164882,26.950060565876658,2.125489589860232
michalewicz,pure_bo,pure_bo,43,1.9764844300804807,0.606447717164882,27.177048783753605,2.441401103167002
michalewicz,pure_bo,pure_bo,44,1.9764844300804807,0.606447717164882,27.592367273281866,3.022204573508128
michalewicz,pure_bo,pure_bo,45,1.9764844300804807,0.606447717164882,28.303085647777266,3.311559242444728
michalewicz,pure_bo,pure_bo,46,1.9764844300804807,0.606447717164882,29.08438164028517,3.741525953794782
michalewicz,pure_bo,pure_bo,47,1.9764844300804807,0.606447717164882,29.317168769605473,4.050819976663588
michalewicz,pure_bo,pure_bo,48,1.8858168738483323,0.5490820548436125,29.56577106779136,4.384330904166659
michalewicz,pure_bo,pure_bo,49,1.8858168738483323,0.5490820548436125,29.59746684673263,4.427053133327487
michalewicz,earlbo,earlbo,0,2.548778061087308,0.1406093043561203,0.6645031448241907,0.04711560865861399
michalewicz,earlbo,earlbo,1,2.548778061087308,0.1406093043561203,0.8962581324994865,0.17874361668807134
michalewicz,earlbo,earlbo,2,2.548778061087308,0.1406093043561203,1.3927038760205523,0.2834857771330797
michalewicz,earlbo,earlbo,3,2.453039855232134,0.26633447924965736,1.8006810865863896,0.39576706148793195
michalewicz,earlbo,earlbo,4,2.453039855232134,0.26633447924965736,2.1151179555429174,0.4815781967651213
michalewicz,earlbo,earlbo,5,2.453039855232134,0.26633447924965736,2.399415661798106,0.47386040286988174
michalewicz,earlbo,earlbo,6,2.453039855232134,0.26633447924965736,2.6248098371802793,0.36600892710785743
michalewicz,earlbo,earlbo,7,2.453039855232134,0.26633447924965736,2.741104892052416,0.339986616261487
michalewicz,earlbo,earlbo,8,2.453039855232134,0.26633447924965736,2.8529743218438806,0.35453513713999885
michalewicz,earlbo,earlbo,9,2.453039855232134,0.26633447924965736,3.1165643156030653,0.3676891689702888
michalewicz,earlbo,earlbo,10,2.453039855232134,0.26633447924965736,3.399981902071925,0.4989986555194479
michalewicz,earlbo,earlbo,11,2.237606471807245,0.5658060262021404,3.685690406830075,0.4725431138542688
michalewicz,earlbo,earlbo,12,2.237606471807245,0.5658060262021404,4.041287776500929,0.32594594872610816
michalewicz,earlbo,earlbo,13,2.166968063889318,0.5115870838969722,4.460846800719287,0.5166857127397436
michalewicz,earlbo,earlbo,14,2.166968063889318,0.5115870838969722,4.779515499305011,0.717416460099147
michalewicz,earlbo,earlbo,15,2.166968063889318,0.5115870838969722,5.113947647779281,0.8537862639608128
michalewicz,earlbo,earlbo,16,2.166968063889318,0.5115870838969722,5.5892400916459435,0.998463027823441
michalewicz,earlbo,earlbo,17,2.166968063889318,0.5115870838969722,6.083346926936813,1.1016329378802712
michalewicz,earlbo,earlbo,18,2.166968063889318,0.5115870838969722,6.64595240098669,1.1403965457624077
michalewicz,earlbo,earlbo,19,2.166968063889318,0.5115870838969722,7.09773875547242,1.0994207696901948
michalewicz,earlbo,earlbo,20,2.166968063889318,0.5115870838969722,7.533681233350073,1.2899847756044098
michalewicz,earlbo,earlbo,21,2.166968063889318,0.5115870838969722,7.867494997645816,1.4807897950734288
michalewicz,earlbo,earlbo,22,2.166968063889318,0.5115870838969722,8.086143211896045,1.6200299205570565
michalewicz,earlbo,earlbo,23,2.166968063889318,0.5115870838969722,8.413214973504315,1.6249633698282406
michalewicz,earlbo,earlbo,24,2.166968063889318,0.5115870838969722,8.897369905066927,1.584844331909663
michalewicz,earlbo,earlbo,25,2.166968063889318,0.5115870838969722,9.50792031203318,1.504020911402814
michalewicz,earlbo,earlbo,26,2.166968063889318,0.5115870838969722,10.093749863129569,1.2902773014416145
michalewicz,earlbo,earlbo,27,2.166968063889318,0.5115870838969722,10.62825300295441,1.2440843612395722
michalewicz,earlbo,earlbo,28,1.890608915474693,0.4519466381946572,11.045742826264393,1.2586188817122295
michalewicz,earlbo,earlbo,29,1.890608915474693,0.4519466381946572,11.498994162647364,1.2122198255966452
michalewicz,earlbo,earlbo,30,1.890608915474693,0.4519466381946572,12.10368263965477,1.1852113723964355
michalewicz,earlbo,earlbo,31,1.890608915474693,0.4519466381946572,12.574516179797675,1.1350253805042523
michalewicz,earlbo,earlbo,32,1.890608915474693,0.4519466381946572,12.974125034889175,1.2801054920456363
michalewicz,earlbo,earlbo,33,1.890608915474693,0.4519466381946572,13.429525961065389,1.5268972157409875
michalewicz,earlbo,earlbo,34,1.890608915474693,0.4519466381946572,13.874945117441042,1.4277190734823364
michalewicz,earlbo,earlbo,35,1.890608915474693,0.4519466381946572,14.507031899650052,1.3433412984961022
michalewicz,earlbo,earlbo,36,1.890608915474693,0.4519466381946572,14.765690270518364,1.458165420244526
michalewicz,earlbo,earlbo,37,1.890608915474693,0.4519466381946572,15.05988321548877,1.3542463827391626
michalewicz,earlbo,earlbo,38,1.890608915474693,0.4519466381946572,15.54790560022811,1.372390969498715
michalewicz,earlbo,earlbo,39,1.890608915474693,0.4519466381946572,15.906851025761844,1.535494861201284
michalewicz,earlbo,earlbo,40,1.890608915474693,0.4519466381946572,16.429820352906006,1.4970168354389657
michalewicz,earlbo,earlbo,41,1.890608915474693,0.4519466381946572,17.02431589456764,1.5505051878642244
michalewicz,earlbo,earlbo,42,1.890608915474693,0.4519466381946572,17.637517661808733,1.901955634923693
michalewicz,earlbo,earlbo,43,1.8027718728482796,0.3330299697250366,18.026574391159837,1.8350490948562799
michalewicz,earlbo,earlbo,44,1.8027718728482796,0.3330299697250366,18.31750707945078,1.9094710605999015
michalewicz,earlbo,earlbo,45,1.8027718728482796,0.3330299697250366,18.591263013811556,1.9547909115334616
michalewicz,earlbo,earlbo,46,1.8027718728482796,0.3330299697250366,19.008867166335868,2.1017680751088594
michalewicz,earlbo,earlbo,47,1.8027718728482796,0.3330299697250366,19.475994063441718,2.076137075272941
michalewicz,earlbo,earlbo,48,1.8027718728482796,0.3330299697250366,19.968861725981515,2.160007238705926
michalewicz,earlbo,earlbo,49,1.8027718728482796,0.3330299697250366,20.364660592468272,2.1327766216792616
michalewicz,snake,snake,0,2.531109626558468,0.16264794449716835,0.7429948360856481,0.2148057811091125
michalewicz,snake,snake,1,2.531109626558468,0.16264794449716835,1.0006910435491367,0.28696574013346543
michalewicz,snake,snake,2,2.531109626558468,0.16264794449716835,1.397032145734449,0.43798199746060407
michalewicz,snake,snake,3,2.531109626558468,0.16264794449716835,1.834095062187681,0.6373474064418142
michalewicz,snake,snake,4,2.531109626558468,0.16264794449716835,2.198591546381751,0.7895385757100235
michalewicz,snake,snake,5,2.531109626558468,0.16264794449716835,2.656455941261999,1.0998348683201038
michalewicz,snake,snake,6,2.531109626558468,0.16264794449716835,3.0917139706342938,1.3698793323128182
michalewicz,snake,snake,7,2.531109626558468,0.16264794449716835,3.4464697285587285,1.614812382233032
michalewicz,snake,snake,8,2.2861336219591357,0.4977989022828249,3.854648517034782,1.7680069164093866
michalewicz,snake,snake,9,2.2861336219591357,0.4977989022828249,4.265409441937251,1.9778013731752964
michalewicz,snake,snake,10,2.2861336219591357,0.4977989022828249,4.704843879654406,2.022299040162527
michalewicz,snake,snake,11,2.2192795413408906,0.44553406029691867,5.126519359404976,1.7926963527631241
michalewicz,snake,snake,12,2.0717084935073107,0.6541902805380403,5.491820055832996,1.7972034641179069
michalewicz,snake,snake,13,2.0717084935073107,0.6541902805380403,5.770085540364913,1.7891741535059256
michalewicz,snake,snake,14,2.0717084935073107,0.6541902805380403,6.14457910423242,1.8120180258277052
michalewicz,snake,snake,15,2.0717084935073107,0.6541902805380403,6.436648955074053,2.073682901795184
michalewicz,snake,snake,16,2.0717084935073107,0.6541902805380403,6.759918600957374,2.1591794832474585
michalewicz,snake,snake,17,2.0717084935073107,0.6541902805380403,7.136821283696565,2.2189593016469815
michalewicz,snake,snake,18,2.0216373194558885,0.6228722107853155,7.504570540079757,2.291213403128202
michalewicz,snake,snake,19,2.0216373194558885,0.6228722107853155,7.920519447785678,2.5627457049997653
michalewicz,snake,snake,20,2.0216373194558885,0.6228722107853155,8.110414489122286,2.7309905634654728
michalewicz,snake,snake,21,2.0216373194558885,0.6228722107853155,8.237229839354024,2.7981956996831805
michalewicz,snake,snake,22,2.0216373194558885,0.6228722107853155,8.42302325584795,2.9441671286751423
michalewicz,snake,snake,23,2.0216373194558885,0.6228722107853155,8.761036507451957,3.005906694738643
michalewicz,snake,snake,24,1.916766289873092,0.7195731957018721,9.083504969910882,3.068663086664374
michalewicz,snake,snake,25,1.809987750860282,0.6783732577976691,9.432301763153088,3.2038463125095302
michalewicz,snake,snake,26,1.809987750860282,0.6783732577976691,9.997270268397289,3.253313982888455
michalewicz,snake,snake,27,1.809987750860282,0.6783732577976691,10.437214277154132,3.233778785300564
michalewicz,snake,snake,28,1.809987750860282,0.6783732577976691,10.72424159805839,3.5510697219956633
michalewicz,snake,snake,29,1.809987750860282,0.6783732577976691,11.165898836285677,3.7598611513966262
michalewicz,snake,snake,30,1.809987750860282,0.6783732577976691,11.737552261844906,3.693351298734971
michalewicz,snake,snake,31,1.809987750860282,0.6783732577976691,12.347749136105776,3.7323208352001718
michalewicz,snake,snake,32,1.7506395924868385,0.7576860081887433,12.87904830426094,3.6730436625987974
michalewicz,snake,snake,33,1.7506395924868385,0.7576860081887433,13.41841498985461,3.677357461865492
michalewicz,snake,snake,34,1.4579255479884694,0.7844304141057917,13.894774959006684,3.7977800507857227
michalewicz,snake,snake,35,1.4579255479884694,0.7844304141057917,14.384200383674298,3.8291910929985087
michalewicz,snake,snake,36,1.4579255479884694,0.7844304141057917,14.674618592891733,3.8354100174749135
michalewicz,snake,snake,37,1.4579255479884694,0.7844304141057917,15.23572295560192,3.9339415852784163
michalewicz,snake,snake,38,1.4579255479884694,0.7844304141057917,15.99830479409757,3.908068198454304
michalewicz,snake,snake,39,1.4579255479884694,0.7844304141057917,16.788034317854102,3.9013728552225753
michalewicz,snake,snake,40,1.4579255479884694,0.7844304141057917,17.45819455970217,3.8948920161335785
michalewicz,snake,snake,41,1.4579255479884694,0.7844304141057917,17.995469684451127,3.9766329656200914
michalewicz,snake,snake,42,1.4579255479884694,0.7844304141057917,18.478290348728578,3.9334371239224377
michalewicz,snake,snake,43,1.4579255479884694,0.7844304141057917,18.925291305392182,4.113887923651602
michalewicz,snake,snake,44,1.4579255479884694,0.7844304141057917,19.33212803660059,4.310906199899953
michalewicz,snake,snake,45,1.4579255479884694,0.7844304141057917,19.896330737508695,4.310921732987946
michalewicz,snake,snake,46,1.4579255479884694,0.7844304141057917,20.337463326175904,4.393093527242831
michalewicz,snake,snake,47,1.4579255479884694,0.7844304141057917,20.963255441056734,4.424539517663677
michalewicz,snake,snake,48,1.4579255479884694,0.7844304141057917,21.563034740106833,4.3666449248833334
michalewicz,snake,snake,49,1.4579255479884694,0.7844304141057917,22.086734756196705,4.329252219556973
michalewicz,log_improvement_movement_cost3,log_improvement_movement_cost3,0,2.5390870688126923,0.15258484789085203,0.5941711967547957,0.03878348956354942
michalewicz,log_improvement_movement_cost3,log_improvement_movement_cost3,1,2.3299107380633974,0.1854310225626597,0.6969337552349018,0.028671948786889126
michalewicz,log_improvement_movement_cost3,log_improvement_movement_cost3,2,2.3183384034786694,0.18500884135345985,0.8373163759788538,0.03292866124582154
michalewicz,log_improvement_movement_cost3,log_improvement_movement_cost3,3,2.3183384034786694,0.18500884135345985,0.934073643841105,0.054498997697368795
michalewicz,log_improvement_movement_cost3,log_improvement_movement_cost3,4,2.3183384034786694,0.18500884135345985,1.0589180750104985,0.08376659228454392
michalewicz,log_improvement_movement_cost3,log_improvement_movement_cost3,5,2.26170494820205,0.2029491692792719,1.1533439250703552,0.07203685710022262
michalewicz,log_improvement_movement_cost3,log_improvement_movement_cost3,6,2.1632058743408735,0.28957632511203607,1.249497005684737,0.04510599657625515
michalewicz,log_improvement_movement_cost3,log_improvement_movement_cost3,7,2.1632058743408735,0.28957632511203607,1.34226854039843,0.044415476100047195
michalewicz,log_improvement_movement_cost3,log_improvement_movement_cost3,8,2.1632058743408735,0.28957632511203607,1.4392845485574295,0.08150141193513166
michalewicz,log_improvement_movement_cost3,log_improvement_movement_cost3,9,2.1632058743408735,0.28957632511203607,1.5490136745093859,0.12417713522560266
michalewicz,log_improvement_movement_cost3,log_improvement_movement_cost3,10,2.1632058743408735,0.28957632511203607,1.6257725971207124,0.11142538739568938
michalewicz,log_improvement_movement_cost3,log_improvement_movement_cost3,11,2.1632058743408735,0.28957632511203607,1.713871080490633,0.1132682625070306
michalewicz,log_improvement_movement_cost3,log_improvement_movement_cost3,12,1.821303710018909,0.4536230231945925,1.7914011757345707,0.11517606714298138
michalewicz,log_improvement_movement_cost3,log_improvement_movement_cost3,13,1.821303710018909,0.4536230231945925,1.8955531529211542,0.1251372724269796
michalewicz,log_improvement_movement_cost3,log_improvement_movement_cost3,14,1.821303710018909,0.4536230231945925,1.9786569992497807,0.10511086391554514
michalewicz,log_improvement_movement_cost3,log_improvement_movement_cost3,15,1.821303710018909,0.4536230231945925,2.0780314973316423,0.09713236562546429
michalewicz,log_improvement_movement_cost3,log_improvement_movement_cost3,16,1.821303710018909,0.4536230231945925,2.1726337745531676,0.1165078548607449
michalewicz,log_improvement_movement_cost3,log_improvement_movement_cost3,17,1.81904095606257,0.4522710606587894,2.2680248394215177,0.13488591682192463
michalewicz,log_improvement_movement_cost3,log_improvement_movement_cost3,18,1.81904095606257,0.4522710606587894,2.3506165389945832,0.15909758998388712
michalewicz,log_improvement_movement_cost3,log_improvement_movement_cost3,19,1.81904095606257,0.4522710606587894,2.4531470314724286,0.15303778795562378
michalewicz,log_improvement_movement_cost3,log_improvement_movement_cost3,20,1.81904095606257,0.4522710606587894,2.5774770332869985,0.15922133394538462
michalewicz,log_improvement_movement_cost3,log_improvement_movement_cost3,21,1.81904095606257,0.4522710606587894,2.673274650891358,0.17425462911146272
michalewicz,log_improvement_movement_cost3,log_improvement_movement_cost3,22,1.81904095606257,0.4522710606587894,2.8133929500269232,0.16598139322729155
michalewicz,log_improvement_movement_cost3,log_improvement_movement_cost3,23,1.81904095606257,0.4522710606587894,2.9322256024445346,0.1379848857672686
michalewicz,log_improvement_movement_cost3,log_improvement_movement_cost3,24,1.81904095606257,0.4522710606587894,2.9990267307221665,0.12603916939265036
michalewicz,log_improvement_movement_cost3,log_improvement_movement_cost3,25,1.81904095606257,0.4522710606587894,3.065073695861725,0.1181077064805056
michalewicz,log_improvement_movement_cost3,log_improvement_movement_cost3,26,1.81904095606257,0.4522710606587894,3.1571226688995773,0.1227315751399746
michalewicz,log_improvement_movement_cost3,log_improvement_movement_cost3,27,1.81904095606257,0.4522710606587894,3.228155895595531,0.11995001037346543
michalewicz,log_improvement_movement_cost3,log_improvement_movement_cost3,28,1.81904095606257,0.4522710606587894,3.3058917228160136,0.10827825957509252
michalewicz,log_improvement_movement_cost3,log_improvement_movement_cost3,29,1.81904095606257,0.4522710606587894,3.379843217148702,0.12540163558470976
michalewicz,log_improvement_movement_cost3,log_improvement_movement_cost3,30,1.81904095606257,0.4522710606587894,3.4579179426130366,0.10208290540026232
michalewicz,log_improvement_movement_cost3,log_improvement_movement_cost3,31,1.81904095606257,0.4522710606587894,3.5595212407704633,0.1265511668137122
michalewicz,log_improvement_movement_cost3,log_improvement_movement_cost3,32,1.81904095606257,0.4522710606587894,3.620577591968646,0.14696993626671417
michalewicz,log_improvement_movement_cost3,log_improvement_movement_cost3,33,1.81904095606257,0.4522710606587894,3.700993886099898,0.1694504656023829
michalewicz,log_improvement_movement_cost3,log_improvement_movement_cost3,34,1.81904095606257,0.4522710606587894,3.795719614679617,0.2139192007506297
michalewicz,log_improvement_movement_cost3,log_improvement_movement_cost3,35,1.81904095606257,0.4522710606587894,3.8723595557384356,0.20796949759713304
michalewicz,log_improvement_movement_cost3,log_improvement_movement_cost3,36,1.81904095606257,0.4522710606587894,3.9516816995467554,0.21736173096206507
michalewicz,log_improvement_movement_cost3,log_improvement_movement_cost3,37,1.81904095606257,0.4522710606587894,4.03908905785929,0.18599160683054833
michalewicz,log_improvement_movement_cost3,log_improvement_movement_cost3,38,1.81904095606257,0.4522710606587894,4.158129786467302,0.2317096668156163
michalewicz,log_improvement_movement_cost3,log_improvement_movement_cost3,39,1.81904095606257,0.4522710606587894,4.24709726253858,0.2512840272549749
michalewicz,log_improvement_movement_cost3,log_improvement_movement_cost3,40,1.81904095606257,0.4522710606587894,4.327468864846616,0.28239131546818935
michalewicz,log_improvement_movement_cost3,log_improvement_movement_cost3,41,1.81904095606257,0.4522710606587894,4.420364562021174,0.2802268204145232
michalewicz,log_improvement_movement_cost3,log_improvement_movement_cost3,42,1.81904095606257,0.4522710606587894,4.508165083220159,0.29534252900256946
michalewicz,log_improvement_movement_cost3,log_improvement_movement_cost3,43,1.81904095606257,0.4522710606587894,4.590715411826665,0.3173914995615553
michalewicz,log_improvement_movement_cost3,log_improvement_movement_cost3,44,1.81904095606257,0.4522710606587894,4.661488067828018,0.3124796737776731
michalewicz,log_improvement_movement_cost3,log_improvement_movement_cost3,45,1.81904095606257,0.4522710606587894,4.735899511081026,0.3296400974584685
michalewicz,log_improvement_movement_cost3,log_improvement_movement_cost3,46,1.81904095606257,0.4522710606587894,4.809653844140403,0.32661492057246344
michalewicz,log_improvement_movement_cost3,log_improvement_movement_cost3,47,1.81904095606257,0.4522710606587894,4.907421561885794,0.3559614661468912
michalewicz,log_improvement_movement_cost3,log_improvement_movement_cost3,48,1.81904095606257,0.4522710606587894,5.004277974006384,0.3443305919778003
michalewicz,log_improvement_movement_cost3,log_improvement_movement_cost3,49,1.734029920792496,0.4163827990283022,5.070277773381659,0.32492628299943277
michalewicz,optimistic_selected,optimistic_improvement_movement_cost3,0,2.5011994549561885,0.1946849113581755,0.5987674049479247,0.04012525005424819
michalewicz,optimistic_selected,optimistic_improvement_movement_cost3,1,2.4270877172504064,0.12728037252190538,0.6999082508121454,0.030834963679196904
michalewicz,optimistic_selected,optimistic_improvement_movement_cost3,2,2.4270877172504064,0.12728037252190538,0.8378396599933285,0.029206433355250066
michalewicz,optimistic_selected,optimistic_improvement_movement_cost3,3,2.4270877172504064,0.12728037252190538,0.9646275119083404,0.0465420917582149
michalewicz,optimistic_selected,optimistic_improvement_movement_cost3,4,2.1050282405024916,0.5821368929651949,1.0795527209639397,0.031232225086804347
michalewicz,optimistic_selected,optimistic_improvement_movement_cost3,5,2.1050282405024916,0.5821368929651949,1.1619402593057033,0.031888009051242804
michalewicz,optimistic_selected,optimistic_improvement_movement_cost3,6,2.1050282405024916,0.5821368929651949,1.2420017235443919,0.02649830907003119
michalewicz,optimistic_selected,optimistic_improvement_movement_cost3,7,2.045274890903292,0.5467133387836092,1.326322375479705,0.013726849027369937
michalewicz,optimistic_selected,optimistic_improvement_movement_cost3,8,2.045274890903292,0.5467133387836092,1.4204833471249467,0.042679438587925625
michalewicz,optimistic_selected,optimistic_improvement_movement_cost3,9,2.045274890903292,0.5467133387836092,1.5270697087120355,0.06778855276148468
michalewicz,optimistic_selected,optimistic_improvement_movement_cost3,10,2.045274890903292,0.5467133387836092,1.6247788355059403,0.06884466770694674
michalewicz,optimistic_selected,optimistic_improvement_movement_cost3,11,2.045274890903292,0.5467133387836092,1.7320774331059228,0.04716760883782764
michalewicz,optimistic_selected,optimistic_improvement_movement_cost3,12,2.045274890903292,0.5467133387836092,1.8194725144581272,0.03984692093406623
michalewicz,optimistic_selected,optimistic_improvement_movement_cost3,13,2.045274890903292,0.5467133387836092,1.917642597250197,0.039189761882332495
michalewicz,optimistic_selected,optimistic_improvement_movement_cost3,14,2.045274890903292,0.5467133387836092,2.008980176334909,0.045591439432877814
michalewicz,optimistic_selected,optimistic_improvement_movement_cost3,15,2.045274890903292,0.5467133387836092,2.067351950280591,0.034622447044470525
michalewicz,optimistic_selected,optimistic_improvement_movement_cost3,16,2.045274890903292,0.5467133387836092,2.135134291288001,0.020410797914986428
michalewicz,optimistic_selected,optimistic_improvement_movement_cost3,17,2.045274890903292,0.5467133387836092,2.206527238673673,0.03874959679900653
michalewicz,optimistic_selected,optimistic_improvement_movement_cost3,18,1.930427333744549,0.5119986786569665,2.2841585643733686,0.03494132860816505
michalewicz,optimistic_selected,optimistic_improvement_movement_cost3,19,1.8670460103553255,0.4401196175009218,2.3743720413765432,0.02724565374978092
michalewicz,optimistic_selected,optimistic_improvement_movement_cost3,20,1.8670460103553255,0.4401196175009218,2.4711769908395933,0.03352657324482654
michalewicz,optimistic_selected,optimistic_improvement_movement_cost3,21,1.8670460103553255,0.4401196175009218,2.5688980528203618,0.047982697413095625
michalewicz,optimistic_selected,optimistic_improvement_movement_cost3,22,1.8670460103553255,0.4401196175009218,2.657826480643724,0.02898542545126033
michalewicz,optimistic_selected,optimistic_improvement_movement_cost3,23,1.8670460103553255,0.4401196175009218,2.7244682476279762,0.030188401383015036
michalewicz,optimistic_selected,optimistic_improvement_movement_cost3,24,1.8670460103553255,0.4401196175009218,2.7966649400765244,0.040146052754670876
michalewicz,optimistic_selected,optimistic_improvement_movement_cost3,25,1.8670460103553255,0.4401196175009218,2.867799461119372,0.015014914062564123
michalewicz,optimistic_selected,optimistic_improvement_movement_cost3,26,1.8670460103553255,0.4401196175009218,2.9467499428390376,0.009061497809322071
michalewicz,optimistic_selected,optimistic_improvement_movement_cost3,27,1.8670460103553255,0.4401196175009218,3.014642136123671,0.031349106929783786
michalewicz,optimistic_selected,optimistic_improvement_movement_cost3,28,1.8377092343707468,0.4348081161119637,3.1016825149498817,0.06264075968270749
michalewicz,optimistic_selected,optimistic_improvement_movement_cost3,29,1.8377092343707468,0.4348081161119637,3.1569446231682172,0.0342258627459591
michalewicz,optimistic_selected,optimistic_improvement_movement_cost3,30,1.8377092343707468,0.4348081161119637,3.2270677826093372,0.012500498893774246
michalewicz,optimistic_selected,optimistic_improvement_movement_cost3,31,1.8377092343707468,0.4348081161119637,3.3130313098665063,0.03350130584694641
michalewicz,optimistic_selected,optimistic_improvement_movement_cost3,32,1.8377092343707468,0.4348081161119637,3.3879008834513287,0.04278855030497331
michalewicz,optimistic_selected,optimistic_improvement_movement_cost3,33,1.8337960099594426,0.4302671063502515,3.4662571457112072,0.055022111177077074
michalewicz,optimistic_selected,optimistic_improvement_movement_cost3,34,1.7791332376223916,0.36967562329012366,3.534961999294547,0.07098598234888301
michalewicz,optimistic_selected,optimistic_improvement_movement_cost3,35,1.7791332376223916,0.36967562329012366,3.59370928735694,0.06585749922260904
michalewicz,optimistic_selected,optimistic_improvement_movement_cost3,36,1.7791332376223916,0.36967562329012366,3.66978479260923,0.064479953643119
michalewicz,optimistic_selected,optimistic_improvement_movement_cost3,37,1.7791332376223916,0.36967562329012366,3.7631179292800776,0.07215144461314045
michalewicz,optimistic_selected,optimistic_improvement_movement_cost3,38,1.7791332376223916,0.36967562329012366,3.838783720814145,0.10745140236461148
michalewicz,optimistic_selected,optimistic_improvement_movement_cost3,39,1.7791332376223916,0.36967562329012366,3.9044195390483423,0.1055573157596128
michalewicz,optimistic_selected,optimistic_improvement_movement_cost3,40,1.7791332376223916,0.36967562329012366,3.992844970978188,0.12158711155306381
michalewicz,optimistic_selected,optimistic_improvement_movement_cost3,41,1.7562947502643549,0.4005131370299088,4.0793290592664055,0.10811741381989001
michalewicz,optimistic_selected,optimistic_improvement_movement_cost3,42,1.7562947502643549,0.4005131370299088,4.168963187971577,0.129414161048532
michalewicz,optimistic_selected,optimistic_improvement_movement_cost3,43,1.7562947502643549,0.4005131370299088,4.260095007627225,0.15202585726881726
michalewicz,optimistic_selected,optimistic_improvement_movement_cost3,44,1.7562947502643549,0.4005131370299088,4.362917795139199,0.13926974278296345
michalewicz,optimistic_selected,optimistic_improvement_movement_cost3,45,1.7562947502643549,0.4005131370299088,4.429274483581408,0.12237324374429871
michalewicz,optimistic_selected,optimistic_improvement_movement_cost3,46,1.7562947502643549,0.4005131370299088,4.5122907455401124,0.13476950230267637
michalewicz,optimistic_selected,optimistic_improvement_movement_cost3,47,1.7562947502643549,0.4005131370299088,4.61649235853016,0.14535494137028598
michalewicz,optimistic_selected,optimistic_improvement_movement_cost3,48,1.7554504792468961,0.3996464892945672,4.705090349831412,0.14142626077475634
michalewicz,optimistic_selected,optimistic_improvement_movement_cost3,49,1.7554504792468961,0.3996464892945672,4.808007813007224,0.11893631835308344
michalewicz,budgeted_exploration,budgeted_exploration,0,2.5020952085435493,0.1557815962777366,0.5878992249955813,0.04510608505980852
michalewicz,budgeted_exploration,budgeted_exploration,1,2.5020952085435493,0.1557815962777366,0.6860104893132389,0.04223262364200601
michalewicz,budgeted_exploration,budgeted_exploration,2,2.5020952085435493,0.1557815962777366,0.8180137360837368,0.05506325817341908
michalewicz,budgeted_exploration,budgeted_exploration,3,2.4074064631164234,0.2565749801091035,0.9456249366500594,0.12736900825794165
michalewicz,budgeted_exploration,budgeted_exploration,4,2.4074064631164234,0.2565749801091035,1.0708319130319464,0.1285963025308882
michalewicz,budgeted_exploration,budgeted_exploration,5,2.4074064631164234,0.2565749801091035,1.191548884724808,0.11914403258722633
michalewicz,budgeted_exploration,budgeted_exploration,6,2.4074064631164234,0.2565749801091035,1.2823937261396219,0.15474626936073493
michalewicz,budgeted_exploration,budgeted_exploration,7,2.3328629912609204,0.35182560121653883,1.3793159987980683,0.1622442563713263
michalewicz,budgeted_exploration,budgeted_exploration,8,2.3328629912609204,0.35182560121653883,1.4789105855347178,0.13154408707255852
michalewicz,budgeted_exploration,budgeted_exploration,9,2.3328629912609204,0.35182560121653883,1.5894212123060107,0.1322435177232044
michalewicz,budgeted_exploration,budgeted_exploration,10,2.3328629912609204,0.35182560121653883,1.7010456145020545,0.15652899683415228
michalewicz,budgeted_exploration,budgeted_exploration,11,2.3328629912609204,0.35182560121653883,1.8176348997374676,0.149835674066268
michalewicz,budgeted_exploration,budgeted_exploration,12,2.3328629912609204,0.35182560121653883,1.8886364807590919,0.1474974454390504
michalewicz,budgeted_exploration,budgeted_exploration,13,2.3328629912609204,0.35182560121653883,1.964900778455091,0.138867526438046
michalewicz,budgeted_exploration,budgeted_exploration,14,2.3328629912609204,0.35182560121653883,2.059525953267677,0.15662526361944387
michalewicz,budgeted_exploration,budgeted_exploration,15,2.3328629912609204,0.35182560121653883,2.153391011900851,0.1653266040328345
michalewicz,budgeted_exploration,budgeted_exploration,16,2.3328629912609204,0.35182560121653883,2.2311834085305056,0.1573712175581154
michalewicz,budgeted_exploration,budgeted_exploration,17,2.1209310525595746,0.22087803862700844,2.3119557933801858,0.14471203075681352
michalewicz,budgeted_exploration,budgeted_exploration,18,2.1209310525595746,0.22087803862700844,2.4245699733680675,0.10466686932769956
michalewicz,budgeted_exploration,budgeted_exploration,19,1.9635899892074031,0.33062679834807,2.513165783693353,0.09808365320092721
michalewicz,budgeted_exploration,budgeted_exploration,20,1.9635899892074031,0.33062679834807,2.604575106216625,0.09693973948927478
michalewicz,budgeted_exploration,budgeted_exploration,21,1.9635899892074031,0.33062679834807,2.7469946171587996,0.08875296649508355
michalewicz,budgeted_exploration,budgeted_exploration,22,1.9635899892074031,0.33062679834807,2.8619773648969757,0.08159230516293277
michalewicz,budgeted_exploration,budgeted_exploration,23,1.9635899892074031,0.33062679834807,2.9340828241928683,0.10288769613366294
michalewicz,budgeted_exploration,budgeted_exploration,24,1.9635899892074031,0.33062679834807,3.0007424075543447,0.07189017238075163
michalewicz,budgeted_exploration,budgeted_exploration,25,1.9635899892074031,0.33062679834807,3.129038632522608,0.037059836007119915
michalewicz,budgeted_exploration,budgeted_exploration,26,1.9635899892074031,0.33062679834807,3.206918493775731,0.034824546921472264
michalewicz,budgeted_exploration,budgeted_exploration,27,1.9635899892074031,0.33062679834807,3.315965523888153,0.04423896857359318
michalewicz,budgeted_exploration,budgeted_exploration,28,1.9635899892074031,0.33062679834807,3.3995093892985557,0.038252265796948355
michalewicz,budgeted_exploration,budgeted_exploration,29,1.9635899892074031,0.33062679834807,3.4701043964869136,0.02578681467467295
michalewicz,budgeted_exploration,budgeted_exploration,30,1.9635899892074031,0.33062679834807,3.5605888000416877,0.026292943239892435
michalewicz,budgeted_exploration,budgeted_exploration,31,1.9635899892074031,0.33062679834807,3.6498550407593124,0.050518440823815784
michalewicz,budgeted_exploration,budgeted_exploration,32,1.9635899892074031,0.33062679834807,3.7269579283656746,0.06427459202202289
michalewicz,budgeted_exploration,budgeted_exploration,33,1.9635899892074031,0.33062679834807,3.840625005597619,0.055732573987833656
michalewicz,budgeted_exploration,budgeted_exploration,34,1.9635899892074031,0.33062679834807,3.9433339122039093,0.06423215939073738
michalewicz,budgeted_exploration,budgeted_exploration,35,1.9635899892074031,0.33062679834807,4.04514734772605,0.08793089030634006
michalewicz,budgeted_exploration,budgeted_exploration,36,1.9635899892074031,0.33062679834807,4.152154891199444,0.10519998807332012
michalewicz,budgeted_exploration,budgeted_exploration,37,1.9635899892074031,0.33062679834807,4.236647816313289,0.1000714010323673
michalewicz,budgeted_exploration,budgeted_exploration,38,1.9635899892074031,0.33062679834807,4.336457748397766,0.13035893042922195
michalewicz,budgeted_exploration,budgeted_exploration,39,1.9635899892074031,0.33062679834807,4.422469288155745,0.1240688965229186
michalewicz,budgeted_exploration,budgeted_exploration,40,1.9635899892074031,0.33062679834807,4.525055528634638,0.13562862146332727
michalewicz,budgeted_exploration,budgeted_exploration,41,1.9635899892074031,0.33062679834807,4.629040734160657,0.15142995373851814
michalewicz,budgeted_exploration,budgeted_exploration,42,1.9635899892074031,0.33062679834807,4.764488127306361,0.16077573021555555
michalewicz,budgeted_exploration,budgeted_exploration,43,1.9635899892074031,0.33062679834807,4.893028526627312,0.15907405869735672
michalewicz,budgeted_exploration,budgeted_exploration,44,1.9635899892074031,0.33062679834807,4.964836529444979,0.13235834034614302
michalewicz,budgeted_exploration,budgeted_exploration,45,1.9635899892074031,0.33062679834807,5.038016996387477,0.15139809505596205
michalewicz,budgeted_exploration,budgeted_exploration,46,1.9635899892074031,0.33062679834807,5.118661160171519,0.1667293090231945
michalewicz,budgeted_exploration,budgeted_exploration,47,1.9635899892074031,0.33062679834807,5.2226843392939655,0.18968195402754084
michalewicz,budgeted_exploration,budgeted_exploration,48,1.9635899892074031,0.33062679834807,5.339947275043627,0.1816355925983594
michalewicz,budgeted_exploration,budgeted_exploration,49,1.9635899892074031,0.33062679834807,5.444792125797065,0.1992763513651593
michalewicz,lookahead_budgeted_exploration,lookahead_budgeted_exploration,0,2.407975689462012,0.24461987183844788,0.5853651787908877,0.027305268274155792
michalewicz,lookahead_budgeted_exploration,lookahead_budgeted_exploration,1,2.234773495917286,0.10560701529355408,0.6927792032427137,0.0573394480622329
michalewicz,lookahead_budgeted_exploration,lookahead_budgeted_exploration,2,2.234773495917286,0.10560701529355408,0.8337578573030129,0.1084249980485736
michalewicz,lookahead_budgeted_exploration,lookahead_budgeted_exploration,3,1.989275179323225,0.38435056912682813,0.9353622692638629,0.1161155485782405
michalewicz,lookahead_budgeted_exploration,lookahead_budgeted_exploration,4,1.989275179323225,0.38435056912682813,1.097798771024711,0.15780776493403886
michalewicz,lookahead_budgeted_exploration,lookahead_budgeted_exploration,5,1.989275179323225,0.38435056912682813,1.2103957175182096,0.17988427183701405
michalewicz,lookahead_budgeted_exploration,lookahead_budgeted_exploration,6,1.8360403868107549,0.2752549769612098,1.3299869075215203,0.1448949038261208
michalewicz,lookahead_budgeted_exploration,lookahead_budgeted_exploration,7,1.8360403868107549,0.2752549769612098,1.4362515509344103,0.14746127699874312
michalewicz,lookahead_budgeted_exploration,lookahead_budgeted_exploration,8,1.8360403868107549,0.2752549769612098,1.5386505623767397,0.17776435236969249
michalewicz,lookahead_budgeted_exploration,lookahead_budgeted_exploration,9,1.8360403868107549,0.2752549769612098,1.637902240118656,0.16770738662504323
michalewicz,lookahead_budgeted_exploration,lookahead_budgeted_exploration,10,1.8360403868107549,0.2752549769612098,1.7371190117836572,0.17135976291984578
michalewicz,lookahead_budgeted_exploration,lookahead_budgeted_exploration,11,1.8360403868107549,0.2752549769612098,1.8243951349567673,0.1542979448474616
michalewicz,lookahead_budgeted_exploration,lookahead_budgeted_exploration,12,1.8360403868107549,0.2752549769612098,1.9170829234523914,0.1306140768674179
michalewicz,lookahead_budgeted_exploration,lookahead_budgeted_exploration,13,1.691431977524178,0.2075525122868955,1.9965851372297732,0.13982701900068467
michalewicz,lookahead_budgeted_exploration,lookahead_budgeted_exploration,14,1.691431977524178,0.2075525122868955,2.086501655882573,0.16664906772712224
michalewicz,lookahead_budgeted_exploration,lookahead_budgeted_exploration,15,1.6281072096777371,0.2397394446475356,2.170752230863962,0.1757973901264648
michalewicz,lookahead_budgeted_exploration,lookahead_budgeted_exploration,16,1.6281072096777371,0.2397394446475356,2.281333474890324,0.17055030464705812
michalewicz,lookahead_budgeted_exploration,lookahead_budgeted_exploration,17,1.6281072096777371,0.2397394446475356,2.3832485190219166,0.16224722564441893
michalewicz,lookahead_budgeted_exploration,lookahead_budgeted_exploration,18,1.6281072096777371,0.2397394446475356,2.479575809938547,0.13199474220504123
michalewicz,lookahead_budgeted_exploration,lookahead_budgeted_exploration,19,1.6281072096777371,0.2397394446475356,2.555515973892675,0.12307516832896583
michalewicz,lookahead_budgeted_exploration,lookahead_budgeted_exploration,20,1.6281072096777371,0.2397394446475356,2.6435220702388267,0.11282314844390205
michalewicz,lookahead_budgeted_exploration,lookahead_budgeted_exploration,21,1.6281072096777371,0.2397394446475356,2.7303166655878073,0.09951050774045965
michalewicz,lookahead_budgeted_exploration,lookahead_budgeted_exploration,22,1.3921182706707647,0.4918892029016696,2.824230957269416,0.10251883542945674
michalewicz,lookahead_budgeted_exploration,lookahead_budgeted_exploration,23,1.3921182706707647,0.4918892029016696,2.9613290175934934,0.11844109295470061
michalewicz,lookahead_budgeted_exploration,lookahead_budgeted_exploration,24,1.3921182706707647,0.4918892029016696,3.0468434479186137,0.11952892601392501
michalewicz,lookahead_budgeted_exploration,lookahead_budgeted_exploration,25,1.3921182706707647,0.4918892029016696,3.1650193907343347,0.15137968308558178
michalewicz,lookahead_budgeted_exploration,lookahead_budgeted_exploration,26,1.3921182706707647,0.4918892029016696,3.251968416975775,0.16376800595784186
michalewicz,lookahead_budgeted_exploration,lookahead_budgeted_exploration,27,1.3921182706707647,0.4918892029016696,3.349393966046501,0.1758226380955792
michalewicz,lookahead_budgeted_exploration,lookahead_budgeted_exploration,28,1.3921182706707647,0.4918892029016696,3.422618846301345,0.17801305336009351
michalewicz,lookahead_budgeted_exploration,lookahead_budgeted_exploration,29,1.3921182706707647,0.4918892029016696,3.492731971633671,0.19677075079788375
michalewicz,lookahead_budgeted_exploration,lookahead_budgeted_exploration,30,1.3921182706707647,0.4918892029016696,3.579211910218897,0.22217820726769372
michalewicz,lookahead_budgeted_exploration,lookahead_budgeted_exploration,31,1.3921182706707647,0.4918892029016696,3.6660205427671215,0.230990927113215
michalewicz,lookahead_budgeted_exploration,lookahead_budgeted_exploration,32,1.3921182706707647,0.4918892029016696,3.7207386237006603,0.23352146118908973
michalewicz,lookahead_budgeted_exploration,lookahead_budgeted_exploration,33,1.3921182706707647,0.4918892029016696,3.821061379729293,0.23478157919791443
michalewicz,lookahead_budgeted_exploration,lookahead_budgeted_exploration,34,1.3921182706707647,0.4918892029016696,3.903544142398801,0.257377854729243
michalewicz,lookahead_budgeted_exploration,lookahead_budgeted_exploration,35,1.3921182706707647,0.4918892029016696,4.010423877593556,0.24943357819641276
michalewicz,lookahead_budgeted_exploration,lookahead_budgeted_exploration,36,1.3921182706707647,0.4918892029016696,4.08610713747622,0.24350569724063978
michalewicz,lookahead_budgeted_exploration,lookahead_budgeted_exploration,37,1.3921182706707647,0.4918892029016696,4.167840316057629,0.2341112146763626
michalewicz,lookahead_budgeted_exploration,lookahead_budgeted_exploration,38,1.3921182706707647,0.4918892029016696,4.25019626832485,0.24647182207963234
michalewicz,lookahead_budgeted_exploration,lookahead_budgeted_exploration,39,1.3921182706707647,0.4918892029016696,4.32100965268773,0.2430934590874432
michalewicz,lookahead_budgeted_exploration,lookahead_budgeted_exploration,40,1.3921182706707647,0.4918892029016696,4.4068803967339045,0.23606654523430998
michalewicz,lookahead_budgeted_exploration,lookahead_budgeted_exploration,41,1.3921182706707647,0.4918892029016696,4.493525159544229,0.25498704205835415
michalewicz,lookahead_budgeted_exploration,lookahead_budgeted_exploration,42,1.3921182706707647,0.4918892029016696,4.582708999602463,0.23374181699933566
michalewicz,lookahead_budgeted_exploration,lookahead_budgeted_exploration,43,1.3921182706707647,0.4918892029016696,4.674456025090778,0.26178105078461494
michalewicz,lookahead_budgeted_exploration,lookahead_budgeted_exploration,44,1.3921182706707647,0.4918892029016696,4.747396918659683,0.28434036163294124
michalewicz,lookahead_budgeted_exploration,lookahead_budgeted_exploration,45,1.3921182706707647,0.4918892029016696,4.815111666119868,0.29261714174145514
michalewicz,lookahead_budgeted_exploration,lookahead_budgeted_exploration,46,1.379152130813751,0.4768542589414217,4.917241594488942,0.25200403838169333
michalewicz,lookahead_budgeted_exploration,lookahead_budgeted_exploration,47,1.379152130813751,0.4768542589414217,4.988858616893943,0.28838294095080963
michalewicz,lookahead_budgeted_exploration,lookahead_budgeted_exploration,48,1.379152130813751,0.4768542589414217,5.073167476245891,0.2901499929753792
michalewicz,lookahead_budgeted_exploration,lookahead_budgeted_exploration,49,1.379152130813751,0.4768542589414217,5.140095235119777,0.28177211531869617
