function,method,reward_dir,iteration,best_regret_mean,best_regret_std,cum_scaled_move_cost_mean,cum_scaled_move_cost_std
ackley,pure_bo,pure_bo,0,2.038680484865532,0.6206666533085303,0.6053877623293992,0.1025090975191663
ackley,pure_bo,pure_bo,1,1.5743252940671812,0.704830756713905,0.6984511839184958,0.09011151640245371
ackley,pure_bo,pure_bo,2,1.2910193588658438,0.8251541371937907,0.8031002378099469,0.11536408282869051
ackley,pure_bo,pure_bo,3,1.2284278484456803,0.8135745238036974,0.9165610320638377,0.11992508759352602
ackley,pure_bo,pure_bo,4,1.2284278484456803,0.8135745238036974,1.055684182012424,0.09538566359233264
ackley,pure_bo,pure_bo,5,1.0416423292032353,0.5495164497310671,1.2453749069643167,0.1242926298259086
ackley,pure_bo,pure_bo,6,0.8770716290253747,0.7008894056437814,1.3642381471417562,0.09171223327495757
ackley,pure_bo,pure_bo,7,0.8770716290253747,0.7008894056437814,1.4859973756059988,0.09269111263877068
ackley,pure_bo,pure_bo,8,0.7824769612606102,0.7397918421476212,1.6213347111835714,0.11569509854006083
ackley,pure_bo,pure_bo,9,0.7824769612606102,0.7397918421476212,1.7565066204638031,0.15482451869699765
ackley,pure_bo,pure_bo,10,0.7824769612606102,0.7397918421476212,2.5067532978279625,0.24453095753668586
ackley,pure_bo,pure_bo,11,0.7824769612606102,0.7397918421476212,3.5284247574842946,0.866209987286996
ackley,pure_bo,pure_bo,12,0.7824769612606102,0.7397918421476212,4.960057407937341,1.291028777881686
ackley,pure_bo,pure_bo,13,0.7824769612606102,0.7397918421476212,6.270151310391042,1.4382685649480416
ackley,pure_bo,pure_bo,14,0.7824769612606102,0.7397918421476212,8.151788206718367,1.775943716991086
ackley,pure_bo,pure_bo,15,0.7824769612606102,0.7397918421476212,9.497661468465205,2.3212752731890114
ackley,pure_bo,pure_bo,16,0.7824769612606102,0.7397918421476212,10.897602425097041,2.5636585052274343
ackley,pure_bo,pure_bo,17,0.7450868089796742,0.6874770613368274,12.351622849705853,2.956842987834631
ackley,pure_bo,pure_bo,18,0.7450868089796742,0.6874770613368274,13.294953782960599,3.565520181197697
ackley,pure_bo,pure_bo,19,0.7450868089796742,0.6874770613368274,14.463817893658577,3.9016730747867494
ackley,pure_bo,pure_bo,20,0.7450868089796742,0.6874770613368274,15.860607207353445,3.9723945949551114
ackley,pure_bo,pure_bo,21,0.7450868089796742,0.6874770613368274,16.89772124098599,4.4324151730568575
ackley,pure_bo,pure_bo,22,0.7450868089796742,0.6874770613368274,17.847610450551144,4.627079568966416
ackley,pure_bo,pure_bo,23,0.7450868089796742,0.6874770613368274,18.761695563407645,4.89427131387944
ackley,pure_bo,pure_bo,24,0.7450868089796742,0.6874770613368274,20.069050835995412,5.460535720831231
ackley,pure_bo,pure_bo,25,0.7450868089796742,0.6874770613368274,21.207755353761957,5.859684275915142
ackley,pure_bo,pure_bo,26,0.6588304551655537,0.7405938224431113,22.149919655890496,6.0555937854694415
ackley,pure_bo,pure_bo,27,0.6588304551655537,0.7405938224431113,22.77341695320311,6.231549830757499
ackley,pure_bo,pure_bo,28,0.6588304551655537,0.7405938224431113,23.81669641236701,6.2031086053767375
ackley,pure_bo,pure_bo,29,0.6588304551655537,0.7405938224431113,24.88126833569199,6.244243004660853
ackley,pure_bo,pure_bo,30,0.6588304551655537,0.7405938224431113,26.062824366414706,6.543417933047975
ackley,pure_bo,pure_bo,31,0.6588304551655537,0.7405938224431113,27.36720673820064,6.323733854024928
ackley,pure_bo,pure_bo,32,0.6588304551655537,0.7405938224431113,28.598048580758924,6.232515032632756
ackley,pure_bo,pure_bo,33,0.6588304551655537,0.7405938224431113,29.920286989699992,6.195441348596178
ackley,pure_bo,pure_bo,34,0.6588304551655537,0.7405938224431113,31.15011437074435,6.106484114154725
ackley,pure_bo,pure_bo,35,0.6588304551655537,0.7405938224431113,32.25879233677184,6.214716535467889
ackley,pure_bo,pure_bo,36,0.6588304551655537,0.7405938224431113,33.49644020337357,6.057262547719918
ackley,pure_bo,pure_bo,37,0.6588304551655537,0.7405938224431113,34.70820678651523,5.780813755536803
ackley,pure_bo,pure_bo,38,0.6588304551655537,0.7405938224431113,36.09365504129709,5.832658563279838
ackley,pure_bo,pure_bo,39,0.6588304551655537,0.7405938224431113,37.41313494050709,5.739879699379373
ackley,pure_bo,pure_bo,40,0.6588304551655537,0.7405938224431113,38.434459980568086,5.462522336136584
ackley,pure_bo,pure_bo,41,0.6588304551655537,0.7405938224431113,39.72419582247814,5.3569301961358695
ackley,pure_bo,pure_bo,42,0.6588304551655537,0.7405938224431113,41.041579122680425,5.028292448494833
ackley,pure_bo,pure_bo,43,0.6588304551655537,0.7405938224431113,41.84971793535979,4.84702368384813
ackley,pure_bo,pure_bo,44,0.6588304551655537,0.7405938224431113,43.184326537559826,4.566059504737531
ackley,pure_bo,pure_bo,45,0.6540641276709652,0.7338532390040872,44.259218441326574,4.614521626228161
ackley,pure_bo,pure_bo,46,0.6322631327964227,0.749678031853352,45.04082289297136,4.661984961394403
ackley,pure_bo,pure_bo,47,0.6322631327964227,0.749678031853352,45.50638813962164,4.5090228342045435
ackley,pure_bo,pure_bo,48,0.6322631327964227,0.749678031853352,46.07183656049335,4.3409141045821285
ackley,pure_bo,pure_bo,49,0.6322631327964227,0.749678031853352,46.73278946950751,4.264002176915995
ackley,earlbo,earlbo,0,1.836943713966977,0.4317820743639856,0.5825765987929828,0.0656091583147319
ackley,earlbo,earlbo,1,1.582367121787663,0.4433782354179711,0.685699428674528,0.08356559208037119
ackley,earlbo,earlbo,2,1.2510752405293357,0.3945715664074603,0.8036026875066359,0.12853673224156228
ackley,earlbo,earlbo,3,1.0101642787676188,0.18952126086254123,0.9410433818631362,0.15616130265239048
ackley,earlbo,earlbo,4,0.7322152047295316,0.24025898172263277,1.0165653716316116,0.14787280765049474
ackley,earlbo,earlbo,5,0.7322152047295316,0.24025898172263277,1.1028394464427926,0.13881375556442271
ackley,earlbo,earlbo,6,0.5175460849011064,0.06985870865190691,1.2376263922478257,0.13613662490872572
ackley,earlbo,earlbo,7,0.5175460849011064,0.06985870865190691,1.3749261462200615,0.07222406859660395
ackley,earlbo,earlbo,8,0.46688786367067836,0.0710438756484517,1.6036129103088628,0.14225677054113262
ackley,earlbo,earlbo,9,0.46688786367067836,0.0710438756484517,1.8012801875597102,0.2748531045462952
ackley,earlbo,earlbo,10,0.4409951035166905,0.09423823534697592,1.9457856228594579,0.24296655035485842
ackley,earlbo,earlbo,11,0.4196288322153241,0.10451126447720636,2.0879084709608833,0.2134613062785747
ackley,earlbo,earlbo,12,0.4196288322153241,0.10451126447720636,2.209202946333438,0.21148239036717031
ackley,earlbo,earlbo,13,0.41579826097818584,0.10715264870518817,2.327605718224856,0.2248397972865145
ackley,earlbo,earlbo,14,0.41579826097818584,0.10715264870518817,2.460267570828194,0.2650347474657838
ackley,earlbo,earlbo,15,0.30204523803698463,0.05372852166827521,2.6017985437615665,0.2465505719052008
ackley,earlbo,earlbo,16,0.25199816399548586,0.047849974244249666,2.707886069108092,0.21435548834660215
ackley,earlbo,earlbo,17,0.25199816399548586,0.047849974244249666,2.8027262754124105,0.19017012685565463
ackley,earlbo,earlbo,18,0.25199816399548586,0.047849974244249666,2.979628265047778,0.09917338793511893
ackley,earlbo,earlbo,19,0.25199816399548586,0.047849974244249666,3.104000184318943,0.057940485789289176
ackley,earlbo,earlbo,20,0.12446782723822188,0.07469840411740429,3.218390430873209,0.07884148144778262
ackley,earlbo,earlbo,21,0.12446782723822188,0.07469840411740429,3.520021742075644,0.24264367830582745
ackley,earlbo,earlbo,22,0.12446782723822188,0.07469840411740429,3.8411191051844042,0.39056379718108525
ackley,earlbo,earlbo,23,0.12446782723822188,0.07469840411740429,4.026008491615545,0.37143475130889786
ackley,earlbo,earlbo,24,0.12446782723822188,0.07469840411740429,4.246014339532488,0.34020047769187506
ackley,earlbo,earlbo,25,0.12446782723822188,0.07469840411740429,4.57793291334892,0.26652367084097756
ackley,earlbo,earlbo,26,0.10605547476435644,0.05016341938860848,4.758695517406734,0.25034037273211407
ackley,earlbo,earlbo,27,0.10605547476435644,0.05016341938860848,4.942413564213261,0.24544484441964387
ackley,earlbo,earlbo,28,0.10605547476435644,0.05016341938860848,5.198561186272066,0.2221244778099027
ackley,earlbo,earlbo,29,0.10605547476435644,0.05016341938860848,5.357582180004513,0.20637115791839936
ackley,earlbo,earlbo,30,0.10605547476435644,0.05016341938860848,5.5260397215443895,0.2541613132120131
ackley,earlbo,earlbo,31,0.10605547476435644,0.05016341938860848,5.679967535031559,0.2397840810734928
ackley,earlbo,earlbo,32,0.10605547476435644,0.05016341938860848,5.8537191001217606,0.2572947255616262
ackley,earlbo,earlbo,33,0.10605547476435644,0.05016341938860848,6.026589009469728,0.21795906086758615
ackley,earlbo,earlbo,34,0.10605547476435644,0.05016341938860848,6.236540958805833,0.21981028297038213
ackley,earlbo,earlbo,35,0.10605547476435644,0.05016341938860848,6.521241123663638,0.10068520746497955
ackley,earlbo,earlbo,36,0.10605547476435644,0.05016341938860848,6.723919290718881,0.06472919604880184
ackley,earlbo,earlbo,37,0.10605547476435644,0.05016341938860848,7.000966631374893,0.06878952467783428
ackley,earlbo,earlbo,38,0.10605547476435644,0.05016341938860848,7.181688175777944,0.07755201190898883
ackley,earlbo,earlbo,39,0.10605547476435644,0.05016341938860848,7.346355115453053,0.04601802183233007
ackley,earlbo,earlbo,40,0.10605547476435644,0.05016341938860848,7.506324512864858,0.06996022880774819
ackley,earlbo,earlbo,41,0.10605547476435644,0.05016341938860848,7.716019062629473,0.11501691887029046
ackley,earlbo,earlbo,42,0.10605547476435644,0.05016341938860848,7.8702482453940945,0.03894139665658531
ackley,earlbo,earlbo,43,0.10605547476435644,0.05016341938860848,8.072639812979862,0.07883684397561198
ackley,earlbo,earlbo,44,0.10605547476435644,0.05016341938860848,8.322203618990807,0.0829758373181105
ackley,earlbo,earlbo,45,0.10605547476435644,0.05016341938860848,8.560792422556698,0.11217637892896506
ackley,earlbo,earlbo,46,0.10605547476435644,0.05016341938860848,8.852112272874244,0.08839088725278968
ackley,earlbo,earlbo,47,0.10605547476435644,0.05016341938860848,9.125054146690921,0.044405492929896304
ackley,earlbo,earlbo,48,0.10605547476435644,0.05016341938860848,9.422116407081157,0.07251458540467005
ackley,earlbo,earlbo,49,0.10605547476435644,0.05016341938860848,9.633789436798454,0.07249716440569619
ackley,snake,snake,0,2.1274591931179283,0.7267048746120315,0.5976768113679941,0.14263085096459566
ackley,snake,snake,1,1.6241428080654685,0.5732176996460264,0.7671500594591598,0.2540749262818302
ackley,snake,snake,2,1.5466455196501798,0.5925536658562317,0.8567908920745227,0.3030881316906918
ackley,snake,snake,3,1.4531236254389477,0.5656684096580509,0.9322488676427382,0.32055707630364366
ackley,snake,snake,4,1.1594502575464156,0.7751118089411744,1.0014663665280976,0.3320242461673005
ackley,snake,snake,5,0.9912183666321034,0.7469661528323683,1.1056928764671599,0.3351541841201547
ackley,snake,snake,6,0.9648680323405819,0.7313909064915046,1.2205114761100309,0.2957815733737715
ackley,snake,snake,7,0.8136491945130856,0.5177559345149034,1.4362434869206453,0.2042353405804456
ackley,snake,snake,8,0.6983401576892949,0.6109765998118675,1.6729300924121304,0.2722601318423541
ackley,snake,snake,9,0.5836688078748525,0.45327953892942535,1.7349241792305403,0.2723376148058469
ackley,snake,snake,10,0.336944716440851,0.15647596096608765,1.8228456007289868,0.2839480372208694
ackley,snake,snake,11,0.33546871468663325,0.15600550511273356,1.8963434477558387,0.29551618078024067
ackley,snake,snake,12,0.31429387020564353,0.1522759807947594,1.9520167079625246,0.295570368431726
ackley,snake,snake,13,0.28580361119503,0.11982833871861745,2.020579244769379,0.290720137150255
ackley,snake,snake,14,0.19517888766181382,0.08867758756779065,2.071935059469711,0.28631560903057
ackley,snake,snake,15,0.19517888766181382,0.08867758756779065,2.139277594616081,0.2885025464151009
ackley,snake,snake,16,0.19517888766181382,0.08867758756779065,2.2093069320783356,0.290882995075671
ackley,snake,snake,17,0.19517888766181382,0.08867758756779065,2.262110999239003,0.3002092483445506
ackley,snake,snake,18,0.16420780938209653,0.09195814562992864,2.3861767271421774,0.34966578505980683
ackley,snake,snake,19,0.11461158057988567,0.03481321532162752,2.5754051063157477,0.37627631660416255
ackley,snake,snake,20,0.11461158057988567,0.03481321532162752,2.7113571995168173,0.3157113695002335
ackley,snake,snake,21,0.11461158057988567,0.03481321532162752,2.831039640973502,0.310317887540517
ackley,snake,snake,22,0.08074987661861426,0.041945540225027396,3.0092444153930056,0.30542831697895817
ackley,snake,snake,23,0.08074987661861426,0.041945540225027396,3.156324270926975,0.25711066528314097
ackley,snake,snake,24,0.08074987661861426,0.041945540225027396,3.301990329679539,0.27871462919744044
ackley,snake,snake,25,0.056747283986335585,0.012690339093311359,3.4645093200091552,0.3225471582169113
ackley,snake,snake,26,0.056747283986335585,0.012690339093311359,3.608277982875425,0.3500534110006064
ackley,snake,snake,27,0.056747283986335585,0.012690339093311359,3.741907120719043,0.4039139047413051
ackley,snake,snake,28,0.056747283986335585,0.012690339093311359,3.9952757235426937,0.3706558342091479
ackley,snake,snake,29,0.056747283986335585,0.012690339093311359,4.256290321436431,0.3278938357761898
ackley,snake,snake,30,0.056747283986335585,0.012690339093311359,4.491375272783183,0.37159432403558496
ackley,snake,snake,31,0.056747283986335585,0.012690339093311359,4.7358953090087335,0.2959606788855539
ackley,snake,snake,32,0.056747283986335585,0.012690339093311359,4.903697212709376,0.31174933549590506
ackley,snake,snake,33,0.056747283986335585,0.012690339093311359,5.123175804517157,0.2942174574233113
ackley,snake,snake,34,0.056747283986335585,0.012690339093311359,5.382384750325173,0.2752271690239599
ackley,snake,snake,35,0.056747283986335585,0.012690339093311359,5.655100481964483,0.19259417981459764
ackley,snake,snake,36,0.056747283986335585,0.012690339093311359,5.8862182182849665,0.13997040199671368
ackley,snake,snake,37,0.056747283986335585,0.012690339093311359,6.180987536601407,0.10178521694321542
ackley,snake,snake,38,0.056747283986335585,0.012690339093311359,6.489941628459866,0.19846490425818938
ackley,snake,snake,39,0.056747283986335585,0.012690339093311359,6.738029838602757,0.1569493133549322
ackley,snake,snake,40,0.056747283986335585,0.012690339093311359,6.964977225558027,0.15112332249118193
ackley,snake,snake,41,0.056747283986335585,0.012690339093311359,7.131039105084423,0.1457524627284592
ackley,snake,snake,42,0.056747283986335585,0.012690339093311359,7.331378064816227,0.14108452868032242
ackley,snake,snake,43,0.056747283986335585,0.012690339093311359,7.495617848057531,0.15300396032559532
ackley,snake,snake,44,0.056747283986335585,0.012690339093311359,7.664543741297628,0.14862296230106195
ackley,snake,snake,45,0.056747283986335585,0.012690339093311359,7.871144791571112,0.12490524183946976
ackley,snake,snake,46,0.056747283986335585,0.012690339093311359,8.115608893830485,0.10451652862698257
ackley,snake,snake,47,0.056747283986335585,0.012690339093311359,8.347031909078098,0.1185080469728946
ackley,snake,snake,48,0.056747283986335585,0.012690339093311359,8.54057453451309,0.12752919009697353
ackley,snake,snake,49,0.056747283986335585,0.012690339093311359,8.76144425517731,0.14828756963110795
ackley,log_improvement_movement_cost3,log_improvement_movement_cost3,0,1.8088827114040154,0.3685494594007865,0.5142629514996797,0.04734881374094908
ackley,log_improvement_movement_cost3,log_improvement_movement_cost3,1,1.5193157604988918,0.444273571187987,0.5907523025016912,0.04885031863841518
ackley,log_improvement_movement_cost3,log_improvement_movement_cost3,2,1.3998281517023272,0.3838035893793135,0.6598107289134193,0.06038281543871377
ackley,log_improvement_movement_cost3,log_improvement_movement_cost3,3,1.1912319168383847,0.20699139364961994,0.7426428959843832,0.08389084685195701
ackley,log_improvement_movement_cost3,log_improvement_movement_cost3,4,0.9235477491292928,0.41089590513554086,0.8299877638493157,0.11172895276778717
ackley,log_improvement_movement_cost3,log_improvement_movement_cost3,5,0.8857197070057391,0.451249065971395,0.9116169819678882,0.13388851115721284
ackley,log_improvement_movement_cost3,log_improvement_movement_cost3,6,0.8233163528641794,0.4727934666754559,0.9990339704206774,0.1490849890003558
ackley,log_improvement_movement_cost3,log_improvement_movement_cost3,7,0.7552902175262308,0.5293347079362588,1.0924306899142844,0.15428262354886857
ackley,log_improvement_movement_cost3,log_improvement_movement_cost3,8,0.5845876433667709,0.3229584811731732,1.1582967612474677,0.14030358045738428
ackley,log_improvement_movement_cost3,log_improvement_movement_cost3,9,0.3722114467057165,0.12550271353611187,1.2429785866717884,0.1279778701390959
ackley,log_improvement_movement_cost3,log_improvement_movement_cost3,10,0.32661113607906406,0.0967747753393166,1.328803065401624,0.11068266855725335
ackley,log_improvement_movement_cost3,log_improvement_movement_cost3,11,0.32661113607906406,0.0967747753393166,1.3902342270134866,0.11256394629531832
ackley,log_improvement_movement_cost3,log_improvement_movement_cost3,12,0.27766958661951024,0.06529940404421387,1.4590774991867936,0.0921470368300206
ackley,log_improvement_movement_cost3,log_improvement_movement_cost3,13,0.23967977426271547,0.03801117443052416,1.5061668411126996,0.10340880926865292
ackley,log_improvement_movement_cost3,log_improvement_movement_cost3,14,0.20685627655393826,0.050077813943771525,1.5529482097154108,0.0903865280914629
ackley,log_improvement_movement_cost3,log_improvement_movement_cost3,15,0.20685627655393826,0.050077813943771525,1.622847500137232,0.11052663600741729
ackley,log_improvement_movement_cost3,log_improvement_movement_cost3,16,0.1998722268374308,0.055118024336833556,1.6811526245640873,0.11952855991155949
ackley,log_improvement_movement_cost3,log_improvement_movement_cost3,17,0.1998722268374308,0.055118024336833556,1.7177050785958128,0.11194668740784453
ackley,log_improvement_movement_cost3,log_improvement_movement_cost3,18,0.15652904212990792,0.09589281043242197,1.758910493594902,0.10462785810900953
ackley,log_improvement_movement_cost3,log_improvement_movement_cost3,19,0.15652904212990792,0.09589281043242197,1.7924253460170219,0.10632793395174937
ackley,log_improvement_movement_cost3,log_improvement_movement_cost3,20,0.15652904212990792,0.09589281043242197,1.8465669372998226,0.11532647938184422
ackley,log_improvement_movement_cost3,log_improvement_movement_cost3,21,0.13464082820698117,0.06969928323678014,1.897136019209731,0.11136057419451513
ackley,log_improvement_movement_cost3,log_improvement_movement_cost3,22,0.13378837781922023,0.06953232920202451,1.9300632835383318,0.1081717706031099
ackley,log_improvement_movement_cost3,log_improvement_movement_cost3,23,0.13378837781922023,0.06953232920202451,1.9940645393188028,0.09874783429965953
ackley,log_improvement_movement_cost3,log_improvement_movement_cost3,24,0.13378837781922023,0.06953232920202451,2.0367975761861667,0.09815189502515852
ackley,log_improvement_movement_cost3,log_improvement_movement_cost3,25,0.11521218890412326,0.0526308091456538,2.080416584427521,0.09464346964420427
ackley,log_improvement_movement_cost3,log_improvement_movement_cost3,26,0.11521218890412326,0.0526308091456538,2.1151173851436225,0.1015879629390392
ackley,log_improvement_movement_cost3,log_improvement_movement_cost3,27,0.08201786744301787,0.02823073597580058,2.151000607335337,0.09967822355073425
ackley,log_improvement_movement_cost3,log_improvement_movement_cost3,28,0.08201786744301787,0.02823073597580058,2.1950667228746292,0.10541333109552031
ackley,log_improvement_movement_cost3,log_improvement_movement_cost3,29,0.08201786744301787,0.02823073597580058,2.2350320045275622,0.11054390285174513
ackley,log_improvement_movement_cost3,log_improvement_movement_cost3,30,0.08201786744301787,0.02823073597580058,2.290636109646021,0.11082989525649735
ackley,log_improvement_movement_cost3,log_improvement_movement_cost3,31,0.08201786744301787,0.02823073597580058,2.325611384485424,0.11355537759092524
ackley,log_improvement_movement_cost3,log_improvement_movement_cost3,32,0.08201786744301787,0.02823073597580058,2.398195873726041,0.11425741398624685
ackley,log_improvement_movement_cost3,log_improvement_movement_cost3,33,0.08201786744301787,0.02823073597580058,2.461728847984967,0.10409230747438145
ackley,log_improvement_movement_cost3,log_improvement_movement_cost3,34,0.08201786744301787,0.02823073597580058,2.5199535141872467,0.1041586834010768
ackley,log_improvement_movement_cost3,log_improvement_movement_cost3,35,0.08186537730952208,0.028086999171795277,2.568707371282868,0.08156130600606945
ackley,log_improvement_movement_cost3,log_improvement_movement_cost3,36,0.06061345341400962,0.02388497729878392,2.611736552085173,0.07452827461406902
ackley,log_improvement_movement_cost3,log_improvement_movement_cost3,37,0.05683299697393496,0.01854098808778222,2.655244302040886,0.05817868008100509
ackley,log_improvement_movement_cost3,log_improvement_movement_cost3,38,0.05683299697393496,0.01854098808778222,2.7000902409904666,0.06472206326897151
ackley,log_improvement_movement_cost3,log_improvement_movement_cost3,39,0.05683299697393496,0.01854098808778222,2.73960680790988,0.06741798069890771
ackley,log_improvement_movement_cost3,log_improvement_movement_cost3,40,0.05683299697393496,0.01854098808778222,2.781125158504222,0.06901714787263255
ackley,log_improvement_movement_cost3,log_improvement_movement_cost3,41,0.05683299697393496,0.01854098808778222,2.8182843040763834,0.06946617776063309
ackley,log_improvement_movement_cost3,log_improvement_movement_cost3,42,0.05683299697393496,0.01854098808778222,2.8596272890203878,0.0577914604051143
ackley,log_improvement_movement_cost3,log_improvement_movement_cost3,43,0.05683299697393496,0.01854098808778222,2.901525010848508,0.05429555663306701
ackley,log_improvement_movement_cost3,log_improvement_movement_cost3,44,0.05683299697393496,0.01854098808778222,2.9573805814988687,0.047100247236987816
ackley,log_improvement_movement_cost3,log_improvement_movement_cost3,45,0.05683299697393496,0.01854098808778222,3.011909523483251,0.05518352845948263
ackley,log_improvement_movement_cost3,log_improvement_movement_cost3,46,0.05683299697393496,0.01854098808778222,3.0616578381308224,0.06148117087765576
ackley,log_improvement_movement_cost3,log_improvement_movement_cost3,47,0.05683299697393496,0.01854098808778222,3.101356932155955,0.06421426221846913
ackley,log_improvement_movement_cost3,log_improvement_movement_cost3,48,0.05683299697393496,0.01854098808778222,3.13696375220945,0.06773593596842996
ackley,log_improvement_movement_cost3,log_improvement_movement_cost3,49,0.048707495053829764,0.007067129843018426,3.1730036505057306,0.06703894945293995
ackley,optimistic_selected,optimistic_improvement_movement_cost3,0,1.8816753722768496,0.28521115887336823,0.5252108081050992,0.046082981372442364
ackley,optimistic_selected,optimistic_improvement_movement_cost3,1,1.5941422629695925,0.44874586591901305,0.6036665868187138,0.054966386169317864
ackley,optimistic_selected,optimistic_improvement_movement_cost3,2,1.2268697573486536,0.24069899386541072,0.6937118875505317,0.06800710198331811
ackley,optimistic_selected,optimistic_improvement_movement_cost3,3,1.2252692598680288,0.24234236372984616,0.7883991269056393,0.07437907177479648
ackley,optimistic_selected,optimistic_improvement_movement_cost3,4,1.033787577230379,0.32734027708807245,0.8678039884689275,0.07415427460524876
ackley,optimistic_selected,optimistic_improvement_movement_cost3,5,0.7818376099295054,0.13801750071034827,0.9543572381004483,0.07002662927610216
ackley,optimistic_selected,optimistic_improvement_movement_cost3,6,0.4511982253257085,0.1585753561524634,1.0513639275559143,0.05960569170622295
ackley,optimistic_selected,optimistic_improvement_movement_cost3,7,0.3099786037929104,0.06794482370765537,1.1537372421975391,0.035025664858654354
ackley,optimistic_selected,optimistic_improvement_movement_cost3,8,0.3099786037929104,0.06794482370765537,1.2162273470305536,0.02489776727898943
ackley,optimistic_selected,optimistic_improvement_movement_cost3,9,0.3099786037929104,0.06794482370765537,1.2933999410892711,0.038159771114030225
ackley,optimistic_selected,optimistic_improvement_movement_cost3,10,0.21530310380971018,0.07078483461693177,1.3720758704548424,0.031344325768003695
ackley,optimistic_selected,optimistic_improvement_movement_cost3,11,0.21530310380971018,0.07078483461693177,1.4871985267147803,0.0689781301604943
ackley,optimistic_selected,optimistic_improvement_movement_cost3,12,0.19896351336536164,0.056893478353900614,1.588535262927594,0.08345388373758952
ackley,optimistic_selected,optimistic_improvement_movement_cost3,13,0.19896351336536164,0.056893478353900614,1.6774475512873936,0.11077678015030606
ackley,optimistic_selected,optimistic_improvement_movement_cost3,14,0.17652767699021435,0.048346091943652636,1.7230668839345504,0.10639263970958009
ackley,optimistic_selected,optimistic_improvement_movement_cost3,15,0.1397066179917883,0.024558984412925713,1.7966935024276516,0.108942535395517
ackley,optimistic_selected,optimistic_improvement_movement_cost3,16,0.1397066179917883,0.024558984412925713,1.8847003375798097,0.13051944487966535
ackley,optimistic_selected,optimistic_improvement_movement_cost3,17,0.13176570993387005,0.01350630619199983,1.9386931071614866,0.12561779618975155
ackley,optimistic_selected,optimistic_improvement_movement_cost3,18,0.11773967293781402,0.03076843038939141,1.9793637349532807,0.11149274072592247
ackley,optimistic_selected,optimistic_improvement_movement_cost3,19,0.1174850815007571,0.03069851196399018,2.0138869343000474,0.1023299375809697
ackley,optimistic_selected,optimistic_improvement_movement_cost3,20,0.10384980471053658,0.03303044872597473,2.050474530157621,0.10860328882445604
ackley,optimistic_selected,optimistic_improvement_movement_cost3,21,0.10384980471053658,0.03303044872597473,2.1198941534607454,0.11105117165105917
ackley,optimistic_selected,optimistic_improvement_movement_cost3,22,0.09025054672621897,0.014038770061703242,2.1744152167748756,0.11988713200419499
ackley,optimistic_selected,optimistic_improvement_movement_cost3,23,0.0814547438655689,0.00358823110648152,2.227933069192607,0.10759516171567696
ackley,optimistic_selected,optimistic_improvement_movement_cost3,24,0.0814547438655689,0.00358823110648152,2.2807937548662887,0.11453273214107353
ackley,optimistic_selected,optimistic_improvement_movement_cost3,25,0.0814547438655689,0.00358823110648152,2.332003694733157,0.12789378887582356
ackley,optimistic_selected,optimistic_improvement_movement_cost3,26,0.0814547438655689,0.00358823110648152,2.389739938249164,0.12438177948164703
ackley,optimistic_selected,optimistic_improvement_movement_cost3,27,0.06625189720314421,0.012815475923880368,2.4372134899185585,0.12571058124254286
ackley,optimistic_selected,optimistic_improvement_movement_cost3,28,0.06625189720314421,0.012815475923880368,2.482823414778695,0.11614885226992702
ackley,optimistic_selected,optimistic_improvement_movement_cost3,29,0.06625189720314421,0.012815475923880368,2.52454212435328,0.12435458691719745
ackley,optimistic_selected,optimistic_improvement_movement_cost3,30,0.06625189720314421,0.012815475923880368,2.568214047187332,0.12226880654283595
ackley,optimistic_selected,optimistic_improvement_movement_cost3,31,0.06625189720314421,0.012815475923880368,2.6170765791012234,0.13020085526645753
ackley,optimistic_selected,optimistic_improvement_movement_cost3,32,0.06625189720314421,0.012815475923880368,2.673089055177268,0.13338434668378832
ackley,optimistic_selected,optimistic_improvement_movement_cost3,33,0.06625189720314421,0.012815475923880368,2.7300801386364975,0.13908632234395601
ackley,optimistic_selected,optimistic_improvement_movement_cost3,34,0.06625189720314421,0.012815475923880368,2.77635313684397,0.13368193067003964
ackley,optimistic_selected,optimistic_improvement_movement_cost3,35,0.06625189720314421,0.012815475923880368,2.8118258087162737,0.13481664365234766
ackley,optimistic_selected,optimistic_improvement_movement_cost3,36,0.06084382832956381,0.01587989270867173,2.859586974376114,0.1363103068408344
ackley,optimistic_selected,optimistic_improvement_movement_cost3,37,0.0603898868748011,0.015243012279211222,2.912901618551322,0.11735598189334315
ackley,optimistic_selected,optimistic_improvement_movement_cost3,38,0.0603898868748011,0.015243012279211222,2.972704760242552,0.1015641376496141
ackley,optimistic_selected,optimistic_improvement_movement_cost3,39,0.0603898868748011,0.015243012279211222,3.0137307723923024,0.10714241209087262
ackley,optimistic_selected,optimistic_improvement_movement_cost3,40,0.0603898868748011,0.015243012279211222,3.0582217399172102,0.10952955640831778
ackley,optimistic_selected,optimistic_improvement_movement_cost3,41,0.0603898868748011,0.015243012279211222,3.09888887993802,0.10665380677590848
ackley,optimistic_selected,optimistic_improvement_movement_cost3,42,0.0603898868748011,0.015243012279211222,3.159785651422414,0.07808364207652146
ackley,optimistic_selected,optimistic_improvement_movement_cost3,43,0.0603898868748011,0.015243012279211222,3.2136009904243683,0.0655418204937053
ackley,optimistic_selected,optimistic_improvement_movement_cost3,44,0.0603898868748011,0.015243012279211222,3.2745478292737715,0.06611702122897384
ackley,optimistic_selected,optimistic_improvement_movement_cost3,45,0.0603898868748011,0.015243012279211222,3.3219422880223988,0.06705645830107555
ackley,optimistic_selected,optimistic_improvement_movement_cost3,46,0.059942541608488366,0.014615821996920067,3.360847355087676,0.06819071961533153
ackley,optimistic_selected,optimistic_improvement_movement_cost3,47,0.059942541608488366,0.014615821996920067,3.408192884057636,0.08237341532007285
ackley,optimistic_selected,optimistic_improvement_movement_cost3,48,0.04682081812466802,0.004517518637896554,3.45073893379991,0.0962242448676253
ackley,optimistic_selected,optimistic_improvement_movement_cost3,49,0.04682081812466802,0.004517518637896554,3.483007858556084,0.09543054974007312
ackley,budgeted_exploration,budgeted_exploration,0,1.8290483237898172,0.5030416842930003,0.5264962587234866,0.046230074928067244
ackley,budgeted_exploration,budgeted_exploration,1,1.5249992651029256,0.4191721453463854,0.6221139073884444,0.03698186710887697
ackley,budgeted_exploration,budgeted_exploration,2,1.3653783977092768,0.2049505860849289,0.7228839587147315,0.04848438458183628
ackley,budgeted_exploration,budgeted_exploration,3,1.3227958572628127,0.22862233484145203,0.798102806385252,0.028335513083465973
ackley,budgeted_exploration,budgeted_exploration,4,0.9784121192756428,0.37806952462521665,0.907879336247483,0.03787990285637829
ackley,budgeted_exploration,budgeted_exploration,5,0.7295081291881241,0.38688521935053377,0.997382128733121,0.031508325704284385
ackley,budgeted_exploration,budgeted_exploration,6,0.6976250431617884,0.405189590676065,1.1055377105655744,0.0524258138568823
ackley,budgeted_exploration,budgeted_exploration,7,0.6976250431617884,0.405189590676065,1.2502193222662117,0.1055891651732727
ackley,budgeted_exploration,budgeted_exploration,8,0.5663980900754232,0.26283854162889314,1.3763708342748384,0.1493233617778333
ackley,budgeted_exploration,budgeted_exploration,9,0.3732437408815253,0.08694123719827564,1.451159992185526,0.1431237695727646
ackley,budgeted_exploration,budgeted_exploration,10,0.3732437408815253,0.08694123719827564,1.5311218691602482,0.14327080213224191
ackley,budgeted_exploration,budgeted_exploration,11,0.37265492861313304,0.08650302887863656,1.647800255817251,0.10945169811186331
ackley,budgeted_exploration,budgeted_exploration,12,0.3224055875962972,0.08506433935983085,1.7347375735037796,0.11911355693007304
ackley,budgeted_exploration,budgeted_exploration,13,0.3224055875962972,0.08506433935983085,1.8099779915744116,0.10565794862174469
ackley,budgeted_exploration,budgeted_exploration,14,0.2719988357232954,0.028365408054733653,1.8968026303553762,0.12284986785316755
ackley,budgeted_exploration,budgeted_exploration,15,0.25928181223089125,0.021572304732354976,1.984233524339974,0.13734181380023325
ackley,budgeted_exploration,budgeted_exploration,16,0.22960860381031192,0.05888310896850028,2.071299303815402,0.13903821157311075
ackley,budgeted_exploration,budgeted_exploration,17,0.22960860381031192,0.05888310896850028,2.150983426406067,0.1319854621728595
ackley,budgeted_exploration,budgeted_exploration,18,0.22960860381031192,0.05888310896850028,2.261992958415416,0.13525127196107206
ackley,budgeted_exploration,budgeted_exploration,19,0.21185702273635862,0.04674783329083841,2.3424335464162045,0.12985239088911216
ackley,budgeted_exploration,budgeted_exploration,20,0.21185702273635862,0.04674783329083841,2.4190333571995772,0.12251626636373601
ackley,budgeted_exploration,budgeted_exploration,21,0.21185702273635862,0.04674783329083841,2.544839253114558,0.10831561600271478
ackley,budgeted_exploration,budgeted_exploration,22,0.1709399120441065,0.05343775066853999,2.6737730889435736,0.08643441234777524
ackley,budgeted_exploration,budgeted_exploration,23,0.1709399120441065,0.05343775066853999,2.753452072595136,0.07212315932428988
ackley,budgeted_exploration,budgeted_exploration,24,0.1709399120441065,0.05343775066853999,2.8585495637840546,0.0643284825255131
ackley,budgeted_exploration,budgeted_exploration,25,0.1709399120441065,0.05343775066853999,3.018311890625316,0.08044297449619409
ackley,budgeted_exploration,budgeted_exploration,26,0.16207604139167056,0.041244684037677865,3.1209511782434567,0.08592427946713888
ackley,budgeted_exploration,budgeted_exploration,27,0.16207604139167056,0.041244684037677865,3.197007487679985,0.10312002858534793
ackley,budgeted_exploration,budgeted_exploration,28,0.16207604139167056,0.041244684037677865,3.3297872704083367,0.09526568958080478
ackley,budgeted_exploration,budgeted_exploration,29,0.14485207835223615,0.01888045390538666,3.415953847950193,0.1145150773982819
ackley,budgeted_exploration,budgeted_exploration,30,0.14485207835223615,0.01888045390538666,3.5182889865377,0.11778228826033485
ackley,budgeted_exploration,budgeted_exploration,31,0.14485207835223615,0.01888045390538666,3.66129058007726,0.12854955765834364
ackley,budgeted_exploration,budgeted_exploration,32,0.14485207835223615,0.01888045390538666,3.811967046026433,0.122136395945012
ackley,budgeted_exploration,budgeted_exploration,33,0.14485207835223615,0.01888045390538666,3.9255285150040886,0.0788909143339007
ackley,budgeted_exploration,budgeted_exploration,34,0.14485207835223615,0.01888045390538666,3.9997619808081866,0.0872698438943075
ackley,budgeted_exploration,budgeted_exploration,35,0.14485207835223615,0.01888045390538666,4.104142674853853,0.09269604276332374
ackley,budgeted_exploration,budgeted_exploration,36,0.14485207835223615,0.01888045390538666,4.1915919942631295,0.11296318540343546
ackley,budgeted_exploration,budgeted_exploration,37,0.14485207835223615,0.01888045390538666,4.325118261927171,0.10928014936263326
ackley,budgeted_exploration,budgeted_exploration,38,0.14485207835223615,0.01888045390538666,4.456563422975287,0.10375683145601357
ackley,budgeted_exploration,budgeted_exploration,39,0.14485207835223615,0.01888045390538666,4.548414670610965,0.05779839027147109
ackley,budgeted_exploration,budgeted_exploration,40,0.12589836419305125,0.01575380589015509,4.6364912400901686,0.03952847291562128
ackley,budgeted_exploration,budgeted_exploration,41,0.12589836419305125,0.01575380589015509,4.723976233426741,0.034688670882974615
ackley,budgeted_exploration,budgeted_exploration,42,0.12589836419305125,0.01575380589015509,4.822363026455379,0.03947197436118745
ackley,budgeted_exploration,budgeted_exploration,43,0.12589836419305125,0.01575380589015509,4.908356204508801,0.0457506820656172
ackley,budgeted_exploration,budgeted_exploration,44,0.12589836419305125,0.01575380589015509,5.018355668476546,0.027826373740213732
ackley,budgeted_exploration,budgeted_exploration,45,0.12589836419305125,0.01575380589015509,5.127008269890998,0.03980779874234153
ackley,budgeted_exploration,budgeted_exploration,46,0.12589836419305125,0.01575380589015509,5.212757546032802,0.029091715628637712
ackley,budgeted_exploration,budgeted_exploration,47,0.12589836419305125,0.01575380589015509,5.276806324215348,0.02498946808730024
ackley,budgeted_exploration,budgeted_exploration,48,0.12349617582091972,0.012528693346545489,5.344249352617119,0.018537453600609606
ackley,budgeted_exploration,budgeted_exploration,49,0.12349617582091972,0.012528693346545489,5.389363836644687,0.023065912428413257
ackley,lookahead_budgeted_exploration,lookahead_budgeted_exploration,0,1.6378780020780248,0.2503960211835537,0.5329486417525184,0.043432220940624135
ackley,lookahead_budgeted_exploration,lookahead_budgeted_exploration,1,1.429592478880202,0.08035988235468247,0.6280257650613937,0.051462826480691344
ackley,lookahead_budgeted_exploration,lookahead_budgeted_exploration,2,1.429592478880202,0.08035988235468247,0.7099530028903233,0.05947398488936188
ackley,lookahead_budgeted_exploration,lookahead_budgeted_exploration,3,1.3632320740406982,0.11503546268171211,0.8223021093129036,0.042261524887306556
ackley,lookahead_budgeted_exploration,lookahead_budgeted_exploration,4,0.9622412462886456,0.40387045739867583,0.9130925594958926,0.026089979688246525
ackley,lookahead_budgeted_exploration,lookahead_budgeted_exploration,5,0.6439260023062201,0.28475434397035565,1.009402869171067,0.011220170276419554
ackley,lookahead_budgeted_exploration,lookahead_budgeted_exploration,6,0.6439260023062201,0.28475434397035565,1.1374894416930088,0.037824765405490186
ackley,lookahead_budgeted_exploration,lookahead_budgeted_exploration,7,0.5020636141250935,0.12532403393499156,1.294819500657477,0.09197937301342528
ackley,lookahead_budgeted_exploration,lookahead_budgeted_exploration,8,0.4901711005961246,0.1421425871004979,1.4019792904835642,0.10903231394299046
ackley,lookahead_budgeted_exploration,lookahead_budgeted_exploration,9,0.4901711005961246,0.1421425871004979,1.525921203408501,0.1114661292787884
ackley,lookahead_budgeted_exploration,lookahead_budgeted_exploration,10,0.3245851159402157,0.08245673772595728,1.6098300007226551,0.09043807064409211
ackley,lookahead_budgeted_exploration,lookahead_budgeted_exploration,11,0.31345137298075726,0.06715722876652708,1.6973161560488486,0.06190237034370338
ackley,lookahead_budgeted_exploration,lookahead_budgeted_exploration,12,0.29385636151277383,0.041057955498187776,1.7922721732039477,0.06222621474777789
ackley,lookahead_budgeted_exploration,lookahead_budgeted_exploration,13,0.29385636151277383,0.041057955498187776,1.868229949701839,0.05422710181164525
ackley,lookahead_budgeted_exploration,lookahead_budgeted_exploration,14,0.29385636151277383,0.041057955498187776,1.9642422968297446,0.055064716027735945
ackley,lookahead_budgeted_exploration,lookahead_budgeted_exploration,15,0.28657390245214076,0.0320556182029493,2.1066023800193627,0.04369337516766029
ackley,lookahead_budgeted_exploration,lookahead_budgeted_exploration,16,0.2752833690781154,0.02065224951583071,2.183610014160765,0.03739127700014995
ackley,lookahead_budgeted_exploration,lookahead_budgeted_exploration,17,0.2546056982408662,0.02661092616277003,2.254834077621282,0.05494414243424605
ackley,lookahead_budgeted_exploration,lookahead_budgeted_exploration,18,0.2546056982408662,0.02661092616277003,2.342317689754864,0.035672802522143394
ackley,lookahead_budgeted_exploration,lookahead_budgeted_exploration,19,0.20494490425399828,0.04543689511706708,2.46116126112091,0.05327917029300284
ackley,lookahead_budgeted_exploration,lookahead_budgeted_exploration,20,0.20494490425399828,0.04543689511706708,2.539283674139782,0.05181018364269964
ackley,lookahead_budgeted_exploration,lookahead_budgeted_exploration,21,0.20494490425399828,0.04543689511706708,2.6641698946154624,0.09804662105453021
ackley,lookahead_budgeted_exploration,lookahead_budgeted_exploration,22,0.20494490425399828,0.04543689511706708,2.8010116525020075,0.14260862369598412
ackley,lookahead_budgeted_exploration,lookahead_budgeted_exploration,23,0.20494490425399828,0.04543689511706708,2.893825235360031,0.143716670278321
ackley,lookahead_budgeted_exploration,lookahead_budgeted_exploration,24,0.20494490425399828,0.04543689511706708,2.9790569261650894,0.16854482585833713
ackley,lookahead_budgeted_exploration,lookahead_budgeted_exploration,25,0.20494490425399828,0.04543689511706708,3.0678730701264816,0.1531854385401978
ackley,lookahead_budgeted_exploration,lookahead_budgeted_exploration,26,0.20494490425399828,0.04543689511706708,3.186525661040502,0.1595282953973224
ackley,lookahead_budgeted_exploration,lookahead_budgeted_exploration,27,0.20494490425399828,0.04543689511706708,3.2991844696092048,0.1822102119553185
ackley,lookahead_budgeted_exploration,lookahead_budgeted_exploration,28,0.20494490425399828,0.04543689511706708,3.377189195696785,0.18666550024584766
ackley,lookahead_budgeted_exploration,lookahead_budgeted_exploration,29,0.20494490425399828,0.04543689511706708,3.5145776966667124,0.18546451170754105
ackley,lookahead_budgeted_exploration,lookahead_budgeted_exploration,30,0.15831419219122647,0.015309519709322062,3.5967894136115723,0.18556397659091137
ackley,lookahead_budgeted_exploration,lookahead_budgeted_exploration,31,0.15831419219122647,0.015309519709322062,3.702947558440852,0.17587509185205352
ackley,lookahead_budgeted_exploration,lookahead_budgeted_exploration,32,0.15831419219122647,0.015309519709322062,3.837853348015551,0.19442676065688463
ackley,lookahead_budgeted_exploration,lookahead_budgeted_exploration,33,0.15831419219122647,0.015309519709322062,3.9433541877598812,0.2081226896443314
ackley,lookahead_budgeted_exploration,lookahead_budgeted_exploration,34,0.15831419219122647,0.015309519709322062,4.056288115078776,0.19914051717223985
ackley,lookahead_budgeted_exploration,lookahead_budgeted_exploration,35,0.15831419219122647,0.015309519709322062,4.188386895689142,0.19008606484562693
ackley,lookahead_budgeted_exploration,lookahead_budgeted_exploration,36,0.15831419219122647,0.015309519709322062,4.325501937053436,0.18426128442844997
ackley,lookahead_budgeted_exploration,lookahead_budgeted_exploration,37,0.1379290671761114,0.03482008749237506,4.420480479859088,0.19683556885239567
ackley,lookahead_budgeted_exploration,lookahead_budgeted_exploration,38,0.1379290671761114,0.03482008749237506,4.535849951998583,0.17579748043299062
ackley,lookahead_budgeted_exploration,lookahead_budgeted_exploration,39,0.1348438086776859,0.03131269306234231,4.6780326301271655,0.19340875867407517
ackley,lookahead_budgeted_exploration,lookahead_budgeted_exploration,40,0.1348438086776859,0.03131269306234231,4.8088362146677035,0.17358493957138488
ackley,lookahead_budgeted_exploration,lookahead_budgeted_exploration,41,0.1348438086776859,0.03131269306234231,4.926412210212733,0.17584729586975242
ackley,lookahead_budgeted_exploration,lookahead_budgeted_exploration,42,0.1348438086776859,0.03131269306234231,5.011801854697814,0.18325866844744368
ackley,lookahead_budgeted_exploration,lookahead_budgeted_exploration,43,0.1348438086776859,0.03131269306234231,5.107451123091939,0.17598578979295246
ackley,lookahead_budgeted_exploration,lookahead_budgeted_exploration,44,0.1348438086776859,0.03131269306234231,5.229156142583904,0.14699944490761888
ackley,lookahead_budgeted_exploration,lookahead_budgeted_exploration,45,0.1348438086776859,0.03131269306234231,5.334273409121813,0.12747184562697073
ackley,lookahead_budgeted_exploration,lookahead_budgeted_exploration,46,0.13285624674073704,0.029175714991698454,5.4201639874768075,0.09994077682121733
ackley,lookahead_budgeted_exploration,lookahead_budgeted_exploration,47,0.12334854779792481,0.029414641632637215,5.470749233995508,0.09616511104685423
ackley,lookahead_budgeted_exploration,lookahead_budgeted_exploration,48,0.11569380302742187,0.019221096311629993,5.541526763373381,0.09538623981839682
ackley,lookahead_budgeted_exploration,lookahead_budgeted_exploration,49,0.10818116221955447,0.010525101068460769,5.61167578464525,0.10754067697778374
levy,pure_bo,pure_bo,0,0.25374380829628274,0.040968157568154535,0.8999023015203628,0.12094770240933363
levy,pure_bo,pure_bo,1,0.25374380829628274,0.040968157568154535,1.1637798949330296,0.42780796665408355
levy,pure_bo,pure_bo,2,0.22229021381112793,0.012563817379864882,1.331712566375066,0.5981258504508673
levy,pure_bo,pure_bo,3,0.1480040150351222,0.0935231063175756,1.6835029462873001,0.5520255595341566
levy,pure_bo,pure_bo,4,0.1475896098186462,0.09336377931250753,1.987552809119972,0.4466434343377089
levy,pure_bo,pure_bo,5,0.11613603149159207,0.06988739394580704,2.689187672849632,0.9311275631781156
levy,pure_bo,pure_bo,6,0.08691687392757987,0.07490184309384486,3.104143140027702,0.9980598392062565
levy,pure_bo,pure_bo,7,0.08691687392757987,0.07490184309384486,3.9174041635348416,0.9830450222450607
levy,pure_bo,pure_bo,8,0.07959006853639573,0.06563686071287046,4.880936297185115,1.3415571192260307
levy,pure_bo,pure_bo,9,0.07959006853639573,0.06563686071287046,5.694682982028005,1.002346925851674
levy,pure_bo,pure_bo,10,0.07959006853639573,0.06563686071287046,6.657824523029213,1.003304182703022
levy,pure_bo,pure_bo,11,0.025883024776031677,0.036325003425729765,7.446045598724262,1.6071162343916938
levy,pure_bo,pure_bo,12,0.022718212782894636,0.031849333745309974,7.903777399991266,1.6038156765274638
levy,pure_bo,pure_bo,13,0.022718212782894636,0.031849333745309974,8.713567085713189,2.072435385014606
levy,pure_bo,pure_bo,14,0.022718212782894636,0.031849333745309974,9.700086985080246,2.3633563792027936
levy,pure_bo,pure_bo,15,0.022718212782894636,0.031849333745309974,10.591886886217402,2.3145289463654724
levy,pure_bo,pure_bo,16,0.022718212782894636,0.031849333745309974,11.572327133045313,2.191082972722478
levy,pure_bo,pure_bo,17,0.022718212782894636,0.031849333745309974,12.508905405823322,1.9921322874296032
levy,pure_bo,pure_bo,18,0.022718212782894636,0.031849333745309974,13.685089935910272,1.730591829976066
levy,pure_bo,pure_bo,19,0.00013174796069358053,0.00018631975282785906,14.896333698306742,1.687296141031726
levy,pure_bo,pure_bo,20,0.00013174796069358053,0.00018631975282785906,16.16307905868093,1.5872120240807928
levy,pure_bo,pure_bo,21,0.00013174796069358053,0.00018631975282785906,17.310746888841226,1.55151149886871
levy,pure_bo,pure_bo,22,0.00013174796069358053,0.00018631975282785906,18.27616386352013,1.614888750832438
levy,pure_bo,pure_bo,23,0.00013174796069358053,0.00018631975282785906,19.32209877994471,1.578829231065706
levy,pure_bo,pure_bo,24,0.00013174796069358053,0.00018631975282785906,20.448725374271486,1.6317429338332075
levy,pure_bo,pure_bo,25,0.00013174796069358053,0.00018631975282785906,21.838702694521615,1.5259675526155156
levy,pure_bo,pure_bo,26,0.00013174796069358053,0.00018631975282785906,23.322639965955087,1.364722687344559
levy,pure_bo,pure_bo,27,0.00013174796069358053,0.00018631975282785906,24.318996820582118,1.400958498138713
levy,pure_bo,pure_bo,28,0.00013174796069358053,0.00018631975282785906,25.415802476400202,1.4946574871593692
levy,pure_bo,pure_bo,29,0.00013174796069358053,0.00018631975282785906,26.362439587970382,1.6857908881977766
levy,pure_bo,pure_bo,30,0.00013174796069358053,0.00018631975282785906,27.244457197032034,1.7485813834394586
levy,pure_bo,pure_bo,31,0.00013174796069358053,0.00018631975282785906,27.952032937834982,1.4572573006835132
levy,pure_bo,pure_bo,32,0.00013174796069358053,0.00018631975282785906,29.102345841150765,1.6987550554353912
levy,pure_bo,pure_bo,33,0.00013174796069358053,0.00018631975282785906,30.053868607072832,1.701310980903714
levy,pure_bo,pure_bo,34,0.00013174796069358053,0.00018631975282785906,30.780492459530617,1.8077228991472738
levy,pure_bo,pure_bo,35,0.00013174796069358053,0.00018631975282785906,31.63151489794846,1.9391800799677288
levy,pure_bo,pure_bo,36,0.00013174796069358053,0.00018631975282785906,32.56581407841933,1.9029336228627032
levy,pure_bo,pure_bo,37,0.00013174796069358053,0.00018631975282785906,33.38815513530196,1.887981313945139
levy,pure_bo,pure_bo,38,0.00013174796069358053,0.00018631975282785906,34.05282161838483,1.8803411911600008
levy,pure_bo,pure_bo,39,0.00013174796069358053,0.00018631975282785906,34.96155558794076,1.9244124591897964
levy,pure_bo,pure_bo,40,0.00013174796069358053,0.00018631975282785906,36.04897301210319,2.014103151124172
levy,pure_bo,pure_bo,41,0.00013174796069358053,0.00018631975282785906,36.56407252149595,2.0681900705355094
levy,pure_bo,pure_bo,42,0.00013174796069358053,0.00018631975282785906,36.86169815330359,2.4066879005799104
levy,pure_bo,pure_bo,43,0.00013174796069358053,0.00018631975282785906,37.184983146733764,2.7998100140279307
levy,pure_bo,pure_bo,44,0.00013174796069358053,0.00018631975282785906,37.39738595893821,3.067779152494927
levy,pure_bo,pure_bo,45,0.00013174796069358053,0.00018631975282785906,37.65918007415588,3.405511661324278
levy,pure_bo,pure_bo,46,0.00013174796069358053,0.00018631975282785906,38.1280302164873,4.024673790882814
levy,pure_bo,pure_bo,47,0.00013174796069358053,0.00018631975282785906,38.394652869975275,4.382506474156016
levy,pure_bo,pure_bo,48,0.00013174796069358053,0.00018631975282785906,38.558112655879306,4.603403002370852
levy,pure_bo,pure_bo,49,0.00013174796069358053,0.00018631975282785906,38.93015366939259,5.109561182267738
levy,earlbo,earlbo,0,0.32858505645664277,0.07133201911585027,0.873851072850603,0.10951531955004534
levy,earlbo,earlbo,1,0.27057532804788864,0.012980382363989254,1.0367685038773455,0.09175290106777416
levy,earlbo,earlbo,2,0.27057532804788864,0.012980382363989254,1.155613101244897,0.07656703710066297
levy,earlbo,earlbo,3,0.26893523736694164,0.011425232202858024,1.297958131589918,0.08995838802389222
levy,earlbo,earlbo,4,0.25586675300783895,0.002091811639667054,1.3845081418583778,0.07548957949887872
levy,earlbo,earlbo,5,0.24758351644068832,0.01019304883908278,1.5246804984255586,0.10751306951548335
levy,earlbo,earlbo,6,0.21718606716434666,0.032056631670771545,1.6359088399077484,0.07666874311014281
levy,earlbo,earlbo,7,0.21635845759656655,0.03104707115605716,1.746877759124275,0.07619845043504932
levy,earlbo,earlbo,8,0.20188001204482497,0.026547210375574393,1.8964531471405053,0.09389131805128229
levy,earlbo,earlbo,9,0.20188001204482497,0.026547210375574393,2.01973270480921,0.12666604590328623
levy,earlbo,earlbo,10,0.18870855484600335,0.04423733812704498,2.1870909946978876,0.0969635036470449
levy,earlbo,earlbo,11,0.1878053593782102,0.043673002303751755,2.3102025287393197,0.10983616436170941
levy,earlbo,earlbo,12,0.15971472266721662,0.036919228258091547,2.479998116353791,0.20400569334673643
levy,earlbo,earlbo,13,0.15206699668752152,0.032300390851261636,2.633662724639961,0.19981259866386067
levy,earlbo,earlbo,14,0.14599182145951814,0.031398152939045985,2.763068908151922,0.17002326856593722
levy,earlbo,earlbo,15,0.13068593687556382,0.017868502744027025,2.9197309712271227,0.17829241887588254
levy,earlbo,earlbo,16,0.12044527651300196,0.03144849125261643,3.0490690065145745,0.1886196581409851
levy,earlbo,earlbo,17,0.09023098165206261,0.02520494837042277,3.221114478224164,0.1861461151084868
levy,earlbo,earlbo,18,0.08529649340628344,0.03185901703933723,3.310784154408935,0.20631853867328515
levy,earlbo,earlbo,19,0.08341002013203448,0.032994093160396545,3.4781132742991825,0.27935532980171585
levy,earlbo,earlbo,20,0.07540700581833236,0.043948787360660255,3.6958508507302974,0.3236294357246925
levy,earlbo,earlbo,21,0.06668092893160639,0.041938626074909474,3.8523264330209663,0.34312006707495
levy,earlbo,earlbo,22,0.05004406212754412,0.04613380099919244,4.009679796889309,0.3587861720822805
levy,earlbo,earlbo,23,0.048673095631137225,0.04419730248225475,4.143206453907957,0.36676283460780507
levy,earlbo,earlbo,24,0.04384399697405366,0.037378104393909456,4.255651924149592,0.3598600482951625
levy,earlbo,earlbo,25,0.04384399697405366,0.037378104393909456,4.362013477087703,0.37962520137056843
levy,earlbo,earlbo,26,0.04339931814075427,0.03772795963874454,4.474534736689017,0.37887366397257716
levy,earlbo,earlbo,27,0.040306263514966,0.04034914597928083,4.607255260310301,0.40502397625469366
levy,earlbo,earlbo,28,0.03441772157256338,0.04398257251816441,4.777675049385505,0.40977682237500657
levy,earlbo,earlbo,29,0.03441772157256338,0.04398257251816441,4.94003570996528,0.4436444722068522
levy,earlbo,earlbo,30,0.03441772157256338,0.04398257251816441,5.105639756715603,0.49912212577456794
levy,earlbo,earlbo,31,0.03441772157256338,0.04398257251816441,5.279329371847633,0.5186354709997457
levy,earlbo,earlbo,32,0.03428681901213969,0.04379746933040169,5.448941321117698,0.504483013584335
levy,earlbo,earlbo,33,0.03428681901213969,0.04379746933040169,5.636551527506961,0.5410676868171592
levy,earlbo,earlbo,34,0.03006351694077775,0.037825605645204326,5.774266466879507,0.5006124544437335
levy,earlbo,earlbo,35,0.03006351694077775,0.037825605645204326,6.017408680142104,0.5083698671721383
levy,earlbo,earlbo,36,0.03006351694077775,0.037825605645204326,6.358672017046868,0.4211031364450232
levy,earlbo,earlbo,37,0.022549248163983546,0.027201080652122622,6.532904805127735,0.36272859807776386
levy,earlbo,earlbo,38,0.017273488468524195,0.019743064474425608,6.73972207718212,0.333732727422844
levy,earlbo,earlbo,39,0.01428569632828411,0.015520700810658187,6.8987163674736856,0.2512355169811999
levy,earlbo,earlbo,40,0.01428569632828411,0.015520700810658187,7.113695614318854,0.37319386721781045
levy,earlbo,earlbo,41,0.01428569632828411,0.015520700810658187,7.341387744429468,0.47484255928789854
levy,earlbo,earlbo,42,0.01428569632828411,0.015520700810658187,7.447710496350049,0.42857897760511976
levy,earlbo,earlbo,43,0.008053041066952467,0.006724871334436181,7.577237815478828,0.4150184138118727
levy,earlbo,earlbo,44,0.008053041066952467,0.006724871334436181,7.732504234990604,0.3661339613728371
levy,earlbo,earlbo,45,0.0064695446536742335,0.004501692263423676,7.8900146327825915,0.3221952430900191
levy,earlbo,earlbo,46,0.0064695446536742335,0.004501692263423676,8.13748295579404,0.3856227516147168
levy,earlbo,earlbo,47,0.0064695446536742335,0.004501692263423676,8.300793981565919,0.4375631030803486
levy,earlbo,earlbo,48,0.0064695446536742335,0.004501692263423676,8.502080623284693,0.4802998659651891
levy,earlbo,earlbo,49,0.0064695446536742335,0.004501692263423676,8.80509540221995,0.6460549022542443
levy,snake,snake,0,0.3515582750397945,0.0736115571195173,0.713556961378921,0.11907401186565524
levy,snake,snake,1,0.34785496520158726,0.06840611911120832,0.8939040679156633,0.08458649427931503
levy,snake,snake,2,0.3464698208976758,0.06646042099816292,0.9690855252312044,0.09012578518959953
levy,snake,snake,3,0.3279887782317776,0.04062179204036626,1.075821610303004,0.1140445672215988
levy,snake,snake,4,0.309975649354376,0.059661854609487544,1.3989974255198419,0.20388012161348493
levy,snake,snake,5,0.309975649354376,0.059661854609487544,1.5775123797893074,0.2433566407506755
levy,snake,snake,6,0.24886970704685074,0.10019267556396516,1.8445036478639825,0.3378938756406491
levy,snake,snake,7,0.23734847780714388,0.0951849181714773,2.098389256118635,0.41044981665229646
levy,snake,snake,8,0.2170009483791302,0.06748794465084508,2.383890497659236,0.5611318599980015
levy,snake,snake,9,0.20923724913780695,0.07045437617042409,2.795791852224346,0.4837204896241609
levy,snake,snake,10,0.20792065401540505,0.0711134461347159,3.377312538923128,0.26041845646120015
levy,snake,snake,11,0.18642279514479376,0.041299127730529295,3.7827718545395292,0.0606627212789412
levy,snake,snake,12,0.18642279514479376,0.041299127730529295,4.237588757684326,0.13457618072312533
levy,snake,snake,13,0.18642279514479376,0.041299127730529295,4.6850022260944515,0.16065995195244637
levy,snake,snake,14,0.1691634919965094,0.052406016386468746,4.985309082400948,0.0685147253265891
levy,snake,snake,15,0.16024806124676563,0.039887676759689614,5.300394812001335,0.20062689881261755
levy,snake,snake,16,0.16024806124676563,0.039887676759689614,5.532013593845922,0.21126905906090315
levy,snake,snake,17,0.15670698101867225,0.042032054027916516,5.836586566885831,0.20548656648415634
levy,snake,snake,18,0.15670698101867225,0.042032054027916516,6.176095319877638,0.09062073648040646
levy,snake,snake,19,0.15670698101867225,0.042032054027916516,6.579416684421055,0.0957034027523011
levy,snake,snake,20,0.15670698101867225,0.042032054027916516,7.149747565886915,0.12711083785232538
levy,snake,snake,21,0.12817405816256214,0.03546894455298856,7.588868433265195,0.0959272538690908
levy,snake,snake,22,0.12161099872726387,0.027842872485068712,7.886679733737222,0.17964572455217725
levy,snake,snake,23,0.12161099872726387,0.027842872485068712,8.243104387568474,0.11675911211176422
levy,snake,snake,24,0.12161099872726387,0.027842872485068712,8.511092841849583,0.17411184545549882
levy,snake,snake,25,0.1162831834829881,0.027569240393762982,8.715404345264913,0.2280594908419806
levy,snake,snake,26,0.1162831834829881,0.027569240393762982,8.914014574899419,0.1821376020931286
levy,snake,snake,27,0.10509759698677203,0.03313086033017296,9.301847422008278,0.1963840453149322
levy,snake,snake,28,0.0931151009059805,0.04330217275592947,9.634848333962482,0.056582563363329744
levy,snake,snake,29,0.08556616668003914,0.0434889708335954,9.8859280012773,0.11751992117159522
levy,snake,snake,30,0.08556616668003914,0.0434889708335954,10.050758852567197,0.1541435599452374
levy,snake,snake,31,0.07827691201404066,0.04847923977070843,10.220284375453526,0.17325189254275478
levy,snake,snake,32,0.07827691201404066,0.04847923977070843,10.635125958229622,0.3040364351348634
levy,snake,snake,33,0.07827691201404066,0.04847923977070843,11.047254523160996,0.5807544379760011
levy,snake,snake,34,0.061512070356379185,0.03474306170673477,11.257579129594598,0.6024929500781299
levy,snake,snake,35,0.061512070356379185,0.03474306170673477,11.582465019121067,0.7208279205353962
levy,snake,snake,36,0.06117849034457273,0.03428733382520186,11.879310642168711,0.8159419562169324
levy,snake,snake,37,0.06117849034457273,0.03428733382520186,12.14983342075724,0.6988501721927715
levy,snake,snake,38,0.05542787483036913,0.027012802925081413,12.412219685192541,0.6268186744878708
levy,snake,snake,39,0.05542787483036913,0.027012802925081413,12.579201347030898,0.6676611750797552
levy,snake,snake,40,0.05542787483036913,0.027012802925081413,12.6660599145628,0.6486068514770018
levy,snake,snake,41,0.05542787483036913,0.027012802925081413,12.865674781693125,0.7156115393863687
levy,snake,snake,42,0.05542787483036913,0.027012802925081413,13.09579275687986,0.7950040447717301
levy,snake,snake,43,0.05542787483036913,0.027012802925081413,13.2955363371241,0.7383888334409892
levy,snake,snake,44,0.05542787483036913,0.027012802925081413,13.456521141618433,0.7157117579906883
levy,snake,snake,45,0.05542787483036913,0.027012802925081413,13.661210449733362,0.7015147449483164
levy,snake,snake,46,0.054568335706087524,0.027282463785555464,13.961118019433888,0.7988789001488661
levy,snake,snake,47,0.054568335706087524,0.027282463785555464,14.244660078892332,0.9337825322690072
levy,snake,snake,48,0.054568335706087524,0.027282463785555464,14.431245180754422,0.9432723328575862
levy,snake,snake,49,0.054568335706087524,0.027282463785555464,14.601039150862716,0.932843199881425
levy,log_improvement_movement_cost3,log_improvement_movement_cost3,0,0.3515582750397945,0.0736115571195173,0.7048041060318327,0.1153726440618956
levy,log_improvement_movement_cost3,log_improvement_movement_cost3,1,0.3504089790198712,0.07199559212920388,0.8851994122693937,0.09891332799769145
levy,log_improvement_movement_cost3,log_improvement_movement_cost3,2,0.34677223486113123,0.06688515310350153,0.9536222261393075,0.10476485593138375
levy,log_improvement_movement_cost3,log_improvement_movement_cost3,3,0.3275418476705089,0.04000171904266902,1.0591815366928785,0.11409216071723646
levy,log_improvement_movement_cost3,log_improvement_movement_cost3,4,0.3275418476705089,0.04000171904266902,1.1713589347873017,0.12510681734829368
levy,log_improvement_movement_cost3,log_improvement_movement_cost3,5,0.3275418476705089,0.04000171904266902,1.2827946645554442,0.09113192322058886
levy,log_improvement_movement_cost3,log_improvement_movement_cost3,6,0.3275418476705089,0.04000171904266902,1.3579072203532432,0.07041668861500344
levy,log_improvement_movement_cost3,log_improvement_movement_cost3,7,0.32203035102435235,0.0323931457922339,1.449742852082059,0.10400406740967773
levy,log_improvement_movement_cost3,log_improvement_movement_cost3,8,0.3029490084771446,0.029955666524027993,1.576017829790378,0.09858142551309383
levy,log_improvement_movement_cost3,log_improvement_movement_cost3,9,0.3029490084771446,0.029955666524027993,1.708342086899166,0.1133966621194182
levy,log_improvement_movement_cost3,log_improvement_movement_cost3,10,0.3029490084771446,0.029955666524027993,1.8029974127982002,0.10154700085894562
levy,log_improvement_movement_cost3,log_improvement_movement_cost3,11,0.2888515999299699,0.011350838059650098,1.9061487218958064,0.0967338807634857
levy,log_improvement_movement_cost3,log_improvement_movement_cost3,12,0.2888515999299699,0.011350838059650098,2.010988323192841,0.05482141623442082
levy,log_improvement_movement_cost3,log_improvement_movement_cost3,13,0.2888515999299699,0.011350838059650098,2.1340674153669243,0.054064463862843075
levy,log_improvement_movement_cost3,log_improvement_movement_cost3,14,0.2888515999299699,0.011350838059650098,2.2041896776608643,0.056372235585497435
levy,log_improvement_movement_cost3,log_improvement_movement_cost3,15,0.2888515999299699,0.011350838059650098,2.295609951706935,0.07526646122581471
levy,log_improvement_movement_cost3,log_improvement_movement_cost3,16,0.2888515999299699,0.011350838059650098,2.4318242214170294,0.08627290867579225
levy,log_improvement_movement_cost3,log_improvement_movement_cost3,17,0.2888515999299699,0.011350838059650098,2.544886684109296,0.05251821716914072
levy,log_improvement_movement_cost3,log_improvement_movement_cost3,18,0.2888515999299699,0.011350838059650098,2.6888654645976238,0.0290976028386033
levy,log_improvement_movement_cost3,log_improvement_movement_cost3,19,0.2888515999299699,0.011350838059650098,2.833461817391727,0.022677110630126507
levy,log_improvement_movement_cost3,log_improvement_movement_cost3,20,0.2888515999299699,0.011350838059650098,2.927475228413293,0.02561674390852181
levy,log_improvement_movement_cost3,log_improvement_movement_cost3,21,0.2888515999299699,0.011350838059650098,3.061897401913081,0.009054736210389509
levy,log_improvement_movement_cost3,log_improvement_movement_cost3,22,0.2888515999299699,0.011350838059650098,3.1702273078127914,0.03980716571142783
levy,log_improvement_movement_cost3,log_improvement_movement_cost3,23,0.2888515999299699,0.011350838059650098,3.318860016488174,0.04984501648737781
levy,log_improvement_movement_cost3,log_improvement_movement_cost3,24,0.2888515999299699,0.011350838059650098,3.4695788706681294,0.060633624776554845
levy,log_improvement_movement_cost3,log_improvement_movement_cost3,25,0.2888515999299699,0.011350838059650098,3.576977270117775,0.07328201621766356
levy,log_improvement_movement_cost3,log_improvement_movement_cost3,26,0.2888515999299699,0.011350838059650098,3.671055023370539,0.058935782400689286
levy,log_improvement_movement_cost3,log_improvement_movement_cost3,27,0.2888515999299699,0.011350838059650098,3.791999251578225,0.06817931427303688
levy,log_improvement_movement_cost3,log_improvement_movement_cost3,28,0.2888515999299699,0.011350838059650098,3.902268441908111,0.08619409745437662
levy,log_improvement_movement_cost3,log_improvement_movement_cost3,29,0.2888515999299699,0.011350838059650098,3.9802067906687566,0.10284757925284195
levy,log_improvement_movement_cost3,log_improvement_movement_cost3,30,0.2888515999299699,0.011350838059650098,4.086523675454791,0.11847144937175551
levy,log_improvement_movement_cost3,log_improvement_movement_cost3,31,0.2888515999299699,0.011350838059650098,4.23288337022433,0.19425653274812088
levy,log_improvement_movement_cost3,log_improvement_movement_cost3,32,0.2853462692042971,0.0119887027243239,4.366334282990919,0.22765132789548115
levy,log_improvement_movement_cost3,log_improvement_movement_cost3,33,0.2853462692042971,0.0119887027243239,4.433387388761996,0.23153380099189244
levy,log_improvement_movement_cost3,log_improvement_movement_cost3,34,0.2853462692042971,0.0119887027243239,4.512174006132007,0.23920899717225746
levy,log_improvement_movement_cost3,log_improvement_movement_cost3,35,0.2853462692042971,0.0119887027243239,4.659945734827357,0.23241217444078566
levy,log_improvement_movement_cost3,log_improvement_movement_cost3,36,0.2853462692042971,0.0119887027243239,4.781370658394738,0.22263643213974774
levy,log_improvement_movement_cost3,log_improvement_movement_cost3,37,0.28068725810805034,0.005644424681936452,4.874560730519064,0.22758354484989238
levy,log_improvement_movement_cost3,log_improvement_movement_cost3,38,0.28068725810805034,0.005644424681936452,4.984356902891374,0.2372621963036743
levy,log_improvement_movement_cost3,log_improvement_movement_cost3,39,0.28068725810805034,0.005644424681936452,5.190439924107162,0.2971289924831472
levy,log_improvement_movement_cost3,log_improvement_movement_cost3,40,0.28068725810805034,0.005644424681936452,5.337293626348895,0.3724267215781616
levy,log_improvement_movement_cost3,log_improvement_movement_cost3,41,0.28068725810805034,0.005644424681936452,5.437312894673622,0.3616472397503329
levy,log_improvement_movement_cost3,log_improvement_movement_cost3,42,0.28068725810805034,0.005644424681936452,5.530836466837857,0.3693902571584252
levy,log_improvement_movement_cost3,log_improvement_movement_cost3,43,0.28068725810805034,0.005644424681936452,5.685596112846466,0.37887524251865096
levy,log_improvement_movement_cost3,log_improvement_movement_cost3,44,0.28068725810805034,0.005644424681936452,5.826764868459892,0.39058079575614224
levy,log_improvement_movement_cost3,log_improvement_movement_cost3,45,0.28068725810805034,0.005644424681936452,5.94594062292212,0.43595491472856707
levy,log_improvement_movement_cost3,log_improvement_movement_cost3,46,0.28068725810805034,0.005644424681936452,6.007988520126884,0.4745819841203455
levy,log_improvement_movement_cost3,log_improvement_movement_cost3,47,0.28068725810805034,0.005644424681936452,6.09128356649008,0.4948845666371755
levy,log_improvement_movement_cost3,log_improvement_movement_cost3,48,0.28068725810805034,0.005644424681936452,6.1782047139641945,0.4987530719389826
levy,log_improvement_movement_cost3,log_improvement_movement_cost3,49,0.28068725810805034,0.005644424681936452,6.296916911835342,0.5320141698856843
levy,optimistic_selected,optimistic_improvement_movement_cost2,0,0.3515582750397945,0.0736115571195173,0.7376725562073013,0.12502801228646584
levy,optimistic_selected,optimistic_improvement_movement_cost2,1,0.34752150856834785,0.06793764668027436,0.9094278843885077,0.09963242611749945
levy,optimistic_selected,optimistic_improvement_movement_cost2,2,0.34752150856834785,0.06793764668027436,0.9823750255763085,0.12214205737527534
levy,optimistic_selected,optimistic_improvement_movement_cost2,3,0.3238986248790117,0.03496310924844256,1.0701565413775904,0.1481857770620728
levy,optimistic_selected,optimistic_improvement_movement_cost2,4,0.3238986248790117,0.03496310924844256,1.1509812927718357,0.1648882195335176
levy,optimistic_selected,optimistic_improvement_movement_cost2,5,0.3238986248790117,0.03496310924844256,1.2401789358825288,0.16656481848585472
levy,optimistic_selected,optimistic_improvement_movement_cost2,6,0.3238986248790117,0.03496310924844256,1.323233856122645,0.17191778354651635
levy,optimistic_selected,optimistic_improvement_movement_cost2,7,0.3238986248790117,0.03496310924844256,1.4033987860372814,0.18588257480970266
levy,optimistic_selected,optimistic_improvement_movement_cost2,8,0.28358500528135866,0.01568561319125197,1.5479214382086643,0.21171307316740365
levy,optimistic_selected,optimistic_improvement_movement_cost2,9,0.28358500528135866,0.01568561319125197,1.7056200943376938,0.2293547567948847
levy,optimistic_selected,optimistic_improvement_movement_cost2,10,0.28358500528135866,0.01568561319125197,1.8045130933915516,0.23300415680921238
levy,optimistic_selected,optimistic_improvement_movement_cost2,11,0.27122911722844395,0.013439099008630117,1.9298073701722973,0.21112857993031856
levy,optimistic_selected,optimistic_improvement_movement_cost2,12,0.2524199447889484,0.013163216373468156,2.060215713652744,0.16407415581498408
levy,optimistic_selected,optimistic_improvement_movement_cost2,13,0.2524199447889484,0.013163216373468156,2.2166003014314533,0.15316308774966586
levy,optimistic_selected,optimistic_improvement_movement_cost2,14,0.2524199447889484,0.013163216373468156,2.3046633825837843,0.15642926116309147
levy,optimistic_selected,optimistic_improvement_movement_cost2,15,0.2524199447889484,0.013163216373468156,2.4011935666707287,0.1413872595092992
levy,optimistic_selected,optimistic_improvement_movement_cost2,16,0.2524199447889484,0.013163216373468156,2.524992630935745,0.1358693606500314
levy,optimistic_selected,optimistic_improvement_movement_cost2,17,0.2524199447889484,0.013163216373468156,2.6438713128870877,0.1182220814405036
levy,optimistic_selected,optimistic_improvement_movement_cost2,18,0.2524199447889484,0.013163216373468156,2.794545917229495,0.13519533542213252
levy,optimistic_selected,optimistic_improvement_movement_cost2,19,0.2524199447889484,0.013163216373468156,2.9563311069602407,0.1520013672649521
levy,optimistic_selected,optimistic_improvement_movement_cost2,20,0.2524199447889484,0.013163216373468156,3.0627219183534784,0.15617531127472456
levy,optimistic_selected,optimistic_improvement_movement_cost2,21,0.23998719738759414,0.030745161400975062,3.233747001968877,0.13552725625894688
levy,optimistic_selected,optimistic_improvement_movement_cost2,22,0.23998719738759414,0.030745161400975062,3.362499515457954,0.2054879535616871
levy,optimistic_selected,optimistic_improvement_movement_cost2,23,0.23998719738759414,0.030745161400975062,3.561904712671114,0.26505138283312074
levy,optimistic_selected,optimistic_improvement_movement_cost2,24,0.23998719738759414,0.030745161400975062,3.776556114971459,0.3529468663369588
levy,optimistic_selected,optimistic_improvement_movement_cost2,25,0.23998719738759414,0.030745161400975062,3.905244079014935,0.36762349993379706
levy,optimistic_selected,optimistic_improvement_movement_cost2,26,0.23998719738759414,0.030745161400975062,4.040667074001131,0.43105565778855176
levy,optimistic_selected,optimistic_improvement_movement_cost2,27,0.23998719738759414,0.030745161400975062,4.153274772701276,0.4288654192267193
levy,optimistic_selected,optimistic_improvement_movement_cost2,28,0.23998719738759414,0.030745161400975062,4.29283303260515,0.5033952694054716
levy,optimistic_selected,optimistic_improvement_movement_cost2,29,0.23998719738759414,0.030745161400975062,4.374171164393512,0.5046287330832641
levy,optimistic_selected,optimistic_improvement_movement_cost2,30,0.23998719738759414,0.030745161400975062,4.493143503295506,0.5195295412886096
levy,optimistic_selected,optimistic_improvement_movement_cost2,31,0.23998719738759414,0.030745161400975062,4.673529366476646,0.5457330485145621
levy,optimistic_selected,optimistic_improvement_movement_cost2,32,0.22094439635998295,0.05767553391190476,4.863864962284933,0.6491133350392805
levy,optimistic_selected,optimistic_improvement_movement_cost2,33,0.22094439635998295,0.05767553391190476,4.999661104483533,0.7257171339285906
levy,optimistic_selected,optimistic_improvement_movement_cost2,34,0.22094439635998295,0.05767553391190476,5.087264285196922,0.7597350480394783
levy,optimistic_selected,optimistic_improvement_movement_cost2,35,0.22094439635998295,0.05767553391190476,5.234025236966145,0.7734487996058181
levy,optimistic_selected,optimistic_improvement_movement_cost2,36,0.22094439635998295,0.05767553391190476,5.372031483307836,0.8012033677609813
levy,optimistic_selected,optimistic_improvement_movement_cost2,37,0.22094439635998295,0.05767553391190476,5.459958039936741,0.7958425647462096
levy,optimistic_selected,optimistic_improvement_movement_cost2,38,0.22094439635998295,0.05767553391190476,5.578819872889542,0.7979043716862434
levy,optimistic_selected,optimistic_improvement_movement_cost2,39,0.22094439635998295,0.05767553391190476,5.814659232231196,0.9105058588889968
levy,optimistic_selected,optimistic_improvement_movement_cost2,40,0.22094439635998295,0.05767553391190476,5.985589521371208,1.016393174280624
levy,optimistic_selected,optimistic_improvement_movement_cost2,41,0.22094439635998295,0.05767553391190476,6.082705618313406,0.9969418158841951
levy,optimistic_selected,optimistic_improvement_movement_cost2,42,0.22094439635998295,0.05767553391190476,6.171946848281121,0.9816280036573187
levy,optimistic_selected,optimistic_improvement_movement_cost2,43,0.22094439635998295,0.05767553391190476,6.321712417589784,0.996556863827419
levy,optimistic_selected,optimistic_improvement_movement_cost2,44,0.22094439635998295,0.05767553391190476,6.473512702015637,0.9847331829799479
levy,optimistic_selected,optimistic_improvement_movement_cost2,45,0.22094439635998295,0.05767553391190476,6.602297462086398,1.015669672234419
levy,optimistic_selected,optimistic_improvement_movement_cost2,46,0.22094439635998295,0.05767553391190476,6.670877461560333,1.067958621737221
levy,optimistic_selected,optimistic_improvement_movement_cost2,47,0.22094439635998295,0.05767553391190476,6.760377068592022,1.0775141798709111
levy,optimistic_selected,optimistic_improvement_movement_cost2,48,0.22094439635998295,0.05767553391190476,6.857086256775895,1.0766498482620068
levy,optimistic_selected,optimistic_improvement_movement_cost2,49,0.22094439635998295,0.05767553391190476,6.956943956894409,1.1224076790315838
levy,budgeted_exploration,budgeted_exploration,0,0.3515582750397945,0.0736115571195173,0.7241736550592875,0.10851403817136697
levy,budgeted_exploration,budgeted_exploration,1,0.3515582750397945,0.0736115571195173,0.9016143450930051,0.08547728750409392
levy,budgeted_exploration,budgeted_exploration,2,0.35055534546100847,0.07220136691113643,0.9912935034699645,0.11357759486143054
levy,budgeted_exploration,budgeted_exploration,3,0.32501933026581936,0.03650967565530373,1.0908614184441703,0.1403678437935934
levy,budgeted_exploration,budgeted_exploration,4,0.32501933026581936,0.03650967565530373,1.200119976219148,0.13881480998962636
levy,budgeted_exploration,budgeted_exploration,5,0.32501933026581936,0.03650967565530373,1.3281612813911343,0.15154809191495416
levy,budgeted_exploration,budgeted_exploration,6,0.32501933026581936,0.03650967565530373,1.4700167379163709,0.15828079334104472
levy,budgeted_exploration,budgeted_exploration,7,0.32501933026581936,0.03650967565530373,1.570739299789355,0.18905511959551152
levy,budgeted_exploration,budgeted_exploration,8,0.29420949164215643,0.037165884375989215,1.7562603160265935,0.18718549373319168
levy,budgeted_exploration,budgeted_exploration,9,0.29420949164215643,0.037165884375989215,1.9001677554626355,0.21565127221073715
levy,budgeted_exploration,budgeted_exploration,10,0.29420949164215643,0.037165884375989215,2.0369734965135673,0.19610619541380353
levy,budgeted_exploration,budgeted_exploration,11,0.2702675429707841,0.016098836032002378,2.1840720357553147,0.1495201313520738
levy,budgeted_exploration,budgeted_exploration,12,0.24930492023590767,0.01734828087458405,2.2950673509458093,0.1141244391069258
levy,budgeted_exploration,budgeted_exploration,13,0.24930492023590767,0.01734828087458405,2.460828343588185,0.08382398767366442
levy,budgeted_exploration,budgeted_exploration,14,0.24930492023590767,0.01734828087458405,2.5535934524158317,0.0927604960899167
levy,budgeted_exploration,budgeted_exploration,15,0.2454100370706215,0.0224134270083706,2.6886375680115386,0.11103992939024901
levy,budgeted_exploration,budgeted_exploration,16,0.2454100370706215,0.0224134270083706,2.8484864477091727,0.14651559256674584
levy,budgeted_exploration,budgeted_exploration,17,0.2454100370706215,0.0224134270083706,2.9835209115670174,0.1933752490059201
levy,budgeted_exploration,budgeted_exploration,18,0.2454100370706215,0.0224134270083706,3.1542715857594192,0.24073482529885373
levy,budgeted_exploration,budgeted_exploration,19,0.2454100370706215,0.0224134270083706,3.320994475246137,0.2456329697934757
levy,budgeted_exploration,budgeted_exploration,20,0.2454100370706215,0.0224134270083706,3.4518207544774584,0.2383789761161508
levy,budgeted_exploration,budgeted_exploration,21,0.2454100370706215,0.0224134270083706,3.582315879867682,0.23668251733909584
levy,budgeted_exploration,budgeted_exploration,22,0.2454100370706215,0.0224134270083706,3.714492017301017,0.2855463226640619
levy,budgeted_exploration,budgeted_exploration,23,0.2454100370706215,0.0224134270083706,3.8988197423237203,0.33147121176524624
levy,budgeted_exploration,budgeted_exploration,24,0.2454100370706215,0.0224134270083706,4.097286008731801,0.3970120304513205
levy,budgeted_exploration,budgeted_exploration,25,0.2454100370706215,0.0224134270083706,4.217961900853626,0.41906796530813567
levy,budgeted_exploration,budgeted_exploration,26,0.2454100370706215,0.0224134270083706,4.370022498273049,0.4681553652782207
levy,budgeted_exploration,budgeted_exploration,27,0.2454100370706215,0.0224134270083706,4.481356129601498,0.43824843465905616
levy,budgeted_exploration,budgeted_exploration,28,0.2454100370706215,0.0224134270083706,4.613051474990712,0.4990265403878773
levy,budgeted_exploration,budgeted_exploration,29,0.2454100370706215,0.0224134270083706,4.711700823780258,0.48991790399977264
levy,budgeted_exploration,budgeted_exploration,30,0.2454100370706215,0.0224134270083706,4.841920985649273,0.5061393029121976
levy,budgeted_exploration,budgeted_exploration,31,0.2454100370706215,0.0224134270083706,5.0300967465015445,0.5409504664416267
levy,budgeted_exploration,budgeted_exploration,32,0.2271293717672702,0.04752258867853442,5.2112639535930585,0.6442926405813818
levy,budgeted_exploration,budgeted_exploration,33,0.2271293717672702,0.04752258867853442,5.34109941538883,0.7119487828744987
levy,budgeted_exploration,budgeted_exploration,34,0.2271293717672702,0.04752258867853442,5.42676484336192,0.7422613692966238
levy,budgeted_exploration,budgeted_exploration,35,0.2271293717672702,0.04752258867853442,5.568169508804645,0.7654078949838722
levy,budgeted_exploration,budgeted_exploration,36,0.2271293717672702,0.04752258867853442,5.700159635969849,0.7999756597560065
levy,budgeted_exploration,budgeted_exploration,37,0.2271293717672702,0.04752258867853442,5.78592860947852,0.8027856376183575
levy,budgeted_exploration,budgeted_exploration,38,0.2271293717672702,0.04752258867853442,5.917397355287136,0.7979351635557558
levy,budgeted_exploration,budgeted_exploration,39,0.2271293717672702,0.04752258867853442,6.150605525158181,0.9199524890739542
levy,budgeted_exploration,budgeted_exploration,40,0.2271293717672702,0.04752258867853442,6.314711799145297,1.0231362609472177
levy,budgeted_exploration,budgeted_exploration,41,0.2258356199795549,0.0463835868806721,6.4193765830528875,1.0090199552867147
levy,budgeted_exploration,budgeted_exploration,42,0.2258356199795549,0.0463835868806721,6.506938986942849,1.0003636840907009
levy,budgeted_exploration,budgeted_exploration,43,0.2258356199795549,0.0463835868806721,6.676972187703266,1.0012241020925066
levy,budgeted_exploration,budgeted_exploration,44,0.2258356199795549,0.0463835868806721,6.834551182393248,0.9911903724636687
levy,budgeted_exploration,budgeted_exploration,45,0.2258356199795549,0.0463835868806721,6.956837882855712,1.0310792407975269
levy,budgeted_exploration,budgeted_exploration,46,0.2258356199795549,0.0463835868806721,7.028698382950842,1.0791616244955713
levy,budgeted_exploration,budgeted_exploration,47,0.2258356199795549,0.0463835868806721,7.116458022405301,1.0831818917659508
levy,budgeted_exploration,budgeted_exploration,48,0.2258356199795549,0.0463835868806721,7.205882369486481,1.0974793951785475
levy,budgeted_exploration,budgeted_exploration,49,0.2258356199795549,0.0463835868806721,7.322189506018712,1.1222903162935556
levy,lookahead_budgeted_exploration,lookahead_budgeted_exploration,0,0.3515582750397945,0.0736115571195173,0.7349252260734368,0.09947572442094857
levy,lookahead_budgeted_exploration,lookahead_budgeted_exploration,1,0.3515582750397945,0.0736115571195173,0.8546268954036265,0.09911254847081093
levy,lookahead_budgeted_exploration,lookahead_budgeted_exploration,2,0.3515582750397945,0.0736115571195173,0.9577499581693146,0.08955146017572226
levy,lookahead_budgeted_exploration,lookahead_budgeted_exploration,3,0.32931151790322816,0.042459036154867055,1.0823775255990045,0.09745952414798702
levy,lookahead_budgeted_exploration,lookahead_budgeted_exploration,4,0.32931151790322816,0.042459036154867055,1.2409215664323578,0.11301134760963517
levy,lookahead_budgeted_exploration,lookahead_budgeted_exploration,5,0.32931151790322816,0.042459036154867055,1.3671338298253266,0.13856719217829197
levy,lookahead_budgeted_exploration,lookahead_budgeted_exploration,6,0.32931151790322816,0.042459036154867055,1.5239758181399792,0.16783137753033217
levy,lookahead_budgeted_exploration,lookahead_budgeted_exploration,7,0.3286062228675945,0.04280065364241963,1.6140077888090871,0.14863004980666417
levy,lookahead_budgeted_exploration,lookahead_budgeted_exploration,8,0.30515996132687445,0.04568100105459892,1.789232240849124,0.14670160285675762
levy,lookahead_budgeted_exploration,lookahead_budgeted_exploration,9,0.30515996132687445,0.04568100105459892,1.9494658304444836,0.1435261408936781
levy,lookahead_budgeted_exploration,lookahead_budgeted_exploration,10,0.30515996132687445,0.04568100105459892,2.0891071649962654,0.14207057208901164
levy,lookahead_budgeted_exploration,lookahead_budgeted_exploration,11,0.27863539855495234,0.01450093364221456,2.229749473836083,0.1199130538757502
levy,lookahead_budgeted_exploration,lookahead_budgeted_exploration,12,0.25998130192183716,0.0217606949643737,2.384331258096785,0.09658227101322904
levy,lookahead_budgeted_exploration,lookahead_budgeted_exploration,13,0.25998130192183716,0.0217606949643737,2.5634375668685174,0.09870877896407614
levy,lookahead_budgeted_exploration,lookahead_budgeted_exploration,14,0.25998130192183716,0.0217606949643737,2.7109730700157577,0.0883954205379333
levy,lookahead_budgeted_exploration,lookahead_budgeted_exploration,15,0.25998130192183716,0.0217606949643737,2.808467011450322,0.08436784055040322
levy,lookahead_budgeted_exploration,lookahead_budgeted_exploration,16,0.25998130192183716,0.0217606949643737,2.9592859879241744,0.1096543575258656
levy,lookahead_budgeted_exploration,lookahead_budgeted_exploration,17,0.25998130192183716,0.0217606949643737,3.1007891592370496,0.15892167841064975
levy,lookahead_budgeted_exploration,lookahead_budgeted_exploration,18,0.25998130192183716,0.0217606949643737,3.258404631978666,0.23616530240294611
levy,lookahead_budgeted_exploration,lookahead_budgeted_exploration,19,0.25998130192183716,0.0217606949643737,3.4038610532341305,0.24094936190865798
levy,lookahead_budgeted_exploration,lookahead_budgeted_exploration,20,0.25998130192183716,0.0217606949643737,3.566565184322785,0.2116941744579543
levy,lookahead_budgeted_exploration,lookahead_budgeted_exploration,21,0.25998130192183716,0.0217606949643737,3.700230351809445,0.20347808147412766
levy,lookahead_budgeted_exploration,lookahead_budgeted_exploration,22,0.25998130192183716,0.0217606949643737,3.820183459433989,0.24984708515338458
levy,lookahead_budgeted_exploration,lookahead_budgeted_exploration,23,0.25998130192183716,0.0217606949643737,3.9914289710822275,0.2779396555450509
levy,lookahead_budgeted_exploration,lookahead_budgeted_exploration,24,0.25998130192183716,0.0217606949643737,4.175786009380559,0.3110693490823963
levy,lookahead_budgeted_exploration,lookahead_budgeted_exploration,25,0.25998130192183716,0.0217606949643737,4.282765283508787,0.31762630141712683
levy,lookahead_budgeted_exploration,lookahead_budgeted_exploration,26,0.25998130192183716,0.0217606949643737,4.434922491071793,0.3706387840296571
levy,lookahead_budgeted_exploration,lookahead_budgeted_exploration,27,0.25998130192183716,0.0217606949643737,4.545195342563134,0.3343746035035714
levy,lookahead_budgeted_exploration,lookahead_budgeted_exploration,28,0.25998130192183716,0.0217606949643737,4.689944352908224,0.3778510422888832
levy,lookahead_budgeted_exploration,lookahead_budgeted_exploration,29,0.25998130192183716,0.0217606949643737,4.785053158020365,0.38406588206244896
levy,lookahead_budgeted_exploration,lookahead_budgeted_exploration,30,0.25998130192183716,0.0217606949643737,4.885757199717373,0.41535792561172036
levy,lookahead_budgeted_exploration,lookahead_budgeted_exploration,31,0.25998130192183716,0.0217606949643737,5.097476555655565,0.4228650406524775
levy,lookahead_budgeted_exploration,lookahead_budgeted_exploration,32,0.24768141081339481,0.03753089403315412,5.290490365128037,0.49196664187799244
levy,lookahead_budgeted_exploration,lookahead_budgeted_exploration,33,0.24768141081339481,0.03753089403315412,5.419103615197236,0.5334440988741311
levy,lookahead_budgeted_exploration,lookahead_budgeted_exploration,34,0.24768141081339481,0.03753089403315412,5.507856598176054,0.5375184308676293
levy,lookahead_budgeted_exploration,lookahead_budgeted_exploration,35,0.24768141081339481,0.03753089403315412,5.665591556990562,0.5461749579543622
levy,lookahead_budgeted_exploration,lookahead_budgeted_exploration,36,0.24768141081339481,0.03753089403315412,5.801611864416209,0.5717748713559062
levy,lookahead_budgeted_exploration,lookahead_budgeted_exploration,37,0.24768141081339481,0.03753089403315412,5.903422303168564,0.5747374393052356
levy,lookahead_budgeted_exploration,lookahead_budgeted_exploration,38,0.24768141081339481,0.03753089403315412,6.034900538143393,0.5879261876232232
levy,lookahead_budgeted_exploration,lookahead_budgeted_exploration,39,0.24768141081339481,0.03753089403315412,6.241349214538129,0.6659123296386801
levy,lookahead_budgeted_exploration,lookahead_budgeted_exploration,40,0.24768141081339481,0.03753089403315412,6.404843824137995,0.7344236296382834
levy,lookahead_budgeted_exploration,lookahead_budgeted_exploration,41,0.24768141081339481,0.03753089403315412,6.5151539586362714,0.7102513206357963
levy,lookahead_budgeted_exploration,lookahead_budgeted_exploration,42,0.24768141081339481,0.03753089403315412,6.6276633661211335,0.6916547482870572
levy,lookahead_budgeted_exploration,lookahead_budgeted_exploration,43,0.24768141081339481,0.03753089403315412,6.797612621402851,0.6924087397134709
levy,lookahead_budgeted_exploration,lookahead_budgeted_exploration,44,0.24768141081339481,0.03753089403315412,6.968354576776522,0.6797228995936878
levy,lookahead_budgeted_exploration,lookahead_budgeted_exploration,45,0.24768141081339481,0.03753089403315412,7.0862724532512855,0.719610255759837
levy,lookahead_budgeted_exploration,lookahead_budgeted_exploration,46,0.24768141081339481,0.03753089403315412,7.166218329952041,0.7673702718593416
levy,lookahead_budgeted_exploration,lookahead_budgeted_exploration,47,0.24768141081339481,0.03753089403315412,7.251918276871887,0.7794386200802665
levy,lookahead_budgeted_exploration,lookahead_budgeted_exploration,48,0.24768141081339481,0.03753089403315412,7.349635339169649,0.7747184171247053
levy,lookahead_budgeted_exploration,lookahead_budgeted_exploration,49,0.24768141081339481,0.03753089403315412,7.494714640521091,0.7985770934687662
rosenbrock,pure_bo,pure_bo,0,19.17947175346908,7.958479827753834,0.5176919749024439,0.05320426256764068
rosenbrock,pure_bo,pure_bo,1,19.17947175346908,7.958479827753834,0.8908220813909918,0.14484492676105049
rosenbrock,pure_bo,pure_bo,2,19.17947175346908,7.958479827753834,1.2488115996519948,0.14813875432291432
rosenbrock,pure_bo,pure_bo,3,19.17947175346908,7.958479827753834,1.6982773823432638,0.22190457940683506
rosenbrock,pure_bo,pure_bo,4,13.13313644701436,5.251809419505355,2.3922271111378763,0.25713865218380233
rosenbrock,pure_bo,pure_bo,5,13.13313644701436,5.251809419505355,3.3362439558961796,0.45160352728772607
rosenbrock,pure_bo,pure_bo,6,13.13313644701436,5.251809419505355,4.347728839518941,0.5141801142621167
rosenbrock,pure_bo,pure_bo,7,13.13313644701436,5.251809419505355,4.90623595109671,0.5738771000684656
rosenbrock,pure_bo,pure_bo,8,8.468075908639655,1.9110747199388385,5.4116806079453355,0.7189380242142158
rosenbrock,pure_bo,pure_bo,9,8.468075908639655,1.9110747199388385,6.14369992526522,0.9800245673992946
rosenbrock,pure_bo,pure_bo,10,8.468075908639655,1.9110747199388385,6.855508800331974,1.164281621725419
rosenbrock,pure_bo,pure_bo,11,8.468075908639655,1.9110747199388385,8.251956120628055,1.2527672058310098
rosenbrock,pure_bo,pure_bo,12,8.468075908639655,1.9110747199388385,9.085127955576853,1.414384843099591
rosenbrock,pure_bo,pure_bo,13,8.468075908639655,1.9110747199388385,9.670163998217836,1.7165780780632096
rosenbrock,pure_bo,pure_bo,14,8.468075908639655,1.9110747199388385,10.356957943284547,1.7573971193784421
rosenbrock,pure_bo,pure_bo,15,8.468075908639655,1.9110747199388385,10.876200487328909,1.9139484259780406
rosenbrock,pure_bo,pure_bo,16,8.468075908639655,1.9110747199388385,11.51930751755804,2.071394940400008
rosenbrock,pure_bo,pure_bo,17,8.468075908639655,1.9110747199388385,12.543470663926852,2.5865491667566882
rosenbrock,pure_bo,pure_bo,18,7.46747685429207,2.93068554656079,13.94539712614732,2.734052896122214
rosenbrock,pure_bo,pure_bo,19,6.973982510904797,2.328995919795916,14.856143952664297,2.8008402349267048
rosenbrock,pure_bo,pure_bo,20,6.973982510904797,2.328995919795916,15.658285948654092,3.075362788759564
rosenbrock,pure_bo,pure_bo,21,6.973982510904797,2.328995919795916,16.437395292600055,3.3933107721399822
rosenbrock,pure_bo,pure_bo,22,6.973982510904797,2.328995919795916,17.0094602702048,3.4951939709372937
rosenbrock,pure_bo,pure_bo,23,6.973982510904797,2.328995919795916,17.746729480725477,3.706777204416191
rosenbrock,pure_bo,pure_bo,24,6.973982510904797,2.328995919795916,18.87097028492758,3.934530230134402
rosenbrock,pure_bo,pure_bo,25,6.973982510904797,2.328995919795916,19.792188994721887,3.683996378781061
rosenbrock,pure_bo,pure_bo,26,6.973982510904797,2.328995919795916,20.908290222051644,3.4825984632122786
rosenbrock,pure_bo,pure_bo,27,6.973982510904797,2.328995919795916,21.770313152018872,3.4411714788111496
rosenbrock,pure_bo,pure_bo,28,6.973982510904797,2.328995919795916,22.772070754483664,3.548533984290151
rosenbrock,pure_bo,pure_bo,29,4.562301207239112,3.9745995546601534,24.073003933067877,3.614053778854572
rosenbrock,pure_bo,pure_bo,30,4.562301207239112,3.9745995546601534,24.61382715177466,3.527337520373528
rosenbrock,pure_bo,pure_bo,31,4.562301207239112,3.9745995546601534,25.162189926576133,3.6698721776667997
rosenbrock,pure_bo,pure_bo,32,4.562301207239112,3.9745995546601534,25.870953626723576,3.730172909475096
rosenbrock,pure_bo,pure_bo,33,4.562301207239112,3.9745995546601534,27.2940743330615,3.1185570410756513
rosenbrock,pure_bo,pure_bo,34,4.562301207239112,3.9745995546601534,28.013062278252136,2.7651293166982205
rosenbrock,pure_bo,pure_bo,35,4.562301207239112,3.9745995546601534,29.112107097201065,2.7394885735647883
rosenbrock,pure_bo,pure_bo,36,4.562301207239112,3.9745995546601534,30.024414757103543,2.9979870521509016
rosenbrock,pure_bo,pure_bo,37,4.562301207239112,3.9745995546601534,31.044662181612313,3.0857010506810307
rosenbrock,pure_bo,pure_bo,38,4.562301207239112,3.9745995546601534,32.321678500041536,3.177731771861865
rosenbrock,pure_bo,pure_bo,39,4.562301207239112,3.9745995546601534,33.552833635704175,3.4055329009881725
rosenbrock,pure_bo,pure_bo,40,4.562301207239112,3.9745995546601534,34.494751891679876,3.3748032813908586
rosenbrock,pure_bo,pure_bo,41,4.562301207239112,3.9745995546601534,35.477914770093776,3.2954718067423623
rosenbrock,pure_bo,pure_bo,42,4.562301207239112,3.9745995546601534,36.567345611859544,3.057321681817047
rosenbrock,pure_bo,pure_bo,43,4.562301207239112,3.9745995546601534,37.973364107623944,2.8331393627359924
rosenbrock,pure_bo,pure_bo,44,4.562301207239112,3.9745995546601534,39.2709167112387,2.890571319245713
rosenbrock,pure_bo,pure_bo,45,4.562301207239112,3.9745995546601534,39.83927407610253,2.928155014406305
rosenbrock,pure_bo,pure_bo,46,4.562301207239112,3.9745995546601534,40.691372176159156,2.7144329134427547
rosenbrock,pure_bo,pure_bo,47,4.562301207239112,3.9745995546601534,41.65733636832709,2.4962887176080275
rosenbrock,pure_bo,pure_bo,48,1.3333333333333333,1.8856180831641267,42.827788809331985,2.595316487840641
rosenbrock,pure_bo,pure_bo,49,1.3333333333333333,1.8856180831641267,43.95955622218767,2.8643773984988163
rosenbrock,earlbo,earlbo,0,42.788049177595745,15.644304015609915,0.8159960777384668,0.2292758411659958
rosenbrock,earlbo,earlbo,1,20.768520434392943,13.917837670887984,1.2700368749564879,0.4669396123566442
rosenbrock,earlbo,earlbo,2,20.195286335516585,14.492035845026258,1.6185693564900898,0.42216736431623536
rosenbrock,earlbo,earlbo,3,19.669258545357348,14.686775306711292,1.9925823141761354,0.4275417800728639
rosenbrock,earlbo,earlbo,4,19.669258545357348,14.686775306711292,2.380395652527303,0.7186909109031417
rosenbrock,earlbo,earlbo,5,19.669258545357348,14.686775306711292,2.888675251337998,1.008865540562377
rosenbrock,earlbo,earlbo,6,19.669258545357348,14.686775306711292,3.3043881476362196,1.2157998657289746
rosenbrock,earlbo,earlbo,7,16.828415228275695,16.29473164869946,3.593499887060679,1.1475516563491983
rosenbrock,earlbo,earlbo,8,16.828415228275695,16.29473164869946,4.176205118700337,0.9622791471007067
rosenbrock,earlbo,earlbo,9,16.828415228275695,16.29473164869946,4.6407169880360515,0.9905635799478781
rosenbrock,earlbo,earlbo,10,13.11699431429257,11.046063119663307,5.1600033071653755,1.1391095914173308
rosenbrock,earlbo,earlbo,11,13.11699431429257,11.046063119663307,5.702313038303314,1.2310170941963767
rosenbrock,earlbo,earlbo,12,13.11699431429257,11.046063119663307,6.325224046209539,1.2635854455993774
rosenbrock,earlbo,earlbo,13,13.11699431429257,11.046063119663307,6.985892030760581,1.263304890215271
rosenbrock,earlbo,earlbo,14,9.697684396578575,6.210605754350725,7.390990504926975,1.1321801347907878
rosenbrock,earlbo,earlbo,15,9.697684396578575,6.210605754350725,7.5870639617452085,1.185388269252544
rosenbrock,earlbo,earlbo,16,9.409434608689883,6.420227295229075,7.749781033359141,1.1317206205869417
rosenbrock,earlbo,earlbo,17,9.409434608689883,6.420227295229075,8.076704388325174,1.0561593479777973
rosenbrock,earlbo,earlbo,18,8.360375950432735,4.93849804189431,8.331030636630361,1.0637423317771164
rosenbrock,earlbo,earlbo,19,8.360375950432735,4.93849804189431,8.763345606703353,1.046640887761406
rosenbrock,earlbo,earlbo,20,8.12300639479672,5.130361030013054,9.446300892628642,1.0521387951234633
rosenbrock,earlbo,earlbo,21,8.12300639479672,5.130361030013054,9.746197305207568,0.9959185950474655
rosenbrock,earlbo,earlbo,22,8.12300639479672,5.130361030013054,10.072712548496158,0.9088078925037072
rosenbrock,earlbo,earlbo,23,8.12300639479672,5.130361030013054,10.466189021420156,0.7988040212020447
rosenbrock,earlbo,earlbo,24,8.12300639479672,5.130361030013054,10.968526685810426,0.6908695349549834
rosenbrock,earlbo,earlbo,25,8.093042918554312,5.08825347501652,11.35190310391105,0.6599270323206663
rosenbrock,earlbo,earlbo,26,5.5783862258724675,1.7879643602560336,11.559321177978504,0.6600294894890308
rosenbrock,earlbo,earlbo,27,5.5783862258724675,1.7879643602560336,11.803957975906194,0.7016172758462066
rosenbrock,earlbo,earlbo,28,4.716712500998631,0.6766554438554871,12.042334221619269,0.7462731659631942
rosenbrock,earlbo,earlbo,29,4.716712500998631,0.6766554438554871,12.279053666364701,0.781100658923237
rosenbrock,earlbo,earlbo,30,4.716712500998631,0.6766554438554871,12.574700704427604,0.8865024286395401
rosenbrock,earlbo,earlbo,31,4.716712500998631,0.6766554438554871,12.814698761133831,0.903947801565788
rosenbrock,earlbo,earlbo,32,4.299031462995235,0.4429240178888537,13.269320882641956,0.995047646987421
rosenbrock,earlbo,earlbo,33,4.299031462995235,0.4429240178888537,13.454907348793634,1.0555195708475227
rosenbrock,earlbo,earlbo,34,4.299031462995235,0.4429240178888537,13.764929461586739,1.1122278387197757
rosenbrock,earlbo,earlbo,35,4.299031462995235,0.4429240178888537,13.976583446214818,1.2128210961131958
rosenbrock,earlbo,earlbo,36,4.299031462995235,0.4429240178888537,14.131554367542163,1.2242945015036721
rosenbrock,earlbo,earlbo,37,4.211889283219964,0.3302248906418977,14.490423312012917,1.367133766728658
rosenbrock,earlbo,earlbo,38,4.211889283219964,0.3302248906418977,14.905443778584058,1.5752840558674912
rosenbrock,earlbo,earlbo,39,4.211889283219964,0.3302248906418977,15.403241778644167,1.6399105477652247
rosenbrock,earlbo,earlbo,40,4.211889283219964,0.3302248906418977,16.14088439484239,1.4756480821902669
rosenbrock,earlbo,earlbo,41,4.211889283219964,0.3302248906418977,16.696930841662297,1.5065274660837327
rosenbrock,earlbo,earlbo,42,4.211889283219964,0.3302248906418977,16.871754511610003,1.5430661774078283
rosenbrock,earlbo,earlbo,43,4.211889283219964,0.3302248906418977,17.236754027220403,1.5936233738383772
rosenbrock,earlbo,earlbo,44,4.211889283219964,0.3302248906418977,17.507787147898927,1.6093039254680297
rosenbrock,earlbo,earlbo,45,4.211889283219964,0.3302248906418977,17.857027144281016,1.7301982140817946
rosenbrock,earlbo,earlbo,46,4.211889283219964,0.3302248906418977,18.21608554911239,1.752057616507005
rosenbrock,earlbo,earlbo,47,3.6425488645617983,1.0989625869577717,18.605666167884042,1.8409874785849418
rosenbrock,earlbo,earlbo,48,3.6425488645617983,1.0989625869577717,18.882046214894576,1.9868192210298328
rosenbrock,earlbo,earlbo,49,3.6425488645617983,1.0989625869577717,19.134063651192022,1.9695993581503086
rosenbrock,snake,snake,0,24.753889406559068,10.61323871266104,0.5801213359577613,0.012468484603071072
rosenbrock,snake,snake,1,17.776156065151834,13.861640759048017,0.806728037050953,0.08333679273027901
rosenbrock,snake,snake,2,16.479845197126618,14.771728283806187,0.896821094014404,0.06226119708414173
rosenbrock,snake,snake,3,16.479845197126618,14.771728283806187,1.1138250338255278,0.020360475762099015
rosenbrock,snake,snake,4,13.164492137444553,10.236006586208884,1.341187842567054,0.0635428130695173
rosenbrock,snake,snake,5,9.17431079439213,4.836822749228445,1.5384662906025925,0.1101060949789732
rosenbrock,snake,snake,6,9.17431079439213,4.836822749228445,1.7772652351711569,0.20431425071018353
rosenbrock,snake,snake,7,8.886565315929635,4.432504846733481,1.918322948147967,0.23351030216581173
rosenbrock,snake,snake,8,8.886565315929635,4.432504846733481,2.0375109678439376,0.2407126463494497
rosenbrock,snake,snake,9,8.825596911352006,4.4846748304299595,2.116452054728828,0.23696535655158885
rosenbrock,snake,snake,10,8.119831754029741,4.081840313401467,2.1953358120367543,0.22952228246529016
rosenbrock,snake,snake,11,8.119831754029741,4.081840313401467,2.3005804580693754,0.2617179297667278
rosenbrock,snake,snake,12,5.875471676707444,1.2808421355623882,2.4287472037944267,0.268416691952094
rosenbrock,snake,snake,13,5.875471676707444,1.2808421355623882,2.648010790806806,0.1742020695717774
rosenbrock,snake,snake,14,5.452712068640106,0.921161567118175,2.995412613870076,0.22643093320316157
rosenbrock,snake,snake,15,5.452712068640106,0.921161567118175,3.37806719393314,0.6633205432991762
rosenbrock,snake,snake,16,5.452712068640106,0.921161567118175,3.6804532009639046,0.9248595154999705
rosenbrock,snake,snake,17,5.203131607639145,0.8465037645070059,3.909416591669825,0.8760097200898549
rosenbrock,snake,snake,18,5.203131607639145,0.8465037645070059,4.459111359119767,0.9021770332729627
rosenbrock,snake,snake,19,4.551527234532162,1.2435648098218937,5.046689943334655,0.9606229408182977
rosenbrock,snake,snake,20,4.551527234532162,1.2435648098218937,5.147417600988349,0.9698783624625863
rosenbrock,snake,snake,21,4.551527234532162,1.2435648098218937,5.449515287358126,1.2097979523736255
rosenbrock,snake,snake,22,4.551527234532162,1.2435648098218937,5.843368654998142,1.3898470918491288
rosenbrock,snake,snake,23,4.551527234532162,1.2435648098218937,6.211823809882357,1.540458800913946
rosenbrock,snake,snake,24,4.1377864202445895,0.705636931817335,6.48270642272664,1.6430011365310806
rosenbrock,snake,snake,25,4.1377864202445895,0.705636931817335,6.788510043915597,1.758982932814761
rosenbrock,snake,snake,26,4.1377864202445895,0.705636931817335,7.079955900059418,1.6250541634851987
rosenbrock,snake,snake,27,4.036500418796759,0.834040626864637,7.482407709679687,1.5355707858076872
rosenbrock,snake,snake,28,3.9089765541372956,1.001446560545689,7.7272896378489255,1.6212999219602848
rosenbrock,snake,snake,29,3.9089765541372956,1.001446560545689,8.109579891136928,1.5689120216836112
rosenbrock,snake,snake,30,3.9089765541372956,1.001446560545689,8.522714480461874,1.4356902896190724
rosenbrock,snake,snake,31,3.9089765541372956,1.001446560545689,8.97910972103004,1.2978344751742754
rosenbrock,snake,snake,32,3.9089765541372956,1.001446560545689,9.360516985802896,1.1972049258614248
rosenbrock,snake,snake,33,3.9089765541372956,1.001446560545689,9.771327404882824,1.1452381972184411
rosenbrock,snake,snake,34,3.9089765541372956,1.001446560545689,10.287891145302147,1.1248160283099007
rosenbrock,snake,snake,35,3.9089765541372956,1.001446560545689,10.579812571277413,1.1887519259692798
rosenbrock,snake,snake,36,3.9089765541372956,1.001446560545689,10.755839758004669,1.1795403878131172
rosenbrock,snake,snake,37,3.9089765541372956,1.001446560545689,11.179323367395767,1.262167264480853
rosenbrock,snake,snake,38,3.9089765541372956,1.001446560545689,11.721141290182159,1.5001483994144882
rosenbrock,snake,snake,39,3.9089765541372956,1.001446560545689,12.2843807391385,1.6409799996383871
rosenbrock,snake,snake,40,3.9089765541372956,1.001446560545689,12.744046015975352,1.500103504631299
rosenbrock,snake,snake,41,3.9089765541372956,1.001446560545689,13.241396326811087,1.6616115909711953
rosenbrock,snake,snake,42,3.9089765541372956,1.001446560545689,13.707514225591384,1.7320067911293338
rosenbrock,snake,snake,43,3.9089765541372956,1.001446560545689,13.975409256845355,1.869956532192821
rosenbrock,snake,snake,44,3.9089765541372956,1.001446560545689,14.320125898125122,2.1040923327877965
rosenbrock,snake,snake,45,3.9089765541372956,1.001446560545689,14.748606366213393,2.1292487148732517
rosenbrock,snake,snake,46,3.9089765541372956,1.001446560545689,15.216335317508284,2.0334579029867297
rosenbrock,snake,snake,47,3.719415878306568,0.8151536651938761,15.739460884920355,2.072457659933928
rosenbrock,snake,snake,48,3.719415878306568,0.8151536651938761,16.258349005360685,2.2925203051982623
rosenbrock,snake,snake,49,3.626374869290801,0.7422654030433559,16.521991606590404,2.452932974083775
rosenbrock,log_improvement_movement_cost3,log_improvement_movement_cost3,0,23.49498520809185,12.26084372387802,0.575540077476684,0.011009278983718479
rosenbrock,log_improvement_movement_cost3,log_improvement_movement_cost3,1,18.344735332116514,13.8334026085697,0.8109200929084848,0.08653358969184896
rosenbrock,log_improvement_movement_cost3,log_improvement_movement_cost3,2,17.870770978741884,14.158767748595176,0.9327951671177468,0.04665443421738839
rosenbrock,log_improvement_movement_cost3,log_improvement_movement_cost3,3,17.149289322639536,14.69896751523096,1.0837233526560406,0.047064170473213436
rosenbrock,log_improvement_movement_cost3,log_improvement_movement_cost3,4,10.873909546241606,5.870003971041355,1.3009023684158534,0.115877872026501
rosenbrock,log_improvement_movement_cost3,log_improvement_movement_cost3,5,9.175581729938408,3.5203858291884083,1.4261759794284863,0.07399452515427304
rosenbrock,log_improvement_movement_cost3,log_improvement_movement_cost3,6,8.943204928261475,3.6166701454172614,1.5790932728215497,0.028677904541677037
rosenbrock,log_improvement_movement_cost3,log_improvement_movement_cost3,7,8.943204928261475,3.6166701454172614,1.666367309386782,0.048601842793289864
rosenbrock,log_improvement_movement_cost3,log_improvement_movement_cost3,8,8.943204928261475,3.6166701454172614,1.781444281043142,0.0588748304526744
rosenbrock,log_improvement_movement_cost3,log_improvement_movement_cost3,9,8.225085042058845,4.14209951046401,1.9388595577568541,0.09750346295584351
rosenbrock,log_improvement_movement_cost3,log_improvement_movement_cost3,10,7.999560621514351,3.8296368172503947,2.0954119464154317,0.12555143403540947
rosenbrock,log_improvement_movement_cost3,log_improvement_movement_cost3,11,7.999560621514351,3.8296368172503947,2.2038430661907307,0.14371479540756937
rosenbrock,log_improvement_movement_cost3,log_improvement_movement_cost3,12,6.869942150109885,2.29157294183241,2.292259352979217,0.1594678005390251
rosenbrock,log_improvement_movement_cost3,log_improvement_movement_cost3,13,6.869942150109885,2.29157294183241,2.408969943406229,0.16565682219379566
rosenbrock,log_improvement_movement_cost3,log_improvement_movement_cost3,14,6.869942150109885,2.29157294183241,2.5172286281581093,0.1923458373607319
rosenbrock,log_improvement_movement_cost3,log_improvement_movement_cost3,15,6.085930982944802,1.8944788634203913,2.6050147360318086,0.1777383510585265
rosenbrock,log_improvement_movement_cost3,log_improvement_movement_cost3,16,6.085930982944802,1.8944788634203913,2.6888356871073413,0.14542039816603725
rosenbrock,log_improvement_movement_cost3,log_improvement_movement_cost3,17,6.085930982944802,1.8944788634203913,2.830542941981262,0.11053851492229438
rosenbrock,log_improvement_movement_cost3,log_improvement_movement_cost3,18,6.085930982944802,1.8944788634203913,2.9518513526317065,0.12576931759776835
rosenbrock,log_improvement_movement_cost3,log_improvement_movement_cost3,19,6.085930982944802,1.8944788634203913,3.0645790859485835,0.13309150160981723
rosenbrock,log_improvement_movement_cost3,log_improvement_movement_cost3,20,5.824885767000193,1.8969328993691097,3.1589759118454968,0.15257994139165001
rosenbrock,log_improvement_movement_cost3,log_improvement_movement_cost3,21,5.824885767000193,1.8969328993691097,3.289840329935709,0.13667909498130568
rosenbrock,log_improvement_movement_cost3,log_improvement_movement_cost3,22,5.824885767000193,1.8969328993691097,3.4287221132439663,0.17090025158100067
rosenbrock,log_improvement_movement_cost3,log_improvement_movement_cost3,23,5.824885767000193,1.8969328993691097,3.550633183314634,0.18919238459945334
rosenbrock,log_improvement_movement_cost3,log_improvement_movement_cost3,24,5.502694015687163,1.4923678741194122,3.674631668112669,0.21607073500225676
rosenbrock,log_improvement_movement_cost3,log_improvement_movement_cost3,25,4.538381082197301,0.777430686064325,3.788395381518042,0.21978119827595693
rosenbrock,log_improvement_movement_cost3,log_improvement_movement_cost3,26,4.538381082197301,0.777430686064325,3.9122505875691225,0.2789789399187852
rosenbrock,log_improvement_movement_cost3,log_improvement_movement_cost3,27,4.532985532002976,0.7835840441690449,3.9959657751546036,0.27959373935505744
rosenbrock,log_improvement_movement_cost3,log_improvement_movement_cost3,28,4.532985532002976,0.7835840441690449,4.094563206520275,0.2900379727468164
rosenbrock,log_improvement_movement_cost3,log_improvement_movement_cost3,29,4.355415503706015,0.9975485921288348,4.1964703983487155,0.2839813567252693
rosenbrock,log_improvement_movement_cost3,log_improvement_movement_cost3,30,4.32020223358427,0.9558938384298938,4.325438051723165,0.2519613037480783
rosenbrock,log_improvement_movement_cost3,log_improvement_movement_cost3,31,4.123726452858498,0.9764732561742145,4.383697674867544,0.2510841670764764
rosenbrock,log_improvement_movement_cost3,log_improvement_movement_cost3,32,4.123726452858498,0.9764732561742145,4.487490340667294,0.3100774614040955
rosenbrock,log_improvement_movement_cost3,log_improvement_movement_cost3,33,4.123726452858498,0.9764732561742145,4.590066992344969,0.29614510000227057
rosenbrock,log_improvement_movement_cost3,log_improvement_movement_cost3,34,4.123726452858498,0.9764732561742145,4.691708942679064,0.2498018765413898
rosenbrock,log_improvement_movement_cost3,log_improvement_movement_cost3,35,4.123726452858498,0.9764732561742145,4.764376795855907,0.23096368259902636
rosenbrock,log_improvement_movement_cost3,log_improvement_movement_cost3,36,4.123726452858498,0.9764732561742145,4.854193623668926,0.2406841173064169
rosenbrock,log_improvement_movement_cost3,log_improvement_movement_cost3,37,4.123726452858498,0.9764732561742145,4.956178759277141,0.23711840595234177
rosenbrock,log_improvement_movement_cost3,log_improvement_movement_cost3,38,4.123726452858498,0.9764732561742145,5.065747019766889,0.2583908400646841
rosenbrock,log_improvement_movement_cost3,log_improvement_movement_cost3,39,4.093118774616978,1.0088363076571092,5.152934204374305,0.2365086744331366
rosenbrock,log_improvement_movement_cost3,log_improvement_movement_cost3,40,4.093118774616978,1.0088363076571092,5.2668831320227945,0.2508164789342751
rosenbrock,log_improvement_movement_cost3,log_improvement_movement_cost3,41,4.093118774616978,1.0088363076571092,5.363279024636878,0.25109269601271794
rosenbrock,log_improvement_movement_cost3,log_improvement_movement_cost3,42,4.093118774616978,1.0088363076571092,5.453538375666483,0.2635158604386738
rosenbrock,log_improvement_movement_cost3,log_improvement_movement_cost3,43,4.093118774616978,1.0088363076571092,5.5536872053999105,0.2523085279297567
rosenbrock,log_improvement_movement_cost3,log_improvement_movement_cost3,44,4.093118774616978,1.0088363076571092,5.649988966921426,0.2719843150203523
rosenbrock,log_improvement_movement_cost3,log_improvement_movement_cost3,45,4.093118774616978,1.0088363076571092,5.720764375891503,0.29283203963747845
rosenbrock,log_improvement_movement_cost3,log_improvement_movement_cost3,46,4.093118774616978,1.0088363076571092,5.790900190214547,0.26126394993076363
rosenbrock,log_improvement_movement_cost3,log_improvement_movement_cost3,47,4.093118774616978,1.0088363076571092,5.904795924572409,0.25766108243839964
rosenbrock,log_improvement_movement_cost3,log_improvement_movement_cost3,48,4.093118774616978,1.0088363076571092,5.9620247464941825,0.2576623384097458
rosenbrock,log_improvement_movement_cost3,log_improvement_movement_cost3,49,4.084530041693418,1.0180634502420052,6.071222397948024,0.24284677851752842
rosenbrock,optimistic_selected,optimistic_improvement_movement_cost2,0,23.246758698775707,11.067180016196296,0.5798632597701747,0.011649705608462695
rosenbrock,optimistic_selected,optimistic_improvement_movement_cost2,1,16.630522189259846,14.020357269204244,0.7803122695426664,0.03357231915527229
rosenbrock,optimistic_selected,optimistic_improvement_movement_cost2,2,15.626734736486673,14.668712839724742,0.9004301022831259,0.027041285166123214
rosenbrock,optimistic_selected,optimistic_improvement_movement_cost2,3,15.626734736486673,14.668712839724742,1.0868654178784538,0.09489429847107587
rosenbrock,optimistic_selected,optimistic_improvement_movement_cost2,4,13.353533322984338,11.45398839393683,1.2806608649808549,0.12169445759437496
rosenbrock,optimistic_selected,optimistic_improvement_movement_cost2,5,10.983042128368497,8.10173565217052,1.3923854041026686,0.09095391277003423
rosenbrock,optimistic_selected,optimistic_improvement_movement_cost2,6,10.983042128368497,8.10173565217052,1.5067281960529486,0.06800799263600715
rosenbrock,optimistic_selected,optimistic_improvement_movement_cost2,7,9.394185258256408,6.257149496450789,1.6468051438262634,0.08787060032860278
rosenbrock,optimistic_selected,optimistic_improvement_movement_cost2,8,9.394185258256408,6.257149496450789,1.8050622682685082,0.08738190953887363
rosenbrock,optimistic_selected,optimistic_improvement_movement_cost2,9,9.394185258256408,6.257149496450789,1.9600702637041045,0.1067005641202853
rosenbrock,optimistic_selected,optimistic_improvement_movement_cost2,10,8.16352412661398,5.506542758699259,2.0527766079471714,0.10400543958822883
rosenbrock,optimistic_selected,optimistic_improvement_movement_cost2,11,8.16352412661398,5.506542758699259,2.173518262293275,0.09155382133347678
rosenbrock,optimistic_selected,optimistic_improvement_movement_cost2,12,8.16352412661398,5.506542758699259,2.2969580990704457,0.079872077898426
rosenbrock,optimistic_selected,optimistic_improvement_movement_cost2,13,8.037041867492157,5.578168104955614,2.447753929571203,0.10872412597434865
rosenbrock,optimistic_selected,optimistic_improvement_movement_cost2,14,8.037041867492157,5.578168104955614,2.5830482341254615,0.16868462081583072
rosenbrock,optimistic_selected,optimistic_improvement_movement_cost2,15,8.037041867492157,5.578168104955614,2.672215052716865,0.19640425172641163
rosenbrock,optimistic_selected,optimistic_improvement_movement_cost2,16,7.483512018749107,4.799626533599865,2.771725067478642,0.20255242480500593
rosenbrock,optimistic_selected,optimistic_improvement_movement_cost2,17,5.679701816164543,2.28290668477245,2.9135093701803423,0.14292608627469464
rosenbrock,optimistic_selected,optimistic_improvement_movement_cost2,18,5.679701816164543,2.28290668477245,3.048576024345513,0.1640300505011302
rosenbrock,optimistic_selected,optimistic_improvement_movement_cost2,19,5.641157019958071,2.3208820174697684,3.1402424711496066,0.13545014040079675
rosenbrock,optimistic_selected,optimistic_improvement_movement_cost2,20,5.641157019958071,2.3208820174697684,3.2194559490234256,0.155538762107165
rosenbrock,optimistic_selected,optimistic_improvement_movement_cost2,21,5.641157019958071,2.3208820174697684,3.3276057131405383,0.16780349660385366
rosenbrock,optimistic_selected,optimistic_improvement_movement_cost2,22,5.641157019958071,2.3208820174697684,3.4556772708771546,0.12629769869627042
rosenbrock,optimistic_selected,optimistic_improvement_movement_cost2,23,5.27263271030075,1.8214129479870176,3.5781333648484264,0.09780389829289672
rosenbrock,optimistic_selected,optimistic_improvement_movement_cost2,24,5.245808122965818,1.8501219764749508,3.6773634636979384,0.04914149374016296
rosenbrock,optimistic_selected,optimistic_improvement_movement_cost2,25,4.166476142079251,0.6564731952493126,3.780663565665718,0.04903732217108311
rosenbrock,optimistic_selected,optimistic_improvement_movement_cost2,26,4.166476142079251,0.6564731952493126,3.8759383889334043,0.11550990749242661
rosenbrock,optimistic_selected,optimistic_improvement_movement_cost2,27,4.166476142079251,0.6564731952493126,3.963369525693824,0.11637228686969821
rosenbrock,optimistic_selected,optimistic_improvement_movement_cost2,28,4.166476142079251,0.6564731952493126,4.095110872246772,0.12546829412767968
rosenbrock,optimistic_selected,optimistic_improvement_movement_cost2,29,4.166476142079251,0.6564731952493126,4.200694534414324,0.12295206326890576
rosenbrock,optimistic_selected,optimistic_improvement_movement_cost2,30,4.165542925419696,0.6560383739409692,4.381541240934182,0.14039441524927684
rosenbrock,optimistic_selected,optimistic_improvement_movement_cost2,31,4.165542925419696,0.6560383739409692,4.483161403163826,0.13861687766387418
rosenbrock,optimistic_selected,optimistic_improvement_movement_cost2,32,3.8316045695744734,0.6706858459759892,4.549247970551428,0.11507476946638512
rosenbrock,optimistic_selected,optimistic_improvement_movement_cost2,33,3.8316045695744734,0.6706858459759892,4.647455508955446,0.1253352603146248
rosenbrock,optimistic_selected,optimistic_improvement_movement_cost2,34,3.8316045695744734,0.6706858459759892,4.748980836790465,0.1222774770809257
rosenbrock,optimistic_selected,optimistic_improvement_movement_cost2,35,3.8316045695744734,0.6706858459759892,4.822953648057119,0.13051278957418627
rosenbrock,optimistic_selected,optimistic_improvement_movement_cost2,36,3.7881758800560608,0.6098459004854304,4.9401637547047335,0.17613316587594144
rosenbrock,optimistic_selected,optimistic_improvement_movement_cost2,37,3.7881758800560608,0.6098459004854304,5.014564708750448,0.20283332518232847
rosenbrock,optimistic_selected,optimistic_improvement_movement_cost2,38,3.7881758800560608,0.6098459004854304,5.146465441974159,0.21674166860672983
rosenbrock,optimistic_selected,optimistic_improvement_movement_cost2,39,3.7881758800560608,0.6098459004854304,5.258796523897252,0.19625875437007642
rosenbrock,optimistic_selected,optimistic_improvement_movement_cost2,40,3.761948512860569,0.6245419526069311,5.389925317879572,0.16902422008508203
rosenbrock,optimistic_selected,optimistic_improvement_movement_cost2,41,3.634243454429221,0.7195123627296565,5.501491401846937,0.13371489739301165
rosenbrock,optimistic_selected,optimistic_improvement_movement_cost2,42,3.634243454429221,0.7195123627296565,5.598883180122148,0.12204941323156378
rosenbrock,optimistic_selected,optimistic_improvement_movement_cost2,43,3.634243454429221,0.7195123627296565,5.69973854913923,0.09386151612796577
rosenbrock,optimistic_selected,optimistic_improvement_movement_cost2,44,3.421919177197432,0.9350487029453992,5.782770972182205,0.09704736532894989
rosenbrock,optimistic_selected,optimistic_improvement_movement_cost2,45,3.421919177197432,0.9350487029453992,5.852503517150638,0.09485476022223811
rosenbrock,optimistic_selected,optimistic_improvement_movement_cost2,46,3.421919177197432,0.9350487029453992,5.935531790721828,0.09570153334849874
rosenbrock,optimistic_selected,optimistic_improvement_movement_cost2,47,3.421919177197432,0.9350487029453992,6.049897808287841,0.061911086484756704
rosenbrock,optimistic_selected,optimistic_improvement_movement_cost2,48,3.421919177197432,0.9350487029453992,6.105695381018099,0.07262176167235102
rosenbrock,optimistic_selected,optimistic_improvement_movement_cost2,49,3.421919177197432,0.9350487029453992,6.2153581387342145,0.06422965481946213
rosenbrock,budgeted_exploration,budgeted_exploration,0,27.208936784141912,10.59024073321512,0.5903311631534894,0.02126777143606187
rosenbrock,budgeted_exploration,budgeted_exploration,1,17.496778938673867,15.474519479188368,0.8263975448739148,0.08126972501333829
rosenbrock,budgeted_exploration,budgeted_exploration,2,16.92316692035652,15.847937483685318,0.9883373741568815,0.08526215476496946
rosenbrock,budgeted_exploration,budgeted_exploration,3,14.742237696193191,14.028356241154892,1.2327524410322273,0.12815225284697718
rosenbrock,budgeted_exploration,budgeted_exploration,4,14.267500136116533,13.357227786325492,1.4585191706148073,0.08124995383682683
rosenbrock,budgeted_exploration,budgeted_exploration,5,9.808045519697584,7.0553119620060745,1.716968707230384,0.011577244121463982
rosenbrock,budgeted_exploration,budgeted_exploration,6,9.808045519697584,7.0553119620060745,1.9487004934586982,0.10106833230365418
rosenbrock,budgeted_exploration,budgeted_exploration,7,9.40691382249039,6.4888975417059935,2.0787633350296573,0.07996396799238319
rosenbrock,budgeted_exploration,budgeted_exploration,8,9.40691382249039,6.4888975417059935,2.2267083820044564,0.06912910900559718
rosenbrock,budgeted_exploration,budgeted_exploration,9,9.40691382249039,6.4888975417059935,2.3785640989428436,0.07733115352368831
rosenbrock,budgeted_exploration,budgeted_exploration,10,8.337880938402572,4.980348144711785,2.518211233053106,0.051384329676509626
rosenbrock,budgeted_exploration,budgeted_exploration,11,8.337880938402572,4.980348144711785,2.6414114814072316,0.013299576583459712
rosenbrock,budgeted_exploration,budgeted_exploration,12,8.337880938402572,4.980348144711785,2.777492083981695,0.01636191191450917
rosenbrock,budgeted_exploration,budgeted_exploration,13,8.337880938402572,4.980348144711785,2.8951587566380095,0.06979165526722739
rosenbrock,budgeted_exploration,budgeted_exploration,14,7.474645057283001,3.76413390004535,3.037767162841965,0.07291830231526433
rosenbrock,budgeted_exploration,budgeted_exploration,15,7.474645057283001,3.76413390004535,3.144432951994801,0.048579912928667264
rosenbrock,budgeted_exploration,budgeted_exploration,16,7.474645057283001,3.76413390004535,3.271608094777729,0.06459356475171482
rosenbrock,budgeted_exploration,budgeted_exploration,17,7.474645057283001,3.76413390004535,3.4126986941977386,0.09372267497115287
rosenbrock,budgeted_exploration,budgeted_exploration,18,7.474645057283001,3.76413390004535,3.6193814740265897,0.12878002392277904
rosenbrock,budgeted_exploration,budgeted_exploration,19,7.474645057283001,3.76413390004535,3.7636423526552165,0.11057234657463436
rosenbrock,budgeted_exploration,budgeted_exploration,20,7.444086363640618,3.789524776428224,3.894324562209787,0.13159703850129684
rosenbrock,budgeted_exploration,budgeted_exploration,21,6.7240363838200565,2.7794753506827936,4.091400511636547,0.13400823171613743
rosenbrock,budgeted_exploration,budgeted_exploration,22,6.7240363838200565,2.7794753506827936,4.22036541412153,0.1038399250927502
rosenbrock,budgeted_exploration,budgeted_exploration,23,6.7240363838200565,2.7794753506827936,4.367893485947369,0.04597660293852202
rosenbrock,budgeted_exploration,budgeted_exploration,24,6.359321214475678,2.2706866867659428,4.5647645476865195,0.0708515819215021
rosenbrock,budgeted_exploration,budgeted_exploration,25,6.359321214475678,2.2706866867659428,4.698280640053223,0.09174203156178215
rosenbrock,budgeted_exploration,budgeted_exploration,26,6.359321214475678,2.2706866867659428,4.826053729851337,0.11136695614993729
rosenbrock,budgeted_exploration,budgeted_exploration,27,6.359321214475678,2.2706866867659428,4.92559896799937,0.11610738047531935
rosenbrock,budgeted_exploration,budgeted_exploration,28,6.359321214475678,2.2706866867659428,5.036540214523437,0.14050796405454766
rosenbrock,budgeted_exploration,budgeted_exploration,29,6.359321214475678,2.2706866867659428,5.159308793281727,0.11651501007557455
rosenbrock,budgeted_exploration,budgeted_exploration,30,6.359321214475678,2.2706866867659428,5.31198615734158,0.14110385702825637
rosenbrock,budgeted_exploration,budgeted_exploration,31,6.359321214475678,2.2706866867659428,5.4801959656670585,0.1662477163441799
rosenbrock,budgeted_exploration,budgeted_exploration,32,5.752344261583043,1.4350529295449583,5.627999932605108,0.22164883994328813
rosenbrock,budgeted_exploration,budgeted_exploration,33,5.752344261583043,1.4350529295449583,5.791197944933988,0.26519314750083006
rosenbrock,budgeted_exploration,budgeted_exploration,34,5.752344261583043,1.4350529295449583,5.966251426163225,0.30734734093702143
rosenbrock,budgeted_exploration,budgeted_exploration,35,5.752344261583043,1.4350529295449583,6.136810149813287,0.3179553417451937
rosenbrock,budgeted_exploration,budgeted_exploration,36,5.618332835064933,1.5783374767126828,6.297100777511005,0.32617441401453634
rosenbrock,budgeted_exploration,budgeted_exploration,37,5.618332835064933,1.5783374767126828,6.445726138048936,0.3440473022204122
rosenbrock,budgeted_exploration,budgeted_exploration,38,5.597174347523322,1.5830772714896353,6.595456310511184,0.3795676776263939
rosenbrock,budgeted_exploration,budgeted_exploration,39,5.597174347523322,1.5830772714896353,6.751645171032737,0.36936791584593565
rosenbrock,budgeted_exploration,budgeted_exploration,40,5.597174347523322,1.5830772714896353,6.892223387032463,0.38521252070192147
rosenbrock,budgeted_exploration,budgeted_exploration,41,5.1154751381824495,0.9736354386061903,7.121814364719612,0.38496848815856566
rosenbrock,budgeted_exploration,budgeted_exploration,42,5.1154751381824495,0.9736354386061903,7.280990081644529,0.4142456009033137
rosenbrock,budgeted_exploration,budgeted_exploration,43,5.1154751381824495,0.9736354386061903,7.505246426378051,0.42513589427080173
rosenbrock,budgeted_exploration,budgeted_exploration,44,5.1154751381824495,0.9736354386061903,7.65415466313037,0.4720508311777114
rosenbrock,budgeted_exploration,budgeted_exploration,45,5.1154751381824495,0.9736354386061903,7.8014907782825915,0.502037502218123
rosenbrock,budgeted_exploration,budgeted_exploration,46,5.1154751381824495,0.9736354386061903,7.945573586825604,0.48081781660816686
rosenbrock,budgeted_exploration,budgeted_exploration,47,4.280285885041083,0.6678735179159011,8.050314641369305,0.49137162938983175
rosenbrock,budgeted_exploration,budgeted_exploration,48,4.280285885041083,0.6678735179159011,8.176892747060565,0.4723087927192489
rosenbrock,budgeted_exploration,budgeted_exploration,49,4.280285885041083,0.6678735179159011,8.343299209294964,0.4849690187758708
rosenbrock,lookahead_budgeted_exploration,lookahead_budgeted_exploration,0,22.541018880406273,16.0427783889323,0.5583210218107846,0.04571441464469114
rosenbrock,lookahead_budgeted_exploration,lookahead_budgeted_exploration,1,17.978019004713378,12.799832684260751,0.7100359028606563,0.029020538967046382
rosenbrock,lookahead_budgeted_exploration,lookahead_budgeted_exploration,2,15.88083228169649,13.57916933660173,0.8358014997844262,0.08411436045031825
rosenbrock,lookahead_budgeted_exploration,lookahead_budgeted_exploration,3,15.563560002318582,13.749038196640727,1.0187949704555175,0.17169010573654447
rosenbrock,lookahead_budgeted_exploration,lookahead_budgeted_exploration,4,14.935858545586711,14.12114270446632,1.1819726403222879,0.19923435637577203
rosenbrock,lookahead_budgeted_exploration,lookahead_budgeted_exploration,5,14.128425099024156,12.981671583560933,1.2857632958032756,0.2091200359919731
rosenbrock,lookahead_budgeted_exploration,lookahead_budgeted_exploration,6,11.227764418726565,8.89328956633956,1.41786111854311,0.23409515364301042
rosenbrock,lookahead_budgeted_exploration,lookahead_budgeted_exploration,7,10.768922819081746,8.247820895813735,1.603731800552539,0.3085778545998902
rosenbrock,lookahead_budgeted_exploration,lookahead_budgeted_exploration,8,10.768922819081746,8.247820895813735,1.7073982208909984,0.3178150249252063
rosenbrock,lookahead_budgeted_exploration,lookahead_budgeted_exploration,9,10.628244883798184,8.33034018157513,1.8373841817996481,0.31843617178979905
rosenbrock,lookahead_budgeted_exploration,lookahead_budgeted_exploration,10,10.154510709648786,7.663009276594391,1.9940791170813992,0.31997407070664924
rosenbrock,lookahead_budgeted_exploration,lookahead_budgeted_exploration,11,10.154510709648786,7.663009276594391,2.1502772818058404,0.30471805786351325
rosenbrock,lookahead_budgeted_exploration,lookahead_budgeted_exploration,12,9.223080954326955,6.352555253302355,2.3150774638692124,0.2982555836929921
rosenbrock,lookahead_budgeted_exploration,lookahead_budgeted_exploration,13,9.223080954326955,6.352555253302355,2.4481740251956183,0.3037806860793175
rosenbrock,lookahead_budgeted_exploration,lookahead_budgeted_exploration,14,9.223080954326955,6.352555253302355,2.556236759067619,0.3228894124115998
rosenbrock,lookahead_budgeted_exploration,lookahead_budgeted_exploration,15,9.154738807393988,6.4103715030588555,2.660677763534181,0.32661434461960986
rosenbrock,lookahead_budgeted_exploration,lookahead_budgeted_exploration,16,9.154738807393988,6.4103715030588555,2.818546240216327,0.3352484958346084
rosenbrock,lookahead_budgeted_exploration,lookahead_budgeted_exploration,17,8.215414713799728,5.094756111559357,3.028641380940897,0.4122671674320642
rosenbrock,lookahead_budgeted_exploration,lookahead_budgeted_exploration,18,8.142810604710615,5.1325611221142635,3.1794202978728734,0.4057295161491029
rosenbrock,lookahead_budgeted_exploration,lookahead_budgeted_exploration,19,6.876047703198378,3.3668570930538837,3.343766583409039,0.41617699694117655
rosenbrock,lookahead_budgeted_exploration,lookahead_budgeted_exploration,20,6.729045632334788,3.163831908293423,3.4962969872115592,0.3411005524582111
rosenbrock,lookahead_budgeted_exploration,lookahead_budgeted_exploration,21,6.729045632334788,3.163831908293423,3.6352772353496636,0.2974017351675264
rosenbrock,lookahead_budgeted_exploration,lookahead_budgeted_exploration,22,6.729045632334788,3.163831908293423,3.7620676324932654,0.27130273385032333
rosenbrock,lookahead_budgeted_exploration,lookahead_budgeted_exploration,23,6.729045632334788,3.163831908293423,3.9431454154872596,0.24299816844302677
rosenbrock,lookahead_budgeted_exploration,lookahead_budgeted_exploration,24,6.729045632334788,3.163831908293423,4.1324804364311785,0.26457940610568564
rosenbrock,lookahead_budgeted_exploration,lookahead_budgeted_exploration,25,5.815447958994487,1.92548801606782,4.288510910921251,0.19196403082842164
rosenbrock,lookahead_budgeted_exploration,lookahead_budgeted_exploration,26,5.815447958994487,1.92548801606782,4.413737548249453,0.17090187028893022
rosenbrock,lookahead_budgeted_exploration,lookahead_budgeted_exploration,27,5.815447958994487,1.92548801606782,4.5289900431350345,0.15244645953117222
rosenbrock,lookahead_budgeted_exploration,lookahead_budgeted_exploration,28,5.815447958994487,1.92548801606782,4.7040862278971955,0.11505814395039277
rosenbrock,lookahead_budgeted_exploration,lookahead_budgeted_exploration,29,5.3682342529142515,1.3563217491845587,4.875676859831883,0.10506015912667634
rosenbrock,lookahead_budgeted_exploration,lookahead_budgeted_exploration,30,5.3682342529142515,1.3563217491845587,5.014684112132188,0.09694668217205467
rosenbrock,lookahead_budgeted_exploration,lookahead_budgeted_exploration,31,5.3682342529142515,1.3563217491845587,5.186154601293552,0.05369076100548739
rosenbrock,lookahead_budgeted_exploration,lookahead_budgeted_exploration,32,5.3682342529142515,1.3563217491845587,5.288282442077194,0.09325785874507923
rosenbrock,lookahead_budgeted_exploration,lookahead_budgeted_exploration,33,5.3682342529142515,1.3563217491845587,5.450975596455145,0.09596774720470215
rosenbrock,lookahead_budgeted_exploration,lookahead_budgeted_exploration,34,5.3682342529142515,1.3563217491845587,5.666275104645281,0.09485482564084116
rosenbrock,lookahead_budgeted_exploration,lookahead_budgeted_exploration,35,5.262010729112722,1.2302506829951554,5.834999985430852,0.10342703388154605
rosenbrock,lookahead_budgeted_exploration,lookahead_budgeted_exploration,36,5.262010729112722,1.2302506829951554,5.989278726267414,0.0992003126721488
rosenbrock,lookahead_budgeted_exploration,lookahead_budgeted_exploration,37,5.262010729112722,1.2302506829951554,6.172572761046397,0.14739185771249366
rosenbrock,lookahead_budgeted_exploration,lookahead_budgeted_exploration,38,5.262010729112722,1.2302506829951554,6.372064318396878,0.1396143735905142
rosenbrock,lookahead_budgeted_exploration,lookahead_budgeted_exploration,39,5.262010729112722,1.2302506829951554,6.5212341996646925,0.11053029807659472
rosenbrock,lookahead_budgeted_exploration,lookahead_budgeted_exploration,40,5.262010729112722,1.2302506829951554,6.73937217138642,0.1368353159422007
rosenbrock,lookahead_budgeted_exploration,lookahead_budgeted_exploration,41,5.262010729112722,1.2302506829951554,6.939963445985517,0.19936555707494444
rosenbrock,lookahead_budgeted_exploration,lookahead_budgeted_exploration,42,5.262010729112722,1.2302506829951554,7.12625947828985,0.24396453249845199
rosenbrock,lookahead_budgeted_exploration,lookahead_budgeted_exploration,43,5.262010729112722,1.2302506829951554,7.364816155672372,0.2419273465096204
rosenbrock,lookahead_budgeted_exploration,lookahead_budgeted_exploration,44,5.262010729112722,1.2302506829951554,7.499053363050699,0.24115538432172134
rosenbrock,lookahead_budgeted_exploration,lookahead_budgeted_exploration,45,5.262010729112722,1.2302506829951554,7.708785392348484,0.2941931230281172
rosenbrock,lookahead_budgeted_exploration,lookahead_budgeted_exploration,46,5.262010729112722,1.2302506829951554,7.919302809510519,0.3471495570583278
rosenbrock,lookahead_budgeted_exploration,lookahead_budgeted_exploration,47,5.262010729112722,1.2302506829951554,8.075672118924809,0.3110772025261201
rosenbrock,lookahead_budgeted_exploration,lookahead_budgeted_exploration,48,5.262010729112722,1.2302506829951554,8.24030402033271,0.2881699714513554
rosenbrock,lookahead_budgeted_exploration,lookahead_budgeted_exploration,49,5.262010729112722,1.2302506829951554,8.38374957948179,0.3027230870289886
sphere,pure_bo,pure_bo,0,0.08188548229509379,0.028280728312709065,0.5100952497997406,0.04182946741299881
sphere,pure_bo,pure_bo,1,0.0665106384139152,0.03014670841648071,0.6721552893205048,0.056009161298460994
sphere,pure_bo,pure_bo,2,0.06497681923155767,0.031170019970982288,0.8833989292413428,0.12792311001050882
sphere,pure_bo,pure_bo,3,0.028126870553238283,0.005135114714364721,1.0298954066820822,0.16726561840713353
sphere,pure_bo,pure_bo,4,0.028126870553238283,0.005135114714364721,1.731517624555037,0.3866903879485484
sphere,pure_bo,pure_bo,5,0.018049391216203293,0.010506667884596458,2.735106067962908,0.43385992957633485
sphere,pure_bo,pure_bo,6,0.018049391216203293,0.010506667884596458,4.057636009893854,0.28382255448029337
sphere,pure_bo,pure_bo,7,0.018049391216203293,0.010506667884596458,5.402667948104447,0.22056228694966015
sphere,pure_bo,pure_bo,8,0.018049391216203293,0.010506667884596458,6.831318483331934,0.18620318421727577
sphere,pure_bo,pure_bo,9,0.018049391216203293,0.010506667884596458,8.279893643121293,0.1962326728444517
sphere,pure_bo,pure_bo,10,0.018049391216203293,0.010506667884596458,9.827498841523978,0.3354699961417838
sphere,pure_bo,pure_bo,11,0.018049391216203293,0.010506667884596458,11.111207586757025,0.43219546453707436
sphere,pure_bo,pure_bo,12,0.018049391216203293,0.010506667884596458,12.513529036546869,0.336699670850612
sphere,pure_bo,pure_bo,13,0.018049391216203293,0.010506667884596458,13.942973979404691,0.8055958616360546
sphere,pure_bo,pure_bo,14,0.018049391216203293,0.010506667884596458,15.471259534361897,0.949815903595723
sphere,pure_bo,pure_bo,15,0.018049391216203293,0.010506667884596458,16.8779569759428,0.9942636226262616
sphere,pure_bo,pure_bo,16,0.018049391216203293,0.010506667884596458,18.211400212767582,0.9782483801283273
sphere,pure_bo,pure_bo,17,0.018049391216203293,0.010506667884596458,19.50663391523474,1.0854945251453734
sphere,pure_bo,pure_bo,18,0.018049391216203293,0.010506667884596458,20.48822805694843,1.437624284228547
sphere,pure_bo,pure_bo,19,0.018049391216203293,0.010506667884596458,21.541010422044394,1.7321996478258597
sphere,pure_bo,pure_bo,20,0.018049391216203293,0.010506667884596458,22.635097180099383,1.9742640954214978
sphere,pure_bo,pure_bo,21,0.018049391216203293,0.010506667884596458,23.5860636967917,2.001095032340471
sphere,pure_bo,pure_bo,22,0.018049391216203293,0.010506667884596458,24.553415651510566,1.9936074545077311
sphere,pure_bo,pure_bo,23,0.018049391216203293,0.010506667884596458,25.87646412073275,2.353939993677171
sphere,pure_bo,pure_bo,24,0.018049391216203293,0.010506667884596458,26.686406789026197,2.614787707564133
sphere,pure_bo,pure_bo,25,0.018049391216203293,0.010506667884596458,27.417667862415048,2.620475459449501
sphere,pure_bo,pure_bo,26,0.018049391216203293,0.010506667884596458,28.315549703427717,2.71222134797088
sphere,pure_bo,pure_bo,27,0.018049391216203293,0.010506667884596458,29.278825307604237,2.7935924205045444
sphere,pure_bo,pure_bo,28,0.018049391216203293,0.010506667884596458,30.15376273184236,2.701428071486169
sphere,pure_bo,pure_bo,29,0.018049391216203293,0.010506667884596458,30.829879869571155,2.6873670625668806
sphere,pure_bo,pure_bo,30,0.018049391216203293,0.010506667884596458,31.484315507735136,2.649680346832115
sphere,pure_bo,pure_bo,31,0.018049391216203293,0.010506667884596458,32.22774171788067,2.7381975041198485
sphere,pure_bo,pure_bo,32,0.018049391216203293,0.010506667884596458,33.02351252287059,2.679826519723991
sphere,pure_bo,pure_bo,33,0.018049391216203293,0.010506667884596458,33.816051383905794,2.884078143110525
sphere,pure_bo,pure_bo,34,0.018049391216203293,0.010506667884596458,34.60603293360726,2.6727538798610957
sphere,pure_bo,pure_bo,35,0.018049391216203293,0.010506667884596458,35.64168021359904,2.6184033547212113
sphere,pure_bo,pure_bo,36,0.018049391216203293,0.010506667884596458,36.601704028456496,2.625105906976471
sphere,pure_bo,pure_bo,37,0.01360278191608071,0.010913497443371898,37.33869572822584,2.5629439548697164
sphere,pure_bo,pure_bo,38,0.01360278191608071,0.010913497443371898,38.30004231358976,2.277565597723915
sphere,pure_bo,pure_bo,39,0.01360278191608071,0.010913497443371898,39.369858266386565,2.2951747600463963
sphere,pure_bo,pure_bo,40,0.01360278191608071,0.010913497443371898,40.27052190366447,2.149943438999009
sphere,pure_bo,pure_bo,41,0.01360278191608071,0.010913497443371898,40.664176495027846,2.1961946562057797
sphere,pure_bo,pure_bo,42,0.01360278191608071,0.010913497443371898,40.96684775955523,2.6061689394407526
sphere,pure_bo,pure_bo,43,0.01360278191608071,0.010913497443371898,41.22599001097068,2.9612479769630053
sphere,pure_bo,pure_bo,44,0.01360278191608071,0.010913497443371898,41.5660250408609,3.4308071501337722
sphere,pure_bo,pure_bo,45,0.01360278191608071,0.010913497443371898,41.82122788588183,3.7850885293452454
sphere,pure_bo,pure_bo,46,0.01360278191608071,0.010913497443371898,42.076229804433105,4.140235051772358
sphere,pure_bo,pure_bo,47,0.01360278191608071,0.010913497443371898,42.30138543281351,4.454546152070894
sphere,pure_bo,pure_bo,48,0.01360278191608071,0.010913497443371898,42.680246138926435,4.984602132110895
sphere,pure_bo,pure_bo,49,0.01360278191608071,0.010913497443371898,42.93357400592192,5.339666339468183
sphere,earlbo,earlbo,0,0.2256749901331886,0.14681425835437711,0.5670496437385069,0.03986104062385668
sphere,earlbo,earlbo,1,0.11676760145011765,0.12440153433891044,0.7071223742663083,0.10455060943050914
sphere,earlbo,earlbo,2,0.0855215013332688,0.08748904723006332,0.8037034028577449,0.06770458583913441
sphere,earlbo,earlbo,3,0.0855215013332688,0.08748904723006332,0.9000358863235786,0.019769963052870484
sphere,earlbo,earlbo,4,0.025101645241274815,0.0020508696641436596,1.014913671733457,0.09545534400619049
sphere,earlbo,earlbo,5,0.02216852683733642,0.005341872964496621,1.0999965103901002,0.10323330953648706
sphere,earlbo,earlbo,6,0.015971548908846066,0.005761207343099349,1.218790634086074,0.11406405697910887
sphere,earlbo,earlbo,7,0.015193192095219183,0.005981520231922151,1.3257839113851535,0.11647522531015134
sphere,earlbo,earlbo,8,0.008041370655719972,0.004291809092641434,1.3904653284285526,0.12224298500848996
sphere,earlbo,earlbo,9,0.008041370655719972,0.004291809092641434,1.5702645985656905,0.038467219335822436
sphere,earlbo,earlbo,10,0.005614749523371467,0.00485881976032925,1.7560613192994179,0.10801217674058806
sphere,earlbo,earlbo,11,0.005614749523371467,0.00485881976032925,1.8666040140676816,0.11556739233198347
sphere,earlbo,earlbo,12,0.003621020898146358,0.002039605118159225,2.023451501653686,0.18113831636417083
sphere,earlbo,earlbo,13,0.0031065605915710846,0.002472026120456925,2.2500546726247816,0.18349299258687285
sphere,earlbo,earlbo,14,0.0031065605915710846,0.002472026120456925,2.461331901417798,0.13947769511644442
sphere,earlbo,earlbo,15,0.002996705639421081,0.002520320529098545,2.60741983227471,0.18287673760379689
sphere,earlbo,earlbo,16,0.002996705639421081,0.002520320529098545,2.710159529504002,0.24441712973641622
sphere,earlbo,earlbo,17,0.002996705639421081,0.002520320529098545,2.935062485129745,0.2702881600361489
sphere,earlbo,earlbo,18,0.0027248919680307264,0.0021430777217078785,3.1697222184522196,0.25540950638915305
sphere,earlbo,earlbo,19,0.0027248919680307264,0.0021430777217078785,3.3501356561595714,0.27716703096856427
sphere,earlbo,earlbo,20,0.0017268072843935553,0.0008172557375433571,3.605316810903227,0.34697114720069405
sphere,earlbo,earlbo,21,0.0017268072843935553,0.0008172557375433571,3.8218493030876473,0.42639829082800706
sphere,earlbo,earlbo,22,0.0017268072843935553,0.0008172557375433571,4.062985329490282,0.5162188019805072
sphere,earlbo,earlbo,23,0.0017268072843935553,0.0008172557375433571,4.249368312188605,0.5732105664323693
sphere,earlbo,earlbo,24,0.0017268072843935553,0.0008172557375433571,4.404952904244429,0.5069826849177325
sphere,earlbo,earlbo,25,0.0017268072843935553,0.0008172557375433571,4.583325104439511,0.50873035015401
sphere,earlbo,earlbo,26,0.0017268072843935553,0.0008172557375433571,4.764025785695015,0.4911129656178006
sphere,earlbo,earlbo,27,0.0017268072843935553,0.0008172557375433571,4.966115983454905,0.5214624526582399
sphere,earlbo,earlbo,28,0.0017268072843935553,0.0008172557375433571,5.125742773763984,0.5548134437746436
sphere,earlbo,earlbo,29,0.0017268072843935553,0.0008172557375433571,5.362631557462677,0.5956762847571985
sphere,earlbo,earlbo,30,0.0017268072843935553,0.0008172557375433571,5.585578522399419,0.6432304034718438
sphere,earlbo,earlbo,31,0.0017268072843935553,0.0008172557375433571,5.766548902647425,0.6684367229550029
sphere,earlbo,earlbo,32,0.0017268072843935553,0.0008172557375433571,6.01587031619399,0.6848611252419229
sphere,earlbo,earlbo,33,0.0017268072843935553,0.0008172557375433571,6.196852180816644,0.700952281618052
sphere,earlbo,earlbo,34,0.0017268072843935553,0.0008172557375433571,6.399343984698583,0.7241600135031507
sphere,earlbo,earlbo,35,0.0017268072843935553,0.0008172557375433571,6.595110085144081,0.6978365552108676
sphere,earlbo,earlbo,36,0.0012989944597838591,0.00045343939214264597,6.819090925510501,0.7452356635484815
sphere,earlbo,earlbo,37,0.0012989944597838591,0.00045343939214264597,6.959300969763059,0.7734940604555377
sphere,earlbo,earlbo,38,0.0012989944597838591,0.00045343939214264597,7.148654302080696,0.7434784038362635
sphere,earlbo,earlbo,39,0.0012989944597838591,0.00045343939214264597,7.3457551134571375,0.6843819473191836
sphere,earlbo,earlbo,40,0.0012989944597838591,0.00045343939214264597,7.628021384025705,0.68661115565346
sphere,earlbo,earlbo,41,0.0012989944597838591,0.00045343939214264597,7.863609216483781,0.6741520248021655
sphere,earlbo,earlbo,42,0.0012989944597838591,0.00045343939214264597,8.017992271346722,0.6748196868511264
sphere,earlbo,earlbo,43,0.0012989944597838591,0.00045343939214264597,8.237190347906042,0.6924427986381831
sphere,earlbo,earlbo,44,0.0012989944597838591,0.00045343939214264597,8.404900446118521,0.6695719658829677
sphere,earlbo,earlbo,45,0.0012989944597838591,0.00045343939214264597,8.608802725486301,0.664165178443447
sphere,earlbo,earlbo,46,0.0012989944597838591,0.00045343939214264597,8.820577544115922,0.6191599696010249
sphere,earlbo,earlbo,47,0.0012989944597838591,0.00045343939214264597,9.051931805653902,0.5583793829311199
sphere,earlbo,earlbo,48,0.0012989944597838591,0.00045343939214264597,9.250368559565542,0.5157418280496072
sphere,earlbo,earlbo,49,0.0012989944597838591,0.00045343939214264597,9.447023351841025,0.48142325608719216
sphere,snake,snake,0,0.15978713680381876,0.08273479838840245,0.5381422113536144,0.032517774109934026
sphere,snake,snake,1,0.11067879217567024,0.114000913493134,0.845024145386343,0.2590968220431242
sphere,snake,snake,2,0.06779377067839387,0.06370234741654147,1.1122786796804738,0.5788982146634413
sphere,snake,snake,3,0.017048747386621665,0.00544307060046994,1.209983801577722,0.6183315568754365
sphere,snake,snake,4,0.008193121506930606,0.0008917498846658921,1.2845622453700454,0.6146781903645173
sphere,snake,snake,5,0.007156873332753754,0.0022346752613415415,1.3312422321548976,0.6026240811860208
sphere,snake,snake,6,0.007105835792164418,0.0022162599072447675,1.4803584354227397,0.5312382699738452
sphere,snake,snake,7,0.006292332406457577,0.0022387378861976857,1.635788731708485,0.45632617991876145
sphere,snake,snake,8,0.006292332406457577,0.0022387378861976857,1.7921668033357518,0.4403685383662925
sphere,snake,snake,9,0.0061833877634959135,0.0023482990035865576,1.901951586846127,0.4552640979094606
sphere,snake,snake,10,0.003595563262850385,0.0008040773553801471,1.9812505550290958,0.44965012299861185
sphere,snake,snake,11,0.003595563262850385,0.0008040773553801471,2.1281413840759176,0.45561151605496913
sphere,snake,snake,12,0.003595563262850385,0.0008040773553801471,2.3546067790060055,0.46041072783659315
sphere,snake,snake,13,0.003595563262850385,0.0008040773553801471,2.5847395238332758,0.5197547522337612
sphere,snake,snake,14,0.003595563262850385,0.0008040773553801471,2.7869160207101156,0.5450999695497669
sphere,snake,snake,15,0.003595563262850385,0.0008040773553801471,2.931593963281518,0.5381004943387786
sphere,snake,snake,16,0.00289831968580986,0.0017901012132649846,3.1018727399725314,0.6081060122548008
sphere,snake,snake,17,0.00289831968580986,0.0017901012132649846,3.3189162375243035,0.6195529091190728
sphere,snake,snake,18,0.00289831968580986,0.0017901012132649846,3.5451251268137836,0.5879795029811077
sphere,snake,snake,19,0.00289831968580986,0.0017901012132649846,3.811458783345339,0.5553890096730763
sphere,snake,snake,20,0.0027961792607079463,0.0017230769100099045,4.011950613232989,0.5093439876285992
sphere,snake,snake,21,0.0027961792607079463,0.0017230769100099045,4.258547629389015,0.5319512204420924
sphere,snake,snake,22,0.0027961792607079463,0.0017230769100099045,4.553561769330387,0.5974771435237524
sphere,snake,snake,23,0.0027961792607079463,0.0017230769100099045,4.829559180809771,0.6121048044466827
sphere,snake,snake,24,0.0027961792607079463,0.0017230769100099045,5.045657964763961,0.5882716842622829
sphere,snake,snake,25,0.0027961792607079463,0.0017230769100099045,5.2794722545503205,0.5883905612283317
sphere,snake,snake,26,0.0027961792607079463,0.0017230769100099045,5.5594584617037635,0.5527516805661367
sphere,snake,snake,27,0.0027961792607079463,0.0017230769100099045,5.772889095722891,0.4955498225898928
sphere,snake,snake,28,0.0027961792607079463,0.0017230769100099045,5.974196722071824,0.4789409504534792
sphere,snake,snake,29,0.0027961792607079463,0.0017230769100099045,6.207060988471784,0.5168893198313688
sphere,snake,snake,30,0.0027961792607079463,0.0017230769100099045,6.443169981202782,0.47885143222598675
sphere,snake,snake,31,0.0027961792607079463,0.0017230769100099045,6.646195702062201,0.4464723366337095
sphere,snake,snake,32,0.0027961792607079463,0.0017230769100099045,6.88851111092444,0.4346536210355299
sphere,snake,snake,33,0.0027961792607079463,0.0017230769100099045,7.10723514901217,0.4348726853703397
sphere,snake,snake,34,0.0027961792607079463,0.0017230769100099045,7.29974492801887,0.4453547751183637
sphere,snake,snake,35,0.0027961792607079463,0.0017230769100099045,7.479850316528084,0.432208509930882
sphere,snake,snake,36,0.0027961792607079463,0.0017230769100099045,7.6458870375948065,0.4247996690999322
sphere,snake,snake,37,0.0027961792607079463,0.0017230769100099045,7.882994153347788,0.46791375734425267
sphere,snake,snake,38,0.0027961792607079463,0.0017230769100099045,8.055940293968973,0.4671400572432976
sphere,snake,snake,39,0.0027961792607079463,0.0017230769100099045,8.257406999176167,0.47879206303838046
sphere,snake,snake,40,0.0027961792607079463,0.0017230769100099045,8.410404008220409,0.48078441950935447
sphere,snake,snake,41,0.0027961792607079463,0.0017230769100099045,8.59932476827001,0.43171518238646733
sphere,snake,snake,42,0.0027961792607079463,0.0017230769100099045,8.768712478308132,0.4075166855585945
sphere,snake,snake,43,0.0027961792607079463,0.0017230769100099045,8.962381872266754,0.3700400696921104
sphere,snake,snake,44,0.0027961792607079463,0.0017230769100099045,9.164699503731784,0.3283279504442857
sphere,snake,snake,45,0.0027961792607079463,0.0017230769100099045,9.37608664569512,0.2956187755703085
sphere,snake,snake,46,0.0027961792607079463,0.0017230769100099045,9.550141476802702,0.28293424115609245
sphere,snake,snake,47,0.0027961792607079463,0.0017230769100099045,9.728291781118132,0.21193463495502937
sphere,snake,snake,48,0.0027961792607079463,0.0017230769100099045,9.894113279088314,0.19149976045387684
sphere,snake,snake,49,0.0027961792607079463,0.0017230769100099045,10.072115123129437,0.20849692229049627
sphere,log_improvement_movement_cost3,log_improvement_movement_cost3,0,0.1592649885225408,0.07780486077287034,0.5356199266109051,0.032112917561333436
sphere,log_improvement_movement_cost3,log_improvement_movement_cost3,1,0.10980583460569658,0.10789387651475849,0.6679080948463098,0.023223580027824868
sphere,log_improvement_movement_cost3,log_improvement_movement_cost3,2,0.08812648733191399,0.09344683968921574,0.7735547141605067,0.10155139881171832
sphere,log_improvement_movement_cost3,log_improvement_movement_cost3,3,0.034786036990313116,0.030331866979016426,0.853143924899312,0.13354030325059404
sphere,log_improvement_movement_cost3,log_improvement_movement_cost3,4,0.013528875934029521,0.002769618811770195,0.9215115085713684,0.1706729633396002
sphere,log_improvement_movement_cost3,log_improvement_movement_cost3,5,0.006126313746166462,0.0032010415844427285,0.9620352521604613,0.16804103189027625
sphere,log_improvement_movement_cost3,log_improvement_movement_cost3,6,0.004466003207056246,0.0015070534567803648,0.9921919815848769,0.16854770176285844
sphere,log_improvement_movement_cost3,log_improvement_movement_cost3,7,0.004466003207056246,0.0015070534567803648,1.0366159034359999,0.1789116888760075
sphere,log_improvement_movement_cost3,log_improvement_movement_cost3,8,0.003203976547637269,0.001650750501094776,1.0851249682896187,0.17995137869819539
sphere,log_improvement_movement_cost3,log_improvement_movement_cost3,9,0.002720551248550781,0.001776958151895353,1.116635686817603,0.1831856295537117
sphere,log_improvement_movement_cost3,log_improvement_movement_cost3,10,0.002720551248550781,0.001776958151895353,1.146635973028778,0.18910638506523292
sphere,log_improvement_movement_cost3,log_improvement_movement_cost3,11,0.002720551248550781,0.001776958151895353,1.1712066144175175,0.1762602057630662
sphere,log_improvement_movement_cost3,log_improvement_movement_cost3,12,0.002720551248550781,0.001776958151895353,1.2078419040005004,0.17624351401550356
sphere,log_improvement_movement_cost3,log_improvement_movement_cost3,13,0.0022903949889548562,0.0020804999612118974,1.2395390107668958,0.17197746760891344
sphere,log_improvement_movement_cost3,log_improvement_movement_cost3,14,0.002155099307254951,0.0018909651920063105,1.2855183118658455,0.16168903092935538
sphere,log_improvement_movement_cost3,log_improvement_movement_cost3,15,0.002155099307254951,0.0018909651920063105,1.321947012213826,0.16155867287519912
sphere,log_improvement_movement_cost3,log_improvement_movement_cost3,16,0.0014775121213924172,0.0009526410339222368,1.363734628728616,0.16379401458046278
sphere,log_improvement_movement_cost3,log_improvement_movement_cost3,17,0.0014775121213924172,0.0009526410339222368,1.4179902339576191,0.16992943359088267
sphere,log_improvement_movement_cost3,log_improvement_movement_cost3,18,0.0014775121213924172,0.0009526410339222368,1.4562400630960148,0.16916617598969214
sphere,log_improvement_movement_cost3,log_improvement_movement_cost3,19,0.0014775121213924172,0.0009526410339222368,1.4950513511641332,0.16240262346331488
sphere,log_improvement_movement_cost3,log_improvement_movement_cost3,20,0.0014775121213924172,0.0009526410339222368,1.5345411905896535,0.16776527267075525
sphere,log_improvement_movement_cost3,log_improvement_movement_cost3,21,0.0014775121213924172,0.0009526410339222368,1.5812515890955565,0.17009403756066643
sphere,log_improvement_movement_cost3,log_improvement_movement_cost3,22,0.0014775121213924172,0.0009526410339222368,1.621387309527344,0.17164656951650392
sphere,log_improvement_movement_cost3,log_improvement_movement_cost3,23,0.0014775121213924172,0.0009526410339222368,1.6722255073974654,0.17668993988432105
sphere,log_improvement_movement_cost3,log_improvement_movement_cost3,24,0.0009295220277225529,0.0003046973883604369,1.7159945810970967,0.1723765429621988
sphere,log_improvement_movement_cost3,log_improvement_movement_cost3,25,0.0009295220277225529,0.0003046973883604369,1.7644418048155959,0.17075804861405672
sphere,log_improvement_movement_cost3,log_improvement_movement_cost3,26,0.0009295220277225529,0.0003046973883604369,1.7903999695229758,0.16828982548921304
sphere,log_improvement_movement_cost3,log_improvement_movement_cost3,27,0.0009295220277225529,0.0003046973883604369,1.8187676905985546,0.1643618205673044
sphere,log_improvement_movement_cost3,log_improvement_movement_cost3,28,0.0008957068560979833,0.000281491696834551,1.863579966084347,0.16140259737470763
sphere,log_improvement_movement_cost3,log_improvement_movement_cost3,29,0.0008957068560979833,0.000281491696834551,1.9074431290532594,0.15086269152290163
sphere,log_improvement_movement_cost3,log_improvement_movement_cost3,30,0.0008957068560979833,0.000281491696834551,1.970909739415621,0.13317017036350046
sphere,log_improvement_movement_cost3,log_improvement_movement_cost3,31,0.0008957068560979833,0.000281491696834551,2.017044511595457,0.14558798620467372
sphere,log_improvement_movement_cost3,log_improvement_movement_cost3,32,0.0008957068560979833,0.000281491696834551,2.0851935024464985,0.15057244844329234
sphere,log_improvement_movement_cost3,log_improvement_movement_cost3,33,0.0008957068560979833,0.000281491696834551,2.1314653072918968,0.15690696565661316
sphere,log_improvement_movement_cost3,log_improvement_movement_cost3,34,0.0008957068560979833,0.000281491696834551,2.1803134173379735,0.1601722979731697
sphere,log_improvement_movement_cost3,log_improvement_movement_cost3,35,0.0008957068560979833,0.000281491696834551,2.219324216542457,0.17080400011365943
sphere,log_improvement_movement_cost3,log_improvement_movement_cost3,36,0.0008957068560979833,0.000281491696834551,2.2629379507746763,0.18944361249215688
sphere,log_improvement_movement_cost3,log_improvement_movement_cost3,37,0.0008957068560979833,0.000281491696834551,2.307621193025993,0.1943098431661532
sphere,log_improvement_movement_cost3,log_improvement_movement_cost3,38,0.0008957068560979833,0.000281491696834551,2.3471617597269554,0.19937784167016573
sphere,log_improvement_movement_cost3,log_improvement_movement_cost3,39,0.0008957068560979833,0.000281491696834551,2.374121438270309,0.20105549736625336
sphere,log_improvement_movement_cost3,log_improvement_movement_cost3,40,0.0008957068560979833,0.000281491696834551,2.4150099259228113,0.19012795083740214
sphere,log_improvement_movement_cost3,log_improvement_movement_cost3,41,0.0008957068560979833,0.000281491696834551,2.4465371334050383,0.16856323251928135
sphere,log_improvement_movement_cost3,log_improvement_movement_cost3,42,0.0008957068560979833,0.000281491696834551,2.496102538836768,0.1411154371642254
sphere,log_improvement_movement_cost3,log_improvement_movement_cost3,43,0.0008957068560979833,0.000281491696834551,2.5401987230077197,0.13101409183865198
sphere,log_improvement_movement_cost3,log_improvement_movement_cost3,44,0.0008957068560979833,0.000281491696834551,2.594217461112016,0.1434169340877472
sphere,log_improvement_movement_cost3,log_improvement_movement_cost3,45,0.0008957068560979833,0.000281491696834551,2.640660677129372,0.14092556651512875
sphere,log_improvement_movement_cost3,log_improvement_movement_cost3,46,0.0008957068560979833,0.000281491696834551,2.6754943520159973,0.13103293886359732
sphere,log_improvement_movement_cost3,log_improvement_movement_cost3,47,0.0008957068560979833,0.000281491696834551,2.7142000648504685,0.14345110840998557
sphere,log_improvement_movement_cost3,log_improvement_movement_cost3,48,0.0008957068560979833,0.000281491696834551,2.7534304530567444,0.15976946322393906
sphere,log_improvement_movement_cost3,log_improvement_movement_cost3,49,0.0008700582022826368,0.00026229334654065314,2.7924476181152067,0.15198885167855034
sphere,optimistic_selected,optimistic_improvement_movement_cost2,0,0.15128186075215064,0.08504826265529994,0.5424473809654935,0.025561375806090962
sphere,optimistic_selected,optimistic_improvement_movement_cost2,1,0.10580733296483452,0.1091330068000826,0.6668220973650397,0.01945472994299534
sphere,optimistic_selected,optimistic_improvement_movement_cost2,2,0.08560483656959879,0.08815064374012731,0.7796578202456445,0.10522759772515425
sphere,optimistic_selected,optimistic_improvement_movement_cost2,3,0.06737445899944187,0.06765315326231382,0.8322668588688099,0.12252522893871193
sphere,optimistic_selected,optimistic_improvement_movement_cost2,4,0.012229043379636978,0.0038741452725974323,0.9201309493906155,0.1785089571958425
sphere,optimistic_selected,optimistic_improvement_movement_cost2,5,0.005300856508326182,0.002532596767296567,0.9762742536696969,0.17754734269719105
sphere,optimistic_selected,optimistic_improvement_movement_cost2,6,0.005300856508326182,0.002532596767296567,1.0073056390055237,0.18070641995397257
sphere,optimistic_selected,optimistic_improvement_movement_cost2,7,0.004000828755188513,0.0013475627185211162,1.0608367832556447,0.1753612556982183
sphere,optimistic_selected,optimistic_improvement_movement_cost2,8,0.0023941191450509674,0.0007352227469024281,1.0927594429777179,0.17225787282194688
sphere,optimistic_selected,optimistic_improvement_movement_cost2,9,0.0022923840250836515,0.0005994522967472675,1.131646426779158,0.173876034736988
sphere,optimistic_selected,optimistic_improvement_movement_cost2,10,0.0022923840250836515,0.0005994522967472675,1.1664451051052172,0.1799857967228208
sphere,optimistic_selected,optimistic_improvement_movement_cost2,11,0.0022672989796690022,0.000627598057591689,1.1943588297228398,0.16754778348328594
sphere,optimistic_selected,optimistic_improvement_movement_cost2,12,0.001511881981657393,0.0005526793191325867,1.2463125331987097,0.16582274150812706
sphere,optimistic_selected,optimistic_improvement_movement_cost2,13,0.001511881981657393,0.0005526793191325867,1.2755523149997818,0.1734659642164307
sphere,optimistic_selected,optimistic_improvement_movement_cost2,14,0.001511881981657393,0.0005526793191325867,1.3110596006243826,0.17077352260987624
sphere,optimistic_selected,optimistic_improvement_movement_cost2,15,0.001511881981657393,0.0005526793191325867,1.3464305965990813,0.17705530563537616
sphere,optimistic_selected,optimistic_improvement_movement_cost2,16,0.0012953130688816551,0.0003399687092709309,1.392487995334559,0.1834340004339111
sphere,optimistic_selected,optimistic_improvement_movement_cost2,17,0.0012953130688816551,0.0003399687092709309,1.440025306806814,0.17837782093342353
sphere,optimistic_selected,optimistic_improvement_movement_cost2,18,0.0012281482964388907,0.0002997906350343261,1.4837128534444686,0.173478212262267
sphere,optimistic_selected,optimistic_improvement_movement_cost2,19,0.0012281482964388907,0.0002997906350343261,1.5214759672817173,0.16086834419638177
sphere,optimistic_selected,optimistic_improvement_movement_cost2,20,0.0012281482964388907,0.0002997906350343261,1.5620869002356148,0.16729482158189524
sphere,optimistic_selected,optimistic_improvement_movement_cost2,21,0.0012281482964388907,0.0002997906350343261,1.6071276707666977,0.16544266313373848
sphere,optimistic_selected,optimistic_improvement_movement_cost2,22,0.0012281482964388907,0.0002997906350343261,1.6577977966905355,0.1749986142018869
sphere,optimistic_selected,optimistic_improvement_movement_cost2,23,0.0012281482964388907,0.0002997906350343261,1.7047816541545056,0.18907531549393816
sphere,optimistic_selected,optimistic_improvement_movement_cost2,24,0.0012281482964388907,0.0002997906350343261,1.7455061338875302,0.1781281362356748
sphere,optimistic_selected,optimistic_improvement_movement_cost2,25,0.0012281482964388907,0.0002997906350343261,1.8006674887839356,0.168807326863652
sphere,optimistic_selected,optimistic_improvement_movement_cost2,26,0.0012281482964388907,0.0002997906350343261,1.8246114541547607,0.16603909681113468
sphere,optimistic_selected,optimistic_improvement_movement_cost2,27,0.0012281482964388907,0.0002997906350343261,1.8541689363975138,0.16331004356725579
sphere,optimistic_selected,optimistic_improvement_movement_cost2,28,0.0010666592130109361,0.0003192521547571536,1.9009365388503372,0.15584550783749576
sphere,optimistic_selected,optimistic_improvement_movement_cost2,29,0.0010666592130109361,0.0003192521547571536,1.9459742932119146,0.14281079980469555
sphere,optimistic_selected,optimistic_improvement_movement_cost2,30,0.0010666592130109361,0.0003192521547571536,2.0063310864598223,0.13383768112024105
sphere,optimistic_selected,optimistic_improvement_movement_cost2,31,0.0010666592130109361,0.0003192521547571536,2.050496750059644,0.14337133072179048
sphere,optimistic_selected,optimistic_improvement_movement_cost2,32,0.0010666592130109361,0.0003192521547571536,2.121608066765448,0.14475475285097542
sphere,optimistic_selected,optimistic_improvement_movement_cost2,33,0.0010666592130109361,0.0003192521547571536,2.169430388301872,0.15488840264407708
sphere,optimistic_selected,optimistic_improvement_movement_cost2,34,0.0009742277170758599,0.00018904018794156023,2.2144789341586537,0.142478135468489
sphere,optimistic_selected,optimistic_improvement_movement_cost2,35,0.0008559464966328819,0.00031841204748955386,2.249229522652485,0.1500791381845848
sphere,optimistic_selected,optimistic_improvement_movement_cost2,36,0.0008559464966328819,0.00031841204748955386,2.2862682596635566,0.16683582605619116
sphere,optimistic_selected,optimistic_improvement_movement_cost2,37,0.0008559464966328819,0.00031841204748955386,2.322529415982267,0.17035201800529745
sphere,optimistic_selected,optimistic_improvement_movement_cost2,38,0.0008559464966328819,0.00031841204748955386,2.3594840368736434,0.1846434590721568
sphere,optimistic_selected,optimistic_improvement_movement_cost2,39,0.0008559464966328819,0.00031841204748955386,2.3919310255778674,0.17893351199887897
sphere,optimistic_selected,optimistic_improvement_movement_cost2,40,0.0008559464966328819,0.00031841204748955386,2.430241411736676,0.17232629681922684
sphere,optimistic_selected,optimistic_improvement_movement_cost2,41,0.0008559464966328819,0.00031841204748955386,2.461029714308001,0.16079719223353756
sphere,optimistic_selected,optimistic_improvement_movement_cost2,42,0.0008559464966328819,0.00031841204748955386,2.5049594770020778,0.1404410224012004
sphere,optimistic_selected,optimistic_improvement_movement_cost2,43,0.0008559464966328819,0.00031841204748955386,2.5474349928731175,0.13614630250150872
sphere,optimistic_selected,optimistic_improvement_movement_cost2,44,0.0008559464966328819,0.00031841204748955386,2.5939494633852394,0.13733139720085794
sphere,optimistic_selected,optimistic_improvement_movement_cost2,45,0.0008559464966328819,0.00031841204748955386,2.6404421027676928,0.1308640498181508
sphere,optimistic_selected,optimistic_improvement_movement_cost2,46,0.0008559464966328819,0.00031841204748955386,2.6761394033533557,0.12152830231354948
sphere,optimistic_selected,optimistic_improvement_movement_cost2,47,0.0008559464966328819,0.00031841204748955386,2.7193260636873844,0.13604237335013003
sphere,optimistic_selected,optimistic_improvement_movement_cost2,48,0.0008559464966328819,0.00031841204748955386,2.763223044834721,0.153985417935301
sphere,optimistic_selected,optimistic_improvement_movement_cost2,49,0.0008559464966328819,0.00031841204748955386,2.805719623534408,0.15702458078199352
sphere,budgeted_exploration,budgeted_exploration,0,0.156130739715709,0.08623335278615335,0.5400130126186433,0.030443474671430777
sphere,budgeted_exploration,budgeted_exploration,1,0.11059393680268574,0.11261270436574115,0.6802668277300149,0.01951591598133308
sphere,budgeted_exploration,budgeted_exploration,2,0.1095020233006657,0.11350626418148141,0.8186077791753812,0.10808934068087457
sphere,budgeted_exploration,budgeted_exploration,3,0.10260946011055923,0.11771434427304335,0.896941577802072,0.12983569369257553
sphere,budgeted_exploration,budgeted_exploration,4,0.05798259157223492,0.07070198251098153,1.0146433868919107,0.13805244016770152
sphere,budgeted_exploration,budgeted_exploration,5,0.00320711654495707,0.00171328896791327,1.127779846118897,0.18883917898652178
sphere,budgeted_exploration,budgeted_exploration,6,0.00320711654495707,0.00171328896791327,1.193083436305037,0.1816399638216241
sphere,budgeted_exploration,budgeted_exploration,7,0.00320711654495707,0.00171328896791327,1.2774610862879934,0.1754343912768511
sphere,budgeted_exploration,budgeted_exploration,8,0.00320711654495707,0.00171328896791327,1.3444634461227007,0.18684855170526143
sphere,budgeted_exploration,budgeted_exploration,9,0.00320711654495707,0.00171328896791327,1.4498996511188338,0.17872905231832845
sphere,budgeted_exploration,budgeted_exploration,10,0.00320711654495707,0.00171328896791327,1.536995006293343,0.19125090881608517
sphere,budgeted_exploration,budgeted_exploration,11,0.00320711654495707,0.00171328896791327,1.615212588510847,0.18431949736269101
sphere,budgeted_exploration,budgeted_exploration,12,0.00320711654495707,0.00171328896791327,1.7019956395502396,0.19771547589881897
sphere,budgeted_exploration,budgeted_exploration,13,0.00320711654495707,0.00171328896791327,1.7954632820733663,0.1797578260973387
sphere,budgeted_exploration,budgeted_exploration,14,0.00320711654495707,0.00171328896791327,1.8824426615218421,0.20965720738127827
sphere,budgeted_exploration,budgeted_exploration,15,0.002664384725096433,0.000974477996072408,1.9554796391146418,0.2002947260318911
sphere,budgeted_exploration,budgeted_exploration,16,0.002435630761687149,0.000682349845118816,2.043856284740794,0.1754671713842984
sphere,budgeted_exploration,budgeted_exploration,17,0.002003488608334632,0.000909900968581952,2.1487208978943966,0.16667804149448678
sphere,budgeted_exploration,budgeted_exploration,18,0.002003488608334632,0.000909900968581952,2.229376794563047,0.16325350440224304
sphere,budgeted_exploration,budgeted_exploration,19,0.002003488608334632,0.000909900968581952,2.3059116001585545,0.1608093896317503
sphere,budgeted_exploration,budgeted_exploration,20,0.002003488608334632,0.000909900968581952,2.4234320628805475,0.15672686785080123
sphere,budgeted_exploration,budgeted_exploration,21,0.002003488608334632,0.000909900968581952,2.4788611900974633,0.1720326486329019
sphere,budgeted_exploration,budgeted_exploration,22,0.0017080145369919562,0.0005071122557318065,2.5417835051693265,0.17771625949070616
sphere,budgeted_exploration,budgeted_exploration,23,0.0017080145369919562,0.0005071122557318065,2.5975318506414418,0.16549254720255832
sphere,budgeted_exploration,budgeted_exploration,24,0.0009893795405030866,0.0005714449021692009,2.6547071896325503,0.14513653836048412
sphere,budgeted_exploration,budgeted_exploration,25,0.0009893795405030866,0.0005714449021692009,2.737280198445958,0.1637138581672197
sphere,budgeted_exploration,budgeted_exploration,26,0.0009893795405030866,0.0005714449021692009,2.811801282727982,0.14860499324366847
sphere,budgeted_exploration,budgeted_exploration,27,0.0009893795405030866,0.0005714449021692009,2.861665672567183,0.15551085564873415
sphere,budgeted_exploration,budgeted_exploration,28,0.0009893795405030866,0.0005714449021692009,2.9228888594727738,0.16254969981989412
sphere,budgeted_exploration,budgeted_exploration,29,0.0009893795405030866,0.0005714449021692009,2.976275216613828,0.1479740948496055
sphere,budgeted_exploration,budgeted_exploration,30,0.0008404895731855331,0.0004370125412214726,3.0566914172240716,0.15241748292248997
sphere,budgeted_exploration,budgeted_exploration,31,0.0008404895731855331,0.0004370125412214726,3.108915444259296,0.14591043630359676
sphere,budgeted_exploration,budgeted_exploration,32,0.0008404895731855331,0.0004370125412214726,3.1937295738705416,0.14400167511541867
sphere,budgeted_exploration,budgeted_exploration,33,0.0008404895731855331,0.0004370125412214726,3.254736367790704,0.15277910640907838
sphere,budgeted_exploration,budgeted_exploration,34,0.0008404895731855331,0.0004370125412214726,3.3172994390473947,0.13356142676274668
sphere,budgeted_exploration,budgeted_exploration,35,0.0008404895731855331,0.0004370125412214726,3.373665451140303,0.1287251726988475
sphere,budgeted_exploration,budgeted_exploration,36,0.0008404895731855331,0.0004370125412214726,3.4219282512130387,0.14520825148447497
sphere,budgeted_exploration,budgeted_exploration,37,0.0008404895731855331,0.0004370125412214726,3.465367938011838,0.15755884143356694
sphere,budgeted_exploration,budgeted_exploration,38,0.0008404895731855331,0.0004370125412214726,3.5191272132230966,0.1718286878553396
sphere,budgeted_exploration,budgeted_exploration,39,0.0008404895731855331,0.0004370125412214726,3.547284311224145,0.16395260074229862
sphere,budgeted_exploration,budgeted_exploration,40,0.0008404895731855331,0.0004370125412214726,3.589317300283433,0.14744947459834215
sphere,budgeted_exploration,budgeted_exploration,41,0.0008404895731855331,0.0004370125412214726,3.624334420409425,0.1316802879842895
sphere,budgeted_exploration,budgeted_exploration,42,0.0008404895731855331,0.0004370125412214726,3.664663146892952,0.1160560983240476
sphere,budgeted_exploration,budgeted_exploration,43,0.0008404895731855331,0.0004370125412214726,3.7053318104785156,0.11609580606381373
sphere,budgeted_exploration,budgeted_exploration,44,0.0008404895731855331,0.0004370125412214726,3.760505512876954,0.12135532854715994
sphere,budgeted_exploration,budgeted_exploration,45,0.0008404895731855331,0.0004370125412214726,3.8113234713699637,0.11393231445792532
sphere,budgeted_exploration,budgeted_exploration,46,0.0008404895731855331,0.0004370125412214726,3.8596792804193427,0.0935195369893742
sphere,budgeted_exploration,budgeted_exploration,47,0.0008404895731855331,0.0004370125412214726,3.904014764149332,0.09794373721201978
sphere,budgeted_exploration,budgeted_exploration,48,0.0008404895731855331,0.0004370125412214726,3.952682164930096,0.1163747611809621
sphere,budgeted_exploration,budgeted_exploration,49,0.0008404895731855331,0.0004370125412214726,3.991733810241687,0.11806750784791627
sphere,lookahead_budgeted_exploration,lookahead_budgeted_exploration,0,0.1397797130097783,0.11067315312500449,0.5290788041990998,0.028382742096228635
sphere,lookahead_budgeted_exploration,lookahead_budgeted_exploration,1,0.12911702826470392,0.12081583447179768,0.6568175790869094,0.030116071865181865
sphere,lookahead_budgeted_exploration,lookahead_budgeted_exploration,2,0.11417278490333187,0.12739196328252658,0.7684236467027744,0.09896146473924577
sphere,lookahead_budgeted_exploration,lookahead_budgeted_exploration,3,0.10284018296154311,0.13439515092823168,0.8501121991681142,0.10665296171230947
sphere,lookahead_budgeted_exploration,lookahead_budgeted_exploration,4,0.03510826535203205,0.03934135672648489,0.9594585902273867,0.14591860906596163
sphere,lookahead_budgeted_exploration,lookahead_budgeted_exploration,5,0.007698055390023017,0.0019492959579077962,1.059622027001873,0.16120649044624627
sphere,lookahead_budgeted_exploration,lookahead_budgeted_exploration,6,0.007698055390023017,0.0019492959579077962,1.1398699021520535,0.1648929389935694
sphere,lookahead_budgeted_exploration,lookahead_budgeted_exploration,7,0.007698055390023017,0.0019492959579077962,1.2122290181636162,0.17449073904717396
sphere,lookahead_budgeted_exploration,lookahead_budgeted_exploration,8,0.007698055390023017,0.0019492959579077962,1.2939003174138042,0.1804781243246904
sphere,lookahead_budgeted_exploration,lookahead_budgeted_exploration,9,0.007698055390023017,0.0019492959579077962,1.3943369545292343,0.18771569263042812
sphere,lookahead_budgeted_exploration,lookahead_budgeted_exploration,10,0.007698055390023017,0.0019492959579077962,1.4875698845290144,0.21040104070805168
sphere,lookahead_budgeted_exploration,lookahead_budgeted_exploration,11,0.007698055390023017,0.0019492959579077962,1.5622645825477355,0.20977120407565705
sphere,lookahead_budgeted_exploration,lookahead_budgeted_exploration,12,0.007698055390023017,0.0019492959579077962,1.6485369650144077,0.21300003092841355
sphere,lookahead_budgeted_exploration,lookahead_budgeted_exploration,13,0.007698055390023017,0.0019492959579077962,1.724326195545796,0.19354385938204532
sphere,lookahead_budgeted_exploration,lookahead_budgeted_exploration,14,0.007300224941195033,0.001875318029016324,1.8100395768590756,0.19006520126463683
sphere,lookahead_budgeted_exploration,lookahead_budgeted_exploration,15,0.005810304429505283,0.002200898604729799,1.920489149891193,0.15230176551238964
sphere,lookahead_budgeted_exploration,lookahead_budgeted_exploration,16,0.004615136679608985,0.000726183141855172,1.9830045261918998,0.1779557920128847
sphere,lookahead_budgeted_exploration,lookahead_budgeted_exploration,17,0.004615136679608985,0.000726183141855172,2.0876200355430305,0.1643260353593032
sphere,lookahead_budgeted_exploration,lookahead_budgeted_exploration,18,0.004175537313916004,0.0013457238850366978,2.1833176696913146,0.1759503996901788
sphere,lookahead_budgeted_exploration,lookahead_budgeted_exploration,19,0.004175537313916004,0.0013457238850366978,2.239090779040487,0.16274931974143916
sphere,lookahead_budgeted_exploration,lookahead_budgeted_exploration,20,0.0030931659520736696,0.0006820463459297787,2.2914854797761737,0.18088723188431136
sphere,lookahead_budgeted_exploration,lookahead_budgeted_exploration,21,0.0030931659520736696,0.0006820463459297787,2.3629976960167154,0.17744894792582946
sphere,lookahead_budgeted_exploration,lookahead_budgeted_exploration,22,0.0030931659520736696,0.0006820463459297787,2.4337614308077757,0.1726179916003273
sphere,lookahead_budgeted_exploration,lookahead_budgeted_exploration,23,0.0029482764158693005,0.0005100840445596839,2.4941827012242834,0.18078505434523098
sphere,lookahead_budgeted_exploration,lookahead_budgeted_exploration,24,0.002432866754583429,0.00121841710484328,2.536919280104014,0.1677547689626406
sphere,lookahead_budgeted_exploration,lookahead_budgeted_exploration,25,0.002432866754583429,0.00121841710484328,2.594885217472686,0.1538968365354741
sphere,lookahead_budgeted_exploration,lookahead_budgeted_exploration,26,0.002432866754583429,0.00121841710484328,2.6627146447145402,0.14911007615401814
sphere,lookahead_budgeted_exploration,lookahead_budgeted_exploration,27,0.0021423815667623125,0.0011358178207305906,2.717789420453581,0.13347374929171207
sphere,lookahead_budgeted_exploration,lookahead_budgeted_exploration,28,0.0021423815667623125,0.0011358178207305906,2.7609776588427297,0.14998146032138876
sphere,lookahead_budgeted_exploration,lookahead_budgeted_exploration,29,0.0021423815667623125,0.0011358178207305906,2.7928583885335274,0.1508508351460984
sphere,lookahead_budgeted_exploration,lookahead_budgeted_exploration,30,0.001514393337592326,0.0006000705647326398,2.8397665295368113,0.14394166790208696
sphere,lookahead_budgeted_exploration,lookahead_budgeted_exploration,31,0.001514393337592326,0.0006000705647326398,2.8918578247171864,0.1408310193168342
sphere,lookahead_budgeted_exploration,lookahead_budgeted_exploration,32,0.001514393337592326,0.0006000705647326398,2.951899930922169,0.12726878596668365
sphere,lookahead_budgeted_exploration,lookahead_budgeted_exploration,33,0.001514393337592326,0.0006000705647326398,3.0092791864344366,0.15001988685523748
sphere,lookahead_budgeted_exploration,lookahead_budgeted_exploration,34,0.001514393337592326,0.0006000705647326398,3.081817066716816,0.1652908344385698
sphere,lookahead_budgeted_exploration,lookahead_budgeted_exploration,35,0.001514393337592326,0.0006000705647326398,3.159237636611722,0.19801343768802684
sphere,lookahead_budgeted_exploration,lookahead_budgeted_exploration,36,0.001514393337592326,0.0006000705647326398,3.210759225292654,0.20108336714510006
sphere,lookahead_budgeted_exploration,lookahead_budgeted_exploration,37,0.001514393337592326,0.0006000705647326398,3.247858900765163,0.20414443802290835
sphere,lookahead_budgeted_exploration,lookahead_budgeted_exploration,38,0.001514393337592326,0.0006000705647326398,3.287651256836721,0.19840041929074853
sphere,lookahead_budgeted_exploration,lookahead_budgeted_exploration,39,0.001514393337592326,0.0006000705647326398,3.324675920980288,0.2002773895291773
sphere,lookahead_budgeted_exploration,lookahead_budgeted_exploration,40,0.0012238227099847794,0.000371880364890051,3.388291208438924,0.2059178942678614
sphere,lookahead_budgeted_exploration,lookahead_budgeted_exploration,41,0.0012238227099847794,0.000371880364890051,3.4291378191003137,0.1850308261224579
sphere,lookahead_budgeted_exploration,lookahead_budgeted_exploration,42,0.0012238227099847794,0.000371880364890051,3.4743853597741974,0.16966816760873246
sphere,lookahead_budgeted_exploration,lookahead_budgeted_exploration,43,0.0012238227099847794,0.000371880364890051,3.523586075469756,0.17079434281119305
sphere,lookahead_budgeted_exploration,lookahead_budgeted_exploration,44,0.0012238227099847794,0.000371880364890051,3.5734472334734755,0.17529408595995422
sphere,lookahead_budgeted_exploration,lookahead_budgeted_exploration,45,0.0012238227099847794,0.000371880364890051,3.6318014542624795,0.1856356356702936
sphere,lookahead_budgeted_exploration,lookahead_budgeted_exploration,46,0.001147694862508851,0.000297524375264746,3.673860019069075,0.19911830587626855
sphere,lookahead_budgeted_exploration,lookahead_budgeted_exploration,47,0.0009241245108993681,0.00033723170463983504,3.70389765440555,0.20238493089956558
sphere,lookahead_budgeted_exploration,lookahead_budgeted_exploration,48,0.0009241245108993681,0.00033723170463983504,3.7449744121526813,0.19456062706629862
sphere,lookahead_budgeted_exploration,lookahead_budgeted_exploration,49,0.0009241245108993681,0.00033723170463983504,3.7905825716639856,0.1856833792759608
sum_square,pure_bo,pure_bo,0,0.2852484412756364,0.1957711043022814,0.503992511542351,0.09880516878612261
sum_square,pure_bo,pure_bo,1,0.2852484412756364,0.1957711043022814,0.7473519275668852,0.10275936202010298
sum_square,pure_bo,pure_bo,2,0.22169455249726555,0.232325703638479,1.1810160268540082,0.23300589404703745
sum_square,pure_bo,pure_bo,3,0.22169455249726555,0.232325703638479,1.530537940140828,0.3645506921969606
sum_square,pure_bo,pure_bo,4,0.09260702088794194,0.05246552456669395,2.415429068227975,0.3122674104548502
sum_square,pure_bo,pure_bo,5,0.08369363133001151,0.05586320556898994,3.1596517992415354,0.49657356513760437
sum_square,pure_bo,pure_bo,6,0.08369363133001151,0.05586320556898994,4.569951075255166,0.9671496483948726
sum_square,pure_bo,pure_bo,7,0.08369363133001151,0.05586320556898994,5.694424546175658,1.0254237098881174
sum_square,pure_bo,pure_bo,8,0.08369363133001151,0.05586320556898994,6.644977846976546,0.9591281772819679
sum_square,pure_bo,pure_bo,9,0.08369363133001151,0.05586320556898994,7.9717136298679385,1.041774234751313
sum_square,pure_bo,pure_bo,10,0.08369363133001151,0.05586320556898994,9.120121840847025,0.8567483676149641
sum_square,pure_bo,pure_bo,11,0.04066380654028274,0.009566427373344929,10.208004256492321,0.9063432547001703
sum_square,pure_bo,pure_bo,12,0.04066380654028274,0.009566427373344929,11.362113848038236,1.01146206404469
sum_square,pure_bo,pure_bo,13,0.03410122737478658,0.0009277472727831155,12.474552231199022,1.1590945823514565
sum_square,pure_bo,pure_bo,14,0.03410122737478658,0.0009277472727831155,13.724774938382675,0.9599546642532385
sum_square,pure_bo,pure_bo,15,0.03410122737478658,0.0009277472727831155,14.70926463098194,1.01471160407986
sum_square,pure_bo,pure_bo,16,0.03410122737478658,0.0009277472727831155,15.795235740601933,1.2457564736996602
sum_square,pure_bo,pure_bo,17,0.03410122737478658,0.0009277472727831155,17.075472247188785,1.592880343508598
sum_square,pure_bo,pure_bo,18,0.03410122737478658,0.0009277472727831155,18.1442272244883,1.6380679596356396
sum_square,pure_bo,pure_bo,19,0.03410122737478658,0.0009277472727831155,19.269008603266794,1.6019375868630643
sum_square,pure_bo,pure_bo,20,0.03410122737478658,0.0009277472727831155,20.434519998750964,1.2857347298142483
sum_square,pure_bo,pure_bo,21,0.03410122737478658,0.0009277472727831155,21.335402620823526,1.1830187898475062
sum_square,pure_bo,pure_bo,22,0.03410122737478658,0.0009277472727831155,22.383923245232285,0.7800631965683253
sum_square,pure_bo,pure_bo,23,0.03410122737478658,0.0009277472727831155,23.30343719585783,0.6156349528299867
sum_square,pure_bo,pure_bo,24,0.03410122737478658,0.0009277472727831155,24.294707520037765,0.646417836659364
sum_square,pure_bo,pure_bo,25,0.03410122737478658,0.0009277472727831155,25.100945652031616,0.669488849917055
sum_square,pure_bo,pure_bo,26,0.03410122737478658,0.0009277472727831155,26.44315659064598,0.7690339086500979
sum_square,pure_bo,pure_bo,27,0.03410122737478658,0.0009277472727831155,27.355152916593827,1.027900749988987
sum_square,pure_bo,pure_bo,28,0.03410122737478658,0.0009277472727831155,28.197000124522642,0.9924075987384018
sum_square,pure_bo,pure_bo,29,0.03410122737478658,0.0009277472727831155,29.03101987150477,0.7883315936817439
sum_square,pure_bo,pure_bo,30,0.03410122737478658,0.0009277472727831155,29.740541955748018,0.6573073000977405
sum_square,pure_bo,pure_bo,31,0.03410122737478658,0.0009277472727831155,30.65341556313913,0.6235630920932324
sum_square,pure_bo,pure_bo,32,0.03410122737478658,0.0009277472727831155,31.316427283045154,0.5965793219645072
sum_square,pure_bo,pure_bo,33,0.03410122737478658,0.0009277472727831155,31.877492286471394,0.5938163715325219
sum_square,pure_bo,pure_bo,34,0.03410122737478658,0.0009277472727831155,32.673310465583235,0.48026999038875695
sum_square,pure_bo,pure_bo,35,0.03410122737478658,0.0009277472727831155,33.88188667090035,0.5297021000139361
sum_square,pure_bo,pure_bo,36,0.03410122737478658,0.0009277472727831155,34.955702379172045,0.4372382178996363
sum_square,pure_bo,pure_bo,37,0.03410122737478658,0.0009277472727831155,35.93229334525943,0.5580109646609824
sum_square,pure_bo,pure_bo,38,0.03410122737478658,0.0009277472727831155,36.559353644372415,0.5230153111252256
sum_square,pure_bo,pure_bo,39,0.03410122737478658,0.0009277472727831155,37.50902008377912,0.3735593057465565
sum_square,pure_bo,pure_bo,40,0.03410122737478658,0.0009277472727831155,38.16161376176283,0.6447398256653317
sum_square,pure_bo,pure_bo,41,0.03410122737478658,0.0009277472727831155,38.89730565944607,1.123290735670435
sum_square,pure_bo,pure_bo,42,0.03410122737478658,0.0009277472727831155,39.467405378942544,1.5308280552248632
sum_square,pure_bo,pure_bo,43,0.03410122737478658,0.0009277472727831155,40.0800647457221,1.9481542110842545
sum_square,pure_bo,pure_bo,44,0.03410122737478658,0.0009277472727831155,40.60264991415084,2.327006123493761
sum_square,pure_bo,pure_bo,45,0.03410122737478658,0.0009277472727831155,40.81713711462131,2.5145434928760015
sum_square,pure_bo,pure_bo,46,0.03410122737478658,0.0009277472727831155,41.16118381450678,2.8572150415996793
sum_square,pure_bo,pure_bo,47,0.03410122737478658,0.0009277472727831155,41.54280551234871,3.280141044317904
sum_square,pure_bo,pure_bo,48,0.03410122737478658,0.0009277472727831155,41.86749481285698,3.664205672269411
sum_square,pure_bo,pure_bo,49,0.03410122737478658,0.0009277472727831155,42.15211856081637,4.013878766299086
sum_square,earlbo,earlbo,0,0.266204236811122,0.14112115265179084,0.5085225212434449,0.09986734138992079
sum_square,earlbo,earlbo,1,0.17958608412650764,0.06733803667662333,0.6360498768336542,0.12623789506202837
sum_square,earlbo,earlbo,2,0.12073972790474201,0.08186888220651234,0.7498752576071012,0.07729573311533562
sum_square,earlbo,earlbo,3,0.07512067305024926,0.02600839725782646,0.8567254368968776,0.07865815505924763
sum_square,earlbo,earlbo,4,0.0593601488002319,0.01578526364165523,0.9848411596515514,0.06809057348523741
sum_square,earlbo,earlbo,5,0.021498752672109447,0.004737300411600009,1.074477826552635,0.06382099370334551
sum_square,earlbo,earlbo,6,0.021498752672109447,0.004737300411600009,1.1594189304835432,0.0535835052592637
sum_square,earlbo,earlbo,7,0.021498752672109447,0.004737300411600009,1.2961471438968697,0.10180694689951714
sum_square,earlbo,earlbo,8,0.016545403363748035,0.00635091396729106,1.4175397423266178,0.12200506993651351
sum_square,earlbo,earlbo,9,0.015738189781418326,0.007240916455210505,1.5156766752678912,0.10499068759382016
sum_square,earlbo,earlbo,10,0.015738189781418326,0.007240916455210505,1.7268612242132706,0.057678958596033364
sum_square,earlbo,earlbo,11,0.015738189781418326,0.007240916455210505,1.957056773584954,0.19986508415179446
sum_square,earlbo,earlbo,12,0.015738189781418326,0.007240916455210505,2.149560911398917,0.1604715574486483
sum_square,earlbo,earlbo,13,0.015738189781418326,0.007240916455210505,2.3505107424727623,0.1399100605857209
sum_square,earlbo,earlbo,14,0.010654709833860647,0.003094289032672698,2.555985692060345,0.22360351434462097
sum_square,earlbo,earlbo,15,0.010654709833860647,0.003094289032672698,2.846996468262963,0.29305473993081677
sum_square,earlbo,earlbo,16,0.010305654570033655,0.0032286880279105597,3.069283183684139,0.32608146366306556
sum_square,earlbo,earlbo,17,0.010305654570033655,0.0032286880279105597,3.1898969566226536,0.33608863952009593
sum_square,earlbo,earlbo,18,0.01001546678126619,0.0028253458625124308,3.4445729997647714,0.3805607342310733
sum_square,earlbo,earlbo,19,0.01001546678126619,0.0028253458625124308,3.6798105876463416,0.45646577114328085
sum_square,earlbo,earlbo,20,0.01001546678126619,0.0028253458625124308,3.7986442323829266,0.5047381560273266
sum_square,earlbo,earlbo,21,0.01001546678126619,0.0028253458625124308,4.078145938567666,0.5561079487724732
sum_square,earlbo,earlbo,22,0.007568411824645558,0.0008875130553581925,4.306120441167163,0.5210748039229567
sum_square,earlbo,earlbo,23,0.007568411824645558,0.0008875130553581925,4.534129907824102,0.5568181705312546
sum_square,earlbo,earlbo,24,0.007568411824645558,0.0008875130553581925,4.744398027691977,0.5293144628095747
sum_square,earlbo,earlbo,25,0.007568411824645558,0.0008875130553581925,5.008327378224007,0.4645575738891911
sum_square,earlbo,earlbo,26,0.007568411824645558,0.0008875130553581925,5.359900594934888,0.39209388900451714
sum_square,earlbo,earlbo,27,0.007568411824645558,0.0008875130553581925,5.5749404602096435,0.3775108699952313
sum_square,earlbo,earlbo,28,0.007568411824645558,0.0008875130553581925,5.8483002186494035,0.3599190137107393
sum_square,earlbo,earlbo,29,0.007568411824645558,0.0008875130553581925,6.0573090034608486,0.41272674672717113
sum_square,earlbo,earlbo,30,0.007568411824645558,0.0008875130553581925,6.296697508568065,0.39757708187566665
sum_square,earlbo,earlbo,31,0.007568411824645558,0.0008875130553581925,6.516135132587007,0.3391594783059533
sum_square,earlbo,earlbo,32,0.007568411824645558,0.0008875130553581925,6.7779565264621695,0.2854559113853961
sum_square,earlbo,earlbo,33,0.007568411824645558,0.0008875130553581925,6.986454517345396,0.2636850532280875
sum_square,earlbo,earlbo,34,0.007568411824645558,0.0008875130553581925,7.2136448689227315,0.31811559032614867
sum_square,earlbo,earlbo,35,0.007568411824645558,0.0008875130553581925,7.4487819982207055,0.3509234738369824
sum_square,earlbo,earlbo,36,0.007568411824645558,0.0008875130553581925,7.669881336111465,0.35091983918898056
sum_square,earlbo,earlbo,37,0.007568411824645558,0.0008875130553581925,7.813387829074684,0.380180621647759
sum_square,earlbo,earlbo,38,0.007568411824645558,0.0008875130553581925,7.995235834397516,0.36064716784137296
sum_square,earlbo,earlbo,39,0.007568411824645558,0.0008875130553581925,8.167704608197218,0.3279448860450379
sum_square,earlbo,earlbo,40,0.007568411824645558,0.0008875130553581925,8.393776651524139,0.30204943253732486
sum_square,earlbo,earlbo,41,0.007568411824645558,0.0008875130553581925,8.661391875067695,0.22113190890813522
sum_square,earlbo,earlbo,42,0.007568411824645558,0.0008875130553581925,8.864497496235648,0.14015976812093547
sum_square,earlbo,earlbo,43,0.007568411824645558,0.0008875130553581925,9.04916064088651,0.15383205246113352
sum_square,earlbo,earlbo,44,0.007568411824645558,0.0008875130553581925,9.271973700756382,0.1534506577076035
sum_square,earlbo,earlbo,45,0.007568411824645558,0.0008875130553581925,9.504013196654336,0.20415119633514212
sum_square,earlbo,earlbo,46,0.007568411824645558,0.0008875130553581925,9.770663295254414,0.22643622065514482
sum_square,earlbo,earlbo,47,0.007568411824645558,0.0008875130553581925,9.985863325313032,0.21199814362104347
sum_square,earlbo,earlbo,48,0.007568411824645558,0.0008875130553581925,10.130288908438162,0.15176172545853184
sum_square,earlbo,earlbo,49,0.007568411824645558,0.0008875130553581925,10.316342437264188,0.1506246017829568
sum_square,snake,snake,0,0.13842714955615512,0.05943022845011718,0.5004479348742714,0.07126152319547698
sum_square,snake,snake,1,0.06210280102927071,0.04100398406523188,0.5897910501105319,0.09087106994857815
sum_square,snake,snake,2,0.06210280102927071,0.04100398406523188,0.6656384939005356,0.09973067465581896
sum_square,snake,snake,3,0.053742900997741684,0.02965175303801517,0.736389098951097,0.10253370438989937
sum_square,snake,snake,4,0.030712679246403325,0.006360574055437929,0.812727393456353,0.1242654145637381
sum_square,snake,snake,5,0.028099888514852945,0.00457081827801235,0.9141194441884872,0.132167318943352
sum_square,snake,snake,6,0.021290315996245725,0.009910952235989097,0.9832860441850233,0.13055572270242755
sum_square,snake,snake,7,0.016296654097249594,0.011865364146913067,1.0389063064546649,0.12337981237439158
sum_square,snake,snake,8,0.01006466900321746,0.00311430618297808,1.1972754725093104,0.06679726296585078
sum_square,snake,snake,9,0.01006466900321746,0.00311430618297808,1.3233290316846704,0.08030652030218183
sum_square,snake,snake,10,0.01006466900321746,0.00311430618297808,1.5072518725964372,0.14006347774264624
sum_square,snake,snake,11,0.009730681417105246,0.0034556233415934394,1.637245494433922,0.21487074122716643
sum_square,snake,snake,12,0.009666784885346925,0.0035243705688876447,1.7794583166560756,0.2986589960779692
sum_square,snake,snake,13,0.007687114282515607,0.0013102633514180198,2.0416030080152017,0.35823026599790064
sum_square,snake,snake,14,0.007687114282515607,0.0013102633514180198,2.4974361822614446,0.3859743490670425
sum_square,snake,snake,15,0.006779904040578266,0.0011572849321534128,2.690439373723631,0.3744431854731808
sum_square,snake,snake,16,0.006779904040578266,0.0011572849321534128,2.92350912209575,0.3136956682946907
sum_square,snake,snake,17,0.004861764478663314,0.0015621763214671261,3.2342145046669906,0.41990681468734065
sum_square,snake,snake,18,0.004861764478663314,0.0015621763214671261,3.3740370323829896,0.39008350189876817
sum_square,snake,snake,19,0.004861764478663314,0.0015621763214671261,3.635878286130463,0.4070947448597978
sum_square,snake,snake,20,0.004861764478663314,0.0015621763214671261,3.8207520158637074,0.3462533637507908
sum_square,snake,snake,21,0.004861764478663314,0.0015621763214671261,4.0287591904292634,0.4220823517954242
sum_square,snake,snake,22,0.004861764478663314,0.0015621763214671261,4.328169595517253,0.5007764904111881
sum_square,snake,snake,23,0.004861764478663314,0.0015621763214671261,4.593743924997946,0.5621401605313421
sum_square,snake,snake,24,0.004861764478663314,0.0015621763214671261,4.7674520542853145,0.4779055708323495
sum_square,snake,snake,25,0.004861764478663314,0.0015621763214671261,5.118126309282335,0.5386343239765189
sum_square,snake,snake,26,0.004861764478663314,0.0015621763214671261,5.3156628580538365,0.5696819511660465
sum_square,snake,snake,27,0.004861764478663314,0.0015621763214671261,5.546580759250131,0.5521595532930739
sum_square,snake,snake,28,0.004861764478663314,0.0015621763214671261,5.775044514539758,0.546480386176224
sum_square,snake,snake,29,0.004861764478663314,0.0015621763214671261,6.177365642804005,0.6065256983937182
sum_square,snake,snake,30,0.004861764478663314,0.0015621763214671261,6.540171340125245,0.6172885266394887
sum_square,snake,snake,31,0.003820238387822486,0.001598647752572973,6.709649541220737,0.5854912185032072
sum_square,snake,snake,32,0.003820238387822486,0.001598647752572973,6.924299703214054,0.5619529333684932
sum_square,snake,snake,33,0.003820238387822486,0.001598647752572973,7.1492564831396,0.5834512737373424
sum_square,snake,snake,34,0.003820238387822486,0.001598647752572973,7.465626381296943,0.5542467950928968
sum_square,snake,snake,35,0.003820238387822486,0.001598647752572973,7.70166321480201,0.521998168621965
sum_square,snake,snake,36,0.003820238387822486,0.001598647752572973,7.935603385535836,0.5532711435753739
sum_square,snake,snake,37,0.003820238387822486,0.001598647752572973,8.108496189441711,0.5821265445118188
sum_square,snake,snake,38,0.003820238387822486,0.001598647752572973,8.32233084505536,0.551307666816551
sum_square,snake,snake,39,0.003820238387822486,0.001598647752572973,8.62063480158744,0.5566926118945824
sum_square,snake,snake,40,0.003820238387822486,0.001598647752572973,8.829484363772492,0.5644005517181616
sum_square,snake,snake,41,0.003820238387822486,0.001598647752572973,9.071470480011923,0.5811064006637133
sum_square,snake,snake,42,0.003820238387822486,0.001598647752572973,9.31224589934552,0.618457619316476
sum_square,snake,snake,43,0.003820238387822486,0.001598647752572973,9.540155577490346,0.6522341590455525
sum_square,snake,snake,44,0.003820238387822486,0.001598647752572973,9.807750575634225,0.6615277855107733
sum_square,snake,snake,45,0.003820238387822486,0.001598647752572973,10.081789596655234,0.6761883199672208
sum_square,snake,snake,46,0.003820238387822486,0.001598647752572973,10.31705388953118,0.6839157900897683
sum_square,snake,snake,47,0.003820238387822486,0.001598647752572973,10.53917705035047,0.7315977414137241
sum_square,snake,snake,48,0.003820238387822486,0.001598647752572973,10.808027114341357,0.7251953917999949
sum_square,snake,snake,49,0.003820238387822486,0.001598647752572973,11.072254598568568,0.699498062556183
sum_square,log_improvement_movement_cost3,log_improvement_movement_cost3,0,0.14069260914273252,0.06731320248659041,0.5040781499540317,0.070155130338753
sum_square,log_improvement_movement_cost3,log_improvement_movement_cost3,1,0.06339708960709932,0.046424126038476024,0.589724534979428,0.08906260194002572
sum_square,log_improvement_movement_cost3,log_improvement_movement_cost3,2,0.06339708960709932,0.046424126038476024,0.6631871300528117,0.09479332385114535
sum_square,log_improvement_movement_cost3,log_improvement_movement_cost3,3,0.06339708960709932,0.046424126038476024,0.7297529598980521,0.09339659859686482
sum_square,log_improvement_movement_cost3,log_improvement_movement_cost3,4,0.030077140659597223,0.008612748023686412,0.8038964588255982,0.11206682228795932
sum_square,log_improvement_movement_cost3,log_improvement_movement_cost3,5,0.019912693006645957,0.0013907589434068906,0.9034422709734121,0.11488321467819507
sum_square,log_improvement_movement_cost3,log_improvement_movement_cost3,6,0.015334637149112344,0.005316695844968992,0.9644289797717541,0.11653700187832998
sum_square,log_improvement_movement_cost3,log_improvement_movement_cost3,7,0.012278993164174988,0.004352904164969583,1.0250170033456272,0.10154345096020002
sum_square,log_improvement_movement_cost3,log_improvement_movement_cost3,8,0.006807471448958001,0.0036234349707767177,1.111342467038211,0.10682508129321515
sum_square,log_improvement_movement_cost3,log_improvement_movement_cost3,9,0.004903518237981777,0.0023179751735819465,1.1734260263108742,0.11472957422897201
sum_square,log_improvement_movement_cost3,log_improvement_movement_cost3,10,0.004903518237981777,0.0023179751735819465,1.220834470788548,0.1286026625500395
sum_square,log_improvement_movement_cost3,log_improvement_movement_cost3,11,0.004903518237981777,0.0023179751735819465,1.2940533129609217,0.1359939805668914
sum_square,log_improvement_movement_cost3,log_improvement_movement_cost3,12,0.004273037894528794,0.0016355424758591106,1.3476184037063934,0.133925007952785
sum_square,log_improvement_movement_cost3,log_improvement_movement_cost3,13,0.004273037894528794,0.0016355424758591106,1.3976745560627266,0.13535652656678285
sum_square,log_improvement_movement_cost3,log_improvement_movement_cost3,14,0.004273037894528794,0.0016355424758591106,1.4569469432729558,0.13226217962936862
sum_square,log_improvement_movement_cost3,log_improvement_movement_cost3,15,0.004273037894528794,0.0016355424758591106,1.4922133642151787,0.12549727669549166
sum_square,log_improvement_movement_cost3,log_improvement_movement_cost3,16,0.004273037894528794,0.0016355424758591106,1.553325191871046,0.13386322677175946
sum_square,log_improvement_movement_cost3,log_improvement_movement_cost3,17,0.004273037894528794,0.0016355424758591106,1.6150815693299627,0.16107065121986197
sum_square,log_improvement_movement_cost3,log_improvement_movement_cost3,18,0.004273037894528794,0.0016355424758591106,1.681953802280425,0.1687313020122503
sum_square,log_improvement_movement_cost3,log_improvement_movement_cost3,19,0.004238289062974898,0.0016199872559990649,1.7418278554829056,0.1716712697062639
sum_square,log_improvement_movement_cost3,log_improvement_movement_cost3,20,0.004238289062974898,0.0016199872559990649,1.7869202723904918,0.16783193751320388
sum_square,log_improvement_movement_cost3,log_improvement_movement_cost3,21,0.004238289062974898,0.0016199872559990649,1.8474950084667527,0.17752874093536017
sum_square,log_improvement_movement_cost3,log_improvement_movement_cost3,22,0.004238289062974898,0.0016199872559990649,1.9249226813171507,0.19677054945870986
sum_square,log_improvement_movement_cost3,log_improvement_movement_cost3,23,0.004238289062974898,0.0016199872559990649,1.9885047453828746,0.2045023480137097
sum_square,log_improvement_movement_cost3,log_improvement_movement_cost3,24,0.00370631004405169,0.0012440665751669298,2.026969485965409,0.1993782992350127
sum_square,log_improvement_movement_cost3,log_improvement_movement_cost3,25,0.00370631004405169,0.0012440665751669298,2.0896604704036306,0.19902001112523707
sum_square,log_improvement_movement_cost3,log_improvement_movement_cost3,26,0.00370631004405169,0.0012440665751669298,2.1239588817760393,0.1965839673407727
sum_square,log_improvement_movement_cost3,log_improvement_movement_cost3,27,0.0036714912345271757,0.0012102718514473347,2.1595305740814488,0.18954863498532756
sum_square,log_improvement_movement_cost3,log_improvement_movement_cost3,28,0.0036714912345271757,0.0012102718514473347,2.2225836037102726,0.1721950874635981
sum_square,log_improvement_movement_cost3,log_improvement_movement_cost3,29,0.0036714912345271757,0.0012102718514473347,2.3118264955034866,0.19885544073314412
sum_square,log_improvement_movement_cost3,log_improvement_movement_cost3,30,0.0036714912345271757,0.0012102718514473347,2.3944339248231477,0.22105436560981237
sum_square,log_improvement_movement_cost3,log_improvement_movement_cost3,31,0.0036714912345271757,0.0012102718514473347,2.4565372193977484,0.23586564480965447
sum_square,log_improvement_movement_cost3,log_improvement_movement_cost3,32,0.0036714912345271757,0.0012102718514473347,2.5487899466162105,0.2598110759302679
sum_square,log_improvement_movement_cost3,log_improvement_movement_cost3,33,0.0036714912345271757,0.0012102718514473347,2.6043574655287425,0.27781840188915047
sum_square,log_improvement_movement_cost3,log_improvement_movement_cost3,34,0.0036714912345271757,0.0012102718514473347,2.657173665195232,0.29741160254236765
sum_square,log_improvement_movement_cost3,log_improvement_movement_cost3,35,0.0036714912345271757,0.0012102718514473347,2.6915660388081526,0.2979945299839724
sum_square,log_improvement_movement_cost3,log_improvement_movement_cost3,36,0.0036714912345271757,0.0012102718514473347,2.744343929422342,0.2809730898962383
sum_square,log_improvement_movement_cost3,log_improvement_movement_cost3,37,0.0036714912345271757,0.0012102718514473347,2.7976801079489033,0.2758299343108348
sum_square,log_improvement_movement_cost3,log_improvement_movement_cost3,38,0.0036714912345271757,0.0012102718514473347,2.8482815907689827,0.2670348663088476
sum_square,log_improvement_movement_cost3,log_improvement_movement_cost3,39,0.0036714912345271757,0.0012102718514473347,2.892224491342128,0.27467781463894086
sum_square,log_improvement_movement_cost3,log_improvement_movement_cost3,40,0.0036714912345271757,0.0012102718514473347,2.928070442170167,0.28428406084978175
sum_square,log_improvement_movement_cost3,log_improvement_movement_cost3,41,0.0036714912345271757,0.0012102718514473347,2.9725209505767602,0.2927181315174063
sum_square,log_improvement_movement_cost3,log_improvement_movement_cost3,42,0.0036714912345271757,0.0012102718514473347,3.024692829008833,0.30976203478566633
sum_square,log_improvement_movement_cost3,log_improvement_movement_cost3,43,0.0036714912345271757,0.0012102718514473347,3.074395591888616,0.32626574900121524
sum_square,log_improvement_movement_cost3,log_improvement_movement_cost3,44,0.0036714912345271757,0.0012102718514473347,3.1698803268787823,0.32398447723748697
sum_square,log_improvement_movement_cost3,log_improvement_movement_cost3,45,0.002897862699306862,0.0013657489662532987,3.233794873680864,0.2983559124232374
sum_square,log_improvement_movement_cost3,log_improvement_movement_cost3,46,0.002897862699306862,0.0013657489662532987,3.283164922058971,0.3103405234564152
sum_square,log_improvement_movement_cost3,log_improvement_movement_cost3,47,0.002897862699306862,0.0013657489662532987,3.3259006698916997,0.2964274433022554
sum_square,log_improvement_movement_cost3,log_improvement_movement_cost3,48,0.0021865545707351083,0.0003629078339730465,3.3578534775784803,0.2879789663259181
sum_square,log_improvement_movement_cost3,log_improvement_movement_cost3,49,0.0021865545707351083,0.0003629078339730465,3.3953960565426313,0.2965406397224492
sum_square,optimistic_selected,optimistic_improvement_movement_cost2,0,0.13511530566821547,0.0476631850142271,0.5096188875017028,0.06490656593149906
sum_square,optimistic_selected,optimistic_improvement_movement_cost2,1,0.08300961686501229,0.05733770304541397,0.5946843255273779,0.08000304182885785
sum_square,optimistic_selected,optimistic_improvement_movement_cost2,2,0.06494933073084126,0.032820413064036665,0.6637545797701956,0.09094479284856606
sum_square,optimistic_selected,optimistic_improvement_movement_cost2,3,0.03417303611343497,0.012160869023338836,0.7306809862991055,0.09585587175053896
sum_square,optimistic_selected,optimistic_improvement_movement_cost2,4,0.03142245321819422,0.014785333347468427,0.8052142912405146,0.10085897873136541
sum_square,optimistic_selected,optimistic_improvement_movement_cost2,5,0.009264427669787587,0.005283830335961759,0.8692282788040675,0.09223264229413343
sum_square,optimistic_selected,optimistic_improvement_movement_cost2,6,0.009264427669787587,0.005283830335961759,0.9186187000288912,0.09323092341662892
sum_square,optimistic_selected,optimistic_improvement_movement_cost2,7,0.004751672882382082,0.003084265420861878,0.9606434501931639,0.09671727536460885
sum_square,optimistic_selected,optimistic_improvement_movement_cost2,8,0.004329066784217934,0.0024889405754408476,0.9948078520268148,0.09944841631977681
sum_square,optimistic_selected,optimistic_improvement_movement_cost2,9,0.0038851222246774307,0.0028999794620570385,1.0260861726922637,0.11014639708022861
sum_square,optimistic_selected,optimistic_improvement_movement_cost2,10,0.0038851222246774307,0.0028999794620570385,1.0637407274530741,0.12081218990811866
sum_square,optimistic_selected,optimistic_improvement_movement_cost2,11,0.0038851222246774307,0.0028999794620570385,1.1336046001988263,0.1350972794609401
sum_square,optimistic_selected,optimistic_improvement_movement_cost2,12,0.0038851222246774307,0.0028999794620570385,1.1838930032870507,0.13535658364509656
sum_square,optimistic_selected,optimistic_improvement_movement_cost2,13,0.0038851222246774307,0.0028999794620570385,1.2365664410839927,0.15267984076164406
sum_square,optimistic_selected,optimistic_improvement_movement_cost2,14,0.0014994257719757118,0.0009803720819819837,1.2930192688377586,0.1612351676285701
sum_square,optimistic_selected,optimistic_improvement_movement_cost2,15,0.0014994257719757118,0.0009803720819819837,1.3440087918178356,0.15852097263614706
sum_square,optimistic_selected,optimistic_improvement_movement_cost2,16,0.0014994257719757118,0.0009803720819819837,1.3917298041393107,0.17061664634502502
sum_square,optimistic_selected,optimistic_improvement_movement_cost2,17,0.0014994257719757118,0.0009803720819819837,1.4363759259645537,0.19422256629301538
sum_square,optimistic_selected,optimistic_improvement_movement_cost2,18,0.0014994257719757118,0.0009803720819819837,1.4883633130240206,0.19147465780879214
sum_square,optimistic_selected,optimistic_improvement_movement_cost2,19,0.0014994257719757118,0.0009803720819819837,1.5327436650904396,0.19861457402378532
sum_square,optimistic_selected,optimistic_improvement_movement_cost2,20,0.0014994257719757118,0.0009803720819819837,1.5669455012801354,0.1977809898790325
sum_square,optimistic_selected,optimistic_improvement_movement_cost2,21,0.0014994257719757118,0.0009803720819819837,1.6245308042738371,0.2086655310059376
sum_square,optimistic_selected,optimistic_improvement_movement_cost2,22,0.0014994257719757118,0.0009803720819819837,1.6797301651925107,0.22105063279946027
sum_square,optimistic_selected,optimistic_improvement_movement_cost2,23,0.0014994257719757118,0.0009803720819819837,1.7334242916472136,0.21948176363263486
sum_square,optimistic_selected,optimistic_improvement_movement_cost2,24,0.0014994257719757118,0.0009803720819819837,1.7798124199187946,0.21955708271148466
sum_square,optimistic_selected,optimistic_improvement_movement_cost2,25,0.0014994257719757118,0.0009803720819819837,1.8360866096446582,0.2141807338542413
sum_square,optimistic_selected,optimistic_improvement_movement_cost2,26,0.0014994257719757118,0.0009803720819819837,1.8750400689073572,0.2166952706582942
sum_square,optimistic_selected,optimistic_improvement_movement_cost2,27,0.0014994257719757118,0.0009803720819819837,1.906585953793088,0.20452362562419527
sum_square,optimistic_selected,optimistic_improvement_movement_cost2,28,0.0014994257719757118,0.0009803720819819837,1.9881565418562157,0.19122551103332797
sum_square,optimistic_selected,optimistic_improvement_movement_cost2,29,0.0014994257719757118,0.0009803720819819837,2.0815450093511783,0.21034505289597252
sum_square,optimistic_selected,optimistic_improvement_movement_cost2,30,0.0014994257719757118,0.0009803720819819837,2.163789510781037,0.22084377569114513
sum_square,optimistic_selected,optimistic_improvement_movement_cost2,31,0.0014994257719757118,0.0009803720819819837,2.202252693966462,0.2335343454077451
sum_square,optimistic_selected,optimistic_improvement_movement_cost2,32,0.0014994257719757118,0.0009803720819819837,2.280270437095012,0.25926502675233953
sum_square,optimistic_selected,optimistic_improvement_movement_cost2,33,0.0014994257719757118,0.0009803720819819837,2.330619160386647,0.2737046858492564
sum_square,optimistic_selected,optimistic_improvement_movement_cost2,34,0.0014994257719757118,0.0009803720819819837,2.379643309835466,0.29231515879631104
sum_square,optimistic_selected,optimistic_improvement_movement_cost2,35,0.0014994257719757118,0.0009803720819819837,2.4187891997908424,0.285490877258969
sum_square,optimistic_selected,optimistic_improvement_movement_cost2,36,0.0014994257719757118,0.0009803720819819837,2.47281550389782,0.27069782168439954
sum_square,optimistic_selected,optimistic_improvement_movement_cost2,37,0.0014994257719757118,0.0009803720819819837,2.5152214129007575,0.26970657693022954
sum_square,optimistic_selected,optimistic_improvement_movement_cost2,38,0.0014994257719757118,0.0009803720819819837,2.5632662793422445,0.26166731279742284
sum_square,optimistic_selected,optimistic_improvement_movement_cost2,39,0.0014994257719757118,0.0009803720819819837,2.6247882153102773,0.27012869627506636
sum_square,optimistic_selected,optimistic_improvement_movement_cost2,40,0.0014691844931841315,0.0009378912954187452,2.6691043773271956,0.2832372477378608
sum_square,optimistic_selected,optimistic_improvement_movement_cost2,41,0.0014691844931841315,0.0009378912954187452,2.7114220188136517,0.2855674968471311
sum_square,optimistic_selected,optimistic_improvement_movement_cost2,42,0.0014691844931841315,0.0009378912954187452,2.761450075069458,0.2967960979749016
sum_square,optimistic_selected,optimistic_improvement_movement_cost2,43,0.0014691844931841315,0.0009378912954187452,2.807825462092644,0.30803125290417066
sum_square,optimistic_selected,optimistic_improvement_movement_cost2,44,0.0014691844931841315,0.0009378912954187452,2.890454869082719,0.3123261829510334
sum_square,optimistic_selected,optimistic_improvement_movement_cost2,45,0.0014691844931841315,0.0009378912954187452,2.963296131792152,0.2904229975822302
sum_square,optimistic_selected,optimistic_improvement_movement_cost2,46,0.0014691844931841315,0.0009378912954187452,3.0159070805190127,0.30092870738187116
sum_square,optimistic_selected,optimistic_improvement_movement_cost2,47,0.0014691844931841315,0.0009378912954187452,3.0477811751610546,0.30073601575391373
sum_square,optimistic_selected,optimistic_improvement_movement_cost2,48,0.0014691844931841315,0.0009378912954187452,3.0811410465193134,0.29260647423021147
sum_square,optimistic_selected,optimistic_improvement_movement_cost2,49,0.0014691844931841315,0.0009378912954187452,3.1221940659223932,0.28069495213812
sum_square,budgeted_exploration,budgeted_exploration,0,0.13667526900842444,0.05162127695382597,0.5057284170403105,0.06752901794575271
sum_square,budgeted_exploration,budgeted_exploration,1,0.06867913051634393,0.05219918656829684,0.6025467833028462,0.08195871789270422
sum_square,budgeted_exploration,budgeted_exploration,2,0.050394701889155936,0.027077878690373845,0.7038088904255847,0.09832257502854881
sum_square,budgeted_exploration,budgeted_exploration,3,0.04829408148601372,0.027790851122692195,0.7849349538419853,0.09649695763691338
sum_square,budgeted_exploration,budgeted_exploration,4,0.036820712617416776,0.01254160279076762,0.8957498602155667,0.12860848695898208
sum_square,budgeted_exploration,budgeted_exploration,5,0.02392525285024627,0.0021307963892834327,1.0057603699371973,0.14104824389628404
sum_square,budgeted_exploration,budgeted_exploration,6,0.02392525285024627,0.0021307963892834327,1.0904671907194887,0.10982565910246904
sum_square,budgeted_exploration,budgeted_exploration,7,0.02392525285024627,0.0021307963892834327,1.181472599401648,0.10821908650961859
sum_square,budgeted_exploration,budgeted_exploration,8,0.019093236572677988,0.005333511798535907,1.281284214210258,0.12771112183201133
sum_square,budgeted_exploration,budgeted_exploration,9,0.01431910608393204,0.0014182028909662254,1.3533268815269166,0.14325194220978738
sum_square,budgeted_exploration,budgeted_exploration,10,0.01431910608393204,0.0014182028909662254,1.4671197983585635,0.16892572877552078
sum_square,budgeted_exploration,budgeted_exploration,11,0.01431910608393204,0.0014182028909662254,1.6143111256441045,0.19830216109221052
sum_square,budgeted_exploration,budgeted_exploration,12,0.01431910608393204,0.0014182028909662254,1.704062429020557,0.1959814963689003
sum_square,budgeted_exploration,budgeted_exploration,13,0.01431910608393204,0.0014182028909662254,1.82588564567025,0.21361826367694745
sum_square,budgeted_exploration,budgeted_exploration,14,0.012296955768853849,0.0024895747416078,1.9169235955445405,0.23181586785150327
sum_square,budgeted_exploration,budgeted_exploration,15,0.012296955768853849,0.0024895747416078,2.006694542394477,0.24340727731911022
sum_square,budgeted_exploration,budgeted_exploration,16,0.010547169705542725,0.0020340999007511713,2.0790544384531504,0.2494818666503267
sum_square,budgeted_exploration,budgeted_exploration,17,0.010547169705542725,0.0020340999007511713,2.1672437298264104,0.2412805200018013
sum_square,budgeted_exploration,budgeted_exploration,18,0.010547169705542725,0.0020340999007511713,2.255401599020292,0.25273424395587624
sum_square,budgeted_exploration,budgeted_exploration,19,0.007437188483645829,0.0027444644740502234,2.338226648191466,0.271612631812217
sum_square,budgeted_exploration,budgeted_exploration,20,0.007437188483645829,0.0027444644740502234,2.4405950556509635,0.28564732121915504
sum_square,budgeted_exploration,budgeted_exploration,21,0.007437188483645829,0.0027444644740502234,2.5631183248120593,0.28147190768684377
sum_square,budgeted_exploration,budgeted_exploration,22,0.0054864536498717515,0.0018990285896708944,2.670617297517893,0.31732083277821427
sum_square,budgeted_exploration,budgeted_exploration,23,0.0054864536498717515,0.0018990285896708944,2.772047463983338,0.3530183106707486
sum_square,budgeted_exploration,budgeted_exploration,24,0.0054864536498717515,0.0018990285896708944,2.8972627745575483,0.35444644310054196
sum_square,budgeted_exploration,budgeted_exploration,25,0.0054864536498717515,0.0018990285896708944,3.0241739686000404,0.3471958373960102
sum_square,budgeted_exploration,budgeted_exploration,26,0.0054864536498717515,0.0018990285896708944,3.1442772326745794,0.34545379584604513
sum_square,budgeted_exploration,budgeted_exploration,27,0.0054864536498717515,0.0018990285896708944,3.240744119458391,0.3392521934477523
sum_square,budgeted_exploration,budgeted_exploration,28,0.0054864536498717515,0.0018990285896708944,3.4150532543744663,0.3534425991206548
sum_square,budgeted_exploration,budgeted_exploration,29,0.0054864536498717515,0.0018990285896708944,3.5475400499835836,0.40475178774244264
sum_square,budgeted_exploration,budgeted_exploration,30,0.0054864536498717515,0.0018990285896708944,3.668305488487187,0.458497397480492
sum_square,budgeted_exploration,budgeted_exploration,31,0.0054864536498717515,0.0018990285896708944,3.7608368314609084,0.5034763738528464
sum_square,budgeted_exploration,budgeted_exploration,32,0.0054864536498717515,0.0018990285896708944,3.895319900884443,0.5669780124275536
sum_square,budgeted_exploration,budgeted_exploration,33,0.0054864536498717515,0.0018990285896708944,3.999716458101238,0.597226413262231
sum_square,budgeted_exploration,budgeted_exploration,34,0.0054864536498717515,0.0018990285896708944,4.1084095370556835,0.6136320899194354
sum_square,budgeted_exploration,budgeted_exploration,35,0.0054864536498717515,0.0018990285896708944,4.2177621715368145,0.6036734118136127
sum_square,budgeted_exploration,budgeted_exploration,36,0.0054864536498717515,0.0018990285896708944,4.324094455963231,0.5870559212820373
sum_square,budgeted_exploration,budgeted_exploration,37,0.004950560480510483,0.002451134567146203,4.385083526062393,0.6015956706092955
sum_square,budgeted_exploration,budgeted_exploration,38,0.004950560480510483,0.002451134567146203,4.447247833846196,0.6014295444463726
sum_square,budgeted_exploration,budgeted_exploration,39,0.004950560480510483,0.002451134567146203,4.538708298531545,0.5773408443377841
sum_square,budgeted_exploration,budgeted_exploration,40,0.004950560480510483,0.002451134567146203,4.60471829139678,0.5815056139721024
sum_square,budgeted_exploration,budgeted_exploration,41,0.004950560480510483,0.002451134567146203,4.683396997695525,0.5739568399760591
sum_square,budgeted_exploration,budgeted_exploration,42,0.004950560480510483,0.002451134567146203,4.79366183342085,0.566137712633814
sum_square,budgeted_exploration,budgeted_exploration,43,0.004105314901766843,0.002850911313475869,4.864231799489887,0.5601820044847753
sum_square,budgeted_exploration,budgeted_exploration,44,0.003645464514427406,0.002200827239316172,4.94879758133579,0.5740207509199085
sum_square,budgeted_exploration,budgeted_exploration,45,0.003645464514427406,0.002200827239316172,5.054378148375225,0.5716992291577575
sum_square,budgeted_exploration,budgeted_exploration,46,0.003645464514427406,0.002200827239316172,5.132540982589183,0.5843918800046921
sum_square,budgeted_exploration,budgeted_exploration,47,0.003645464514427406,0.002200827239316172,5.1819851195318245,0.5899351012234093
sum_square,budgeted_exploration,budgeted_exploration,48,0.002376955136560862,0.00041154618957003897,5.2306737916411405,0.566246207890325
sum_square,budgeted_exploration,budgeted_exploration,49,0.002376955136560862,0.00041154618957003897,5.273688434377479,0.5783498365260132
sum_square,lookahead_budgeted_exploration,lookahead_budgeted_exploration,0,0.12892635361022145,0.09574088598705562,0.5233333446813868,0.06821606258492562
sum_square,lookahead_budgeted_exploration,lookahead_budgeted_exploration,1,0.0561806108917268,0.049929047930704705,0.6068371385873679,0.06406758644649029
sum_square,lookahead_budgeted_exploration,lookahead_budgeted_exploration,2,0.046599271163077334,0.03652733917803202,0.6865939257531849,0.07715247588882096
sum_square,lookahead_budgeted_exploration,lookahead_budgeted_exploration,3,0.03475335109770936,0.02023315630056597,0.773427621289913,0.07413230682655413
sum_square,lookahead_budgeted_exploration,lookahead_budgeted_exploration,4,0.03125564645394755,0.021793968010593575,0.8664632039320219,0.06999551534337267
sum_square,lookahead_budgeted_exploration,lookahead_budgeted_exploration,5,0.020420384499582053,0.0066883418765422645,0.9478968772649102,0.06647333128237948
sum_square,lookahead_budgeted_exploration,lookahead_budgeted_exploration,6,0.01776664151126007,0.0033094775647634395,1.0418834933748025,0.0800431923259426
sum_square,lookahead_budgeted_exploration,lookahead_budgeted_exploration,7,0.01445772217411359,0.0028794312600794888,1.1233188924891488,0.08795911013331074
sum_square,lookahead_budgeted_exploration,lookahead_budgeted_exploration,8,0.01445772217411359,0.0028794312600794888,1.241060827864934,0.06947522150049093
sum_square,lookahead_budgeted_exploration,lookahead_budgeted_exploration,9,0.01445772217411359,0.0028794312600794888,1.3300755079009263,0.08838786695487097
sum_square,lookahead_budgeted_exploration,lookahead_budgeted_exploration,10,0.01445772217411359,0.0028794312600794888,1.4547796511285014,0.14524446426136134
sum_square,lookahead_budgeted_exploration,lookahead_budgeted_exploration,11,0.01445772217411359,0.0028794312600794888,1.5816011124300065,0.16867278539513844
sum_square,lookahead_budgeted_exploration,lookahead_budgeted_exploration,12,0.01445772217411359,0.0028794312600794888,1.6915332260843623,0.19701033784583807
sum_square,lookahead_budgeted_exploration,lookahead_budgeted_exploration,13,0.01445772217411359,0.0028794312600794888,1.7752382756914136,0.19073918384483518
sum_square,lookahead_budgeted_exploration,lookahead_budgeted_exploration,14,0.01445772217411359,0.0028794312600794888,1.900280927559261,0.13849562975648358
sum_square,lookahead_budgeted_exploration,lookahead_budgeted_exploration,15,0.01445772217411359,0.0028794312600794888,2.0373539990753553,0.1367935192000866
sum_square,lookahead_budgeted_exploration,lookahead_budgeted_exploration,16,0.01445772217411359,0.0028794312600794888,2.120658615337815,0.14237803925684767
sum_square,lookahead_budgeted_exploration,lookahead_budgeted_exploration,17,0.01445772217411359,0.0028794312600794888,2.218441093344714,0.1315570440135446
sum_square,lookahead_budgeted_exploration,lookahead_budgeted_exploration,18,0.01445772217411359,0.0028794312600794888,2.3045480245306784,0.12552914885732316
sum_square,lookahead_budgeted_exploration,lookahead_budgeted_exploration,19,0.01445772217411359,0.0028794312600794888,2.3923278914896224,0.164487308140804
sum_square,lookahead_budgeted_exploration,lookahead_budgeted_exploration,20,0.01445772217411359,0.0028794312600794888,2.4703295941227914,0.18485761300950082
sum_square,lookahead_budgeted_exploration,lookahead_budgeted_exploration,21,0.011676630706062249,0.001392399424119132,2.5665507805352084,0.18608475826103515
sum_square,lookahead_budgeted_exploration,lookahead_budgeted_exploration,22,0.011676630706062249,0.001392399424119132,2.6604760345108445,0.1565220356032332
sum_square,lookahead_budgeted_exploration,lookahead_budgeted_exploration,23,0.011676630706062249,0.001392399424119132,2.7553188809587694,0.1653421339709533
sum_square,lookahead_budgeted_exploration,lookahead_budgeted_exploration,24,0.011676630706062249,0.001392399424119132,2.8491047451453557,0.16381230461327437
sum_square,lookahead_budgeted_exploration,lookahead_budgeted_exploration,25,0.008571923959663365,0.0032030485456560876,2.9585322568687196,0.16493575316318462
sum_square,lookahead_budgeted_exploration,lookahead_budgeted_exploration,26,0.008571923959663365,0.0032030485456560876,3.080865026361705,0.20687410078573928
sum_square,lookahead_budgeted_exploration,lookahead_budgeted_exploration,27,0.008571923959663365,0.0032030485456560876,3.2017546913541994,0.2408161255517373
sum_square,lookahead_budgeted_exploration,lookahead_budgeted_exploration,28,0.008571923959663365,0.0032030485456560876,3.2982018310555588,0.28963099246037616
sum_square,lookahead_budgeted_exploration,lookahead_budgeted_exploration,29,0.008571923959663365,0.0032030485456560876,3.404847733119107,0.30460049815039514
sum_square,lookahead_budgeted_exploration,lookahead_budgeted_exploration,30,0.00802835660062863,0.0030425423816086206,3.490260992837198,0.3100872588971254
sum_square,lookahead_budgeted_exploration,lookahead_budgeted_exploration,31,0.005309397228400213,0.0022106166574187773,3.5355904018548174,0.30050803710902324
sum_square,lookahead_budgeted_exploration,lookahead_budgeted_exploration,32,0.005309397228400213,0.0022106166574187773,3.597380158484887,0.2783496936451525
sum_square,lookahead_budgeted_exploration,lookahead_budgeted_exploration,33,0.005309397228400213,0.0022106166574187773,3.6728167857192737,0.27086638871607754
sum_square,lookahead_budgeted_exploration,lookahead_budgeted_exploration,34,0.005309397228400213,0.0022106166574187773,3.767962059885143,0.29715119390036926
sum_square,lookahead_budgeted_exploration,lookahead_budgeted_exploration,35,0.005309397228400213,0.0022106166574187773,3.848162532879051,0.33001476322369394
sum_square,lookahead_budgeted_exploration,lookahead_budgeted_exploration,36,0.005309397228400213,0.0022106166574187773,3.8857164292924815,0.333183520349437
sum_square,lookahead_budgeted_exploration,lookahead_budgeted_exploration,37,0.005309397228400213,0.0022106166574187773,3.9335351936537335,0.3459330691639901
sum_square,lookahead_budgeted_exploration,lookahead_budgeted_exploration,38,0.005309397228400213,0.0022106166574187773,3.9765391254266658,0.3221150533582664
sum_square,lookahead_budgeted_exploration,lookahead_budgeted_exploration,39,0.005309397228400213,0.0022106166574187773,4.0300961373963835,0.3111096675737682
sum_square,lookahead_budgeted_exploration,lookahead_budgeted_exploration,40,0.005309397228400213,0.0022106166574187773,4.074554396936187,0.32693519098401663
sum_square,lookahead_budgeted_exploration,lookahead_budgeted_exploration,41,0.005309397228400213,0.0022106166574187773,4.1257179277612925,0.3143211438091499
sum_square,lookahead_budgeted_exploration,lookahead_budgeted_exploration,42,0.005309397228400213,0.0022106166574187773,4.171871779538054,0.2828849402348825
sum_square,lookahead_budgeted_exploration,lookahead_budgeted_exploration,43,0.005309397228400213,0.0022106166574187773,4.234120399092023,0.23466436551997896
sum_square,lookahead_budgeted_exploration,lookahead_budgeted_exploration,44,0.005309397228400213,0.0022106166574187773,4.2913389366086045,0.22944431049068043
sum_square,lookahead_budgeted_exploration,lookahead_budgeted_exploration,45,0.005309397228400213,0.0022106166574187773,4.36416504945453,0.22378483961899445
sum_square,lookahead_budgeted_exploration,lookahead_budgeted_exploration,46,0.005309397228400213,0.0022106166574187773,4.414346867476727,0.21799192898136338
sum_square,lookahead_budgeted_exploration,lookahead_budgeted_exploration,47,0.004030059279877596,0.0011368024854533307,4.457210744552082,0.23451312187765197
sum_square,lookahead_budgeted_exploration,lookahead_budgeted_exploration,48,0.004030059279877596,0.0011368024854533307,4.523033120047156,0.22830956878726816
sum_square,lookahead_budgeted_exploration,lookahead_budgeted_exploration,49,0.004030059279877596,0.0011368024854533307,4.600676595427139,0.21158544121918552
