function,method,reward_dir,iteration,best_regret_mean,best_regret_std,cum_scaled_move_cost_mean,cum_scaled_move_cost_std
ackley,pure_bo,pure_bo,0,2.43405595800599,0.7221982611428939,1.103773889960182,0.32738536908595733
ackley,pure_bo,pure_bo,1,2.3151071055994112,0.8745746938853063,1.5807745382476839,0.7829389417628441
ackley,pure_bo,pure_bo,2,2.035831809337436,0.6363325742773919,2.0344339834433125,0.7265506344166613
ackley,pure_bo,pure_bo,3,1.9196021032000505,0.5291089047750196,2.3794360741748624,0.638115066022927
ackley,pure_bo,pure_bo,4,1.7925735108629706,0.4378430739728199,2.845716598857083,0.7508843017179168
ackley,pure_bo,pure_bo,5,1.7925735108629706,0.4378430739728199,3.159744904725033,0.9008817703900788
ackley,pure_bo,pure_bo,6,1.7594802173399469,0.4168769660025821,3.642485659016552,1.1282116011147925
ackley,pure_bo,pure_bo,7,1.7594802173399469,0.4168769660025821,4.147199922007729,1.429326216960491
ackley,pure_bo,pure_bo,8,1.6099256298298226,0.3380903632792482,4.722542509626625,1.772491561873506
ackley,pure_bo,pure_bo,9,1.4805065460619702,0.21718311761587134,5.235676618886781,2.2287107783329807
ackley,pure_bo,pure_bo,10,1.4805065460619702,0.21718311761587134,5.610818259134034,2.5836142918438076
ackley,pure_bo,pure_bo,11,1.3140756456307412,0.2235835490842418,6.033724733616178,2.8861721286516073
ackley,pure_bo,pure_bo,12,1.3140756456307412,0.2235835490842418,6.548165014926774,3.4136556117146246
ackley,pure_bo,pure_bo,13,1.2826592155192025,0.17926242044779594,7.059773380070552,3.887204218744101
ackley,pure_bo,pure_bo,14,1.2826592155192025,0.17926242044779594,7.6520204251230055,4.490474390100244
ackley,pure_bo,pure_bo,15,1.1784252988375863,0.19696144209198935,8.279938292812467,5.03998664931391
ackley,pure_bo,pure_bo,16,1.1784252988375863,0.19696144209198935,8.630538063162541,5.341418916398044
ackley,pure_bo,pure_bo,17,1.0367731565508607,0.38280944680399026,9.319230451728787,5.974356989251489
ackley,pure_bo,pure_bo,18,1.0367731565508607,0.38280944680399026,9.771099158997508,6.427660730863623
ackley,pure_bo,pure_bo,19,0.9984015941830747,0.3462872049973198,10.261870607008904,6.878165148755952
ackley,pure_bo,pure_bo,20,0.9984015941830747,0.3462872049973198,11.048624095720621,7.1087400536005285
ackley,pure_bo,pure_bo,21,0.9984015941830747,0.3462872049973198,11.8222842866543,7.579953286348417
ackley,pure_bo,pure_bo,22,0.9984015941830747,0.3462872049973198,12.456730936132677,7.8780201777426795
ackley,pure_bo,pure_bo,23,0.9984015941830747,0.3462872049973198,13.220547248925506,8.095552631601077
ackley,pure_bo,pure_bo,24,0.9984015941830747,0.3462872049973198,13.896124927331298,8.27522393476765
ackley,pure_bo,pure_bo,25,0.914676406636807,0.4635897979075443,15.111451138332713,8.443188367285103
ackley,pure_bo,pure_bo,26,0.914676406636807,0.4635897979075443,16.383467567666738,8.7957006004136
ackley,pure_bo,pure_bo,27,0.914676406636807,0.4635897979075443,17.332681375313513,8.950651102929546
ackley,pure_bo,pure_bo,28,0.914676406636807,0.4635897979075443,18.779432568258162,8.915144938212775
ackley,pure_bo,pure_bo,29,0.914676406636807,0.4635897979075443,19.9871331456023,8.661048295361004
ackley,pure_bo,pure_bo,30,0.914676406636807,0.4635897979075443,21.31385019801194,9.154885427557858
ackley,pure_bo,pure_bo,31,0.914676406636807,0.4635897979075443,22.94482991820605,8.894588774351428
ackley,pure_bo,pure_bo,32,0.914676406636807,0.4635897979075443,24.69254864102473,8.392151682679156
ackley,pure_bo,pure_bo,33,0.914676406636807,0.4635897979075443,26.36307176545537,8.244075172741406
ackley,pure_bo,pure_bo,34,0.914676406636807,0.4635897979075443,28.209488060804357,8.171396702534318
ackley,pure_bo,pure_bo,35,0.9101671190359485,0.45980200932926957,30.017489071387946,7.515654889395625
ackley,pure_bo,pure_bo,36,0.9101671190359485,0.45980200932926957,31.165348760275787,7.375555439704523
ackley,pure_bo,pure_bo,37,0.9101671190359485,0.45980200932926957,32.86044761982822,7.08084816392852
ackley,pure_bo,pure_bo,38,0.9101671190359485,0.45980200932926957,34.616065316057906,6.959427056717591
ackley,pure_bo,pure_bo,39,0.9101671190359485,0.45980200932926957,35.80671293701088,7.42377683801787
ackley,pure_bo,pure_bo,40,0.9101671190359485,0.45980200932926957,37.35392149163706,7.359622901082717
ackley,pure_bo,pure_bo,41,0.9101671190359485,0.45980200932926957,39.003305795472606,7.248914727062395
ackley,pure_bo,pure_bo,42,0.9101671190359485,0.45980200932926957,40.51286174069007,7.164980795855639
ackley,pure_bo,pure_bo,43,0.9101671190359485,0.45980200932926957,42.36811606764939,6.77539402694297
ackley,pure_bo,pure_bo,44,0.9101671190359485,0.45980200932926957,44.50491753368734,6.58373419434298
ackley,pure_bo,pure_bo,45,0.9101671190359485,0.45980200932926957,46.455046493815786,6.063928941690197
ackley,pure_bo,pure_bo,46,0.9101671190359485,0.45980200932926957,48.25142533198016,5.811607898496644
ackley,pure_bo,pure_bo,47,0.9101671190359485,0.45980200932926957,50.13767927651662,5.545767480099857
ackley,pure_bo,pure_bo,48,0.9101671190359485,0.45980200932926957,51.996507599536095,4.96073531727464
ackley,pure_bo,pure_bo,49,0.9101671190359485,0.45980200932926957,53.73927022686707,4.546237840112749
ackley,earlbo,earlbo,0,2.7011023168004566,0.41428114825177015,0.9833520529090487,0.08970120592821992
ackley,earlbo,earlbo,1,2.2142039585671722,0.18077320381973233,1.210502556783961,0.17989244481479125
ackley,earlbo,earlbo,2,2.0832803864222345,0.06291170751354451,1.430786051897159,0.1961540073634358
ackley,earlbo,earlbo,3,2.0561343980055153,0.09726994619629242,1.5920085507767807,0.24427881124295758
ackley,earlbo,earlbo,4,1.9967824174210005,0.057226261881791786,1.7890943266783215,0.30039091839665866
ackley,earlbo,earlbo,5,1.9831701950867693,0.060784686883578146,2.13048206086591,0.34090636259478324
ackley,earlbo,earlbo,6,1.93890943591881,0.11193885155018919,2.4790183212814263,0.42607405893864514
ackley,earlbo,earlbo,7,1.93890943591881,0.11193885155018919,2.6891614559836046,0.4654380608235539
ackley,earlbo,earlbo,8,1.8522416212343682,0.179642954433404,2.9717689508226246,0.5028484936302318
ackley,earlbo,earlbo,9,1.8522416212343682,0.179642954433404,3.182474691116711,0.5581646067902315
ackley,earlbo,earlbo,10,1.7557548300869457,0.25500892151592275,3.448575017411638,0.5765284319727227
ackley,earlbo,earlbo,11,1.7397879829674452,0.2401665711157147,3.6802094128851564,0.5903513163321702
ackley,earlbo,earlbo,12,1.5196247757337051,0.41754342454993804,3.9220913613481847,0.5701302985333946
ackley,earlbo,earlbo,13,1.3763420843724692,0.4223258531300038,4.22156257625591,0.6930960836834948
ackley,earlbo,earlbo,14,1.1467914198338183,0.3363589803687157,4.500025860107949,0.7419845840048882
ackley,earlbo,earlbo,15,1.1204736578923513,0.3596731589290901,4.690850532840149,0.6841023425626905
ackley,earlbo,earlbo,16,1.0727262190767008,0.2937090793913561,4.950008343447922,0.6493166552922576
ackley,earlbo,earlbo,17,1.0727262190767008,0.2937090793913561,5.321134123348476,0.8318349400581567
ackley,earlbo,earlbo,18,0.9433215273766268,0.2877712994332149,5.628096239334131,1.0282161510911378
ackley,earlbo,earlbo,19,0.7766031542425785,0.3283082578229304,5.766627798438642,1.0331706452301774
ackley,earlbo,earlbo,20,0.7624034409481676,0.3095313394914122,5.950560677932379,1.0344561482324606
ackley,earlbo,earlbo,21,0.6803582866593811,0.20591748963526385,6.243656680758437,0.873288721048407
ackley,earlbo,earlbo,22,0.6803582866593811,0.20591748963526385,6.627918305404271,0.7054298348647673
ackley,earlbo,earlbo,23,0.6803582866593811,0.20591748963526385,6.971110510248232,0.6341129862369856
ackley,earlbo,earlbo,24,0.6803582866593811,0.20591748963526385,7.450734112912617,0.809111243387671
ackley,earlbo,earlbo,25,0.6803582866593811,0.20591748963526385,7.86682304172648,1.0543996693542645
ackley,earlbo,earlbo,26,0.6553215822904895,0.20692876392765547,8.233859544001481,1.0559680666618811
ackley,earlbo,earlbo,27,0.6553215822904895,0.20692876392765547,8.767799175110934,1.0807591659747935
ackley,earlbo,earlbo,28,0.6553215822904895,0.20692876392765547,9.2024465625222,1.0229471585547891
ackley,earlbo,earlbo,29,0.6553215822904895,0.20692876392765547,9.787635114113494,1.140656745873725
ackley,earlbo,earlbo,30,0.6057418249440585,0.14866507855833738,10.314387859741359,1.261784405856973
ackley,earlbo,earlbo,31,0.6057418249440585,0.14866507855833738,10.730667976710876,1.1972866490370757
ackley,earlbo,earlbo,32,0.6057418249440585,0.14866507855833738,11.11095302913464,1.1429087444447321
ackley,earlbo,earlbo,33,0.6057418249440585,0.14866507855833738,11.571647415881984,1.1374659593048355
ackley,earlbo,earlbo,34,0.6057418249440585,0.14866507855833738,11.977272154176804,1.1161559973176387
ackley,earlbo,earlbo,35,0.6057418249440585,0.14866507855833738,12.236468417581627,1.201776640196675
ackley,earlbo,earlbo,36,0.6057418249440585,0.14866507855833738,12.551844832850767,1.2914595490242649
ackley,earlbo,earlbo,37,0.6057418249440585,0.14866507855833738,13.00647799214724,1.3692723991314335
ackley,earlbo,earlbo,38,0.6057418249440585,0.14866507855833738,13.451396646597297,1.354880739995705
ackley,earlbo,earlbo,39,0.587365932174487,0.1500545916829435,13.822301365039841,1.5204636640780158
ackley,earlbo,earlbo,40,0.587365932174487,0.1500545916829435,14.29496532480764,1.5264602339783568
ackley,earlbo,earlbo,41,0.587365932174487,0.1500545916829435,14.81713861609616,1.5500994469497795
ackley,earlbo,earlbo,42,0.587365932174487,0.1500545916829435,15.134859612597419,1.577688531924828
ackley,earlbo,earlbo,43,0.5699292721714954,0.12751898578678905,15.553708534253738,1.4770207408999012
ackley,earlbo,earlbo,44,0.5699292721714954,0.12751898578678905,15.905082203550853,1.4514556526577418
ackley,earlbo,earlbo,45,0.5699292721714954,0.12751898578678905,16.308429805446423,1.5286698342975233
ackley,earlbo,earlbo,46,0.5699292721714954,0.12751898578678905,16.664129915032174,1.5122524199594471
ackley,earlbo,earlbo,47,0.5366152938001147,0.08770022394388743,17.061440309007295,1.5604315874267798
ackley,earlbo,earlbo,48,0.5366152938001147,0.08770022394388743,17.52865569858292,1.4762503396089581
ackley,earlbo,earlbo,49,0.5366152938001147,0.08770022394388743,17.793271019215055,1.3849407154372455
ackley,snake,snake,0,2.138000769476044,0.357221751738498,0.92570549147873,0.14161567984742107
ackley,snake,snake,1,1.8669892691625598,0.2585881058312319,1.1117443930507427,0.1498358797236276
ackley,snake,snake,2,1.817366834301459,0.2864612343758063,1.2171294535353285,0.15735433171961277
ackley,snake,snake,3,1.760969960814134,0.2067040200696885,1.3538721596887189,0.15358048486651643
ackley,snake,snake,4,1.553427984991055,0.3476920836667307,1.4915879988682992,0.13409590572933447
ackley,snake,snake,5,1.5067129610827166,0.3710166030959911,1.5889830620241734,0.1395772757741938
ackley,snake,snake,6,1.305387344975625,0.27023924797701016,1.7146100488572522,0.147350383840879
ackley,snake,snake,7,0.9383860897500639,0.2793161246104282,1.830372752112441,0.1574028548614554
ackley,snake,snake,8,0.7953703022599,0.22385083079305054,1.9457530724233365,0.1730870760140503
ackley,snake,snake,9,0.7847349320657723,0.2358458834447136,2.0878370006628946,0.15167544800306246
ackley,snake,snake,10,0.7779186636794025,0.23704587830563828,2.200396577332352,0.18633230481174148
ackley,snake,snake,11,0.7346473016072091,0.2875775544562094,2.311606574320739,0.2016154078240876
ackley,snake,snake,12,0.7346473016072091,0.2875775544562094,2.4509988981414903,0.23200543707271867
ackley,snake,snake,13,0.716939656610026,0.2740059649283525,2.568470378728025,0.22443931759034838
ackley,snake,snake,14,0.43891720748211843,0.16790131552391416,2.6875892112396227,0.23819708676415605
ackley,snake,snake,15,0.4385230749337983,0.16802863576397728,2.7828688770137933,0.23907253578135096
ackley,snake,snake,16,0.4385230749337983,0.16802863576397728,2.885018670681768,0.2646483893228604
ackley,snake,snake,17,0.39093855407632977,0.1053638147486515,3.145207146097714,0.38286281537598343
ackley,snake,snake,18,0.36321764869064355,0.07277436913700863,3.3741565165575835,0.5406061743182455
ackley,snake,snake,19,0.3332098611288328,0.04976320626789099,3.599117080792619,0.38745169435986787
ackley,snake,snake,20,0.3332098611288328,0.04976320626789099,3.8973894620558087,0.35292082207667036
ackley,snake,snake,21,0.31661268900765355,0.07261143665133746,4.023029338578355,0.3041463329133068
ackley,snake,snake,22,0.31661268900765355,0.07261143665133746,4.120921695243668,0.30114989344751814
ackley,snake,snake,23,0.31661268900765355,0.07261143665133746,4.238443880421712,0.30729463137304786
ackley,snake,snake,24,0.2822167316055754,0.05488029930101541,4.327853555370266,0.3122825366255639
ackley,snake,snake,25,0.2822167316055754,0.05488029930101541,4.4348188978370615,0.32439602393459477
ackley,snake,snake,26,0.2822167316055754,0.05488029930101541,4.576143295471701,0.2915115004229871
ackley,snake,snake,27,0.2822167316055754,0.05488029930101541,4.765733451465306,0.41697417958964816
ackley,snake,snake,28,0.2822167316055754,0.05488029930101541,4.9707774852745,0.5605306041379426
ackley,snake,snake,29,0.2822167316055754,0.05488029930101541,5.246226977309926,0.7759102578815099
ackley,snake,snake,30,0.2677401645331294,0.03902886966188002,5.529819691101689,0.9998242464508228
ackley,snake,snake,31,0.2677401645331294,0.03902886966188002,5.595436472181298,0.9986186356902321
ackley,snake,snake,32,0.2677401645331294,0.03902886966188002,5.871996389710506,0.8778131521275215
ackley,snake,snake,33,0.21703222907850206,0.03928384157316532,6.140131106145501,0.8025995776493949
ackley,snake,snake,34,0.21703222907850206,0.03928384157316532,6.255507605871419,0.834414496976382
ackley,snake,snake,35,0.21703222907850206,0.03928384157316532,6.355349466805268,0.8112575498312239
ackley,snake,snake,36,0.21703222907850206,0.03928384157316532,6.425967565099473,0.8255082801717016
ackley,snake,snake,37,0.20419969007324493,0.043929730983924824,6.660027660333835,0.6893190171249857
ackley,snake,snake,38,0.20419969007324493,0.043929730983924824,6.969490948554341,0.6446549667691724
ackley,snake,snake,39,0.17427061906400163,0.002968123701859302,7.185581498973977,0.7334479549420361
ackley,snake,snake,40,0.17427061906400163,0.002968123701859302,7.512389137553284,0.6944323966878235
ackley,snake,snake,41,0.17427061906400163,0.002968123701859302,8.065762446902552,0.5885897674270891
ackley,snake,snake,42,0.17427061906400163,0.002968123701859302,8.622923861750287,0.5295577248944775
ackley,snake,snake,43,0.17427061906400163,0.002968123701859302,9.0984477278353,0.31717510087282974
ackley,snake,snake,44,0.17427061906400163,0.002968123701859302,9.624073540394267,0.28425851254445056
ackley,snake,snake,45,0.17427061906400163,0.002968123701859302,10.09986011786227,0.3062435672137586
ackley,snake,snake,46,0.17427061906400163,0.002968123701859302,10.66517450079377,0.2808358278015759
ackley,snake,snake,47,0.17427061906400163,0.002968123701859302,11.146274873669926,0.36587395228613934
ackley,snake,snake,48,0.17427061906400163,0.002968123701859302,11.489336709339929,0.47966222677809806
ackley,snake,snake,49,0.17427061906400163,0.002968123701859302,11.839256671588885,0.5397045072332993
ackley,log_improvement_movement_cost3,log_improvement_movement_cost3,0,2.1309646279595076,0.34628915714180675,0.9250269651194024,0.14165251788616098
ackley,log_improvement_movement_cost3,log_improvement_movement_cost3,1,1.8220187562744214,0.25100268143071974,1.090171404516832,0.1437143397704626
ackley,log_improvement_movement_cost3,log_improvement_movement_cost3,2,1.7570666953552863,0.2905641431874551,1.2052844972749022,0.14439913195655868
ackley,log_improvement_movement_cost3,log_improvement_movement_cost3,3,1.6397885088916002,0.12565337896721424,1.3769412773028176,0.0969172786597515
ackley,log_improvement_movement_cost3,log_improvement_movement_cost3,4,1.2866965986133434,0.17269173678538097,1.5292304526519152,0.11190517874961646
ackley,log_improvement_movement_cost3,log_improvement_movement_cost3,5,1.2854679745063635,0.17098104533578046,1.6328482846699701,0.11759506685734078
ackley,log_improvement_movement_cost3,log_improvement_movement_cost3,6,1.1008898276587264,0.11980777590385219,1.7671394507894522,0.13844383772958258
ackley,log_improvement_movement_cost3,log_improvement_movement_cost3,7,0.9922502736171587,0.17810267820197043,1.8959159459933028,0.16540001042511235
ackley,log_improvement_movement_cost3,log_improvement_movement_cost3,8,0.9704205134946927,0.2022533189113359,2.0701651835062513,0.20891087778071407
ackley,log_improvement_movement_cost3,log_improvement_movement_cost3,9,0.8861913043630835,0.2759395238033144,2.2196638475487824,0.23112930621806346
ackley,log_improvement_movement_cost3,log_improvement_movement_cost3,10,0.8564178361964747,0.28067192478229214,2.338273795046573,0.26209413226197814
ackley,log_improvement_movement_cost3,log_improvement_movement_cost3,11,0.7850756872189225,0.2812246900010568,2.4932436281620975,0.26984385135408007
ackley,log_improvement_movement_cost3,log_improvement_movement_cost3,12,0.7850756872189225,0.2812246900010568,2.5835452847688667,0.2637716274722032
ackley,log_improvement_movement_cost3,log_improvement_movement_cost3,13,0.7121214128820831,0.3316471541730558,2.712198036132795,0.29614262667568086
ackley,log_improvement_movement_cost3,log_improvement_movement_cost3,14,0.6197023351954347,0.2009488246887897,2.8062309155331455,0.2993531222634625
ackley,log_improvement_movement_cost3,log_improvement_movement_cost3,15,0.5870516680721592,0.15477531005277745,2.9469128364249624,0.30394487934518993
ackley,log_improvement_movement_cost3,log_improvement_movement_cost3,16,0.5214592122718789,0.2019734394710781,3.0647673982756864,0.3184136459054896
ackley,log_improvement_movement_cost3,log_improvement_movement_cost3,17,0.47669243582978327,0.23566468551460448,3.182627756086705,0.36590523785918616
ackley,log_improvement_movement_cost3,log_improvement_movement_cost3,18,0.47669243582978327,0.23566468551460448,3.27877521763914,0.3828676518513042
ackley,log_improvement_movement_cost3,log_improvement_movement_cost3,19,0.44597708751914117,0.19287185741667714,3.4080627127921033,0.4201890823128002
ackley,log_improvement_movement_cost3,log_improvement_movement_cost3,20,0.3570109641310097,0.10749445009290046,3.524273266396945,0.41568026589083257
ackley,log_improvement_movement_cost3,log_improvement_movement_cost3,21,0.3570109641310097,0.10749445009290046,3.6307708877283904,0.3991384876015733
ackley,log_improvement_movement_cost3,log_improvement_movement_cost3,22,0.3570109641310097,0.10749445009290046,3.776278143021693,0.39419721041758043
ackley,log_improvement_movement_cost3,log_improvement_movement_cost3,23,0.33884157626391503,0.12018846048532005,3.9294905124009816,0.36902547331706786
ackley,log_improvement_movement_cost3,log_improvement_movement_cost3,24,0.33884157626391503,0.12018846048532005,4.022249857735816,0.4004778060874143
ackley,log_improvement_movement_cost3,log_improvement_movement_cost3,25,0.33884157626391503,0.12018846048532005,4.123381005000181,0.38732345746181496
ackley,log_improvement_movement_cost3,log_improvement_movement_cost3,26,0.33884157626391503,0.12018846048532005,4.245484208416813,0.3700467124594349
ackley,log_improvement_movement_cost3,log_improvement_movement_cost3,27,0.3038822369819596,0.07107859863715538,4.340640969056452,0.36381787722145287
ackley,log_improvement_movement_cost3,log_improvement_movement_cost3,28,0.28424980155616614,0.043826223479586916,4.427611798617112,0.35784772479591753
ackley,log_improvement_movement_cost3,log_improvement_movement_cost3,29,0.2749378646324634,0.049100757236414445,4.539146852230101,0.3552662350336535
ackley,log_improvement_movement_cost3,log_improvement_movement_cost3,30,0.24967022817599535,0.013382098235515812,4.640030999902996,0.35195640917332066
ackley,log_improvement_movement_cost3,log_improvement_movement_cost3,31,0.24487347715971142,0.006619873340391481,4.738132107220511,0.331790520559558
ackley,log_improvement_movement_cost3,log_improvement_movement_cost3,32,0.24487347715971142,0.006619873340391481,4.832804966321851,0.3237605453221626
ackley,log_improvement_movement_cost3,log_improvement_movement_cost3,33,0.24487347715971142,0.006619873340391481,4.961310545075162,0.306930001542481
ackley,log_improvement_movement_cost3,log_improvement_movement_cost3,34,0.24487347715971142,0.006619873340391481,5.089097191811416,0.33302902510184884
ackley,log_improvement_movement_cost3,log_improvement_movement_cost3,35,0.24051883687689513,0.011411486387153991,5.2006089558828394,0.34768748440603875
ackley,log_improvement_movement_cost3,log_improvement_movement_cost3,36,0.16664752086808857,0.04217780959343397,5.3084735179352505,0.36266130214748404
ackley,log_improvement_movement_cost3,log_improvement_movement_cost3,37,0.16664752086808857,0.04217780959343397,5.397719981071269,0.33509244531738397
ackley,log_improvement_movement_cost3,log_improvement_movement_cost3,38,0.16110991190297996,0.03435485105227729,5.500372177291513,0.31694000028891756
ackley,log_improvement_movement_cost3,log_improvement_movement_cost3,39,0.13869750717509102,0.0031526359506783984,5.588828059724709,0.32123178646470785
ackley,log_improvement_movement_cost3,log_improvement_movement_cost3,40,0.13869750717509102,0.0031526359506783984,5.686488199946635,0.33116453542841057
ackley,log_improvement_movement_cost3,log_improvement_movement_cost3,41,0.13869750717509102,0.0031526359506783984,5.781429226143449,0.3137859904131002
ackley,log_improvement_movement_cost3,log_improvement_movement_cost3,42,0.13869750717509102,0.0031526359506783984,5.8809703675793905,0.30597901690238893
ackley,log_improvement_movement_cost3,log_improvement_movement_cost3,43,0.13832108810858226,0.0031604387505420714,5.9815560552858855,0.2944201775173217
ackley,log_improvement_movement_cost3,log_improvement_movement_cost3,44,0.13832108810858226,0.0031604387505420714,6.068232079859624,0.285520393567974
ackley,log_improvement_movement_cost3,log_improvement_movement_cost3,45,0.13832108810858226,0.0031604387505420714,6.16727358438697,0.2908828806797707
ackley,log_improvement_movement_cost3,log_improvement_movement_cost3,46,0.13832108810858226,0.0031604387505420714,6.2902665297960745,0.2891712693900972
ackley,log_improvement_movement_cost3,log_improvement_movement_cost3,47,0.13832108810858226,0.0031604387505420714,6.383836547596168,0.30017830261299905
ackley,log_improvement_movement_cost3,log_improvement_movement_cost3,48,0.13832108810858226,0.0031604387505420714,6.485711702068728,0.2835012648872033
ackley,log_improvement_movement_cost3,log_improvement_movement_cost3,49,0.13832108810858226,0.0031604387505420714,6.595879967903912,0.27712920333430496
ackley,optimistic_selected,optimistic_improvement_movement_cost2,0,2.190902148064986,0.39838116278364294,0.9164875552817134,0.14325777713578305
ackley,optimistic_selected,optimistic_improvement_movement_cost2,1,1.9582125969829587,0.3587786357704199,1.0750117583565075,0.13497082976683739
ackley,optimistic_selected,optimistic_improvement_movement_cost2,2,1.9282716657996566,0.38191236745096735,1.1808930415004506,0.146500278500159
ackley,optimistic_selected,optimistic_improvement_movement_cost2,3,1.8148656202429236,0.3286644807065941,1.3355231966366417,0.15743834889489736
ackley,optimistic_selected,optimistic_improvement_movement_cost2,4,1.5372105534910236,0.2808881111211593,1.4701967386325603,0.10111886395363702
ackley,optimistic_selected,optimistic_improvement_movement_cost2,5,1.3978022729132196,0.21381099231963205,1.5427325418543532,0.11118816133801426
ackley,optimistic_selected,optimistic_improvement_movement_cost2,6,1.3009513159494621,0.14769789630532545,1.6670498936273603,0.11933528838600879
ackley,optimistic_selected,optimistic_improvement_movement_cost2,7,1.2530806853760024,0.17309271060379877,1.7621508349650457,0.139656267782585
ackley,optimistic_selected,optimistic_improvement_movement_cost2,8,1.2246232314805312,0.13392298278122775,1.8703591946887013,0.1185529694371795
ackley,optimistic_selected,optimistic_improvement_movement_cost2,9,1.1483517292865593,0.20181697792240832,1.9967436838116257,0.08025944068968546
ackley,optimistic_selected,optimistic_improvement_movement_cost2,10,1.097810874106195,0.17911784758753854,2.1576187360648196,0.012900578390321668
ackley,optimistic_selected,optimistic_improvement_movement_cost2,11,1.0132081298102276,0.24164776342923544,2.249000999604672,0.01321425835820736
ackley,optimistic_selected,optimistic_improvement_movement_cost2,12,0.9827595305203739,0.20027941481374845,2.3817912618219723,0.011388411708601739
ackley,optimistic_selected,optimistic_improvement_movement_cost2,13,0.9777108616190427,0.20562030603392767,2.4843997277987158,0.01617505234043922
ackley,optimistic_selected,optimistic_improvement_movement_cost2,14,0.8593355128056328,0.10357694371030647,2.6280307460715777,0.026424641505919905
ackley,optimistic_selected,optimistic_improvement_movement_cost2,15,0.7699854712808514,0.13259075224390526,2.7453992403362726,0.015144111729354573
ackley,optimistic_selected,optimistic_improvement_movement_cost2,16,0.6460434491706709,0.08150277625655379,2.8246307194916884,0.02761951094975605
ackley,optimistic_selected,optimistic_improvement_movement_cost2,17,0.6101331459083537,0.034402055598369244,2.9303531462614067,0.029545070469365237
ackley,optimistic_selected,optimistic_improvement_movement_cost2,18,0.5678136867435973,0.0694833135425141,3.054637427102034,0.07996059099781025
ackley,optimistic_selected,optimistic_improvement_movement_cost2,19,0.43236760458977413,0.13364970887200997,3.148772811848435,0.10799808776891462
ackley,optimistic_selected,optimistic_improvement_movement_cost2,20,0.43236760458977413,0.13364970887200997,3.255705930967667,0.13051203410413909
ackley,optimistic_selected,optimistic_improvement_movement_cost2,21,0.4053690355930842,0.14753745758776488,3.4054984496436327,0.16682654049111983
ackley,optimistic_selected,optimistic_improvement_movement_cost2,22,0.4053690355930842,0.14753745758776488,3.5128697586924447,0.14026052891266313
ackley,optimistic_selected,optimistic_improvement_movement_cost2,23,0.4053690355930842,0.14753745758776488,3.620201978187591,0.1484256270424327
ackley,optimistic_selected,optimistic_improvement_movement_cost2,24,0.3024853858990366,0.00451409318624952,3.735454307691226,0.1815117324346361
ackley,optimistic_selected,optimistic_improvement_movement_cost2,25,0.3024853858990366,0.00451409318624952,3.8511620425898556,0.16304320543992584
ackley,optimistic_selected,optimistic_improvement_movement_cost2,26,0.3024853858990366,0.00451409318624952,3.9703495446411927,0.16969091159364982
ackley,optimistic_selected,optimistic_improvement_movement_cost2,27,0.3024853858990366,0.00451409318624952,4.073969088659788,0.15456458376056836
ackley,optimistic_selected,optimistic_improvement_movement_cost2,28,0.3024853858990366,0.00451409318624952,4.161413661205327,0.17223428701495602
ackley,optimistic_selected,optimistic_improvement_movement_cost2,29,0.26222043301768777,0.05455080166028537,4.295065174139448,0.2122590917474439
ackley,optimistic_selected,optimistic_improvement_movement_cost2,30,0.2521566264475739,0.0499609843286406,4.367801275951964,0.21534164027835698
ackley,optimistic_selected,optimistic_improvement_movement_cost2,31,0.2521566264475739,0.0499609843286406,4.452460679754221,0.21601509338133634
ackley,optimistic_selected,optimistic_improvement_movement_cost2,32,0.2218901916543025,0.025911719850491458,4.536636987805932,0.21535924553379132
ackley,optimistic_selected,optimistic_improvement_movement_cost2,33,0.2218901916543025,0.025911719850491458,4.636909623355373,0.20111834221679878
ackley,optimistic_selected,optimistic_improvement_movement_cost2,34,0.2218901916543025,0.025911719850491458,4.789622586483577,0.21982571366368683
ackley,optimistic_selected,optimistic_improvement_movement_cost2,35,0.22139446827111486,0.025583171476086138,4.8898854407592145,0.21052348235099538
ackley,optimistic_selected,optimistic_improvement_movement_cost2,36,0.17844976620563027,0.032340485438551905,4.971821836330239,0.2008356586433456
ackley,optimistic_selected,optimistic_improvement_movement_cost2,37,0.1608938775969008,0.056187765362980875,5.045533366836728,0.18009186728167134
ackley,optimistic_selected,optimistic_improvement_movement_cost2,38,0.1608938775969008,0.056187765362980875,5.149850846849934,0.16031567556695106
ackley,optimistic_selected,optimistic_improvement_movement_cost2,39,0.1608938775969008,0.056187765362980875,5.256027546875682,0.18507634081997026
ackley,optimistic_selected,optimistic_improvement_movement_cost2,40,0.1608938775969008,0.056187765362980875,5.3654681009301965,0.18730773156208724
ackley,optimistic_selected,optimistic_improvement_movement_cost2,41,0.15478134358253634,0.05079313693410385,5.450512662349522,0.19128571456756252
ackley,optimistic_selected,optimistic_improvement_movement_cost2,42,0.15478134358253634,0.05079313693410385,5.5823660397282575,0.19536787354833232
ackley,optimistic_selected,optimistic_improvement_movement_cost2,43,0.1544967997672472,0.050623729526536904,5.703403496415226,0.20606240780495205
ackley,optimistic_selected,optimistic_improvement_movement_cost2,44,0.14891601510198926,0.04786711012037878,5.796583625321911,0.21532352964462606
ackley,optimistic_selected,optimistic_improvement_movement_cost2,45,0.14248837901894543,0.04207367562971057,5.887286095353864,0.222841959110437
ackley,optimistic_selected,optimistic_improvement_movement_cost2,46,0.13831320789521984,0.03899057170330114,5.9793475333559245,0.23616492747913498
ackley,optimistic_selected,optimistic_improvement_movement_cost2,47,0.13831320789521984,0.03899057170330114,6.057449523295408,0.23516707725083486
ackley,optimistic_selected,optimistic_improvement_movement_cost2,48,0.13831320789521984,0.03899057170330114,6.164229312703566,0.21698315396418588
ackley,optimistic_selected,optimistic_improvement_movement_cost2,49,0.13831320789521984,0.03899057170330114,6.289492204737272,0.22536030694621645
ackley,budgeted_exploration,budgeted_exploration,0,2.2302936988052866,0.40179744458568023,0.9162729421097149,0.1357934745282986
ackley,budgeted_exploration,budgeted_exploration,1,1.9836199495110574,0.30448425766133985,1.0960884876419081,0.15536003929416412
ackley,budgeted_exploration,budgeted_exploration,2,1.9337171735757028,0.35340233487592526,1.2199971078977787,0.15031781233193425
ackley,budgeted_exploration,budgeted_exploration,3,1.858237898972929,0.38957104327308645,1.3821652301881875,0.12440459775320885
ackley,budgeted_exploration,budgeted_exploration,4,1.7175815579274285,0.4603571041800501,1.548528270585935,0.09301087113268336
ackley,budgeted_exploration,budgeted_exploration,5,1.7175815579274285,0.4603571041800501,1.7257500057067894,0.18806234484605286
ackley,budgeted_exploration,budgeted_exploration,6,1.5813635294084545,0.5290157455512107,1.9222053305634101,0.25308264569859473
ackley,budgeted_exploration,budgeted_exploration,7,1.393662581923186,0.662597335501036,2.056574656319918,0.26620346079416973
ackley,budgeted_exploration,budgeted_exploration,8,1.1939856916546263,0.38096198625283434,2.232418896552087,0.2712341906777568
ackley,budgeted_exploration,budgeted_exploration,9,1.1939856916546263,0.38096198625283434,2.386371794723883,0.28449519649853
ackley,budgeted_exploration,budgeted_exploration,10,1.0812652963473923,0.22281531655038944,2.5583141643103873,0.2947718951560035
ackley,budgeted_exploration,budgeted_exploration,11,0.995099630934281,0.28905803357491433,2.685695038820987,0.2562345033860309
ackley,budgeted_exploration,budgeted_exploration,12,0.995099630934281,0.28905803357491433,2.815624451596044,0.3018022619597612
ackley,budgeted_exploration,budgeted_exploration,13,0.9013556177495983,0.16339715820836848,2.9896470724146256,0.3618399403161735
ackley,budgeted_exploration,budgeted_exploration,14,0.8189221407819377,0.07581835466462185,3.1749888719262476,0.34487253601671797
ackley,budgeted_exploration,budgeted_exploration,15,0.6817708024129172,0.21010348969716086,3.341960265517486,0.3427477787263876
ackley,budgeted_exploration,budgeted_exploration,16,0.6088132488641643,0.16811600365774912,3.464068488794597,0.3540177019705275
ackley,budgeted_exploration,budgeted_exploration,17,0.6088132488641643,0.16811600365774912,3.5909154583570113,0.40335065919652197
ackley,budgeted_exploration,budgeted_exploration,18,0.6088132488641643,0.16811600365774912,3.6916453650596783,0.4125730432150639
ackley,budgeted_exploration,budgeted_exploration,19,0.6064484434036067,0.16764395285542458,3.8296549053950564,0.402684214818505
ackley,budgeted_exploration,budgeted_exploration,20,0.6064484434036067,0.16764395285542458,3.969692893443252,0.35948840432061857
ackley,budgeted_exploration,budgeted_exploration,21,0.5248227667297324,0.10365290138389217,4.112574788587086,0.35565236535686484
ackley,budgeted_exploration,budgeted_exploration,22,0.5248227667297324,0.10365290138389217,4.272858807582047,0.3410037593884902
ackley,budgeted_exploration,budgeted_exploration,23,0.44416179541120276,0.07459001945664498,4.405512773371566,0.3484231680157186
ackley,budgeted_exploration,budgeted_exploration,24,0.4111433551523658,0.10722341928788155,4.538444545308146,0.3996784431964523
ackley,budgeted_exploration,budgeted_exploration,25,0.4111433551523658,0.10722341928788155,4.674206539987192,0.39337592737141064
ackley,budgeted_exploration,budgeted_exploration,26,0.4111433551523658,0.10722341928788155,4.789680918248508,0.38818546842635915
ackley,budgeted_exploration,budgeted_exploration,27,0.4111433551523658,0.10722341928788155,4.9427700571758875,0.380831726194016
ackley,budgeted_exploration,budgeted_exploration,28,0.4111433551523658,0.10722341928788155,5.087659428592022,0.4107721716305754
ackley,budgeted_exploration,budgeted_exploration,29,0.4111433551523658,0.10722341928788155,5.212836050255941,0.4457873734710044
ackley,budgeted_exploration,budgeted_exploration,30,0.4111433551523658,0.10722341928788155,5.383822617002394,0.4663982364627082
ackley,budgeted_exploration,budgeted_exploration,31,0.4111433551523658,0.10722341928788155,5.519370198115451,0.44903262678973394
ackley,budgeted_exploration,budgeted_exploration,32,0.4111433551523658,0.10722341928788155,5.632034469890289,0.4380951492413287
ackley,budgeted_exploration,budgeted_exploration,33,0.4111433551523658,0.10722341928788155,5.793623022330794,0.45659239949610136
ackley,budgeted_exploration,budgeted_exploration,34,0.31372850840771277,0.05974731234141455,5.9177585234184535,0.45509838103017214
ackley,budgeted_exploration,budgeted_exploration,35,0.31372850840771277,0.05974731234141455,6.03127359269914,0.43599045119248525
ackley,budgeted_exploration,budgeted_exploration,36,0.2935664205561908,0.032495110936637775,6.146937589087634,0.4118757204450217
ackley,budgeted_exploration,budgeted_exploration,37,0.2744245588802561,0.013191909135879157,6.271795603407242,0.3846401908242028
ackley,budgeted_exploration,budgeted_exploration,38,0.2744245588802561,0.013191909135879157,6.399959937210494,0.3748689147020983
ackley,budgeted_exploration,budgeted_exploration,39,0.2744245588802561,0.013191909135879157,6.542065069664922,0.3732941235668894
ackley,budgeted_exploration,budgeted_exploration,40,0.2744245588802561,0.013191909135879157,6.633969500397718,0.3909512838786027
ackley,budgeted_exploration,budgeted_exploration,41,0.2744245588802561,0.013191909135879157,6.75257369301688,0.3837389937582567
ackley,budgeted_exploration,budgeted_exploration,42,0.2744245588802561,0.013191909135879157,6.888461627081429,0.36599645535279257
ackley,budgeted_exploration,budgeted_exploration,43,0.2744245588802561,0.013191909135879157,7.026742900412724,0.38142788466600447
ackley,budgeted_exploration,budgeted_exploration,44,0.2744245588802561,0.013191909135879157,7.1702879950415275,0.4085140110430103
ackley,budgeted_exploration,budgeted_exploration,45,0.2744245588802561,0.013191909135879157,7.3069381026387346,0.3975997531872027
ackley,budgeted_exploration,budgeted_exploration,46,0.27342266432373724,0.012176784905813646,7.427022450464055,0.4038075890272774
ackley,budgeted_exploration,budgeted_exploration,47,0.27342266432373724,0.012176784905813646,7.540611120180517,0.40625394112562163
ackley,budgeted_exploration,budgeted_exploration,48,0.2648292306841277,0.014554036077963784,7.675362878940061,0.3900997707116255
ackley,budgeted_exploration,budgeted_exploration,49,0.2648292306841277,0.014554036077963784,7.844973960135849,0.39761767720399677
ackley,lookahead_budgeted_exploration,lookahead_budgeted_exploration,0,2.33891876837305,0.37202255293730463,0.9513604428926383,0.15828424897114338
ackley,lookahead_budgeted_exploration,lookahead_budgeted_exploration,1,2.1395503162365923,0.29061082202853805,1.1438466090866715,0.19444592085413556
ackley,lookahead_budgeted_exploration,lookahead_budgeted_exploration,2,2.1395503162365923,0.29061082202853805,1.2852275009168936,0.1882790404661538
ackley,lookahead_budgeted_exploration,lookahead_budgeted_exploration,3,2.0780239825100875,0.30264760767617854,1.4897580663661483,0.1737274388232842
ackley,lookahead_budgeted_exploration,lookahead_budgeted_exploration,4,1.9956380601723744,0.23218015514069854,1.677474382588762,0.1061372177424178
ackley,lookahead_budgeted_exploration,lookahead_budgeted_exploration,5,1.9826006013166164,0.23893390572286285,1.8267732923782312,0.08088933465073432
ackley,lookahead_budgeted_exploration,lookahead_budgeted_exploration,6,1.9527242096493105,0.1970059457786926,1.9992642121452981,0.07518343572766108
ackley,lookahead_budgeted_exploration,lookahead_budgeted_exploration,7,1.7696203548093745,0.3462731960947972,2.167110002938091,0.0837666302929226
ackley,lookahead_budgeted_exploration,lookahead_budgeted_exploration,8,1.539575895477099,0.12045308114973023,2.3216393382184997,0.12703867436133875
ackley,lookahead_budgeted_exploration,lookahead_budgeted_exploration,9,1.4067507419259122,0.16369527029030295,2.471755608893183,0.12202959235997786
ackley,lookahead_budgeted_exploration,lookahead_budgeted_exploration,10,1.3706018582627646,0.1380441715472064,2.6363818941403387,0.1383648170854856
ackley,lookahead_budgeted_exploration,lookahead_budgeted_exploration,11,1.2265556042250638,0.21579568743461472,2.759207522366222,0.123789766445253
ackley,lookahead_budgeted_exploration,lookahead_budgeted_exploration,12,1.1245795573055735,0.20410896070013215,2.907875815937389,0.14188729589227456
ackley,lookahead_budgeted_exploration,lookahead_budgeted_exploration,13,1.045886525553369,0.26305724959781335,3.025805064645647,0.1229729529946033
ackley,lookahead_budgeted_exploration,lookahead_budgeted_exploration,14,0.9572998499500405,0.14467322499645563,3.1710835194650056,0.14391592168951484
ackley,lookahead_budgeted_exploration,lookahead_budgeted_exploration,15,0.7262548635520377,0.08171026080317256,3.331179587307885,0.20201003576556967
ackley,lookahead_budgeted_exploration,lookahead_budgeted_exploration,16,0.7125853029497281,0.10069536564608392,3.4678432780083646,0.19983755352553947
ackley,lookahead_budgeted_exploration,lookahead_budgeted_exploration,17,0.7125853029497281,0.10069536564608392,3.6360934733431587,0.1641662049805026
ackley,lookahead_budgeted_exploration,lookahead_budgeted_exploration,18,0.687478191052273,0.08261637045236515,3.795771007237857,0.17666608164759176
ackley,lookahead_budgeted_exploration,lookahead_budgeted_exploration,19,0.5399833681599676,0.06582441296057866,3.929729923863352,0.1638458038971193
ackley,lookahead_budgeted_exploration,lookahead_budgeted_exploration,20,0.5001930212912579,0.017677253767367902,4.043813973622928,0.22035813733769452
ackley,lookahead_budgeted_exploration,lookahead_budgeted_exploration,21,0.4964100211761336,0.015288660937560797,4.197113327530407,0.2616378021242704
ackley,lookahead_budgeted_exploration,lookahead_budgeted_exploration,22,0.4964100211761336,0.015288660937560797,4.344618834985833,0.2433990088979442
ackley,lookahead_budgeted_exploration,lookahead_budgeted_exploration,23,0.4964100211761336,0.015288660937560797,4.520584647637697,0.24023526947017118
ackley,lookahead_budgeted_exploration,lookahead_budgeted_exploration,24,0.4390743689599342,0.049966061210319136,4.665525362037841,0.20515865125263405
ackley,lookahead_budgeted_exploration,lookahead_budgeted_exploration,25,0.4390743689599342,0.049966061210319136,4.77024083475975,0.19625472229801275
ackley,lookahead_budgeted_exploration,lookahead_budgeted_exploration,26,0.3969992561710112,0.028312431237953205,4.88571921528547,0.16985368809669416
ackley,lookahead_budgeted_exploration,lookahead_budgeted_exploration,27,0.3969992561710112,0.028312431237953205,4.969214668168918,0.15256916595147846
ackley,lookahead_budgeted_exploration,lookahead_budgeted_exploration,28,0.3510264071167346,0.03243593370197362,5.074978242509329,0.1450127422644635
ackley,lookahead_budgeted_exploration,lookahead_budgeted_exploration,29,0.3392040840424113,0.04759459206456748,5.171537886554151,0.1536742508803598
ackley,lookahead_budgeted_exploration,lookahead_budgeted_exploration,30,0.3392040840424113,0.04759459206456748,5.297569791060585,0.1264701393439849
ackley,lookahead_budgeted_exploration,lookahead_budgeted_exploration,31,0.3312016724695342,0.03955411745706199,5.4439986077113005,0.12301464926920666
ackley,lookahead_budgeted_exploration,lookahead_budgeted_exploration,32,0.3312016724695342,0.03955411745706199,5.575784555765442,0.15129359719348962
ackley,lookahead_budgeted_exploration,lookahead_budgeted_exploration,33,0.3311808142496481,0.03953525637962544,5.703487483538712,0.16637771630744053
ackley,lookahead_budgeted_exploration,lookahead_budgeted_exploration,34,0.31046507616900404,0.03067023499717914,5.819078690344771,0.20494409697487728
ackley,lookahead_budgeted_exploration,lookahead_budgeted_exploration,35,0.28258754802595637,0.0161253737679874,5.944426367839758,0.19744210189328917
ackley,lookahead_budgeted_exploration,lookahead_budgeted_exploration,36,0.28258754802595637,0.0161253737679874,6.082559971174924,0.15767650484888596
ackley,lookahead_budgeted_exploration,lookahead_budgeted_exploration,37,0.28258754802595637,0.0161253737679874,6.230728257364809,0.15238510737936084
ackley,lookahead_budgeted_exploration,lookahead_budgeted_exploration,38,0.28258754802595637,0.0161253737679874,6.406554032639008,0.13766265828861432
ackley,lookahead_budgeted_exploration,lookahead_budgeted_exploration,39,0.28258754802595637,0.0161253737679874,6.5662771941886,0.14357967332170005
ackley,lookahead_budgeted_exploration,lookahead_budgeted_exploration,40,0.28258754802595637,0.0161253737679874,6.689416148382132,0.17233698000587858
ackley,lookahead_budgeted_exploration,lookahead_budgeted_exploration,41,0.28258754802595637,0.0161253737679874,6.818662799017399,0.1536898483049162
ackley,lookahead_budgeted_exploration,lookahead_budgeted_exploration,42,0.27406708470944513,0.0052150004547438815,6.928636641413515,0.13110053597477345
ackley,lookahead_budgeted_exploration,lookahead_budgeted_exploration,43,0.27406708470944513,0.0052150004547438815,7.038876237883268,0.11665478228199862
ackley,lookahead_budgeted_exploration,lookahead_budgeted_exploration,44,0.27406708470944513,0.0052150004547438815,7.211129802956301,0.11561963411128148
ackley,lookahead_budgeted_exploration,lookahead_budgeted_exploration,45,0.27406708470944513,0.0052150004547438815,7.382485522089508,0.08965421247143052
ackley,lookahead_budgeted_exploration,lookahead_budgeted_exploration,46,0.27406708470944513,0.0052150004547438815,7.539321344060203,0.0779831927036827
ackley,lookahead_budgeted_exploration,lookahead_budgeted_exploration,47,0.27406708470944513,0.0052150004547438815,7.702171350402988,0.07636373808170596
ackley,lookahead_budgeted_exploration,lookahead_budgeted_exploration,48,0.27406708470944513,0.0052150004547438815,7.837915022097216,0.09174828487294331
ackley,lookahead_budgeted_exploration,lookahead_budgeted_exploration,49,0.27406708470944513,0.0052150004547438815,7.982051059656762,0.10587888972924935
levy,pure_bo,pure_bo,0,0.5898596010730494,0.12629803255768718,1.217013271619427,0.15336542635034645
levy,pure_bo,pure_bo,1,0.5674338861131837,0.09483231243936423,1.3315943787999924,0.08806918684926406
levy,pure_bo,pure_bo,2,0.5674338861131837,0.09483231243936423,1.8587182237175695,0.06583182007160791
levy,pure_bo,pure_bo,3,0.5225261663379349,0.0872539454939088,2.7512462215966837,0.2094817103102985
levy,pure_bo,pure_bo,4,0.5225261663379349,0.0872539454939088,3.0097507510564108,0.20942929060001989
levy,pure_bo,pure_bo,5,0.48507770357143015,0.1288317001734259,3.6636171014500216,0.14236486812288304
levy,pure_bo,pure_bo,6,0.45921917920647787,0.13406798188717337,4.172445965071037,0.38360188419655095
levy,pure_bo,pure_bo,7,0.45921917920647787,0.13406798188717337,4.693425214462116,0.4359705904908143
levy,pure_bo,pure_bo,8,0.43782222049697156,0.14538077506168087,5.5803660793726175,0.385100459478839
levy,pure_bo,pure_bo,9,0.432093473900578,0.14987742035816853,6.744519197686685,0.9140694739867471
levy,pure_bo,pure_bo,10,0.4292995397934889,0.15217876242347889,7.2065951691768495,0.955469057145866
levy,pure_bo,pure_bo,11,0.4285008346954582,0.1526375567587593,8.516885492625631,1.1455802810248163
levy,pure_bo,pure_bo,12,0.41426251986837365,0.13520958590037951,9.605478928924304,1.6497911082128047
levy,pure_bo,pure_bo,13,0.41426251986837365,0.13520958590037951,10.041164512794786,1.6304549931861008
levy,pure_bo,pure_bo,14,0.3466192149709843,0.1913077684276325,10.723642100831237,1.805555336649933
levy,pure_bo,pure_bo,15,0.3426380928642962,0.18596037897907347,11.5881531113615,1.4891031392928036
levy,pure_bo,pure_bo,16,0.29523642889654494,0.12422613367338103,12.617975978450893,0.8804668516589335
levy,pure_bo,pure_bo,17,0.2691766413283651,0.09345258462966981,14.078298963383205,0.6105895494741769
levy,pure_bo,pure_bo,18,0.20363255389349086,0.12068748345557684,15.13591422817723,1.1466633671294626
levy,pure_bo,pure_bo,19,0.1543670690139539,0.053529219672008285,16.271291599895104,2.0041483660746207
levy,pure_bo,pure_bo,20,0.1543670690139539,0.053529219672008285,16.854656875393456,2.1482666906520707
levy,pure_bo,pure_bo,21,0.11483169699620362,0.0817330415285077,17.47796947822745,2.117683918071408
levy,pure_bo,pure_bo,22,0.11483169699620362,0.0817330415285077,18.77990653305572,2.448351328672546
levy,pure_bo,pure_bo,23,0.09731370040820432,0.058945691231468575,20.058308553214143,2.9114009938273124
levy,pure_bo,pure_bo,24,0.09731370040820432,0.058945691231468575,21.407411622441575,3.3604885292023603
levy,pure_bo,pure_bo,25,0.09731370040820432,0.058945691231468575,21.998088479734562,3.438827836379258
levy,pure_bo,pure_bo,26,0.09731370040820432,0.058945691231468575,22.5395323786579,3.6369670337313402
levy,pure_bo,pure_bo,27,0.09731370040820432,0.058945691231468575,23.209302858871197,4.084970189919149
levy,pure_bo,pure_bo,28,0.09731370040820432,0.058945691231468575,24.64628384223443,4.400467695392862
levy,pure_bo,pure_bo,29,0.09731370040820432,0.058945691231468575,26.196616500061833,4.380113768885906
levy,pure_bo,pure_bo,30,0.09731370040820432,0.058945691231468575,27.48776849130127,3.742434474632726
levy,pure_bo,pure_bo,31,0.09731370040820432,0.058945691231468575,28.844918481816347,3.745717308600883
levy,pure_bo,pure_bo,32,0.09731370040820432,0.058945691231468575,30.225067113018877,3.691846718992744
levy,pure_bo,pure_bo,33,0.09731370040820432,0.058945691231468575,31.505747539310647,3.7015080399200344
levy,pure_bo,pure_bo,34,0.09731370040820432,0.058945691231468575,32.58507098143508,4.183692847071644
levy,pure_bo,pure_bo,35,0.09731370040820432,0.058945691231468575,34.31031310715519,4.392381604182306
levy,pure_bo,pure_bo,36,0.09165482236815022,0.051974624999841665,35.62847109679162,4.712522745660323
levy,pure_bo,pure_bo,37,0.0712021525468235,0.031221738064166872,36.61278562925906,5.1847997570283
levy,pure_bo,pure_bo,38,0.0712021525468235,0.031221738064166872,37.746364130161204,5.620064597970066
levy,pure_bo,pure_bo,39,0.0712021525468235,0.031221738064166872,38.77302484359302,5.921779165363743
levy,pure_bo,pure_bo,40,0.0712021525468235,0.031221738064166872,40.5280631385462,5.984957633919982
levy,pure_bo,pure_bo,41,0.0712021525468235,0.031221738064166872,42.15357738055305,5.9515184866826925
levy,pure_bo,pure_bo,42,0.0712021525468235,0.031221738064166872,43.988503257591255,6.159485340230617
levy,pure_bo,pure_bo,43,0.0712021525468235,0.031221738064166872,45.58685091455999,5.985521344879014
levy,pure_bo,pure_bo,44,0.0712021525468235,0.031221738064166872,47.18473009571409,5.954125285601762
levy,pure_bo,pure_bo,45,0.0712021525468235,0.031221738064166872,48.686577944612374,5.914975475616184
levy,pure_bo,pure_bo,46,0.0712021525468235,0.031221738064166872,50.10766057242872,5.9415274395389615
levy,pure_bo,pure_bo,47,0.0712021525468235,0.031221738064166872,51.401230203247735,5.97775411414902
levy,pure_bo,pure_bo,48,0.0712021525468235,0.031221738064166872,52.643173087542635,6.220535074830361
levy,pure_bo,pure_bo,49,0.0712021525468235,0.031221738064166872,53.92448911100564,6.366485299056191
levy,earlbo,earlbo,0,0.7421530525698389,0.12181094954979903,1.1191455921552642,0.18052415960418386
levy,earlbo,earlbo,1,0.7324430208121259,0.11659160821826214,1.4214157067649769,0.1877574802614542
levy,earlbo,earlbo,2,0.7324430208121259,0.11659160821826214,1.6910438558946976,0.20595468443825465
levy,earlbo,earlbo,3,0.726888503972968,0.11162281947676297,1.918453085425152,0.24159484192981165
levy,earlbo,earlbo,4,0.726888503972968,0.11162281947676297,2.1610781458961603,0.22601657660292715
levy,earlbo,earlbo,5,0.7158422057744808,0.12712123533322936,2.4149963086973316,0.23145133534600837
levy,earlbo,earlbo,6,0.7158422057744808,0.12712123533322936,2.6817959337158452,0.19083290321877505
levy,earlbo,earlbo,7,0.70262976387469,0.12789578250757733,2.9039690095879025,0.20786524021332428
levy,earlbo,earlbo,8,0.6739410314268972,0.11068731381282026,3.1193549966598213,0.2608428754445636
levy,earlbo,earlbo,9,0.6414983129816273,0.0862959208925337,3.3335875175882648,0.2572136672290165
levy,earlbo,earlbo,10,0.5858618246005798,0.1236586594013463,3.6126944420972955,0.27723652356110745
levy,earlbo,earlbo,11,0.5858618246005798,0.1236586594013463,3.8265851867306124,0.2920125618058145
levy,earlbo,earlbo,12,0.540211254571174,0.12022182051559704,4.114223311243308,0.30252149558269925
levy,earlbo,earlbo,13,0.49562946476700365,0.16440296410286576,4.352927883285383,0.30479841555170883
levy,earlbo,earlbo,14,0.48595996491076643,0.17711344843215332,4.603938583001704,0.29476578678856097
levy,earlbo,earlbo,15,0.46044059736046083,0.18056739983564019,4.874534060332504,0.3394399436105495
levy,earlbo,earlbo,16,0.4371096284706433,0.20995345415133926,5.097376681080813,0.3979877362978343
levy,earlbo,earlbo,17,0.41863112611934666,0.21774777437051993,5.353151269195983,0.4656195853044236
levy,earlbo,earlbo,18,0.4077596803395396,0.2102221497354773,5.613716787094681,0.44207112299620327
levy,earlbo,earlbo,19,0.39343232926841437,0.20842347092209837,5.8404268705626095,0.3807775858118606
levy,earlbo,earlbo,20,0.39343232926841437,0.20842347092209837,6.168258818766318,0.32998425889792055
levy,earlbo,earlbo,21,0.3738439912436718,0.18795554307466325,6.451683345011119,0.27876163498889783
levy,earlbo,earlbo,22,0.3738439912436718,0.18795554307466325,6.697367855949285,0.32334217848946634
levy,earlbo,earlbo,23,0.34299274470969027,0.18900475765674216,6.936978366689097,0.2782850161803066
levy,earlbo,earlbo,24,0.307747950601927,0.17910205692930892,7.24811371730799,0.2951768544615279
levy,earlbo,earlbo,25,0.298266677452861,0.16756739751872177,7.659903742142487,0.3588395788027093
levy,earlbo,earlbo,26,0.298266677452861,0.16756739751872177,8.032330899185437,0.32010161841140733
levy,earlbo,earlbo,27,0.298266677452861,0.16756739751872177,8.583617625060048,0.4539705540020978
levy,earlbo,earlbo,28,0.298266677452861,0.16756739751872177,9.042120614694657,0.5449168637515912
levy,earlbo,earlbo,29,0.29188827142949864,0.15997208372798769,9.376011972809424,0.562838538227007
levy,earlbo,earlbo,30,0.2903098681163923,0.1598510239527024,9.702463557215468,0.5867778134293311
levy,earlbo,earlbo,31,0.2903098681163923,0.1598510239527024,9.964621303730937,0.6028779021058611
levy,earlbo,earlbo,32,0.2669053988015273,0.15149212802059908,10.215988159104702,0.6333121375158708
levy,earlbo,earlbo,33,0.21393699064582225,0.10469915132571565,10.657479020782267,0.7119121244431866
levy,earlbo,earlbo,34,0.21393699064582225,0.10469915132571565,11.104748079552186,0.8696193793272821
levy,earlbo,earlbo,35,0.21393699064582225,0.10469915132571565,11.49122479923627,0.9715652850679166
levy,earlbo,earlbo,36,0.1923888026318389,0.0888892752780542,11.873681338931538,1.1080099860350234
levy,earlbo,earlbo,37,0.1923888026318389,0.0888892752780542,12.130559188689555,1.1189940591112526
levy,earlbo,earlbo,38,0.1923888026318389,0.0888892752780542,12.450050510459263,1.1140819219096185
levy,earlbo,earlbo,39,0.1923888026318389,0.0888892752780542,12.898779741224613,1.2284916967888189
levy,earlbo,earlbo,40,0.1923888026318389,0.0888892752780542,13.324314596004639,1.3210798325251463
levy,earlbo,earlbo,41,0.1923888026318389,0.0888892752780542,13.743013641803854,1.4355209642026836
levy,earlbo,earlbo,42,0.1814613741627691,0.0823791014887545,14.13822944022902,1.5366317395222693
levy,earlbo,earlbo,43,0.17991033956211022,0.08099040599790412,14.488084836394668,1.6129708190112475
levy,earlbo,earlbo,44,0.17991033956211022,0.08099040599790412,14.817365925190032,1.621211866139352
levy,earlbo,earlbo,45,0.17991033956211022,0.08099040599790412,15.19647906386848,1.5914694891330867
levy,earlbo,earlbo,46,0.17991033956211022,0.08099040599790412,15.596967608156177,1.6434964810385582
levy,earlbo,earlbo,47,0.17991033956211022,0.08099040599790412,16.06933372246158,1.8411087233083547
levy,earlbo,earlbo,48,0.16416062609459112,0.07578833767279552,16.589295177848804,1.9025065085277162
levy,earlbo,earlbo,49,0.14713161811552944,0.057874236040300155,17.100970130158657,1.9545130020834012
levy,snake,snake,0,0.7758258552294027,0.15518850427784245,0.9946979241817546,0.1222207156362431
levy,snake,snake,1,0.7498525548798005,0.19000323216848428,1.3590722182597172,0.02949556401661519
levy,snake,snake,2,0.7498525548798005,0.19000323216848428,1.659166616896022,0.14159109034572392
levy,snake,snake,3,0.7498525548798005,0.19000323216848428,1.8241740033040852,0.13411272810488994
levy,snake,snake,4,0.7498525548798005,0.19000323216848428,1.9913339636507843,0.15519373654377297
levy,snake,snake,5,0.7498525548798005,0.19000323216848428,2.1597210329234637,0.158947487286355
levy,snake,snake,6,0.7498525548798005,0.19000323216848428,2.467528989630045,0.14793782982740034
levy,snake,snake,7,0.6955892866139074,0.15966638614879403,3.105744898115392,0.5751063154635796
levy,snake,snake,8,0.6787520294262954,0.1405744880166057,3.469397549336044,0.6033882105754185
levy,snake,snake,9,0.6787520294262954,0.1405744880166057,3.898971908864143,0.5084453539969093
levy,snake,snake,10,0.5181452253060775,0.14859600464255462,4.561501484162186,0.22844443422663677
levy,snake,snake,11,0.48405024652663475,0.10590033497422977,5.135390260093408,0.2626788790497372
levy,snake,snake,12,0.48405024652663475,0.10590033497422977,5.593571994076808,0.4378145372683501
levy,snake,snake,13,0.48405024652663475,0.10590033497422977,6.190470778526802,0.3462054258030847
levy,snake,snake,14,0.47083839082791173,0.10648894178675493,6.893875953697246,0.35360671731150745
levy,snake,snake,15,0.47083839082791173,0.10648894178675493,7.440128047294169,0.2776362709951566
levy,snake,snake,16,0.47083839082791173,0.10648894178675493,7.846287159689026,0.38181853543632743
levy,snake,snake,17,0.44034074166410936,0.0808007033078733,8.414248787424727,0.34804142517160275
levy,snake,snake,18,0.44034074166410936,0.0808007033078733,8.939949754974895,0.43760252900916247
levy,snake,snake,19,0.4072871069718067,0.041339726338596235,9.490164989564995,0.5557904418828659
levy,snake,snake,20,0.4072871069718067,0.041339726338596235,10.215954046615359,0.660853632165572
levy,snake,snake,21,0.3992727959900862,0.034620991445988056,11.024373939673486,0.3841948366072821
levy,snake,snake,22,0.3875108224594958,0.05125360708743833,11.63547134847019,0.37655327847447073
levy,snake,snake,23,0.33919156035098424,0.06108436745302724,12.164529191502355,0.37216999389410327
levy,snake,snake,24,0.30347440467529174,0.03022547131755145,12.715977542162442,0.2173496356607652
levy,snake,snake,25,0.27152470983633625,0.0675907497176702,13.192742146066088,0.26385238747476425
levy,snake,snake,26,0.25062986205929133,0.06019615073211661,13.739389390467501,0.34499089252999005
levy,snake,snake,27,0.25062986205929133,0.06019615073211661,14.264728362488967,0.4187367189898965
levy,snake,snake,28,0.25062986205929133,0.06019615073211661,14.85334762875164,0.5529987460819384
levy,snake,snake,29,0.25062986205929133,0.06019615073211661,15.573711159771285,0.5128962325555153
levy,snake,snake,30,0.25062986205929133,0.06019615073211661,16.134456626737293,0.46655126111099976
levy,snake,snake,31,0.25062986205929133,0.06019615073211661,16.76697554503775,0.5245879069061009
levy,snake,snake,32,0.25062986205929133,0.06019615073211661,17.441832100652025,0.5484608535691328
levy,snake,snake,33,0.24380374292306115,0.06880983118463185,17.91020670099908,0.6597868815441008
levy,snake,snake,34,0.24380374292306115,0.06880983118463185,18.468697334035266,0.5983035463957619
levy,snake,snake,35,0.24380374292306115,0.06880983118463185,19.213326984442247,0.5730580411450005
levy,snake,snake,36,0.24380374292306115,0.06880983118463185,19.82647781195578,0.6839365710313359
levy,snake,snake,37,0.24380374292306115,0.06880983118463185,20.425970462353376,0.7473018126882041
levy,snake,snake,38,0.24380374292306115,0.06880983118463185,21.02239021642917,0.6578502694005335
levy,snake,snake,39,0.24380374292306115,0.06880983118463185,21.70299852495391,0.6175420022270073
levy,snake,snake,40,0.24380374292306115,0.06880983118463185,22.273840185938653,0.744506445061687
levy,snake,snake,41,0.24380374292306115,0.06880983118463185,22.90007052809585,0.598862144531122
levy,snake,snake,42,0.23418598122901024,0.08134349512067203,23.594855525745782,0.6018338318030122
levy,snake,snake,43,0.23418598122901024,0.08134349512067203,24.09406563002518,0.638704776173668
levy,snake,snake,44,0.23418598122901024,0.08134349512067203,24.729324298182977,0.6046919586936893
levy,snake,snake,45,0.23418598122901024,0.08134349512067203,25.333813698261423,0.47442889070777255
levy,snake,snake,46,0.23418598122901024,0.08134349512067203,25.896567849080085,0.4993644050158837
levy,snake,snake,47,0.23418598122901024,0.08134349512067203,26.42441385745524,0.4986136947289115
levy,snake,snake,48,0.23418598122901024,0.08134349512067203,27.152689798270377,0.5517926641772611
levy,snake,snake,49,0.23418598122901024,0.08134349512067203,27.853518786844703,0.7415522659588749
levy,log_improvement_movement_cost3,log_improvement_movement_cost3,0,0.7777056117898024,0.155642696411612,0.9961537196932272,0.11951578960377322
levy,log_improvement_movement_cost3,log_improvement_movement_cost3,1,0.7777056117898024,0.155642696411612,1.3011846684576556,0.07579673441084069
levy,log_improvement_movement_cost3,log_improvement_movement_cost3,2,0.7777056117898024,0.155642696411612,1.5481371695124224,0.04701864590694062
levy,log_improvement_movement_cost3,log_improvement_movement_cost3,3,0.7777056117898024,0.155642696411612,1.7153570882242792,0.061383931137754304
levy,log_improvement_movement_cost3,log_improvement_movement_cost3,4,0.7777056117898024,0.155642696411612,1.858164058617677,0.03942584922520427
levy,log_improvement_movement_cost3,log_improvement_movement_cost3,5,0.7777056117898024,0.155642696411612,2.049795909804695,0.056188488151685374
levy,log_improvement_movement_cost3,log_improvement_movement_cost3,6,0.7777056117898024,0.155642696411612,2.240091073398926,0.062251708081563634
levy,log_improvement_movement_cost3,log_improvement_movement_cost3,7,0.7548231934529536,0.1326328251481096,2.427743122882226,0.10971272971703203
levy,log_improvement_movement_cost3,log_improvement_movement_cost3,8,0.7494145781371074,0.12778748414010344,2.69567911771836,0.11065322736695202
levy,log_improvement_movement_cost3,log_improvement_movement_cost3,9,0.7494145781371074,0.12778748414010344,2.9272852123757094,0.1105190474740561
levy,log_improvement_movement_cost3,log_improvement_movement_cost3,10,0.7473402293583589,0.12600294404938056,3.1203996777572107,0.13901452902813013
levy,log_improvement_movement_cost3,log_improvement_movement_cost3,11,0.7464808499533514,0.12553188677085705,3.253318471071447,0.1399791011547346
levy,log_improvement_movement_cost3,log_improvement_movement_cost3,12,0.7464808499533514,0.12553188677085705,3.38816463049954,0.16046029120943844
levy,log_improvement_movement_cost3,log_improvement_movement_cost3,13,0.7289312818865086,0.11218386874228982,3.6217533762528045,0.17378776767272183
levy,log_improvement_movement_cost3,log_improvement_movement_cost3,14,0.7289312818865086,0.11218386874228982,3.7691634093902486,0.18893515782027287
levy,log_improvement_movement_cost3,log_improvement_movement_cost3,15,0.7252237672288825,0.10944303671814036,4.034684146448611,0.18400507961923523
levy,log_improvement_movement_cost3,log_improvement_movement_cost3,16,0.7252237672288825,0.10944303671814036,4.331749672350765,0.10284297613788136
levy,log_improvement_movement_cost3,log_improvement_movement_cost3,17,0.7252237672288825,0.10944303671814036,4.553858090446728,0.15943356499265468
levy,log_improvement_movement_cost3,log_improvement_movement_cost3,18,0.6880288174782337,0.08519583824777226,4.745693191146291,0.15363851973486614
levy,log_improvement_movement_cost3,log_improvement_movement_cost3,19,0.6880288174782337,0.08519583824777226,4.965711755386444,0.11244468935016656
levy,log_improvement_movement_cost3,log_improvement_movement_cost3,20,0.6764704207147118,0.08181187543028007,5.16126345636908,0.05981983026776713
levy,log_improvement_movement_cost3,log_improvement_movement_cost3,21,0.6764704207147118,0.08181187543028007,5.3478918618670095,0.07006145330214192
levy,log_improvement_movement_cost3,log_improvement_movement_cost3,22,0.6514251824676035,0.057295402834911906,5.529716329435954,0.05484369780260671
levy,log_improvement_movement_cost3,log_improvement_movement_cost3,23,0.6514251824676035,0.057295402834911906,5.748411732041274,0.04213509209489441
levy,log_improvement_movement_cost3,log_improvement_movement_cost3,24,0.6514251824676035,0.057295402834911906,5.946337155898596,0.007207737498786435
levy,log_improvement_movement_cost3,log_improvement_movement_cost3,25,0.6514251824676035,0.057295402834911906,6.14618996014453,0.007241472363784236
levy,log_improvement_movement_cost3,log_improvement_movement_cost3,26,0.6514251824676035,0.057295402834911906,6.39450977132595,0.06376189517259188
levy,log_improvement_movement_cost3,log_improvement_movement_cost3,27,0.6407039799769744,0.05195428722830361,6.612397373564605,0.19592759286651673
levy,log_improvement_movement_cost3,log_improvement_movement_cost3,28,0.6407039799769744,0.05195428722830361,6.775633488893617,0.17089819892246358
levy,log_improvement_movement_cost3,log_improvement_movement_cost3,29,0.6369277554535522,0.04818443007378182,6.931223770529956,0.14326177989877456
levy,log_improvement_movement_cost3,log_improvement_movement_cost3,30,0.6369277554535522,0.04818443007378182,7.088272454522155,0.140042637218581
levy,log_improvement_movement_cost3,log_improvement_movement_cost3,31,0.6369277554535522,0.04818443007378182,7.316181778886109,0.13427449948641026
levy,log_improvement_movement_cost3,log_improvement_movement_cost3,32,0.6369277554535522,0.04818443007378182,7.529429524423564,0.09331610291492679
levy,log_improvement_movement_cost3,log_improvement_movement_cost3,33,0.6369277554535522,0.04818443007378182,7.703792140414151,0.09503897746534341
levy,log_improvement_movement_cost3,log_improvement_movement_cost3,34,0.6369277554535522,0.04818443007378182,7.9029283341352565,0.06427306311646992
levy,log_improvement_movement_cost3,log_improvement_movement_cost3,35,0.6369277554535522,0.04818443007378182,8.10934864302198,0.10470890574297738
levy,log_improvement_movement_cost3,log_improvement_movement_cost3,36,0.6369277554535522,0.04818443007378182,8.276595282610707,0.08719745162930723
levy,log_improvement_movement_cost3,log_improvement_movement_cost3,37,0.6369277554535522,0.04818443007378182,8.478267616192179,0.07492311939048514
levy,log_improvement_movement_cost3,log_improvement_movement_cost3,38,0.6369277554535522,0.04818443007378182,8.67716412237372,0.10242701202331286
levy,log_improvement_movement_cost3,log_improvement_movement_cost3,39,0.6369277554535522,0.04818443007378182,8.838514577387931,0.09165556840681136
levy,log_improvement_movement_cost3,log_improvement_movement_cost3,40,0.6369277554535522,0.04818443007378182,8.993444797603699,0.0817263292668343
levy,log_improvement_movement_cost3,log_improvement_movement_cost3,41,0.6369277554535522,0.04818443007378182,9.14885540166218,0.09531892024029373
levy,log_improvement_movement_cost3,log_improvement_movement_cost3,42,0.6046814510726811,0.05262985282376052,9.434464434992007,0.1265268349088694
levy,log_improvement_movement_cost3,log_improvement_movement_cost3,43,0.6046814510726811,0.05262985282376052,9.669862654291046,0.09492646583235832
levy,log_improvement_movement_cost3,log_improvement_movement_cost3,44,0.6046814510726811,0.05262985282376052,9.889006902615153,0.1320257483499239
levy,log_improvement_movement_cost3,log_improvement_movement_cost3,45,0.6046814510726811,0.05262985282376052,10.138984434135539,0.10836194152628242
levy,log_improvement_movement_cost3,log_improvement_movement_cost3,46,0.6046814510726811,0.05262985282376052,10.36980683922816,0.17514518649540203
levy,log_improvement_movement_cost3,log_improvement_movement_cost3,47,0.6046814510726811,0.05262985282376052,10.633664395312376,0.26493859583776175
levy,log_improvement_movement_cost3,log_improvement_movement_cost3,48,0.6046814510726811,0.05262985282376052,10.799619950473016,0.2986798636823029
levy,log_improvement_movement_cost3,log_improvement_movement_cost3,49,0.6046814510726811,0.05262985282376052,10.990094074489948,0.35047763718653807
levy,optimistic_selected,optimistic_improvement_movement_cost2,0,0.7899769524417,0.15966709304535615,0.9870154872547396,0.13230207581134443
levy,optimistic_selected,optimistic_improvement_movement_cost2,1,0.7899769524417,0.15966709304535615,1.3013300524477185,0.07302318852515928
levy,optimistic_selected,optimistic_improvement_movement_cost2,2,0.7899769524417,0.15966709304535615,1.5476684915038188,0.01737091804090044
levy,optimistic_selected,optimistic_improvement_movement_cost2,3,0.7899769524417,0.15966709304535615,1.6957772023007032,0.011660024733027333
levy,optimistic_selected,optimistic_improvement_movement_cost2,4,0.7899769524417,0.15966709304535615,1.8341987132746853,0.023533782480548115
levy,optimistic_selected,optimistic_improvement_movement_cost2,5,0.7899769524417,0.15966709304535615,2.0123985216991986,0.04048506768779522
levy,optimistic_selected,optimistic_improvement_movement_cost2,6,0.7899769524417,0.15966709304535615,2.2231653282309765,0.04831075045913695
levy,optimistic_selected,optimistic_improvement_movement_cost2,7,0.7635341335324485,0.13662202070850574,2.412236324775684,0.10327114230987808
levy,optimistic_selected,optimistic_improvement_movement_cost2,8,0.7398375099437144,0.11991595433428179,2.689550947302793,0.10342721628675171
levy,optimistic_selected,optimistic_improvement_movement_cost2,9,0.7398375099437144,0.11991595433428179,2.8876924039494747,0.13020102102658082
levy,optimistic_selected,optimistic_improvement_movement_cost2,10,0.7131154234117275,0.10088403583583506,3.082133754729514,0.14850500439521014
levy,optimistic_selected,optimistic_improvement_movement_cost2,11,0.7131154234117275,0.10088403583583506,3.210835569819311,0.15224775284812453
levy,optimistic_selected,optimistic_improvement_movement_cost2,12,0.7127215316793718,0.10060188022547022,3.3628128234482406,0.17151061433250822
levy,optimistic_selected,optimistic_improvement_movement_cost2,13,0.6931139703126076,0.089861777266684,3.563998219676961,0.17238520639286595
levy,optimistic_selected,optimistic_improvement_movement_cost2,14,0.6931139703126076,0.089861777266684,3.734377382758288,0.157550823861226
levy,optimistic_selected,optimistic_improvement_movement_cost2,15,0.6931139703126076,0.089861777266684,3.956010247855352,0.12483242109747927
levy,optimistic_selected,optimistic_improvement_movement_cost2,16,0.6931139703126076,0.089861777266684,4.194540789602918,0.14248476207698765
levy,optimistic_selected,optimistic_improvement_movement_cost2,17,0.6931139703126076,0.089861777266684,4.401132476419068,0.19598783702671005
levy,optimistic_selected,optimistic_improvement_movement_cost2,18,0.6723082765177208,0.08709875836689333,4.572306451067433,0.23178016401069657
levy,optimistic_selected,optimistic_improvement_movement_cost2,19,0.6723082765177208,0.08709875836689333,4.784080366852359,0.20628010528634513
levy,optimistic_selected,optimistic_improvement_movement_cost2,20,0.6723082765177208,0.08709875836689333,4.976730286202201,0.16995183272120212
levy,optimistic_selected,optimistic_improvement_movement_cost2,21,0.6723082765177208,0.08709875836689333,5.165299521555569,0.1625138351793161
levy,optimistic_selected,optimistic_improvement_movement_cost2,22,0.6503960872478323,0.06071076300028402,5.376459741148363,0.11049450168414011
levy,optimistic_selected,optimistic_improvement_movement_cost2,23,0.6503960872478323,0.06071076300028402,5.596978886717911,0.1268155203885314
levy,optimistic_selected,optimistic_improvement_movement_cost2,24,0.6503960872478323,0.06071076300028402,5.785966442927932,0.17179432491053306
levy,optimistic_selected,optimistic_improvement_movement_cost2,25,0.6503960872478323,0.06071076300028402,5.937219785380493,0.17650448283159154
levy,optimistic_selected,optimistic_improvement_movement_cost2,26,0.6503960872478323,0.06071076300028402,6.164709416499112,0.21981010332734094
levy,optimistic_selected,optimistic_improvement_movement_cost2,27,0.6503960872478323,0.06071076300028402,6.340946342688455,0.24327231239388303
levy,optimistic_selected,optimistic_improvement_movement_cost2,28,0.6503960872478323,0.06071076300028402,6.487710430864953,0.23599978122560533
levy,optimistic_selected,optimistic_improvement_movement_cost2,29,0.6435983462753928,0.053536116107010534,6.66114168680873,0.2107198162059059
levy,optimistic_selected,optimistic_improvement_movement_cost2,30,0.6435983462753928,0.053536116107010534,6.8367028446099285,0.17067025655349533
levy,optimistic_selected,optimistic_improvement_movement_cost2,31,0.6435983462753928,0.053536116107010534,7.098411851778756,0.22354018127573877
levy,optimistic_selected,optimistic_improvement_movement_cost2,32,0.6435983462753928,0.053536116107010534,7.30994267985168,0.22099182343760504
levy,optimistic_selected,optimistic_improvement_movement_cost2,33,0.6435983462753928,0.053536116107010534,7.484607011657837,0.20300401842606894
levy,optimistic_selected,optimistic_improvement_movement_cost2,34,0.6435983462753928,0.053536116107010534,7.667570184522585,0.20573553808464257
levy,optimistic_selected,optimistic_improvement_movement_cost2,35,0.6358484499108603,0.046444675257640046,7.863988331006973,0.1606563383365982
levy,optimistic_selected,optimistic_improvement_movement_cost2,36,0.6305695212505978,0.04256425365935806,8.058710181826466,0.15215829772182618
levy,optimistic_selected,optimistic_improvement_movement_cost2,37,0.6305695212505978,0.04256425365935806,8.271938053550878,0.1867305986637337
levy,optimistic_selected,optimistic_improvement_movement_cost2,38,0.6305695212505978,0.04256425365935806,8.466805340597656,0.22421720970102058
levy,optimistic_selected,optimistic_improvement_movement_cost2,39,0.6305695212505978,0.04256425365935806,8.653861069187307,0.2184148694762505
levy,optimistic_selected,optimistic_improvement_movement_cost2,40,0.6305695212505978,0.04256425365935806,8.803152059048239,0.2131447155878337
levy,optimistic_selected,optimistic_improvement_movement_cost2,41,0.6305695212505978,0.04256425365935806,8.949837485749908,0.21699069491185916
levy,optimistic_selected,optimistic_improvement_movement_cost2,42,0.618122917477694,0.050385966275729534,9.238820716817605,0.28636537043759935
levy,optimistic_selected,optimistic_improvement_movement_cost2,43,0.618122917477694,0.050385966275729534,9.50333078093359,0.30202234284008234
levy,optimistic_selected,optimistic_improvement_movement_cost2,44,0.618122917477694,0.050385966275729534,9.715925615033365,0.3398361166028428
levy,optimistic_selected,optimistic_improvement_movement_cost2,45,0.618122917477694,0.050385966275729534,9.930106451225878,0.3418042149955973
levy,optimistic_selected,optimistic_improvement_movement_cost2,46,0.618122917477694,0.050385966275729534,10.151204225783678,0.38159759815437205
levy,optimistic_selected,optimistic_improvement_movement_cost2,47,0.618122917477694,0.050385966275729534,10.39166377512918,0.45085222593273755
levy,optimistic_selected,optimistic_improvement_movement_cost2,48,0.618122917477694,0.050385966275729534,10.531558806648375,0.4734353208279256
levy,optimistic_selected,optimistic_improvement_movement_cost2,49,0.618122917477694,0.050385966275729534,10.698544665938499,0.540881845661304
levy,budgeted_exploration,budgeted_exploration,0,0.7837348147285293,0.15739388541174223,0.9792222967986396,0.12378859449094348
levy,budgeted_exploration,budgeted_exploration,1,0.7837348147285293,0.15739388541174223,1.2751214199449512,0.06637801879316389
levy,budgeted_exploration,budgeted_exploration,2,0.7837348147285293,0.15739388541174223,1.5134781529431554,0.026549379427482298
levy,budgeted_exploration,budgeted_exploration,3,0.7837348147285293,0.15739388541174223,1.6707616092194781,0.03736226015501531
levy,budgeted_exploration,budgeted_exploration,4,0.7837348147285293,0.15739388541174223,1.8097963153290417,0.008353596980963511
levy,budgeted_exploration,budgeted_exploration,5,0.7837348147285293,0.15739388541174223,1.985860965099426,0.019360854869986302
levy,budgeted_exploration,budgeted_exploration,6,0.7837348147285293,0.15739388541174223,2.202379286556171,0.022718606275847403
levy,budgeted_exploration,budgeted_exploration,7,0.7694412296924246,0.1433744089723468,2.4021848955857723,0.06424046068061451
levy,budgeted_exploration,budgeted_exploration,8,0.7493308158628412,0.12689284557606967,2.700923866042911,0.046180020224702654
levy,budgeted_exploration,budgeted_exploration,9,0.7493308158628412,0.12689284557606967,2.9127318722557463,0.0690286166212966
levy,budgeted_exploration,budgeted_exploration,10,0.73458907608171,0.11943831452610393,3.087506013528967,0.08605830589952836
levy,budgeted_exploration,budgeted_exploration,11,0.73458907608171,0.11943831452610393,3.236310089103092,0.0928843921836556
levy,budgeted_exploration,budgeted_exploration,12,0.73458907608171,0.11943831452610393,3.383108238585295,0.09753759314976772
levy,budgeted_exploration,budgeted_exploration,13,0.707081644319648,0.09676877856203765,3.6200965500072058,0.08029709573525144
levy,budgeted_exploration,budgeted_exploration,14,0.707081644319648,0.09676877856203765,3.8021063655689438,0.07633805523524467
levy,budgeted_exploration,budgeted_exploration,15,0.707081644319648,0.09676877856203765,4.05399898611699,0.09095529088237297
levy,budgeted_exploration,budgeted_exploration,16,0.707081644319648,0.09676877856203765,4.332178504138379,0.16900742531952898
levy,budgeted_exploration,budgeted_exploration,17,0.707081644319648,0.09676877856203765,4.5715485480118145,0.22804829021390266
levy,budgeted_exploration,budgeted_exploration,18,0.6920009528972638,0.0892278740698681,4.793333497016674,0.2103070173982495
levy,budgeted_exploration,budgeted_exploration,19,0.6920009528972638,0.0892278740698681,5.021617796353595,0.14736759310587172
levy,budgeted_exploration,budgeted_exploration,20,0.6920009528972638,0.0892278740698681,5.266720271354669,0.09810809765413953
levy,budgeted_exploration,budgeted_exploration,21,0.6920009528972638,0.0892278740698681,5.461074160020121,0.12433191357772636
levy,budgeted_exploration,budgeted_exploration,22,0.6721463448088706,0.07191040344680953,5.658482490572822,0.1158447180711762
levy,budgeted_exploration,budgeted_exploration,23,0.6721463448088706,0.07191040344680953,5.899350321665001,0.132601856976599
levy,budgeted_exploration,budgeted_exploration,24,0.6721463448088706,0.07191040344680953,6.143487878538017,0.18300857781683136
levy,budgeted_exploration,budgeted_exploration,25,0.6721463448088706,0.07191040344680953,6.358620886120452,0.19241636778235197
levy,budgeted_exploration,budgeted_exploration,26,0.6576311855716716,0.0924377492330937,6.659592598122049,0.25760188861253824
levy,budgeted_exploration,budgeted_exploration,27,0.6525641421390609,0.08904689041031975,6.889358929786046,0.2514768199277531
levy,budgeted_exploration,budgeted_exploration,28,0.6525641421390609,0.08904689041031975,7.053466821227521,0.2383783420383734
levy,budgeted_exploration,budgeted_exploration,29,0.6525641421390609,0.08904689041031975,7.251359078786577,0.24027057671126062
levy,budgeted_exploration,budgeted_exploration,30,0.6525641421390609,0.08904689041031975,7.461363731521893,0.23295114333927414
levy,budgeted_exploration,budgeted_exploration,31,0.6525641421390609,0.08904689041031975,7.716091483401246,0.32451870446621106
levy,budgeted_exploration,budgeted_exploration,32,0.6525641421390609,0.08904689041031975,7.942767835776813,0.3112757556590582
levy,budgeted_exploration,budgeted_exploration,33,0.6525641421390609,0.08904689041031975,8.149256342785735,0.2658409644058906
levy,budgeted_exploration,budgeted_exploration,34,0.6442492893320171,0.08451066663786978,8.374929854861795,0.2814381510675132
levy,budgeted_exploration,budgeted_exploration,35,0.6442492893320171,0.08451066663786978,8.634804490361704,0.2265172100985339
levy,budgeted_exploration,budgeted_exploration,36,0.6442492893320171,0.08451066663786978,8.890741564643825,0.20993011585422872
levy,budgeted_exploration,budgeted_exploration,37,0.6442492893320171,0.08451066663786978,9.119949569510414,0.25935367331750453
levy,budgeted_exploration,budgeted_exploration,38,0.6442492893320171,0.08451066663786978,9.383388787258959,0.25431756695013985
levy,budgeted_exploration,budgeted_exploration,39,0.6442492893320171,0.08451066663786978,9.640611174237494,0.2543624869730812
levy,budgeted_exploration,budgeted_exploration,40,0.6442492893320171,0.08451066663786978,9.834672788748307,0.22949404420384314
levy,budgeted_exploration,budgeted_exploration,41,0.6442492893320171,0.08451066663786978,10.04268069307139,0.21704516805193688
levy,budgeted_exploration,budgeted_exploration,42,0.6279280397018868,0.08801718317654326,10.3383778786001,0.2913106766573001
levy,budgeted_exploration,budgeted_exploration,43,0.6279280397018868,0.08801718317654326,10.575613889545316,0.30911990782161086
levy,budgeted_exploration,budgeted_exploration,44,0.6279280397018868,0.08801718317654326,10.826575914884664,0.3399220676841831
levy,budgeted_exploration,budgeted_exploration,45,0.6279280397018868,0.08801718317654326,11.038574333510573,0.31582544350853486
levy,budgeted_exploration,budgeted_exploration,46,0.6279280397018868,0.08801718317654326,11.246431424354641,0.34582521134605027
levy,budgeted_exploration,budgeted_exploration,47,0.6279280397018868,0.08801718317654326,11.49988951124427,0.39884349294513655
levy,budgeted_exploration,budgeted_exploration,48,0.6279280397018868,0.08801718317654326,11.674038874745188,0.4143601622888833
levy,budgeted_exploration,budgeted_exploration,49,0.6279280397018868,0.08801718317654326,11.858523089390863,0.47234334271648826
levy,lookahead_budgeted_exploration,lookahead_budgeted_exploration,0,0.7853826056777337,0.1579492181381085,1.0065655847527009,0.14798678706255178
levy,lookahead_budgeted_exploration,lookahead_budgeted_exploration,1,0.7853826056777337,0.1579492181381085,1.253511786966623,0.07454060401832936
levy,lookahead_budgeted_exploration,lookahead_budgeted_exploration,2,0.7853826056777337,0.1579492181381085,1.4590836690174072,0.06896918548161557
levy,lookahead_budgeted_exploration,lookahead_budgeted_exploration,3,0.7853826056777337,0.1579492181381085,1.6222047888562952,0.0467171485232707
levy,lookahead_budgeted_exploration,lookahead_budgeted_exploration,4,0.7853826056777337,0.1579492181381085,1.7937797097304307,0.052705952538947685
levy,lookahead_budgeted_exploration,lookahead_budgeted_exploration,5,0.7853826056777337,0.1579492181381085,1.9788399344188994,0.08213126766891268
levy,lookahead_budgeted_exploration,lookahead_budgeted_exploration,6,0.7853826056777337,0.1579492181381085,2.1863798020859715,0.14206312514529865
levy,lookahead_budgeted_exploration,lookahead_budgeted_exploration,7,0.7685032591113529,0.14181487890121097,2.3836111224347207,0.1636375911669984
levy,lookahead_budgeted_exploration,lookahead_budgeted_exploration,8,0.7658335386256505,0.13946640106640892,2.6581398413327944,0.16556623763977857
levy,lookahead_budgeted_exploration,lookahead_budgeted_exploration,9,0.7658335386256505,0.13946640106640892,2.8478718802389444,0.19062169367479395
levy,lookahead_budgeted_exploration,lookahead_budgeted_exploration,10,0.7654875960240322,0.13928275288269898,3.0391758866903538,0.20994082331132885
levy,lookahead_budgeted_exploration,lookahead_budgeted_exploration,11,0.7654875960240322,0.13928275288269898,3.2690773417734422,0.24930847329169126
levy,lookahead_budgeted_exploration,lookahead_budgeted_exploration,12,0.7654875960240322,0.13928275288269898,3.4384111354389977,0.27950691241385284
levy,lookahead_budgeted_exploration,lookahead_budgeted_exploration,13,0.7283590868888243,0.11464028071038722,3.6937367467017705,0.3285400009724633
levy,lookahead_budgeted_exploration,lookahead_budgeted_exploration,14,0.7283590868888243,0.11464028071038722,3.8723147233988384,0.332750019584216
levy,lookahead_budgeted_exploration,lookahead_budgeted_exploration,15,0.7107051567408492,0.09927041608854638,4.098051712990238,0.3165667797452192
levy,lookahead_budgeted_exploration,lookahead_budgeted_exploration,16,0.7107051567408492,0.09927041608854638,4.395204938323997,0.33488971211222524
levy,lookahead_budgeted_exploration,lookahead_budgeted_exploration,17,0.7107051567408492,0.09927041608854638,4.628671087379053,0.39400218512254
levy,lookahead_budgeted_exploration,lookahead_budgeted_exploration,18,0.703054946376624,0.09476466311368194,4.868543193945022,0.3656525131736713
levy,lookahead_budgeted_exploration,lookahead_budgeted_exploration,19,0.703054946376624,0.09476466311368194,5.127199163352003,0.28091495552534307
levy,lookahead_budgeted_exploration,lookahead_budgeted_exploration,20,0.703054946376624,0.09476466311368194,5.356107972987284,0.18841281047873054
levy,lookahead_budgeted_exploration,lookahead_budgeted_exploration,21,0.703054946376624,0.09476466311368194,5.529596691896638,0.17476917963346938
levy,lookahead_budgeted_exploration,lookahead_budgeted_exploration,22,0.6857241984092536,0.08185477553451218,5.762837090796389,0.1472831425176514
levy,lookahead_budgeted_exploration,lookahead_budgeted_exploration,23,0.6857241984092536,0.08185477553451218,6.03455197662986,0.21692702891424057
levy,lookahead_budgeted_exploration,lookahead_budgeted_exploration,24,0.6857241984092536,0.08185477553451218,6.288998665646134,0.23832012728111115
levy,lookahead_budgeted_exploration,lookahead_budgeted_exploration,25,0.6857241984092536,0.08185477553451218,6.501028379072942,0.2175947631680791
levy,lookahead_budgeted_exploration,lookahead_budgeted_exploration,26,0.6757366545028548,0.09592862427933294,6.841944723568472,0.26348430075060597
levy,lookahead_budgeted_exploration,lookahead_budgeted_exploration,27,0.6694264010567803,0.09117332918182888,7.104412761594322,0.2961055001248318
levy,lookahead_budgeted_exploration,lookahead_budgeted_exploration,28,0.6616920012478223,0.08625140532877122,7.28984533204892,0.2934640848026294
levy,lookahead_budgeted_exploration,lookahead_budgeted_exploration,29,0.653163077809111,0.07967660509896433,7.497846323823281,0.3038242886402512
levy,lookahead_budgeted_exploration,lookahead_budgeted_exploration,30,0.653163077809111,0.07967660509896433,7.7025214827083985,0.31294749811977407
levy,lookahead_budgeted_exploration,lookahead_budgeted_exploration,31,0.653163077809111,0.07967660509896433,7.988971306164346,0.3650899358977277
levy,lookahead_budgeted_exploration,lookahead_budgeted_exploration,32,0.653163077809111,0.07967660509896433,8.233028800567768,0.35752701849130836
levy,lookahead_budgeted_exploration,lookahead_budgeted_exploration,33,0.653163077809111,0.07967660509896433,8.462686849145262,0.3577208391747934
levy,lookahead_budgeted_exploration,lookahead_budgeted_exploration,34,0.6354334905340133,0.07033536122218771,8.706638506110592,0.3620470293958638
levy,lookahead_budgeted_exploration,lookahead_budgeted_exploration,35,0.6354334905340133,0.07033536122218771,8.972667897262285,0.32432974008959037
levy,lookahead_budgeted_exploration,lookahead_budgeted_exploration,36,0.6267968966808162,0.06190802851883905,9.186967312430092,0.34443806479509287
levy,lookahead_budgeted_exploration,lookahead_budgeted_exploration,37,0.6267968966808162,0.06190802851883905,9.401398207164823,0.3969399230882646
levy,lookahead_budgeted_exploration,lookahead_budgeted_exploration,38,0.6267968966808162,0.06190802851883905,9.661409855993751,0.3727809828880696
levy,lookahead_budgeted_exploration,lookahead_budgeted_exploration,39,0.6267968966808162,0.06190802851883905,9.918159966912501,0.33211939024709225
levy,lookahead_budgeted_exploration,lookahead_budgeted_exploration,40,0.6267968966808162,0.06190802851883905,10.106535152018497,0.3050430694288389
levy,lookahead_budgeted_exploration,lookahead_budgeted_exploration,41,0.6267968966808162,0.06190802851883905,10.271490108726313,0.30528691523926027
levy,lookahead_budgeted_exploration,lookahead_budgeted_exploration,42,0.593201228135766,0.1090373111323187,10.524930143336285,0.41966703143653944
levy,lookahead_budgeted_exploration,lookahead_budgeted_exploration,43,0.593201228135766,0.1090373111323187,10.762795534963074,0.43604247235340127
levy,lookahead_budgeted_exploration,lookahead_budgeted_exploration,44,0.593201228135766,0.1090373111323187,10.99572420936155,0.44317230698299626
levy,lookahead_budgeted_exploration,lookahead_budgeted_exploration,45,0.593201228135766,0.1090373111323187,11.253921523823806,0.4101602395746028
levy,lookahead_budgeted_exploration,lookahead_budgeted_exploration,46,0.593201228135766,0.1090373111323187,11.509121397102989,0.4814071566930382
levy,lookahead_budgeted_exploration,lookahead_budgeted_exploration,47,0.593201228135766,0.1090373111323187,11.793894469689853,0.5865940957042252
levy,lookahead_budgeted_exploration,lookahead_budgeted_exploration,48,0.593201228135766,0.1090373111323187,11.99544005402081,0.6107043617181553
levy,lookahead_budgeted_exploration,lookahead_budgeted_exploration,49,0.593201228135766,0.1090373111323187,12.216841125343029,0.6685023863251611
rosenbrock,pure_bo,pure_bo,0,40.8351425498691,11.863700289727783,0.8882581264580806,0.11448427695906649
rosenbrock,pure_bo,pure_bo,1,40.8351425498691,11.863700289727783,1.2967710993026813,0.18438563041999184
rosenbrock,pure_bo,pure_bo,2,40.8351425498691,11.863700289727783,2.055376319638326,0.48913433937105355
rosenbrock,pure_bo,pure_bo,3,40.8351425498691,11.863700289727783,2.5995002524225725,0.6048953033593695
rosenbrock,pure_bo,pure_bo,4,39.230852150432845,12.940187908690312,3.1507412169693745,0.8297412266878638
rosenbrock,pure_bo,pure_bo,5,39.230852150432845,12.940187908690312,3.7541539399201977,1.073340098624636
rosenbrock,pure_bo,pure_bo,6,37.527339602208144,14.389951965135612,4.180753519441701,1.0247799544253766
rosenbrock,pure_bo,pure_bo,7,37.527339602208144,14.389951965135612,4.514878366516451,1.0725552868116242
rosenbrock,pure_bo,pure_bo,8,37.527339602208144,14.389951965135612,5.130242549181054,1.1299911749531606
rosenbrock,pure_bo,pure_bo,9,37.527339602208144,14.389951965135612,6.121210108114717,0.9872246959713465
rosenbrock,pure_bo,pure_bo,10,36.75259109890974,13.315799595069983,6.875739276676384,0.815916303576711
rosenbrock,pure_bo,pure_bo,11,36.75259109890974,13.315799595069983,7.116226504382745,0.8914046638104924
rosenbrock,pure_bo,pure_bo,12,36.75259109890974,13.315799595069983,8.255817591953935,0.9129781212237305
rosenbrock,pure_bo,pure_bo,13,36.22712037662756,13.822475790037126,9.384873347622866,0.8563807377202987
rosenbrock,pure_bo,pure_bo,14,36.22712037662756,13.822475790037126,10.367081502642536,0.876885782550014
rosenbrock,pure_bo,pure_bo,15,30.50065310114535,9.411871703268307,11.20834253926334,0.7637128648273646
rosenbrock,pure_bo,pure_bo,16,30.50065310114535,9.411871703268307,12.266131715983676,0.6894765623514887
rosenbrock,pure_bo,pure_bo,17,30.50065310114535,9.411871703268307,13.450452469989807,0.5008424371752741
rosenbrock,pure_bo,pure_bo,18,30.50065310114535,9.411871703268307,14.589468548302643,0.4646292799263456
rosenbrock,pure_bo,pure_bo,19,30.50065310114535,9.411871703268307,15.749209962662016,0.3646459482767539
rosenbrock,pure_bo,pure_bo,20,30.50065310114535,9.411871703268307,16.785575374687706,0.3907875645212537
rosenbrock,pure_bo,pure_bo,21,30.50065310114535,9.411871703268307,17.820780978449662,0.5062227283760395
rosenbrock,pure_bo,pure_bo,22,30.50065310114535,9.411871703268307,18.82335569900915,0.43774687432374904
rosenbrock,pure_bo,pure_bo,23,30.50065310114535,9.411871703268307,19.80255804046753,0.6731760375564895
rosenbrock,pure_bo,pure_bo,24,30.50065310114535,9.411871703268307,21.178177043279682,0.7519964084644772
rosenbrock,pure_bo,pure_bo,25,30.50065310114535,9.411871703268307,22.75961820172222,0.7781014419916632
rosenbrock,pure_bo,pure_bo,26,30.50065310114535,9.411871703268307,23.75391593307924,0.7954688842043436
rosenbrock,pure_bo,pure_bo,27,30.50065310114535,9.411871703268307,24.894026012400115,0.8279977729595419
rosenbrock,pure_bo,pure_bo,28,30.50065310114535,9.411871703268307,25.81258221604905,0.8072789742602777
rosenbrock,pure_bo,pure_bo,29,30.50065310114535,9.411871703268307,27.053459603371937,1.2478603265217587
rosenbrock,pure_bo,pure_bo,30,30.50065310114535,9.411871703268307,28.223631305034132,1.4673270081688963
rosenbrock,pure_bo,pure_bo,31,30.50065310114535,9.411871703268307,29.452541048202715,1.9309705588687038
rosenbrock,pure_bo,pure_bo,32,30.50065310114535,9.411871703268307,30.924302373778985,1.8995456619801154
rosenbrock,pure_bo,pure_bo,33,30.50065310114535,9.411871703268307,31.905614174240355,1.8659450119119982
rosenbrock,pure_bo,pure_bo,34,30.50065310114535,9.411871703268307,33.14368113394952,1.4275272716610934
rosenbrock,pure_bo,pure_bo,35,30.50065310114535,9.411871703268307,34.133545515563725,1.5592360266269747
rosenbrock,pure_bo,pure_bo,36,30.50065310114535,9.411871703268307,34.91798289782472,1.6503253433957141
rosenbrock,pure_bo,pure_bo,37,30.50065310114535,9.411871703268307,35.96292831386629,1.2923755142043407
rosenbrock,pure_bo,pure_bo,38,29.920781704889965,9.770197170494352,36.98933295194063,1.4932160463925688
rosenbrock,pure_bo,pure_bo,39,29.920781704889965,9.770197170494352,38.19324778405894,1.5464789452108678
rosenbrock,pure_bo,pure_bo,40,29.920781704889965,9.770197170494352,39.09669449758393,1.3878194022040233
rosenbrock,pure_bo,pure_bo,41,29.920781704889965,9.770197170494352,40.06871351908173,1.0469822446054162
rosenbrock,pure_bo,pure_bo,42,29.920781704889965,9.770197170494352,41.093911079470786,0.8316182944328635
rosenbrock,pure_bo,pure_bo,43,29.920781704889965,9.770197170494352,41.91437782502238,0.8035256991220076
rosenbrock,pure_bo,pure_bo,44,29.920781704889965,9.770197170494352,43.29056323555338,0.900974908669937
rosenbrock,pure_bo,pure_bo,45,29.920781704889965,9.770197170494352,44.52216167349329,1.1640850178946316
rosenbrock,pure_bo,pure_bo,46,29.920781704889965,9.770197170494352,45.49256889752035,1.227935940156658
rosenbrock,pure_bo,pure_bo,47,29.920781704889965,9.770197170494352,46.82238214380334,1.336043700577644
rosenbrock,pure_bo,pure_bo,48,29.920781704889965,9.770197170494352,48.103691880376026,1.822652978022494
rosenbrock,pure_bo,pure_bo,49,29.920781704889965,9.770197170494352,49.14341786868223,2.0926907718783156
rosenbrock,earlbo,earlbo,0,96.90913628286869,48.28827267890507,1.4594896039274479,0.3131356936514806
rosenbrock,earlbo,earlbo,1,93.78524818786825,48.79673228519658,2.6443883292764077,0.9982174742266576
rosenbrock,earlbo,earlbo,2,53.17634402575957,20.977545708979765,3.5149449831935016,1.1358240208697843
rosenbrock,earlbo,earlbo,3,53.17634402575957,20.977545708979765,4.146195851437896,1.118639716364206
rosenbrock,earlbo,earlbo,4,51.653874577074056,18.83113882514603,4.532349620730145,1.2102130868219425
rosenbrock,earlbo,earlbo,5,51.653874577074056,18.83113882514603,4.899509057137524,1.309303062903971
rosenbrock,earlbo,earlbo,6,45.56891574442972,24.768713836724984,5.192327110167141,1.3632046586210298
rosenbrock,earlbo,earlbo,7,39.98411825623341,27.10536868720764,5.537581791724565,1.3670493787564297
rosenbrock,earlbo,earlbo,8,33.86907318237499,18.49841421153833,6.355321545850281,1.6745429642099003
rosenbrock,earlbo,earlbo,9,33.86907318237499,18.49841421153833,7.3080232267200245,1.9645254987969125
rosenbrock,earlbo,earlbo,10,33.86907318237499,18.49841421153833,7.767405490468703,1.9164420371646769
rosenbrock,earlbo,earlbo,11,33.86907318237499,18.49841421153833,8.557256322472984,2.0684416959086906
rosenbrock,earlbo,earlbo,12,33.86907318237499,18.49841421153833,9.38394916057993,2.45540368016061
rosenbrock,earlbo,earlbo,13,33.86907318237499,18.49841421153833,9.663893438498928,2.3872795752830416
rosenbrock,earlbo,earlbo,14,33.86907318237499,18.49841421153833,10.334689899698526,2.4631281643686367
rosenbrock,earlbo,earlbo,15,33.86907318237499,18.49841421153833,11.171137089066121,2.4446053086920423
rosenbrock,earlbo,earlbo,16,33.86907318237499,18.49841421153833,11.980236800852003,2.2095873372626165
rosenbrock,earlbo,earlbo,17,33.86907318237499,18.49841421153833,13.27890553622557,1.9354290734578576
rosenbrock,earlbo,earlbo,18,32.83282861852111,19.411026532848624,14.229511419977845,1.9072337124322827
rosenbrock,earlbo,earlbo,19,22.655096870869784,5.835940459590979,14.904720214692366,1.8410646880028327
rosenbrock,earlbo,earlbo,20,22.655096870869784,5.835940459590979,15.531099196067904,1.826182217650765
rosenbrock,earlbo,earlbo,21,22.655096870869784,5.835940459590979,16.28418894300005,1.6986886289185277
rosenbrock,earlbo,earlbo,22,22.655096870869784,5.835940459590979,16.598239114878893,1.687401336748689
rosenbrock,earlbo,earlbo,23,20.867425963354894,4.079182552987713,17.18885238780416,1.6684980476090978
rosenbrock,earlbo,earlbo,24,20.867425963354894,4.079182552987713,17.994749496190476,1.602292280223536
rosenbrock,earlbo,earlbo,25,20.867425963354894,4.079182552987713,18.41992226971264,1.567074531678557
rosenbrock,earlbo,earlbo,26,20.867425963354894,4.079182552987713,18.961715654957715,1.6875925085938832
rosenbrock,earlbo,earlbo,27,20.019421401745834,3.488227628338119,19.579137617705836,1.57489045856065
rosenbrock,earlbo,earlbo,28,20.019421401745834,3.488227628338119,20.741950495927554,1.1195226389232047
rosenbrock,earlbo,earlbo,29,20.019421401745834,3.488227628338119,21.85670653929506,0.8183728572962451
rosenbrock,earlbo,earlbo,30,20.019421401745834,3.488227628338119,22.48959571344824,1.0904831154310617
rosenbrock,earlbo,earlbo,31,20.019421401745834,3.488227628338119,23.77294107828952,1.5795209584988272
rosenbrock,earlbo,earlbo,32,20.019421401745834,3.488227628338119,24.856239130308527,1.9924138944311836
rosenbrock,earlbo,earlbo,33,20.019421401745834,3.488227628338119,25.37574382550801,2.3031663053898996
rosenbrock,earlbo,earlbo,34,20.019421401745834,3.488227628338119,26.079886978940987,2.7927976874767966
rosenbrock,earlbo,earlbo,35,20.019421401745834,3.488227628338119,26.684938715388792,3.0238234309823966
rosenbrock,earlbo,earlbo,36,19.95361396549677,3.4495657487469717,27.294976932567437,3.1848185088233003
rosenbrock,earlbo,earlbo,37,19.95361396549677,3.4495657487469717,28.164319032942178,3.1638505291143066
rosenbrock,earlbo,earlbo,38,19.95361396549677,3.4495657487469717,29.050081579377164,3.0104213844653507
rosenbrock,earlbo,earlbo,39,19.95361396549677,3.4495657487469717,29.768462652024763,3.009650255184326
rosenbrock,earlbo,earlbo,40,19.95361396549677,3.4495657487469717,30.443091198254407,3.167361943314671
rosenbrock,earlbo,earlbo,41,19.95361396549677,3.4495657487469717,31.122023198512508,3.361854444013106
rosenbrock,earlbo,earlbo,42,19.95361396549677,3.4495657487469717,31.65015832003259,3.6288991247316047
rosenbrock,earlbo,earlbo,43,19.95361396549677,3.4495657487469717,32.22023669380382,3.7405021814384614
rosenbrock,earlbo,earlbo,44,18.61368473228444,2.788788413521413,32.66241281450568,3.6862554611566387
rosenbrock,earlbo,earlbo,45,18.61368473228444,2.788788413521413,33.08321195218759,3.590455151198056
rosenbrock,earlbo,earlbo,46,18.61368473228444,2.788788413521413,33.61094730038408,3.6382540116674416
rosenbrock,earlbo,earlbo,47,18.61368473228444,2.788788413521413,34.34810332622089,3.8898194115435674
rosenbrock,earlbo,earlbo,48,18.61368473228444,2.788788413521413,35.25617172896327,4.083103226004856
rosenbrock,earlbo,earlbo,49,18.61368473228444,2.788788413521413,36.21277134721858,4.186741684436148
rosenbrock,snake,snake,0,58.59181375532781,18.905765845611555,0.9062823259522181,0.18978014909837237
rosenbrock,snake,snake,1,52.10746193153881,12.194386603744281,1.2983692223980838,0.1655595680403579
rosenbrock,snake,snake,2,47.392459379736486,7.33120431304707,1.5215722008130397,0.17919345447982993
rosenbrock,snake,snake,3,47.31423114700783,7.40878060879945,1.742779477580824,0.1952641211054367
rosenbrock,snake,snake,4,45.767311478082235,9.084576263933652,2.0141483093825605,0.17182080514685627
rosenbrock,snake,snake,5,43.61195616909563,9.847400444353877,2.284360705651523,0.15164745284036257
rosenbrock,snake,snake,6,40.508792906334385,9.795006908204597,2.5029365544394495,0.13412477219203847
rosenbrock,snake,snake,7,38.96458747691063,10.398600584039377,2.6824211744587942,0.17724264326558442
rosenbrock,snake,snake,8,38.89657209566578,10.45819462796051,2.96572197380443,0.24980941925440517
rosenbrock,snake,snake,9,36.99450658252345,7.807859133377511,3.296568331208082,0.36913749488066994
rosenbrock,snake,snake,10,36.36805420453951,7.538241322735135,3.5863566775250653,0.5292539429041981
rosenbrock,snake,snake,11,35.273168087142956,8.689724282077508,3.8752992943545728,0.7152592544627471
rosenbrock,snake,snake,12,32.943227704760886,7.442969911798884,4.101814490334515,0.7719617401895529
rosenbrock,snake,snake,13,32.84988823765165,7.535096218656474,4.327108258627518,0.7687551879565047
rosenbrock,snake,snake,14,31.355393499154786,5.515861191412797,4.554074767407911,0.7482861492246858
rosenbrock,snake,snake,15,31.355393499154786,5.515861191412797,4.78854527180274,0.7088201829723192
rosenbrock,snake,snake,16,29.80649607039693,6.3986291829738215,5.221777621520261,0.6336645546140577
rosenbrock,snake,snake,17,29.80649607039693,6.3986291829738215,5.655634689900058,0.750865391828478
rosenbrock,snake,snake,18,29.80649607039693,6.3986291829738215,5.909152856967606,0.8011897022369968
rosenbrock,snake,snake,19,29.6140599433171,6.13207035844146,6.061542373762928,0.7932976449147809
rosenbrock,snake,snake,20,28.731846672622353,6.825064142701279,6.184770147727501,0.8055977237418289
rosenbrock,snake,snake,21,28.07175252320525,6.884621659857155,6.318024065513925,0.7835227692495628
rosenbrock,snake,snake,22,27.149357065718117,5.597032119046704,6.661184233804008,0.6168372921950238
rosenbrock,snake,snake,23,27.149357065718117,5.597032119046704,7.185471825519294,0.5149458824669723
rosenbrock,snake,snake,24,27.149357065718117,5.597032119046704,7.510863471977349,0.5558255635793227
rosenbrock,snake,snake,25,24.872359947513207,3.3756605418649657,7.856294440856341,0.3867296671607184
rosenbrock,snake,snake,26,24.838714326016753,3.4041463164943915,8.511319202863415,0.4158511326026079
rosenbrock,snake,snake,27,23.725497105047026,4.270626789462505,9.216097881685975,0.5235581090344003
rosenbrock,snake,snake,28,22.527497382240103,2.6447951521097526,9.696871788892638,0.34392467670374627
rosenbrock,snake,snake,29,22.527497382240103,2.6447951521097526,10.487042061728602,0.2399276524719538
rosenbrock,snake,snake,30,22.527497382240103,2.6447951521097526,11.309235940915656,0.17511939694140136
rosenbrock,snake,snake,31,21.812633805963554,1.7380359548957178,11.829064607927178,0.067946912299238
rosenbrock,snake,snake,32,21.812633805963554,1.7380359548957178,12.451198127472631,0.06766977112542011
rosenbrock,snake,snake,33,21.812633805963554,1.7380359548957178,13.176717098578564,0.09601843684008317
rosenbrock,snake,snake,34,21.133601541467712,2.6293177861244,13.506480317346243,0.17230347916698915
rosenbrock,snake,snake,35,21.133601541467712,2.6293177861244,13.810747544829184,0.1713416038492825
rosenbrock,snake,snake,36,20.881098482381027,2.3780604106662726,14.339556885862905,0.4510401356459674
rosenbrock,snake,snake,37,20.881098482381027,2.3780604106662726,14.994503615106046,0.3808919500428417
rosenbrock,snake,snake,38,20.881098482381027,2.3780604106662726,15.670174940129527,0.5070116272778237
rosenbrock,snake,snake,39,20.881098482381027,2.3780604106662726,16.433403302836307,0.3895681201237353
rosenbrock,snake,snake,40,20.881098482381027,2.3780604106662726,17.0417294197893,0.099714344890675
rosenbrock,snake,snake,41,20.881098482381027,2.3780604106662726,17.912197068660493,0.1437173991741045
rosenbrock,snake,snake,42,20.881098482381027,2.3780604106662726,18.78350247887318,0.27947591917320047
rosenbrock,snake,snake,43,20.881098482381027,2.3780604106662726,19.621069011833157,0.41507324879265844
rosenbrock,snake,snake,44,20.881098482381027,2.3780604106662726,20.450555254562243,0.36345716447781445
rosenbrock,snake,snake,45,20.881098482381027,2.3780604106662726,21.27969717727693,0.3067460544954321
rosenbrock,snake,snake,46,20.881098482381027,2.3780604106662726,21.915180827301715,0.16328460255408134
rosenbrock,snake,snake,47,20.881098482381027,2.3780604106662726,22.391343970209416,0.0980915504630692
rosenbrock,snake,snake,48,20.358827195169358,2.2582787749921005,22.923079058130924,0.3003779349946347
rosenbrock,snake,snake,49,20.358827195169358,2.2582787749921005,23.390483160155497,0.15323550178650347
rosenbrock,log_improvement_movement_cost3,log_improvement_movement_cost3,0,62.47593451738121,19.237063615544223,0.983608340298605,0.20290877924358203
rosenbrock,log_improvement_movement_cost3,log_improvement_movement_cost3,1,49.29421318922008,10.832987333985315,1.2129770691143638,0.29004720892471914
rosenbrock,log_improvement_movement_cost3,log_improvement_movement_cost3,2,49.29421318922008,10.832987333985315,1.3902496961144102,0.34058609994982814
rosenbrock,log_improvement_movement_cost3,log_improvement_movement_cost3,3,44.50197655773625,8.639771677023235,1.6255302086426926,0.4159340234908174
rosenbrock,log_improvement_movement_cost3,log_improvement_movement_cost3,4,43.26046163317026,8.033097528678313,1.8553346041812855,0.42030015256457365
rosenbrock,log_improvement_movement_cost3,log_improvement_movement_cost3,5,39.84937774600973,6.40502879384106,2.0677497011696926,0.40382808632023715
rosenbrock,log_improvement_movement_cost3,log_improvement_movement_cost3,6,39.84937774600973,6.40502879384106,2.25433947981848,0.36232213093647897
rosenbrock,log_improvement_movement_cost3,log_improvement_movement_cost3,7,35.62142095505073,9.029846984524191,2.470510254631198,0.3415927610179684
rosenbrock,log_improvement_movement_cost3,log_improvement_movement_cost3,8,35.62142095505073,9.029846984524191,2.672856816157244,0.31101552584625014
rosenbrock,log_improvement_movement_cost3,log_improvement_movement_cost3,9,35.62142095505073,9.029846984524191,2.865039669677462,0.2876439974235028
rosenbrock,log_improvement_movement_cost3,log_improvement_movement_cost3,10,34.38600140340018,7.568121974552299,3.134339512181221,0.4339768754923975
rosenbrock,log_improvement_movement_cost3,log_improvement_movement_cost3,11,33.564597127174544,7.922159619697754,3.416875544127072,0.6143361427875892
rosenbrock,log_improvement_movement_cost3,log_improvement_movement_cost3,12,33.564597127174544,7.922159619697754,3.6433314129660412,0.671380175706306
rosenbrock,log_improvement_movement_cost3,log_improvement_movement_cost3,13,32.87215094865409,8.335483261821945,3.88891548669593,0.7628527907349733
rosenbrock,log_improvement_movement_cost3,log_improvement_movement_cost3,14,32.87215094865409,8.335483261821945,4.133513249084462,0.8430062331924332
rosenbrock,log_improvement_movement_cost3,log_improvement_movement_cost3,15,32.87215094865409,8.335483261821945,4.407700190975974,0.7809642858033108
rosenbrock,log_improvement_movement_cost3,log_improvement_movement_cost3,16,32.69176957568886,8.45846499774306,4.676951539962247,0.7735969851218586
rosenbrock,log_improvement_movement_cost3,log_improvement_movement_cost3,17,32.69176957568886,8.45846499774306,4.933747284524119,0.7894892057896767
rosenbrock,log_improvement_movement_cost3,log_improvement_movement_cost3,18,30.472696156177353,10.029182817281425,5.163497181219413,0.7999823601365278
rosenbrock,log_improvement_movement_cost3,log_improvement_movement_cost3,19,30.472696156177353,10.029182817281425,5.322445666610217,0.796409372102878
rosenbrock,log_improvement_movement_cost3,log_improvement_movement_cost3,20,28.107647357835617,6.6854097700264665,5.48976995665049,0.82682402301072
rosenbrock,log_improvement_movement_cost3,log_improvement_movement_cost3,21,28.107647357835617,6.6854097700264665,5.65244872872137,0.8267884638843764
rosenbrock,log_improvement_movement_cost3,log_improvement_movement_cost3,22,27.230295077300312,7.411917032036011,5.9257717214094425,0.8350749633461395
rosenbrock,log_improvement_movement_cost3,log_improvement_movement_cost3,23,25.9439934266038,5.628107140598725,6.1474365132679125,0.8752755725767503
rosenbrock,log_improvement_movement_cost3,log_improvement_movement_cost3,24,25.9439934266038,5.628107140598725,6.335929464018605,0.9254637878126245
rosenbrock,log_improvement_movement_cost3,log_improvement_movement_cost3,25,25.9439934266038,5.628107140598725,6.512488323809751,0.9360814989313107
rosenbrock,log_improvement_movement_cost3,log_improvement_movement_cost3,26,25.9439934266038,5.628107140598725,6.684023941009038,0.9373702886063641
rosenbrock,log_improvement_movement_cost3,log_improvement_movement_cost3,27,24.79730903058793,4.0643792086937305,6.89627738800952,0.8882825133880697
rosenbrock,log_improvement_movement_cost3,log_improvement_movement_cost3,28,24.79730903058793,4.0643792086937305,7.150135335478964,0.8569233265097097
rosenbrock,log_improvement_movement_cost3,log_improvement_movement_cost3,29,24.79730903058793,4.0643792086937305,7.368658657294643,0.8536948283502179
rosenbrock,log_improvement_movement_cost3,log_improvement_movement_cost3,30,24.79730903058793,4.0643792086937305,7.636285083046523,0.8890146787030813
rosenbrock,log_improvement_movement_cost3,log_improvement_movement_cost3,31,24.79730903058793,4.0643792086937305,7.859192518536045,0.97052253413736
rosenbrock,log_improvement_movement_cost3,log_improvement_movement_cost3,32,24.103897148351496,3.1473527205106295,8.077868955816852,0.9153223432183758
rosenbrock,log_improvement_movement_cost3,log_improvement_movement_cost3,33,24.103897148351496,3.1473527205106295,8.446196641551305,1.17461581748444
rosenbrock,log_improvement_movement_cost3,log_improvement_movement_cost3,34,24.103897148351496,3.1473527205106295,8.830716734528652,1.4901623841259108
rosenbrock,log_improvement_movement_cost3,log_improvement_movement_cost3,35,21.733685608134095,1.3501983153430124,9.018429693217591,1.5140246719005614
rosenbrock,log_improvement_movement_cost3,log_improvement_movement_cost3,36,21.733685608134095,1.3501983153430124,9.207483382062291,1.5448629784123926
rosenbrock,log_improvement_movement_cost3,log_improvement_movement_cost3,37,21.733685608134095,1.3501983153430124,9.349165660971385,1.5451465158465376
rosenbrock,log_improvement_movement_cost3,log_improvement_movement_cost3,38,21.733685608134095,1.3501983153430124,9.54058201351951,1.5265533994914087
rosenbrock,log_improvement_movement_cost3,log_improvement_movement_cost3,39,21.733685608134095,1.3501983153430124,9.864763599770098,1.584675437959629
rosenbrock,log_improvement_movement_cost3,log_improvement_movement_cost3,40,21.733685608134095,1.3501983153430124,10.151040734407294,1.73699070599937
rosenbrock,log_improvement_movement_cost3,log_improvement_movement_cost3,41,21.733685608134095,1.3501983153430124,10.327510157855494,1.7875592796467932
rosenbrock,log_improvement_movement_cost3,log_improvement_movement_cost3,42,21.733685608134095,1.3501983153430124,10.576951794524623,1.904892050610897
rosenbrock,log_improvement_movement_cost3,log_improvement_movement_cost3,43,21.324198918413344,1.7763744922505544,10.842258479110578,2.0479689095554594
rosenbrock,log_improvement_movement_cost3,log_improvement_movement_cost3,44,21.324198918413344,1.7763744922505544,10.997056260656185,2.064071918781358
rosenbrock,log_improvement_movement_cost3,log_improvement_movement_cost3,45,21.324198918413344,1.7763744922505544,11.24083639833539,2.0937481325859757
rosenbrock,log_improvement_movement_cost3,log_improvement_movement_cost3,46,21.324198918413344,1.7763744922505544,11.438162822122601,2.158543605624804
rosenbrock,log_improvement_movement_cost3,log_improvement_movement_cost3,47,21.324198918413344,1.7763744922505544,11.590289779742152,2.18108454414065
rosenbrock,log_improvement_movement_cost3,log_improvement_movement_cost3,48,21.324198918413344,1.7763744922505544,11.74559200571533,2.1996392066027255
rosenbrock,log_improvement_movement_cost3,log_improvement_movement_cost3,49,21.324198918413344,1.7763744922505544,11.915629107062587,2.1743515268071847
rosenbrock,optimistic_selected,optimistic_improvement_movement_cost3,0,58.075779392198804,17.690199004724608,0.9226203492715053,0.13709532567538735
rosenbrock,optimistic_selected,optimistic_improvement_movement_cost3,1,47.24419090517235,13.530343500905657,1.1760436528031861,0.22419522457041596
rosenbrock,optimistic_selected,optimistic_improvement_movement_cost3,2,44.99318139585097,10.921811137590046,1.3307174146104535,0.23658648927223438
rosenbrock,optimistic_selected,optimistic_improvement_movement_cost3,3,44.99318139585097,10.921811137590046,1.529870056269414,0.2212294767632342
rosenbrock,optimistic_selected,optimistic_improvement_movement_cost3,4,39.304545064701564,15.323970522940913,1.7915561099595247,0.16948998177057575
rosenbrock,optimistic_selected,optimistic_improvement_movement_cost3,5,39.304545064701564,15.323970522940913,2.01730198437346,0.1511328969195902
rosenbrock,optimistic_selected,optimistic_improvement_movement_cost3,6,30.09133067840503,8.800204183588578,2.2430093750820155,0.11007883957366578
rosenbrock,optimistic_selected,optimistic_improvement_movement_cost3,7,28.677425079442372,9.259232548507688,2.412765762539925,0.1331282469629299
rosenbrock,optimistic_selected,optimistic_improvement_movement_cost3,8,26.02461365797298,5.614563753379823,2.62115617220628,0.15249909689210356
rosenbrock,optimistic_selected,optimistic_improvement_movement_cost3,9,26.02461365797298,5.614563753379823,2.9159809107046257,0.2223436041934661
rosenbrock,optimistic_selected,optimistic_improvement_movement_cost3,10,26.02461365797298,5.614563753379823,3.14837231141747,0.30208497025039643
rosenbrock,optimistic_selected,optimistic_improvement_movement_cost3,11,26.02461365797298,5.614563753379823,3.3754538756651105,0.37520937066318666
rosenbrock,optimistic_selected,optimistic_improvement_movement_cost3,12,23.86135959660136,2.8555367472806803,3.5457931621904444,0.3839236006862813
rosenbrock,optimistic_selected,optimistic_improvement_movement_cost3,13,23.86135959660136,2.8555367472806803,3.7114465322665935,0.41953139132621364
rosenbrock,optimistic_selected,optimistic_improvement_movement_cost3,14,23.86135959660136,2.8555367472806803,3.9635744179323598,0.46216094800037705
rosenbrock,optimistic_selected,optimistic_improvement_movement_cost3,15,23.20920251978558,3.720502149921083,4.22017122267071,0.48820480284829804
rosenbrock,optimistic_selected,optimistic_improvement_movement_cost3,16,22.927768791907837,4.10149482566833,4.420472591340596,0.5620734870674093
rosenbrock,optimistic_selected,optimistic_improvement_movement_cost3,17,22.734172718573774,3.909213711522971,4.613259264500823,0.5502808771867199
rosenbrock,optimistic_selected,optimistic_improvement_movement_cost3,18,22.734172718573774,3.909213711522971,4.796394004365059,0.555106099513647
rosenbrock,optimistic_selected,optimistic_improvement_movement_cost3,19,22.734172718573774,3.909213711522971,4.975090344511238,0.5666465456323034
rosenbrock,optimistic_selected,optimistic_improvement_movement_cost3,20,21.548587140712,3.7821243601005508,5.1635884905063385,0.5830730106443611
rosenbrock,optimistic_selected,optimistic_improvement_movement_cost3,21,20.962703370963293,3.027728118547724,5.300678487533511,0.5975670933056884
rosenbrock,optimistic_selected,optimistic_improvement_movement_cost3,22,20.962703370963293,3.027728118547724,5.452077425663883,0.6522857670761772
rosenbrock,optimistic_selected,optimistic_improvement_movement_cost3,23,20.962703370963293,3.027728118547724,5.652947835991614,0.6610994784030988
rosenbrock,optimistic_selected,optimistic_improvement_movement_cost3,24,20.962703370963293,3.027728118547724,5.869194313258134,0.6043864281782917
rosenbrock,optimistic_selected,optimistic_improvement_movement_cost3,25,20.962703370963293,3.027728118547724,6.084430158334005,0.6190282309461909
rosenbrock,optimistic_selected,optimistic_improvement_movement_cost3,26,20.962703370963293,3.027728118547724,6.291560753444176,0.6704774286367444
rosenbrock,optimistic_selected,optimistic_improvement_movement_cost3,27,20.962703370963293,3.027728118547724,6.514403671863653,0.6557623100030829
rosenbrock,optimistic_selected,optimistic_improvement_movement_cost3,28,20.962703370963293,3.027728118547724,6.710172347482108,0.6412500148469951
rosenbrock,optimistic_selected,optimistic_improvement_movement_cost3,29,20.962703370963293,3.027728118547724,6.912938504504246,0.6567478623496804
rosenbrock,optimistic_selected,optimistic_improvement_movement_cost3,30,20.962703370963293,3.027728118547724,7.116352047938277,0.6481200289963139
rosenbrock,optimistic_selected,optimistic_improvement_movement_cost3,31,20.962703370963293,3.027728118547724,7.327184818042483,0.7128799811508171
rosenbrock,optimistic_selected,optimistic_improvement_movement_cost3,32,20.891376973795214,2.938616046749124,7.481816219755399,0.7020472044182241
rosenbrock,optimistic_selected,optimistic_improvement_movement_cost3,33,20.891376973795214,2.938616046749124,7.841278303712809,0.8990521594379666
rosenbrock,optimistic_selected,optimistic_improvement_movement_cost3,34,19.664947260268573,1.6360812135562084,8.2232571540901,1.15864889734878
rosenbrock,optimistic_selected,optimistic_improvement_movement_cost3,35,19.664947260268573,1.6360812135562084,8.405831050999128,1.234181665768478
rosenbrock,optimistic_selected,optimistic_improvement_movement_cost3,36,19.664947260268573,1.6360812135562084,8.581928086322904,1.245111643826583
rosenbrock,optimistic_selected,optimistic_improvement_movement_cost3,37,19.664947260268573,1.6360812135562084,8.737571247155671,1.297028058486679
rosenbrock,optimistic_selected,optimistic_improvement_movement_cost3,38,19.664947260268573,1.6360812135562084,8.967098863282962,1.2940196963919248
rosenbrock,optimistic_selected,optimistic_improvement_movement_cost3,39,19.664947260268573,1.6360812135562084,9.232138124456215,1.3558385102637442
rosenbrock,optimistic_selected,optimistic_improvement_movement_cost3,40,19.664947260268573,1.6360812135562084,9.478100578981826,1.360392934851259
rosenbrock,optimistic_selected,optimistic_improvement_movement_cost3,41,19.13218438666307,1.4009845031760833,9.677904976442434,1.3544522855082077
rosenbrock,optimistic_selected,optimistic_improvement_movement_cost3,42,19.13218438666307,1.4009845031760833,9.940899934735876,1.5181257807375192
rosenbrock,optimistic_selected,optimistic_improvement_movement_cost3,43,19.13218438666307,1.4009845031760833,10.210853520937253,1.611832837152174
rosenbrock,optimistic_selected,optimistic_improvement_movement_cost3,44,19.13218438666307,1.4009845031760833,10.38862965948928,1.6360870522764142
rosenbrock,optimistic_selected,optimistic_improvement_movement_cost3,45,17.654502856323614,2.2131510192081802,10.528352489966169,1.6576302904126927
rosenbrock,optimistic_selected,optimistic_improvement_movement_cost3,46,17.654502856323614,2.2131510192081802,10.678990882389414,1.6494757212300881
rosenbrock,optimistic_selected,optimistic_improvement_movement_cost3,47,17.654502856323614,2.2131510192081802,10.83009051217215,1.6465682371108157
rosenbrock,optimistic_selected,optimistic_improvement_movement_cost3,48,17.654502856323614,2.2131510192081802,11.033827433794812,1.6623318055566494
rosenbrock,optimistic_selected,optimistic_improvement_movement_cost3,49,17.654502856323614,2.2131510192081802,11.267927698449475,1.6469992853750244
rosenbrock,budgeted_exploration,budgeted_exploration,0,57.77561392826758,14.121621232663886,0.913618610489392,0.17650809859502495
rosenbrock,budgeted_exploration,budgeted_exploration,1,45.45902021026041,17.704587560040498,1.2406411341358696,0.09551923540287596
rosenbrock,budgeted_exploration,budgeted_exploration,2,44.34946783978267,16.192092681670488,1.43607609586601,0.12427484936402942
rosenbrock,budgeted_exploration,budgeted_exploration,3,40.92964503161381,14.209098797160427,1.6510532518349843,0.1557962825809049
rosenbrock,budgeted_exploration,budgeted_exploration,4,40.286295065604556,14.33079044167952,1.8911192737354667,0.12199559904249738
rosenbrock,budgeted_exploration,budgeted_exploration,5,38.66889349373091,12.214701647585668,2.1247085313911422,0.10839503921152174
rosenbrock,budgeted_exploration,budgeted_exploration,6,37.84952205975278,13.172736651489394,2.3669220853841915,0.1280768852241278
rosenbrock,budgeted_exploration,budgeted_exploration,7,35.857563571488164,13.6038724513595,2.600345471423645,0.11844301086123164
rosenbrock,budgeted_exploration,budgeted_exploration,8,34.300406941352456,11.494183335650888,2.8756315243393167,0.09491082675722773
rosenbrock,budgeted_exploration,budgeted_exploration,9,32.4068839985572,8.988733857059458,3.1180233575226644,0.19293238242153518
rosenbrock,budgeted_exploration,budgeted_exploration,10,31.66378045299615,8.03592308540502,3.3338824801013742,0.23427829808303738
rosenbrock,budgeted_exploration,budgeted_exploration,11,29.66344697051191,5.646784199574813,3.5357101800350925,0.28681940862194744
rosenbrock,budgeted_exploration,budgeted_exploration,12,29.192885648307016,5.366373023942257,3.7217777884876053,0.33663066597680497
rosenbrock,budgeted_exploration,budgeted_exploration,13,29.192885648307016,5.366373023942257,3.940702792595023,0.3765024823591644
rosenbrock,budgeted_exploration,budgeted_exploration,14,29.192885648307016,5.366373023942257,4.211124195261459,0.4069903837083671
rosenbrock,budgeted_exploration,budgeted_exploration,15,29.192885648307016,5.366373023942257,4.49525173011188,0.4244823406438381
rosenbrock,budgeted_exploration,budgeted_exploration,16,29.192885648307016,5.366373023942257,4.761947792479248,0.4880056952114759
rosenbrock,budgeted_exploration,budgeted_exploration,17,28.52303053476399,4.649140765578329,5.0123972438726865,0.4781455899232028
rosenbrock,budgeted_exploration,budgeted_exploration,18,27.03292387962324,3.474467360785922,5.212893888092133,0.5198151575004131
rosenbrock,budgeted_exploration,budgeted_exploration,19,27.03292387962324,3.474467360785922,5.355565801542027,0.5454635237563549
rosenbrock,budgeted_exploration,budgeted_exploration,20,26.15486810076978,4.703368004355904,5.54014305390237,0.56135556815932
rosenbrock,budgeted_exploration,budgeted_exploration,21,25.819561199764394,4.539789546672097,5.743172407113673,0.6001113584412257
rosenbrock,budgeted_exploration,budgeted_exploration,22,25.819561199764394,4.539789546672097,5.936504334513269,0.6081524586485108
rosenbrock,budgeted_exploration,budgeted_exploration,23,25.819561199764394,4.539789546672097,6.171235664487907,0.5671089628150151
rosenbrock,budgeted_exploration,budgeted_exploration,24,25.819561199764394,4.539789546672097,6.447772354367295,0.5412914354265934
rosenbrock,budgeted_exploration,budgeted_exploration,25,25.819561199764394,4.539789546672097,6.645491227360897,0.5955929108529053
rosenbrock,budgeted_exploration,budgeted_exploration,26,25.819561199764394,4.539789546672097,6.8156553119984915,0.5837395841815709
rosenbrock,budgeted_exploration,budgeted_exploration,27,25.819561199764394,4.539789546672097,7.021852169967608,0.5589007315692966
rosenbrock,budgeted_exploration,budgeted_exploration,28,25.819561199764394,4.539789546672097,7.259140031592818,0.5445222619106155
rosenbrock,budgeted_exploration,budgeted_exploration,29,25.819561199764394,4.539789546672097,7.523528202069017,0.5734305403139457
rosenbrock,budgeted_exploration,budgeted_exploration,30,25.819561199764394,4.539789546672097,7.7655490286612165,0.6485895691449258
rosenbrock,budgeted_exploration,budgeted_exploration,31,24.187374774442407,3.4278664980793905,8.057506038988294,0.6814381016453648
rosenbrock,budgeted_exploration,budgeted_exploration,32,24.187374774442407,3.4278664980793905,8.288408785397612,0.6808970503570069
rosenbrock,budgeted_exploration,budgeted_exploration,33,24.187374774442407,3.4278664980793905,8.697033392145038,0.8507091652320647
rosenbrock,budgeted_exploration,budgeted_exploration,34,24.187374774442407,3.4278664980793905,9.117219187645446,1.0622523654506564
rosenbrock,budgeted_exploration,budgeted_exploration,35,22.253527787168938,2.3438582008814888,9.398637201670354,1.1298354956752041
rosenbrock,budgeted_exploration,budgeted_exploration,36,22.253527787168938,2.3438582008814888,9.61462054035377,1.1774894540523988
rosenbrock,budgeted_exploration,budgeted_exploration,37,21.83839681806222,1.8260812645857176,9.869720330662584,1.1592564198187543
rosenbrock,budgeted_exploration,budgeted_exploration,38,21.83839681806222,1.8260812645857176,10.09425850987663,1.104038252976606
rosenbrock,budgeted_exploration,budgeted_exploration,39,21.83839681806222,1.8260812645857176,10.400904256249389,1.1955216603202963
rosenbrock,budgeted_exploration,budgeted_exploration,40,21.83839681806222,1.8260812645857176,10.675127911976189,1.298104895305301
rosenbrock,budgeted_exploration,budgeted_exploration,41,20.452117738953202,2.627507554222184,10.873050524262744,1.3055384855824796
rosenbrock,budgeted_exploration,budgeted_exploration,42,20.452117738953202,2.627507554222184,11.133196041303,1.3959263406995222
rosenbrock,budgeted_exploration,budgeted_exploration,43,18.878989729866586,0.7848129053614109,11.380954298212364,1.4703177043799596
rosenbrock,budgeted_exploration,budgeted_exploration,44,18.878989729866586,0.7848129053614109,11.54827489937273,1.455905800198675
rosenbrock,budgeted_exploration,budgeted_exploration,45,18.878989729866586,0.7848129053614109,11.779495141884368,1.4585631796534146
rosenbrock,budgeted_exploration,budgeted_exploration,46,18.878989729866586,0.7848129053614109,11.999009940132273,1.5170248157141693
rosenbrock,budgeted_exploration,budgeted_exploration,47,18.71424806482155,0.7280456090475622,12.212196914011676,1.5346013284166347
rosenbrock,budgeted_exploration,budgeted_exploration,48,18.024087062473896,0.5687258326771898,12.47026733004605,1.5756960826086963
rosenbrock,budgeted_exploration,budgeted_exploration,49,18.024087062473896,0.5687258326771898,12.763932252379016,1.623122694451627
rosenbrock,lookahead_budgeted_exploration,lookahead_budgeted_exploration,0,64.90739234513278,17.42534582700504,0.9691181376913017,0.09033804682186662
rosenbrock,lookahead_budgeted_exploration,lookahead_budgeted_exploration,1,54.965776836256474,12.500409644242309,1.310371884685273,0.1301612219708762
rosenbrock,lookahead_budgeted_exploration,lookahead_budgeted_exploration,2,49.9663674017685,14.78052661043924,1.5002026806880118,0.13411079724131034
rosenbrock,lookahead_budgeted_exploration,lookahead_budgeted_exploration,3,48.018343694350506,15.834704924960738,1.7344857975968557,0.09501242269374888
rosenbrock,lookahead_budgeted_exploration,lookahead_budgeted_exploration,4,45.79783934535427,12.75285961942745,1.896663464974526,0.14994971307912006
rosenbrock,lookahead_budgeted_exploration,lookahead_budgeted_exploration,5,44.424608275664156,10.86370592724849,2.0862489717350434,0.1730340169489555
rosenbrock,lookahead_budgeted_exploration,lookahead_budgeted_exploration,6,41.475526959417124,12.63197748787894,2.3153063136714795,0.19433868719026332
rosenbrock,lookahead_budgeted_exploration,lookahead_budgeted_exploration,7,39.581019099718596,14.014397529311088,2.4954549415745695,0.1507768344774645
rosenbrock,lookahead_budgeted_exploration,lookahead_budgeted_exploration,8,34.84939516557812,7.389982393472639,2.696837942680327,0.17547737453285359
rosenbrock,lookahead_budgeted_exploration,lookahead_budgeted_exploration,9,34.41268246568237,6.785213785085122,2.8752334544246545,0.19528580387747208
rosenbrock,lookahead_budgeted_exploration,lookahead_budgeted_exploration,10,31.8754065426443,5.841089495255761,3.083581104296288,0.2505297816980871
rosenbrock,lookahead_budgeted_exploration,lookahead_budgeted_exploration,11,28.224782559765753,7.977572016595243,3.312309013588191,0.3129721999975376
rosenbrock,lookahead_budgeted_exploration,lookahead_budgeted_exploration,12,28.224782559765753,7.977572016595243,3.501932243231888,0.30013398348486076
rosenbrock,lookahead_budgeted_exploration,lookahead_budgeted_exploration,13,24.992527708168932,3.6705814865904802,3.728794044483321,0.28542192670448185
rosenbrock,lookahead_budgeted_exploration,lookahead_budgeted_exploration,14,24.992527708168932,3.6705814865904802,3.9353497411535248,0.37018694165830485
rosenbrock,lookahead_budgeted_exploration,lookahead_budgeted_exploration,15,24.992527708168932,3.6705814865904802,4.173143263358979,0.3857231417188604
rosenbrock,lookahead_budgeted_exploration,lookahead_budgeted_exploration,16,24.992527708168932,3.6705814865904802,4.3978378486276135,0.3637951419218462
rosenbrock,lookahead_budgeted_exploration,lookahead_budgeted_exploration,17,24.992527708168932,3.6705814865904802,4.663441605512041,0.37899324505136267
rosenbrock,lookahead_budgeted_exploration,lookahead_budgeted_exploration,18,24.992527708168932,3.6705814865904802,4.9019984991796965,0.3720116631716929
rosenbrock,lookahead_budgeted_exploration,lookahead_budgeted_exploration,19,23.58264518289967,2.505811618750405,5.0782638305342225,0.37588918616866174
rosenbrock,lookahead_budgeted_exploration,lookahead_budgeted_exploration,20,21.64550783726521,1.3526411402639722,5.255233909610197,0.42433797853561206
rosenbrock,lookahead_budgeted_exploration,lookahead_budgeted_exploration,21,21.64550783726521,1.3526411402639722,5.454360306482964,0.4815585083055472
rosenbrock,lookahead_budgeted_exploration,lookahead_budgeted_exploration,22,21.64550783726521,1.3526411402639722,5.640466399730218,0.49997765305982855
rosenbrock,lookahead_budgeted_exploration,lookahead_budgeted_exploration,23,21.64550783726521,1.3526411402639722,5.893708668134657,0.5532565287337272
rosenbrock,lookahead_budgeted_exploration,lookahead_budgeted_exploration,24,21.64550783726521,1.3526411402639722,6.1204176268272015,0.5671064317126372
rosenbrock,lookahead_budgeted_exploration,lookahead_budgeted_exploration,25,21.64550783726521,1.3526411402639722,6.314646272714192,0.557482726830228
rosenbrock,lookahead_budgeted_exploration,lookahead_budgeted_exploration,26,21.64550783726521,1.3526411402639722,6.524230680850501,0.5762858999394298
rosenbrock,lookahead_budgeted_exploration,lookahead_budgeted_exploration,27,21.64550783726521,1.3526411402639722,6.742725511401854,0.6052296024302347
rosenbrock,lookahead_budgeted_exploration,lookahead_budgeted_exploration,28,21.64550783726521,1.3526411402639722,6.9443309991601865,0.5905375676378165
rosenbrock,lookahead_budgeted_exploration,lookahead_budgeted_exploration,29,21.64550783726521,1.3526411402639722,7.222193777684843,0.59652998360736
rosenbrock,lookahead_budgeted_exploration,lookahead_budgeted_exploration,30,21.64550783726521,1.3526411402639722,7.553146889423007,0.6464342931715471
rosenbrock,lookahead_budgeted_exploration,lookahead_budgeted_exploration,31,21.64550783726521,1.3526411402639722,7.886599934378416,0.6893550515087248
rosenbrock,lookahead_budgeted_exploration,lookahead_budgeted_exploration,32,21.64550783726521,1.3526411402639722,8.277430416190295,0.7455927245249528
rosenbrock,lookahead_budgeted_exploration,lookahead_budgeted_exploration,33,21.64550783726521,1.3526411402639722,8.679751319511572,0.8831025902630423
rosenbrock,lookahead_budgeted_exploration,lookahead_budgeted_exploration,34,21.64550783726521,1.3526411402639722,9.034072049161631,1.059892005006371
rosenbrock,lookahead_budgeted_exploration,lookahead_budgeted_exploration,35,21.64550783726521,1.3526411402639722,9.33709490874093,1.076983384764252
rosenbrock,lookahead_budgeted_exploration,lookahead_budgeted_exploration,36,21.64550783726521,1.3526411402639722,9.618865298675898,1.12198737817078
rosenbrock,lookahead_budgeted_exploration,lookahead_budgeted_exploration,37,21.64550783726521,1.3526411402639722,9.859700309668916,1.1451791681441448
rosenbrock,lookahead_budgeted_exploration,lookahead_budgeted_exploration,38,21.64550783726521,1.3526411402639722,10.122455212941349,1.1550325915759003
rosenbrock,lookahead_budgeted_exploration,lookahead_budgeted_exploration,39,21.64550783726521,1.3526411402639722,10.405694901593577,1.2493560009107252
rosenbrock,lookahead_budgeted_exploration,lookahead_budgeted_exploration,40,21.64550783726521,1.3526411402639722,10.732185387382371,1.2913475993194394
rosenbrock,lookahead_budgeted_exploration,lookahead_budgeted_exploration,41,20.92171350707275,1.9655383631287042,11.000476342637212,1.2968156406359717
rosenbrock,lookahead_budgeted_exploration,lookahead_budgeted_exploration,42,20.92171350707275,1.9655383631287042,11.199004935858122,1.2989474076634997
rosenbrock,lookahead_budgeted_exploration,lookahead_budgeted_exploration,43,20.92171350707275,1.9655383631287042,11.418840518539733,1.3228113748948749
rosenbrock,lookahead_budgeted_exploration,lookahead_budgeted_exploration,44,20.92171350707275,1.9655383631287042,11.631420424993095,1.3428432519843843
rosenbrock,lookahead_budgeted_exploration,lookahead_budgeted_exploration,45,20.92171350707275,1.9655383631287042,11.869499512255551,1.411100867669878
rosenbrock,lookahead_budgeted_exploration,lookahead_budgeted_exploration,46,20.811597141999638,1.8190515021178333,12.074107639856047,1.4464726981912546
rosenbrock,lookahead_budgeted_exploration,lookahead_budgeted_exploration,47,20.194202022557402,2.141767477421633,12.28803077365299,1.4515273381514813
rosenbrock,lookahead_budgeted_exploration,lookahead_budgeted_exploration,48,20.194202022557402,2.141767477421633,12.504304023345313,1.456828105808997
rosenbrock,lookahead_budgeted_exploration,lookahead_budgeted_exploration,49,20.194202022557402,2.141767477421633,12.750083051037784,1.4344814847367962
sphere,pure_bo,pure_bo,0,0.8255259259143873,0.8298680757718694,1.1122343337548666,0.30824501574769914
sphere,pure_bo,pure_bo,1,0.6918171814186508,0.7535471712200954,1.6549872159239243,0.720419324542059
sphere,pure_bo,pure_bo,2,0.2752840284809917,0.16516784293217324,2.0085414408734894,0.7649630756426395
sphere,pure_bo,pure_bo,3,0.1910166312764705,0.06913456852047621,2.2434151264344178,0.7280608538041663
sphere,pure_bo,pure_bo,4,0.18180492639795143,0.0769493939255228,2.415441007799803,0.7458564578397375
sphere,pure_bo,pure_bo,5,0.1269226996559264,0.06072800677971573,2.6425534778290953,0.8316188201901352
sphere,pure_bo,pure_bo,6,0.0648863627986636,0.007004081440102352,2.7828015774921764,0.8461785848209227
sphere,pure_bo,pure_bo,7,0.05631881739337852,0.0133763743219683,2.942486228261339,0.8608329047401276
sphere,pure_bo,pure_bo,8,0.05631881739337852,0.0133763743219683,3.83068317326592,0.49997630591883135
sphere,pure_bo,pure_bo,9,0.05631881739337852,0.0133763743219683,5.133586214140597,0.6582007269676615
sphere,pure_bo,pure_bo,10,0.05631881739337852,0.0133763743219683,6.557827679916478,1.4105315915261867
sphere,pure_bo,pure_bo,11,0.05631881739337852,0.0133763743219683,8.010250954459087,1.7338326485287783
sphere,pure_bo,pure_bo,12,0.05631881739337852,0.0133763743219683,9.799244096711211,1.7360019024067337
sphere,pure_bo,pure_bo,13,0.05631881739337852,0.0133763743219683,11.800023843205812,1.9571054602785627
sphere,pure_bo,pure_bo,14,0.05631881739337852,0.0133763743219683,13.746477524474523,2.5423667579973643
sphere,pure_bo,pure_bo,15,0.05631881739337852,0.0133763743219683,15.582094732253386,2.7305932234038814
sphere,pure_bo,pure_bo,16,0.05631881739337852,0.0133763743219683,17.707969986725534,3.107121374456282
sphere,pure_bo,pure_bo,17,0.05631881739337852,0.0133763743219683,20.0418974624292,3.1677289651529676
sphere,pure_bo,pure_bo,18,0.05631881739337852,0.0133763743219683,22.141509170645136,3.27507256313515
sphere,pure_bo,pure_bo,19,0.05631881739337852,0.0133763743219683,24.24657044724106,3.265228827040881
sphere,pure_bo,pure_bo,20,0.03916624587191277,0.014056401275555616,26.112825399780363,3.003673396175542
sphere,pure_bo,pure_bo,21,0.03916624587191277,0.014056401275555616,27.998662194261996,2.7228175175910074
sphere,pure_bo,pure_bo,22,0.03916624587191277,0.014056401275555616,29.988706130732073,2.8981701287453756
sphere,pure_bo,pure_bo,23,0.03916624587191277,0.014056401275555616,32.02147261349632,3.2093971855172594
sphere,pure_bo,pure_bo,24,0.03916624587191277,0.014056401275555616,34.459264878222825,3.347824247334664
sphere,pure_bo,pure_bo,25,0.03916624587191277,0.014056401275555616,36.5782395360088,3.4884213841330753
sphere,pure_bo,pure_bo,26,0.03916624587191277,0.014056401275555616,38.885957982949805,3.7663446386933335
sphere,pure_bo,pure_bo,27,0.03349645288644201,0.008521250776940197,40.68601344340963,3.7866487924712278
sphere,pure_bo,pure_bo,28,0.03349645288644201,0.008521250776940197,42.16987044020323,3.6636801183524867
sphere,pure_bo,pure_bo,29,0.03349645288644201,0.008521250776940197,44.537425683267394,3.6239315341991025
sphere,pure_bo,pure_bo,30,0.03349645288644201,0.008521250776940197,46.61051807542486,3.6097752971435426
sphere,pure_bo,pure_bo,31,0.03349645288644201,0.008521250776940197,48.71382518034536,3.57954032897984
sphere,pure_bo,pure_bo,32,0.03349645288644201,0.008521250776940197,50.74319075705501,3.668505972956111
sphere,pure_bo,pure_bo,33,0.03349645288644201,0.008521250776940197,52.63853455172137,3.6516099060914784
sphere,pure_bo,pure_bo,34,0.03349645288644201,0.008521250776940197,54.269616545488816,3.5376229716754
sphere,pure_bo,pure_bo,35,0.03349645288644201,0.008521250776940197,56.117393054055015,3.4473580919745324
sphere,pure_bo,pure_bo,36,0.03349645288644201,0.008521250776940197,58.17209556004448,3.330109671773314
sphere,pure_bo,pure_bo,37,0.03349645288644201,0.008521250776940197,60.27573152045471,3.3969592274194307
sphere,pure_bo,pure_bo,38,0.03349645288644201,0.008521250776940197,62.192317493626966,3.3463625536510917
sphere,pure_bo,pure_bo,39,0.03349645288644201,0.008521250776940197,64.19040628308775,3.5652143893800172
sphere,pure_bo,pure_bo,40,0.03349645288644201,0.008521250776940197,66.21255574795164,3.4383322986348297
sphere,pure_bo,pure_bo,41,0.03349645288644201,0.008521250776940197,67.88954539297802,3.1124952793121925
sphere,pure_bo,pure_bo,42,0.03349645288644201,0.008521250776940197,69.36452226755462,2.828868886859966
sphere,pure_bo,pure_bo,43,0.03349645288644201,0.008521250776940197,71.06413437139095,2.772798717547457
sphere,pure_bo,pure_bo,44,0.02543283263375759,0.009746604478894673,72.55210482369527,2.5287567795047656
sphere,pure_bo,pure_bo,45,0.02543283263375759,0.009746604478894673,74.36424889386386,2.14344434469287
sphere,pure_bo,pure_bo,46,0.023261476389419763,0.006794868495112548,76.43171244000506,2.3384630062886584
sphere,pure_bo,pure_bo,47,0.023261476389419763,0.006794868495112548,78.37327703606566,2.6180024515571465
sphere,pure_bo,pure_bo,48,0.023261476389419763,0.006794868495112548,80.33305696850663,2.6514352723114127
sphere,pure_bo,pure_bo,49,0.023261476389419763,0.006794868495112548,82.25482162976972,2.638824956542666
sphere,earlbo,earlbo,0,0.5521585848927915,0.3949274464064858,0.9413491723054385,0.1135612668753555
sphere,earlbo,earlbo,1,0.2977699078295429,0.23087206456772078,1.156011280599593,0.1330822229705672
sphere,earlbo,earlbo,2,0.1507468151488153,0.056216625999549526,1.3641321173165633,0.16196480227222532
sphere,earlbo,earlbo,3,0.14177610149229156,0.053848275685297105,1.5465090607531184,0.1647687198427801
sphere,earlbo,earlbo,4,0.08406016545913776,0.024125819317084282,1.8064267512954004,0.13187909702507689
sphere,earlbo,earlbo,5,0.06873013373276692,0.026165358667365086,1.9494255785873686,0.12307315465420245
sphere,earlbo,earlbo,6,0.05335703735343375,0.00446007965274572,2.1554623956640415,0.1215751831605579
sphere,earlbo,earlbo,7,0.05335703735343375,0.00446007965274572,2.3668574541071763,0.10296964163390805
sphere,earlbo,earlbo,8,0.05335703735343375,0.00446007965274572,2.5502053460837573,0.08319349747051576
sphere,earlbo,earlbo,9,0.04286698706861284,0.010436152282119703,2.721655329195434,0.05018913947612343
sphere,earlbo,earlbo,10,0.04286698706861284,0.010436152282119703,2.943082410679438,0.053566733334769356
sphere,earlbo,earlbo,11,0.035923516672189376,0.009620306521263458,3.179585915229947,0.14581249614506878
sphere,earlbo,earlbo,12,0.035923516672189376,0.009620306521263458,3.3894106752794055,0.20545436818445775
sphere,earlbo,earlbo,13,0.035923516672189376,0.009620306521263458,3.6159563437093696,0.23655617399026635
sphere,earlbo,earlbo,14,0.035923516672189376,0.009620306521263458,3.814703839754486,0.2434068181524414
sphere,earlbo,earlbo,15,0.032471824505077046,0.012497113462756386,4.096187524713948,0.33275120891817656
sphere,earlbo,earlbo,16,0.032471824505077046,0.012497113462756386,4.498120458578325,0.5156036114793181
sphere,earlbo,earlbo,17,0.032471824505077046,0.012497113462756386,4.902274522600753,0.5375856942379318
sphere,earlbo,earlbo,18,0.032471824505077046,0.012497113462756386,5.332109403780252,0.41604370187201556
sphere,earlbo,earlbo,19,0.032471824505077046,0.012497113462756386,5.707697708724669,0.45930759917825953
sphere,earlbo,earlbo,20,0.032471824505077046,0.012497113462756386,6.174243498275253,0.5071624569129094
sphere,earlbo,earlbo,21,0.032471824505077046,0.012497113462756386,6.572679890575604,0.4898223649417527
sphere,earlbo,earlbo,22,0.032471824505077046,0.012497113462756386,6.909517695101701,0.429350754866874
sphere,earlbo,earlbo,23,0.032471824505077046,0.012497113462756386,7.3012015842651605,0.36839906407980366
sphere,earlbo,earlbo,24,0.032471824505077046,0.012497113462756386,7.68460752408307,0.36068968627624853
sphere,earlbo,earlbo,25,0.032471824505077046,0.012497113462756386,8.133542425138526,0.14706703458384127
sphere,earlbo,earlbo,26,0.032471824505077046,0.012497113462756386,8.569256506569355,0.2339417616867277
sphere,earlbo,earlbo,27,0.032471824505077046,0.012497113462756386,9.01162152343521,0.3795741688555602
sphere,earlbo,earlbo,28,0.032471824505077046,0.012497113462756386,9.527191423620698,0.5529061469946648
sphere,earlbo,earlbo,29,0.032471824505077046,0.012497113462756386,10.048861153695698,0.6918106432180039
sphere,earlbo,earlbo,30,0.032471824505077046,0.012497113462756386,10.555210838490241,0.8013250158734931
sphere,earlbo,earlbo,31,0.032471824505077046,0.012497113462756386,10.80094057856442,0.8098372777771448
sphere,earlbo,earlbo,32,0.02198279813098494,0.004410526206589609,11.140759653418352,0.8613378110399231
sphere,earlbo,earlbo,33,0.02198279813098494,0.004410526206589609,11.62448307585755,0.9964942074352952
sphere,earlbo,earlbo,34,0.021726938380109015,0.00405414241323119,12.027605999397624,0.9829819554649173
sphere,earlbo,earlbo,35,0.021726938380109015,0.00405414241323119,12.446279521115015,0.9512560557167309
sphere,earlbo,earlbo,36,0.021726938380109015,0.00405414241323119,12.799143242014168,0.9595652751100303
sphere,earlbo,earlbo,37,0.021726938380109015,0.00405414241323119,13.346356188444302,0.8691220045642075
sphere,earlbo,earlbo,38,0.021692947926061495,0.004006871141091875,13.788191816124524,0.7786260775761051
sphere,earlbo,earlbo,39,0.021692947926061495,0.004006871141091875,14.197480877745129,0.8216879719717994
sphere,earlbo,earlbo,40,0.021692947926061495,0.004006871141091875,14.658262696534996,0.8131209566588872
sphere,earlbo,earlbo,41,0.021692947926061495,0.004006871141091875,15.19871656281957,0.7668867807340711
sphere,earlbo,earlbo,42,0.021692947926061495,0.004006871141091875,15.605675627614799,0.7785337337503753
sphere,earlbo,earlbo,43,0.021692947926061495,0.004006871141091875,15.996030944044747,0.8256753539390205
sphere,earlbo,earlbo,44,0.021692947926061495,0.004006871141091875,16.42517277636807,0.945125455435564
sphere,earlbo,earlbo,45,0.021692947926061495,0.004006871141091875,16.823313200719124,0.9472306826384383
sphere,earlbo,earlbo,46,0.021692947926061495,0.004006871141091875,17.294441197288474,1.0693242257057394
sphere,earlbo,earlbo,47,0.021692947926061495,0.004006871141091875,17.671173567900222,1.0711640816133825
sphere,earlbo,earlbo,48,0.021692947926061495,0.004006871141091875,17.99090894529633,0.9306252414497317
sphere,earlbo,earlbo,49,0.021692947926061495,0.004006871141091875,18.37530580100345,0.8308484430398673
sphere,snake,snake,0,0.3709215346984842,0.24340467823694312,0.8894189366703565,0.09546968490980814
sphere,snake,snake,1,0.1350000195379547,0.047933579742499614,1.0604138324158707,0.10450699426145231
sphere,snake,snake,2,0.08342709705187246,0.021067345206888435,1.1712236802231841,0.11427440973066996
sphere,snake,snake,3,0.07568697375547614,0.015999242654807067,1.2867500867816892,0.07188308542039423
sphere,snake,snake,4,0.0645556128838203,0.007636846830825184,1.3776731216343812,0.0759789721746487
sphere,snake,snake,5,0.058874236559295134,0.010413283848875791,1.4928092089110745,0.1126237183194276
sphere,snake,snake,6,0.058874236559295134,0.010413283848875791,1.5798719496625448,0.11195353176322888
sphere,snake,snake,7,0.05514151488671936,0.008701508373787675,1.6854186117690773,0.12456026806345585
sphere,snake,snake,8,0.05514151488671936,0.008701508373787675,1.8114359691803827,0.13522922493168626
sphere,snake,snake,9,0.04593427455575727,0.0058891115699689165,1.9158734694078738,0.12500520397838516
sphere,snake,snake,10,0.03824951827230838,0.005946495357118444,1.9976435328286606,0.11352812557886362
sphere,snake,snake,11,0.03296396303043599,0.008788162255571299,2.0814203512867593,0.11349242482800447
sphere,snake,snake,12,0.030406406913515427,0.005466049183780369,2.171291430183388,0.11402088296594294
sphere,snake,snake,13,0.024805969383798785,0.008249612472901865,2.2570322691387346,0.12938100304651715
sphere,snake,snake,14,0.017426203045537405,0.004524429218925916,2.5368143647464714,0.2572040354862957
sphere,snake,snake,15,0.01470615085778369,0.0010209847954055283,2.955550580969709,0.1305353857084581
sphere,snake,snake,16,0.01470615085778369,0.0010209847954055283,3.3183502240315854,0.14206729579449595
sphere,snake,snake,17,0.012493436986319698,0.002871970903789944,3.628219040914521,0.3080314519847981
sphere,snake,snake,18,0.011023004765018931,0.0018873177069115967,4.028389378642777,0.3531317674061909
sphere,snake,snake,19,0.011023004765018931,0.0018873177069115967,4.526755824554026,0.5921169956209278
sphere,snake,snake,20,0.011023004765018931,0.0018873177069115967,4.9334986618337,0.7985817419849865
sphere,snake,snake,21,0.011023004765018931,0.0018873177069115967,5.247309478058617,0.9315550937735066
sphere,snake,snake,22,0.011023004765018931,0.0018873177069115967,5.764029138812219,1.1092052538384283
sphere,snake,snake,23,0.011023004765018931,0.0018873177069115967,6.274673221370076,1.0659071328100966
sphere,snake,snake,24,0.011023004765018931,0.0018873177069115967,6.781616860757012,0.9880411813918095
sphere,snake,snake,25,0.011023004765018931,0.0018873177069115967,7.336194762998152,1.0209442293172195
sphere,snake,snake,26,0.011023004765018931,0.0018873177069115967,7.876084904073125,1.0603385247391237
sphere,snake,snake,27,0.011023004765018931,0.0018873177069115967,8.451544750157533,1.1101949796675021
sphere,snake,snake,28,0.011023004765018931,0.0018873177069115967,8.905796177884723,1.0645874085282179
sphere,snake,snake,29,0.011023004765018931,0.0018873177069115967,9.386855856176199,1.1805111474257783
sphere,snake,snake,30,0.009457266134169336,0.002842477626161442,9.902685561460094,1.20281504838198
sphere,snake,snake,31,0.009457266134169336,0.002842477626161442,10.543461140033868,1.2404137583068708
sphere,snake,snake,32,0.009457266134169336,0.002842477626161442,11.0749720440118,1.2755596018296607
sphere,snake,snake,33,0.009457266134169336,0.002842477626161442,11.523403506033235,1.1356414276657298
sphere,snake,snake,34,0.009457266134169336,0.002842477626161442,12.040325505446313,1.0709642006501043
sphere,snake,snake,35,0.009457266134169336,0.002842477626161442,12.50987298650039,1.085185594393747
sphere,snake,snake,36,0.009457266134169336,0.002842477626161442,13.006887721885406,1.1602394579132451
sphere,snake,snake,37,0.009457266134169336,0.002842477626161442,13.514228681082457,1.1902953500305709
sphere,snake,snake,38,0.009457266134169336,0.002842477626161442,14.01243099612197,1.2555328040042746
sphere,snake,snake,39,0.009457266134169336,0.002842477626161442,14.496289144815686,1.2520924324619769
sphere,snake,snake,40,0.009457266134169336,0.002842477626161442,14.967468934852619,1.1480516285528788
sphere,snake,snake,41,0.009457266134169336,0.002842477626161442,15.52242548319493,1.158986486698804
sphere,snake,snake,42,0.009457266134169336,0.002842477626161442,16.098166576421324,1.1831696021404046
sphere,snake,snake,43,0.009457266134169336,0.002842477626161442,16.581506907492138,1.2695189436015748
sphere,snake,snake,44,0.009457266134169336,0.002842477626161442,17.09564648554784,1.2135062616568972
sphere,snake,snake,45,0.009457266134169336,0.002842477626161442,17.576209656806032,1.2746347759885845
sphere,snake,snake,46,0.009457266134169336,0.002842477626161442,18.008257176471457,1.2584908011947824
sphere,snake,snake,47,0.009457266134169336,0.002842477626161442,18.477561668600313,1.2771609619175233
sphere,snake,snake,48,0.009457266134169336,0.002842477626161442,18.90707187011024,1.3951123662020621
sphere,snake,snake,49,0.009457266134169336,0.002842477626161442,19.214453064940738,1.5976735821039614
sphere,log_improvement_movement_cost3,log_improvement_movement_cost3,0,0.37593303952461327,0.2385936400590676,0.8897364027831278,0.09246448586294723
sphere,log_improvement_movement_cost3,log_improvement_movement_cost3,1,0.1377282197040474,0.04567938800443048,1.0651537269749882,0.09751652423180082
sphere,log_improvement_movement_cost3,log_improvement_movement_cost3,2,0.09060133391729809,0.021075558185654382,1.1783931197485262,0.1034256738014977
sphere,log_improvement_movement_cost3,log_improvement_movement_cost3,3,0.07741660202033523,0.022586912527678787,1.2958789740501298,0.05850806651926046
sphere,log_improvement_movement_cost3,log_improvement_movement_cost3,4,0.07159434044068645,0.018571580847437964,1.382859240618228,0.04628365407019681
sphere,log_improvement_movement_cost3,log_improvement_movement_cost3,5,0.07159434044068645,0.018571580847437964,1.4805918474670758,0.06105394930363972
sphere,log_improvement_movement_cost3,log_improvement_movement_cost3,6,0.07159434044068645,0.018571580847437964,1.5535396483190922,0.0628051594573143
sphere,log_improvement_movement_cost3,log_improvement_movement_cost3,7,0.044920672548480735,0.009441694465124481,1.6751294058163806,0.047566143280548805
sphere,log_improvement_movement_cost3,log_improvement_movement_cost3,8,0.044920672548480735,0.009441694465124481,1.7867525195716636,0.04995858136894093
sphere,log_improvement_movement_cost3,log_improvement_movement_cost3,9,0.03610602509015857,0.007718117889858397,1.8869628795731923,0.048238695580957384
sphere,log_improvement_movement_cost3,log_improvement_movement_cost3,10,0.03610602509015857,0.007718117889858397,1.9654985929501307,0.03207421406651963
sphere,log_improvement_movement_cost3,log_improvement_movement_cost3,11,0.029970425679607105,0.004046587443547352,2.0673336206568527,0.024013681448818137
sphere,log_improvement_movement_cost3,log_improvement_movement_cost3,12,0.028571725025391348,0.005472574334867076,2.1503279848152315,0.028523640299626958
sphere,log_improvement_movement_cost3,log_improvement_movement_cost3,13,0.027337366677285767,0.005843143043774874,2.238092602247668,0.033689851815824616
sphere,log_improvement_movement_cost3,log_improvement_movement_cost3,14,0.02487644046117132,0.008483296223237067,2.3286267542912347,0.04077260780025566
sphere,log_improvement_movement_cost3,log_improvement_movement_cost3,15,0.019935147768807917,0.003983404916658925,2.424573527686635,0.05139455463974455
sphere,log_improvement_movement_cost3,log_improvement_movement_cost3,16,0.019935147768807917,0.003983404916658925,2.5086489698229104,0.06900665319259712
sphere,log_improvement_movement_cost3,log_improvement_movement_cost3,17,0.019714710312735268,0.0037408949895389528,2.6135489566623082,0.05486683479484463
sphere,log_improvement_movement_cost3,log_improvement_movement_cost3,18,0.015643350021277116,0.003787328662072724,2.70357814037057,0.03292069489321398
sphere,log_improvement_movement_cost3,log_improvement_movement_cost3,19,0.015643350021277116,0.003787328662072724,2.8027248148161057,0.04127455991253469
sphere,log_improvement_movement_cost3,log_improvement_movement_cost3,20,0.015643350021277116,0.003787328662072724,2.9273147009919214,0.04515872752727406
sphere,log_improvement_movement_cost3,log_improvement_movement_cost3,21,0.015643350021277116,0.003787328662072724,3.0032808979627226,0.060353848276506854
sphere,log_improvement_movement_cost3,log_improvement_movement_cost3,22,0.0118787705870124,0.0004057826485265264,3.10085513407714,0.05992086566836703
sphere,log_improvement_movement_cost3,log_improvement_movement_cost3,23,0.011331167038468084,0.00100222250627617,3.192012897421568,0.07916666666796016
sphere,log_improvement_movement_cost3,log_improvement_movement_cost3,24,0.011331167038468084,0.00100222250627617,3.2987797566675705,0.09094902769700561
sphere,log_improvement_movement_cost3,log_improvement_movement_cost3,25,0.011331167038468084,0.00100222250627617,3.398989252037021,0.1072939890801089
sphere,log_improvement_movement_cost3,log_improvement_movement_cost3,26,0.011331167038468084,0.00100222250627617,3.500912344045324,0.10572884315753006
sphere,log_improvement_movement_cost3,log_improvement_movement_cost3,27,0.011331167038468084,0.00100222250627617,3.625323288335247,0.11892411572666638
sphere,log_improvement_movement_cost3,log_improvement_movement_cost3,28,0.011331167038468084,0.00100222250627617,3.7279370362684148,0.12117381774136848
sphere,log_improvement_movement_cost3,log_improvement_movement_cost3,29,0.011331167038468084,0.00100222250627617,3.8531279813251778,0.13450652646781242
sphere,log_improvement_movement_cost3,log_improvement_movement_cost3,30,0.011331167038468084,0.00100222250627617,3.9609416213242796,0.12654719082354582
sphere,log_improvement_movement_cost3,log_improvement_movement_cost3,31,0.011331167038468084,0.00100222250627617,4.097257332101001,0.14097298888654106
sphere,log_improvement_movement_cost3,log_improvement_movement_cost3,32,0.011331167038468084,0.00100222250627617,4.22484543344932,0.1329247407037798
sphere,log_improvement_movement_cost3,log_improvement_movement_cost3,33,0.011331167038468084,0.00100222250627617,4.315081948980448,0.14828276144320737
sphere,log_improvement_movement_cost3,log_improvement_movement_cost3,34,0.011331167038468084,0.00100222250627617,4.411999489569593,0.12814688360689452
sphere,log_improvement_movement_cost3,log_improvement_movement_cost3,35,0.011331167038468084,0.00100222250627617,4.516671422653915,0.11520128240449665
sphere,log_improvement_movement_cost3,log_improvement_movement_cost3,36,0.007810418218525884,0.0019733825584099343,4.611906751659337,0.12586891101381906
sphere,log_improvement_movement_cost3,log_improvement_movement_cost3,37,0.007810418218525884,0.0019733825584099343,4.706799729956863,0.13077509848704694
sphere,log_improvement_movement_cost3,log_improvement_movement_cost3,38,0.007810418218525884,0.0019733825584099343,4.8214148951813955,0.1340656761994444
sphere,log_improvement_movement_cost3,log_improvement_movement_cost3,39,0.007810418218525884,0.0019733825584099343,4.90357693681692,0.14435558040957605
sphere,log_improvement_movement_cost3,log_improvement_movement_cost3,40,0.007810418218525884,0.0019733825584099343,5.002652334464692,0.15285419042573892
sphere,log_improvement_movement_cost3,log_improvement_movement_cost3,41,0.007810418218525884,0.0019733825584099343,5.081589780438297,0.136882803166901
sphere,log_improvement_movement_cost3,log_improvement_movement_cost3,42,0.007810418218525884,0.0019733825584099343,5.171438535992372,0.16278835910621736
sphere,log_improvement_movement_cost3,log_improvement_movement_cost3,43,0.007810418218525884,0.0019733825584099343,5.264947998797509,0.15193811769270804
sphere,log_improvement_movement_cost3,log_improvement_movement_cost3,44,0.007810418218525884,0.0019733825584099343,5.365021349694225,0.1404635881644336
sphere,log_improvement_movement_cost3,log_improvement_movement_cost3,45,0.007810418218525884,0.0019733825584099343,5.444666217060967,0.12291580826568317
sphere,log_improvement_movement_cost3,log_improvement_movement_cost3,46,0.007810418218525884,0.0019733825584099343,5.539865826922678,0.1106100111379654
sphere,log_improvement_movement_cost3,log_improvement_movement_cost3,47,0.007810418218525884,0.0019733825584099343,5.635209189610648,0.09768397858466668
sphere,log_improvement_movement_cost3,log_improvement_movement_cost3,48,0.006567546230627244,0.001224441958920304,5.7345235231915055,0.11638978887111909
sphere,log_improvement_movement_cost3,log_improvement_movement_cost3,49,0.006567546230627244,0.001224441958920304,5.847438475681756,0.11303014891655679
sphere,optimistic_selected,optimistic_improvement_movement_cost2,0,0.3581993902183391,0.23133893420979582,0.8872862068041529,0.09448228199528165
sphere,optimistic_selected,optimistic_improvement_movement_cost2,1,0.13791944850601812,0.049162579169784615,1.0620332954130491,0.10019963499515802
sphere,optimistic_selected,optimistic_improvement_movement_cost2,2,0.08987633649138389,0.03375347466214703,1.167915989868372,0.11303712203367604
sphere,optimistic_selected,optimistic_improvement_movement_cost2,3,0.06037547089022583,0.00426664730584274,1.278100199130814,0.06712904803952327
sphere,optimistic_selected,optimistic_improvement_movement_cost2,4,0.04828009096573018,0.004847247760416402,1.3598289889712685,0.0624082582005979
sphere,optimistic_selected,optimistic_improvement_movement_cost2,5,0.04754398196923876,0.0038071746108537113,1.4419862391835034,0.08615651724827782
sphere,optimistic_selected,optimistic_improvement_movement_cost2,6,0.04754398196923876,0.0038071746108537113,1.53371127989695,0.0849094825676841
sphere,optimistic_selected,optimistic_improvement_movement_cost2,7,0.04277003988749547,0.009374774388218612,1.6274547967513928,0.0923518516713268
sphere,optimistic_selected,optimistic_improvement_movement_cost2,8,0.03484058629784557,0.013270601972791335,1.7080365074117474,0.10525871627842034
sphere,optimistic_selected,optimistic_improvement_movement_cost2,9,0.02482881412129442,0.006273318753066241,1.7885131838962092,0.10741135470529212
sphere,optimistic_selected,optimistic_improvement_movement_cost2,10,0.020945470829533772,0.005305917014981654,1.86668053747787,0.09226381277216175
sphere,optimistic_selected,optimistic_improvement_movement_cost2,11,0.018357961806708803,0.006279787057987649,1.9495248089293735,0.10063195770038656
sphere,optimistic_selected,optimistic_improvement_movement_cost2,12,0.01383479009113113,0.0016853874582581578,2.0270328015679766,0.09842989383215876
sphere,optimistic_selected,optimistic_improvement_movement_cost2,13,0.0136659659820256,0.0016505694839398855,2.0946054055342516,0.09347102532923009
sphere,optimistic_selected,optimistic_improvement_movement_cost2,14,0.0136659659820256,0.0016505694839398855,2.1826209041179596,0.1073416852752688
sphere,optimistic_selected,optimistic_improvement_movement_cost2,15,0.0136659659820256,0.0016505694839398855,2.2822452051973916,0.13457885320710974
sphere,optimistic_selected,optimistic_improvement_movement_cost2,16,0.011891968297752074,0.0014755124938046272,2.3821529661106684,0.1370058122776368
sphere,optimistic_selected,optimistic_improvement_movement_cost2,17,0.011891968297752074,0.0014755124938046272,2.484352291575099,0.12325046917633019
sphere,optimistic_selected,optimistic_improvement_movement_cost2,18,0.011472907798911325,0.0016746496682652709,2.590548251180889,0.13637772740412107
sphere,optimistic_selected,optimistic_improvement_movement_cost2,19,0.011472907798911325,0.0016746496682652709,2.684764725941008,0.1454840987670454
sphere,optimistic_selected,optimistic_improvement_movement_cost2,20,0.011472907798911325,0.0016746496682652709,2.813583423912989,0.13605401528179553
sphere,optimistic_selected,optimistic_improvement_movement_cost2,21,0.011472907798911325,0.0016746496682652709,2.912341195654425,0.1312276463787257
sphere,optimistic_selected,optimistic_improvement_movement_cost2,22,0.010254819085929406,0.002949074994623357,3.0055532366317386,0.11468719008747917
sphere,optimistic_selected,optimistic_improvement_movement_cost2,23,0.010254819085929406,0.002949074994623357,3.0949375052609107,0.13887129561455147
sphere,optimistic_selected,optimistic_improvement_movement_cost2,24,0.009978299670758188,0.0026204184944985305,3.189721728300969,0.15821332890359135
sphere,optimistic_selected,optimistic_improvement_movement_cost2,25,0.009978299670758188,0.0026204184944985305,3.292540565799039,0.1720216068089811
sphere,optimistic_selected,optimistic_improvement_movement_cost2,26,0.009978299670758188,0.0026204184944985305,3.3997192655292765,0.18075040919170676
sphere,optimistic_selected,optimistic_improvement_movement_cost2,27,0.009425196183674744,0.002030516990621469,3.5264831551967077,0.17152270743168457
sphere,optimistic_selected,optimistic_improvement_movement_cost2,28,0.009425196183674744,0.002030516990621469,3.6340686792477896,0.1621458157272881
sphere,optimistic_selected,optimistic_improvement_movement_cost2,29,0.009425196183674744,0.002030516990621469,3.7463468913283697,0.16214175503014366
sphere,optimistic_selected,optimistic_improvement_movement_cost2,30,0.009425196183674744,0.002030516990621469,3.8402733919757512,0.17404069957248186
sphere,optimistic_selected,optimistic_improvement_movement_cost2,31,0.009425196183674744,0.002030516990621469,3.9504561504618088,0.1848796812305086
sphere,optimistic_selected,optimistic_improvement_movement_cost2,32,0.00922194315484663,0.001961587820123016,4.052187940732456,0.18465182898972837
sphere,optimistic_selected,optimistic_improvement_movement_cost2,33,0.00922194315484663,0.001961587820123016,4.1334157901824335,0.19542745736410813
sphere,optimistic_selected,optimistic_improvement_movement_cost2,34,0.007895009469696145,0.0024723027531781587,4.219008176080521,0.19847630181101675
sphere,optimistic_selected,optimistic_improvement_movement_cost2,35,0.007895009469696145,0.0024723027531781587,4.316313838852468,0.20315652027078795
sphere,optimistic_selected,optimistic_improvement_movement_cost2,36,0.005893363338033163,0.000533868049798159,4.4090643727144325,0.2179167868575857
sphere,optimistic_selected,optimistic_improvement_movement_cost2,37,0.005893363338033163,0.000533868049798159,4.501024860237628,0.23117440981479262
sphere,optimistic_selected,optimistic_improvement_movement_cost2,38,0.005893363338033163,0.000533868049798159,4.61377747025634,0.2473014603064684
sphere,optimistic_selected,optimistic_improvement_movement_cost2,39,0.005893363338033163,0.000533868049798159,4.7016368769300545,0.264283630948297
sphere,optimistic_selected,optimistic_improvement_movement_cost2,40,0.005893363338033163,0.000533868049798159,4.805287615265798,0.25657005158600055
sphere,optimistic_selected,optimistic_improvement_movement_cost2,41,0.005893363338033163,0.000533868049798159,4.897686819982179,0.24511197482783795
sphere,optimistic_selected,optimistic_improvement_movement_cost2,42,0.005893363338033163,0.000533868049798159,4.984405995298017,0.2720106912389742
sphere,optimistic_selected,optimistic_improvement_movement_cost2,43,0.005893363338033163,0.000533868049798159,5.08106701697007,0.27025071632321457
sphere,optimistic_selected,optimistic_improvement_movement_cost2,44,0.005893363338033163,0.000533868049798159,5.169959982866287,0.2559397031820852
sphere,optimistic_selected,optimistic_improvement_movement_cost2,45,0.005893363338033163,0.000533868049798159,5.237055231151874,0.23374895268020204
sphere,optimistic_selected,optimistic_improvement_movement_cost2,46,0.005893363338033163,0.000533868049798159,5.335205252276402,0.2282878067632912
sphere,optimistic_selected,optimistic_improvement_movement_cost2,47,0.005893363338033163,0.000533868049798159,5.438911277278518,0.21800210405809134
sphere,optimistic_selected,optimistic_improvement_movement_cost2,48,0.005893363338033163,0.000533868049798159,5.559584805116795,0.2280073436015487
sphere,optimistic_selected,optimistic_improvement_movement_cost2,49,0.005893363338033163,0.000533868049798159,5.680311262205007,0.21682824398833653
sphere,budgeted_exploration,budgeted_exploration,0,0.3919069947689143,0.2705842016213689,0.8848548837897429,0.09412915091313419
sphere,budgeted_exploration,budgeted_exploration,1,0.13711533258799333,0.038720840736077615,1.0747896417850689,0.10597833402451583
sphere,budgeted_exploration,budgeted_exploration,2,0.09170939220630235,0.033444031092357766,1.1953551049495543,0.11790703017771288
sphere,budgeted_exploration,budgeted_exploration,3,0.06939392647103064,0.018282839199613373,1.3332564322371896,0.08768839394214195
sphere,budgeted_exploration,budgeted_exploration,4,0.06257975561012494,0.020959271653367532,1.4280746400071973,0.08706055990341754
sphere,budgeted_exploration,budgeted_exploration,5,0.060056028772020854,0.02291991782112017,1.5347057885763136,0.10869967153884282
sphere,budgeted_exploration,budgeted_exploration,6,0.047555441852029756,0.005809392562950491,1.671767231871063,0.11819871844327717
sphere,budgeted_exploration,budgeted_exploration,7,0.04006583767874896,0.004414731117909822,1.7875456387022652,0.09857903395934799
sphere,budgeted_exploration,budgeted_exploration,8,0.04006583767874896,0.004414731117909822,1.9127851693565894,0.10270609692462418
sphere,budgeted_exploration,budgeted_exploration,9,0.03872633654550495,0.0030317486024450686,2.0601602540994675,0.07708188207903949
sphere,budgeted_exploration,budgeted_exploration,10,0.03872633654550495,0.0030317486024450686,2.1880141776687414,0.03794823089331533
sphere,budgeted_exploration,budgeted_exploration,11,0.03842694495973911,0.002883758473057143,2.3207563750051414,0.018398587000213774
sphere,budgeted_exploration,budgeted_exploration,12,0.031988398021117526,0.007785277833254293,2.426621835689583,0.018401784132796223
sphere,budgeted_exploration,budgeted_exploration,13,0.0303017787901927,0.006255115925524917,2.535283923983366,0.02874264211786789
sphere,budgeted_exploration,budgeted_exploration,14,0.028247464779932965,0.005520958845869188,2.6747864367664023,0.028514507038841855
sphere,budgeted_exploration,budgeted_exploration,15,0.02614293153884241,0.008240406118889175,2.8095564646547344,0.06595312490377059
sphere,budgeted_exploration,budgeted_exploration,16,0.019986668067822733,0.0038164648640445745,2.948994451185232,0.06360945821023646
sphere,budgeted_exploration,budgeted_exploration,17,0.017009641063474724,0.0032427178721719237,3.0602006652730176,0.048919245700902295
sphere,budgeted_exploration,budgeted_exploration,18,0.0168686967351765,0.0033638531850029873,3.1680158251905848,0.03672291416015425
sphere,budgeted_exploration,budgeted_exploration,19,0.0168686967351765,0.0033638531850029873,3.302208376939781,0.04373075545157536
sphere,budgeted_exploration,budgeted_exploration,20,0.0168686967351765,0.0033638531850029873,3.4302555818832645,0.04348003501199985
sphere,budgeted_exploration,budgeted_exploration,21,0.0168686967351765,0.0033638531850029873,3.56419809685258,0.022188420219783397
sphere,budgeted_exploration,budgeted_exploration,22,0.0168686967351765,0.0033638531850029873,3.6951764964047253,0.021351642682209206
sphere,budgeted_exploration,budgeted_exploration,23,0.0168686967351765,0.0033638531850029873,3.8767947778955167,0.0112556840004353
sphere,budgeted_exploration,budgeted_exploration,24,0.0168686967351765,0.0033638531850029873,4.0084624863167235,0.030103359658817712
sphere,budgeted_exploration,budgeted_exploration,25,0.015750159479992646,0.0018167026424065805,4.137955419233747,0.051951280284785115
sphere,budgeted_exploration,budgeted_exploration,26,0.014499141630479594,0.0005144942307366195,4.271478277558685,0.08056293506007527
sphere,budgeted_exploration,budgeted_exploration,27,0.014499141630479594,0.0005144942307366195,4.425134429127863,0.1131617460771876
sphere,budgeted_exploration,budgeted_exploration,28,0.012124723155116729,0.0029090419855671125,4.549711483136789,0.11616528820914125
sphere,budgeted_exploration,budgeted_exploration,29,0.012124723155116729,0.0029090419855671125,4.702281631595656,0.11402083236644386
sphere,budgeted_exploration,budgeted_exploration,30,0.012124723155116729,0.0029090419855671125,4.841626298504848,0.10539815015504396
sphere,budgeted_exploration,budgeted_exploration,31,0.012124723155116729,0.0029090419855671125,4.98771766742098,0.08765559145701152
sphere,budgeted_exploration,budgeted_exploration,32,0.012124723155116729,0.0029090419855671125,5.159556853030971,0.07697337348526634
sphere,budgeted_exploration,budgeted_exploration,33,0.012124723155116729,0.0029090419855671125,5.312554736291879,0.07565161396755109
sphere,budgeted_exploration,budgeted_exploration,34,0.012124723155116729,0.0029090419855671125,5.488695476929384,0.112975607465298
sphere,budgeted_exploration,budgeted_exploration,35,0.012124723155116729,0.0029090419855671125,5.640856885874247,0.10929352133584395
sphere,budgeted_exploration,budgeted_exploration,36,0.012124723155116729,0.0029090419855671125,5.797456734910963,0.1174661790437477
sphere,budgeted_exploration,budgeted_exploration,37,0.00939110166232282,0.0032607702287644003,5.952244430065032,0.15417830143169442
sphere,budgeted_exploration,budgeted_exploration,38,0.00939110166232282,0.0032607702287644003,6.095815770130076,0.17252616102351104
sphere,budgeted_exploration,budgeted_exploration,39,0.00939110166232282,0.0032607702287644003,6.259998063155799,0.2039042236173391
sphere,budgeted_exploration,budgeted_exploration,40,0.006465206989256349,0.0011979923193286145,6.398504818564991,0.19842266742670758
sphere,budgeted_exploration,budgeted_exploration,41,0.006465206989256349,0.0011979923193286145,6.544568129550267,0.21787175268341374
sphere,budgeted_exploration,budgeted_exploration,42,0.006465206989256349,0.0011979923193286145,6.715202881293141,0.22602044071605512
sphere,budgeted_exploration,budgeted_exploration,43,0.006465206989256349,0.0011979923193286145,6.849286635004425,0.22607655295447898
sphere,budgeted_exploration,budgeted_exploration,44,0.006465206989256349,0.0011979923193286145,6.978067379578937,0.1971280911986443
sphere,budgeted_exploration,budgeted_exploration,45,0.006465206989256349,0.0011979923193286145,7.1257446789513,0.24013113671280023
sphere,budgeted_exploration,budgeted_exploration,46,0.006465206989256349,0.0011979923193286145,7.267653887160496,0.23691923522423053
sphere,budgeted_exploration,budgeted_exploration,47,0.006465206989256349,0.0011979923193286145,7.4130162680074365,0.22234304964277682
sphere,budgeted_exploration,budgeted_exploration,48,0.006465206989256349,0.0011979923193286145,7.564412582736591,0.1884483830205408
sphere,budgeted_exploration,budgeted_exploration,49,0.006465206989256349,0.0011979923193286145,7.744215189063724,0.1964684587158787
sphere,lookahead_budgeted_exploration,lookahead_budgeted_exploration,0,0.42414554843103075,0.3391682409227915,0.9411794176490224,0.12886254855594179
sphere,lookahead_budgeted_exploration,lookahead_budgeted_exploration,1,0.16652894866050733,0.10364320859623227,1.1544966356669628,0.16779314699643594
sphere,lookahead_budgeted_exploration,lookahead_budgeted_exploration,2,0.09504388134467345,0.041277314973211125,1.2668970734326408,0.16508493509144953
sphere,lookahead_budgeted_exploration,lookahead_budgeted_exploration,3,0.06305855081854018,0.0175579356067462,1.3875386441613073,0.1359533161989952
sphere,lookahead_budgeted_exploration,lookahead_budgeted_exploration,4,0.05257703362786283,0.01022187212393323,1.4963536729567315,0.13740106927268633
sphere,lookahead_budgeted_exploration,lookahead_budgeted_exploration,5,0.04681482289859181,0.008351007831305894,1.6077535642033158,0.15872439082215065
sphere,lookahead_budgeted_exploration,lookahead_budgeted_exploration,6,0.044988391888776014,0.005921085228821302,1.7310469557728831,0.16963024597818013
sphere,lookahead_budgeted_exploration,lookahead_budgeted_exploration,7,0.044988391888776014,0.005921085228821302,1.8602056116384365,0.18451647077525074
sphere,lookahead_budgeted_exploration,lookahead_budgeted_exploration,8,0.04107145348601369,0.002382788465589281,2.0080533853772167,0.1755707313830273
sphere,lookahead_budgeted_exploration,lookahead_budgeted_exploration,9,0.03587636670969504,0.005339150362157826,2.124409225612777,0.18618268448468184
sphere,lookahead_budgeted_exploration,lookahead_budgeted_exploration,10,0.03587636670969504,0.005339150362157826,2.226408813015158,0.18533914550071529
sphere,lookahead_budgeted_exploration,lookahead_budgeted_exploration,11,0.03587636670969504,0.005339150362157826,2.3521421876659794,0.1906170080905413
sphere,lookahead_budgeted_exploration,lookahead_budgeted_exploration,12,0.03587636670969504,0.005339150362157826,2.5090591478055284,0.2017578379735156
sphere,lookahead_budgeted_exploration,lookahead_budgeted_exploration,13,0.03587636670969504,0.005339150362157826,2.642932043454092,0.19610361095102263
sphere,lookahead_budgeted_exploration,lookahead_budgeted_exploration,14,0.03587636670969504,0.005339150362157826,2.785101491544554,0.18603830070725874
sphere,lookahead_budgeted_exploration,lookahead_budgeted_exploration,15,0.0350392801127534,0.0046356223862352155,2.915388622844034,0.19162679933666685
sphere,lookahead_budgeted_exploration,lookahead_budgeted_exploration,16,0.033211219079635666,0.00398847736531225,3.0371985386903515,0.1805852022040524
sphere,lookahead_budgeted_exploration,lookahead_budgeted_exploration,17,0.028232848956118675,0.003925198039736213,3.1564191192591537,0.1891558686059313
sphere,lookahead_budgeted_exploration,lookahead_budgeted_exploration,18,0.027448986415414992,0.0030502657807967215,3.262566932420009,0.1794786868270082
sphere,lookahead_budgeted_exploration,lookahead_budgeted_exploration,19,0.018797210038827252,0.0033711147908396274,3.3849216594200673,0.20487475859065654
sphere,lookahead_budgeted_exploration,lookahead_budgeted_exploration,20,0.018797210038827252,0.0033711147908396274,3.5100511277157245,0.21585158707773364
sphere,lookahead_budgeted_exploration,lookahead_budgeted_exploration,21,0.018797210038827252,0.0033711147908396274,3.642162901018534,0.20773468042667453
sphere,lookahead_budgeted_exploration,lookahead_budgeted_exploration,22,0.018797210038827252,0.0033711147908396274,3.8127452924189384,0.18389653257565486
sphere,lookahead_budgeted_exploration,lookahead_budgeted_exploration,23,0.018797210038827252,0.0033711147908396274,3.9916554281952195,0.15790245187561858
sphere,lookahead_budgeted_exploration,lookahead_budgeted_exploration,24,0.018797210038827252,0.0033711147908396274,4.131943299560174,0.13926940782122285
sphere,lookahead_budgeted_exploration,lookahead_budgeted_exploration,25,0.01730547029194972,0.001538429846961295,4.301267209486176,0.10514377909110272
sphere,lookahead_budgeted_exploration,lookahead_budgeted_exploration,26,0.01730547029194972,0.001538429846961295,4.4281323457607185,0.09620312082391681
sphere,lookahead_budgeted_exploration,lookahead_budgeted_exploration,27,0.01730547029194972,0.001538429846961295,4.582037409888634,0.09602399336215527
sphere,lookahead_budgeted_exploration,lookahead_budgeted_exploration,28,0.01730547029194972,0.001538429846961295,4.740382805133095,0.12793281940692885
sphere,lookahead_budgeted_exploration,lookahead_budgeted_exploration,29,0.01730547029194972,0.001538429846961295,4.895820613023975,0.12390862725291685
sphere,lookahead_budgeted_exploration,lookahead_budgeted_exploration,30,0.01730547029194972,0.001538429846961295,5.089744509949444,0.11281858226840602
sphere,lookahead_budgeted_exploration,lookahead_budgeted_exploration,31,0.01730547029194972,0.001538429846961295,5.300559958441013,0.10999530313703862
sphere,lookahead_budgeted_exploration,lookahead_budgeted_exploration,32,0.01730547029194972,0.001538429846961295,5.454535490223839,0.12398522994646605
sphere,lookahead_budgeted_exploration,lookahead_budgeted_exploration,33,0.01730547029194972,0.001538429846961295,5.629464521798451,0.15763339915610575
sphere,lookahead_budgeted_exploration,lookahead_budgeted_exploration,34,0.01730547029194972,0.001538429846961295,5.812117736294703,0.17692718556368542
sphere,lookahead_budgeted_exploration,lookahead_budgeted_exploration,35,0.013538910621273622,0.004388576381010339,5.9809444025743135,0.21641021733941568
sphere,lookahead_budgeted_exploration,lookahead_budgeted_exploration,36,0.013538910621273622,0.004388576381010339,6.146724565744138,0.21728456935053964
sphere,lookahead_budgeted_exploration,lookahead_budgeted_exploration,37,0.013538910621273622,0.004388576381010339,6.301943343720363,0.23438081762580157
sphere,lookahead_budgeted_exploration,lookahead_budgeted_exploration,38,0.013538910621273622,0.004388576381010339,6.455914472981829,0.2885860364997475
sphere,lookahead_budgeted_exploration,lookahead_budgeted_exploration,39,0.013538910621273622,0.004388576381010339,6.597745916625787,0.3079886022742213
sphere,lookahead_budgeted_exploration,lookahead_budgeted_exploration,40,0.013538910621273622,0.004388576381010339,6.762758127053033,0.3025185263298416
sphere,lookahead_budgeted_exploration,lookahead_budgeted_exploration,41,0.013538910621273622,0.004388576381010339,6.907877020754223,0.28683174904080805
sphere,lookahead_budgeted_exploration,lookahead_budgeted_exploration,42,0.013538910621273622,0.004388576381010339,7.10126416355565,0.2768077467128698
sphere,lookahead_budgeted_exploration,lookahead_budgeted_exploration,43,0.013538910621273622,0.004388576381010339,7.291864975904555,0.25322330445806474
sphere,lookahead_budgeted_exploration,lookahead_budgeted_exploration,44,0.012750970623592128,0.003694261684343466,7.42883114562044,0.21830426752354568
sphere,lookahead_budgeted_exploration,lookahead_budgeted_exploration,45,0.012750970623592128,0.003694261684343466,7.534920127636952,0.23085707547096632
sphere,lookahead_budgeted_exploration,lookahead_budgeted_exploration,46,0.012750970623592128,0.003694261684343466,7.680973808228097,0.2292178621391922
sphere,lookahead_budgeted_exploration,lookahead_budgeted_exploration,47,0.012750970623592128,0.003694261684343466,7.828353651120497,0.19381597040859763
sphere,lookahead_budgeted_exploration,lookahead_budgeted_exploration,48,0.012750970623592128,0.003694261684343466,7.956558378068849,0.13797228830431502
sphere,lookahead_budgeted_exploration,lookahead_budgeted_exploration,49,0.012750970623592128,0.003694261684343466,8.115598167835786,0.1266973847018484
sum_square,pure_bo,pure_bo,0,1.7825499140246943,0.3863392997281339,0.9675886352334988,0.08827199047136235
sum_square,pure_bo,pure_bo,1,1.7825499140246943,0.3863392997281339,1.2051701251896265,0.07133151253121417
sum_square,pure_bo,pure_bo,2,1.6381599451613313,0.4012448759318346,1.5537234617910956,0.01930497664949443
sum_square,pure_bo,pure_bo,3,1.6381599451613313,0.4012448759318346,1.77892563001968,0.04755568112343071
sum_square,pure_bo,pure_bo,4,1.1256523584079734,0.339572291037258,2.0205588026496897,0.1154189142262223
sum_square,pure_bo,pure_bo,5,0.700766490318706,0.12737216687118144,2.217386039407804,0.13821499385318997
sum_square,pure_bo,pure_bo,6,0.700766490318706,0.12737216687118144,2.519690035606916,0.16194461945577335
sum_square,pure_bo,pure_bo,7,0.6336360250782959,0.04482413405488669,2.856256685714019,0.17116163426365225
sum_square,pure_bo,pure_bo,8,0.5167584630518377,0.15395023757614085,3.5482807918193124,0.40512729561053834
sum_square,pure_bo,pure_bo,9,0.5167584630518377,0.15395023757614085,4.719222489223609,0.5879575985010465
sum_square,pure_bo,pure_bo,10,0.4578431272417193,0.15579943213359526,5.79679106918568,0.7014207214746048
sum_square,pure_bo,pure_bo,11,0.4578431272417193,0.15579943213359526,7.152900235550775,1.1173957501524396
sum_square,pure_bo,pure_bo,12,0.4578431272417193,0.15579943213359526,8.619199383509619,1.2632214079262658
sum_square,pure_bo,pure_bo,13,0.4578431272417193,0.15579943213359526,10.143092099500857,1.7240923718994938
sum_square,pure_bo,pure_bo,14,0.4578431272417193,0.15579943213359526,11.51792284939134,2.2596128969375564
sum_square,pure_bo,pure_bo,15,0.4578431272417193,0.15579943213359526,12.910103445672311,2.5802400129628564
sum_square,pure_bo,pure_bo,16,0.2895749511577082,0.09329096546181397,14.250981613740331,2.7351047322351256
sum_square,pure_bo,pure_bo,17,0.2895749511577082,0.09329096546181397,15.482855474428163,2.9416807039052855
sum_square,pure_bo,pure_bo,18,0.2895749511577082,0.09329096546181397,17.080677662012693,2.8179112309077765
sum_square,pure_bo,pure_bo,19,0.2895749511577082,0.09329096546181397,18.584046778095058,2.7131889704079253
sum_square,pure_bo,pure_bo,20,0.2895749511577082,0.09329096546181397,20.44200751087726,2.7965805225012903
sum_square,pure_bo,pure_bo,21,0.2895749511577082,0.09329096546181397,21.96965395198472,3.3219098076273244
sum_square,pure_bo,pure_bo,22,0.2895749511577082,0.09329096546181397,23.55135465334108,3.4137116199350843
sum_square,pure_bo,pure_bo,23,0.2895749511577082,0.09329096546181397,25.41173581152259,3.5908663689347495
sum_square,pure_bo,pure_bo,24,0.2895749511577082,0.09329096546181397,27.447786388303722,3.6256389208431097
sum_square,pure_bo,pure_bo,25,0.2895749511577082,0.09329096546181397,29.491985742469538,3.481951187593509
sum_square,pure_bo,pure_bo,26,0.2895749511577082,0.09329096546181397,31.236247357242885,3.559306726533504
sum_square,pure_bo,pure_bo,27,0.2895749511577082,0.09329096546181397,32.736464833229824,3.6579864049196944
sum_square,pure_bo,pure_bo,28,0.2895749511577082,0.09329096546181397,34.329511558272976,3.6924734287708274
sum_square,pure_bo,pure_bo,29,0.2895749511577082,0.09329096546181397,35.860630024949586,4.054240171914053
sum_square,pure_bo,pure_bo,30,0.2895749511577082,0.09329096546181397,37.31056257015924,4.433743319642317
sum_square,pure_bo,pure_bo,31,0.2895749511577082,0.09329096546181397,39.16288882068989,4.451760410554826
sum_square,pure_bo,pure_bo,32,0.2895749511577082,0.09329096546181397,41.05902250731332,4.682822951682032
sum_square,pure_bo,pure_bo,33,0.2895749511577082,0.09329096546181397,42.82016590824977,4.646827569123744
sum_square,pure_bo,pure_bo,34,0.2895749511577082,0.09329096546181397,44.603356299651004,4.585952674738851
sum_square,pure_bo,pure_bo,35,0.2895749511577082,0.09329096546181397,46.758960497064,4.77105101686336
sum_square,pure_bo,pure_bo,36,0.2895749511577082,0.09329096546181397,48.721625639596276,4.532648931020863
sum_square,pure_bo,pure_bo,37,0.2156845536263551,0.0646599906150259,50.611100804685435,4.785730308328846
sum_square,pure_bo,pure_bo,38,0.2156845536263551,0.0646599906150259,52.36268998175859,4.838952096769113
sum_square,pure_bo,pure_bo,39,0.2156845536263551,0.0646599906150259,54.32151820470329,4.549318199639105
sum_square,pure_bo,pure_bo,40,0.2156845536263551,0.0646599906150259,56.20097040697133,4.0166555911203154
sum_square,pure_bo,pure_bo,41,0.2156845536263551,0.0646599906150259,57.708366021402846,3.804345802355427
sum_square,pure_bo,pure_bo,42,0.2156845536263551,0.0646599906150259,59.554340219927376,3.770841395063238
sum_square,pure_bo,pure_bo,43,0.2156845536263551,0.0646599906150259,61.09631356604566,3.9993641672697926
sum_square,pure_bo,pure_bo,44,0.2156845536263551,0.0646599906150259,62.65479672231927,4.110632467691328
sum_square,pure_bo,pure_bo,45,0.2156845536263551,0.0646599906150259,64.2768864770068,4.0351194686568705
sum_square,pure_bo,pure_bo,46,0.15412068801040532,0.02252066483986745,66.18535416084107,4.344862035739901
sum_square,pure_bo,pure_bo,47,0.15412068801040532,0.02252066483986745,67.93399111692072,4.5265910383512
sum_square,pure_bo,pure_bo,48,0.15412068801040532,0.02252066483986745,69.82927952817685,4.383522260242363
sum_square,pure_bo,pure_bo,49,0.15412068801040532,0.02252066483986745,71.7540387994829,4.629676344656602
sum_square,earlbo,earlbo,0,2.045129487236759,0.43316882311236865,1.0001080885001004,0.08754616631881797
sum_square,earlbo,earlbo,1,1.105437346588392,0.3384295852770599,1.2210983337137382,0.10931794598902328
sum_square,earlbo,earlbo,2,0.9297843497869961,0.5125567633235626,1.4441790985654663,0.15886788680820507
sum_square,earlbo,earlbo,3,0.7873073831906082,0.3957604491454293,1.6288726021936906,0.19280893719249576
sum_square,earlbo,earlbo,4,0.7631724061041071,0.4239727111294537,1.8331167283211862,0.24145021354672352
sum_square,earlbo,earlbo,5,0.7439926876828138,0.44698177202593975,2.0475299038996355,0.2685180873477143
sum_square,earlbo,earlbo,6,0.5968609753040894,0.49645709915215336,2.2965992908260398,0.26956070382311337
sum_square,earlbo,earlbo,7,0.5657962002805736,0.452653283372258,2.521463188796539,0.3068621785673201
sum_square,earlbo,earlbo,8,0.3374889517214987,0.1333398716989578,2.828798493865145,0.22360512577725186
sum_square,earlbo,earlbo,9,0.3374889517214987,0.1333398716989578,3.0590807437919403,0.18209657023868908
sum_square,earlbo,earlbo,10,0.233029865753925,0.04108702865874532,3.2668805905962963,0.16918973495126183
sum_square,earlbo,earlbo,11,0.233029865753925,0.04108702865874532,3.543059484572677,0.12465865442024333
sum_square,earlbo,earlbo,12,0.233029865753925,0.04108702865874532,3.8589344063602957,0.18165179554436023
sum_square,earlbo,earlbo,13,0.21114690029005156,0.010203167395361068,4.055194550282471,0.16638016421877183
sum_square,earlbo,earlbo,14,0.20689314706721137,0.014655766058816744,4.227149325506295,0.1790490359700791
sum_square,earlbo,earlbo,15,0.20689314706721137,0.014655766058816744,4.682784106564663,0.12145435841380595
sum_square,earlbo,earlbo,16,0.17510269973505801,0.03249194949878542,5.090335423498575,0.20557743227402128
sum_square,earlbo,earlbo,17,0.17510269973505801,0.03249194949878542,5.3857817684016664,0.2886287191279129
sum_square,earlbo,earlbo,18,0.13323900537524067,0.057832721829845515,5.7456202767067355,0.31967901531341897
sum_square,earlbo,earlbo,19,0.13323900537524067,0.057832721829845515,6.0893959925000045,0.3211316192212561
sum_square,earlbo,earlbo,20,0.13323900537524067,0.057832721829845515,6.548079770348033,0.5899422529489943
sum_square,earlbo,earlbo,21,0.13323900537524067,0.057832721829845515,6.933636298112124,0.778622967254236
sum_square,earlbo,earlbo,22,0.13323900537524067,0.057832721829845515,7.374100505935256,0.8928673796027883
sum_square,earlbo,earlbo,23,0.13323900537524067,0.057832721829845515,7.904058291032938,1.0699873016406394
sum_square,earlbo,earlbo,24,0.13323900537524067,0.057832721829845515,8.405437629831793,1.1044071352205296
sum_square,earlbo,earlbo,25,0.13323900537524067,0.057832721829845515,8.861081372170503,1.1068837838594818
sum_square,earlbo,earlbo,26,0.13323900537524067,0.057832721829845515,9.29477676981825,1.056606805420581
sum_square,earlbo,earlbo,27,0.13323900537524067,0.057832721829845515,9.57802835244133,0.9917156350290969
sum_square,earlbo,earlbo,28,0.13323900537524067,0.057832721829845515,9.866691442927904,0.9461453162639276
sum_square,earlbo,earlbo,29,0.13323900537524067,0.057832721829845515,10.378950288463715,0.9675123519088545
sum_square,earlbo,earlbo,30,0.12234673956378916,0.04478509778816188,10.974964993227152,1.0776775528268772
sum_square,earlbo,earlbo,31,0.12234673956378916,0.04478509778816188,11.36715456670016,1.1766225673282507
sum_square,earlbo,earlbo,32,0.10835838158574496,0.031341362069895407,11.730426312495558,1.3156910550467937
sum_square,earlbo,earlbo,33,0.10835838158574496,0.031341362069895407,12.353473236800147,1.550813512291771
sum_square,earlbo,earlbo,34,0.10835838158574496,0.031341362069895407,12.855228540796958,1.6364319074090607
sum_square,earlbo,earlbo,35,0.10835838158574496,0.031341362069895407,13.192559497535386,1.6598193083291952
sum_square,earlbo,earlbo,36,0.10835838158574496,0.031341362069895407,13.81827871498576,1.917744282982671
sum_square,earlbo,earlbo,37,0.10835838158574496,0.031341362069895407,14.31980893032751,2.0142850312282476
sum_square,earlbo,earlbo,38,0.10835838158574496,0.031341362069895407,14.761379157285146,1.970295409204208
sum_square,earlbo,earlbo,39,0.10835838158574496,0.031341362069895407,15.177776350532731,1.9783935701150352
sum_square,earlbo,earlbo,40,0.10835838158574496,0.031341362069895407,15.78734104408973,1.9664983968931486
sum_square,earlbo,earlbo,41,0.10835838158574496,0.031341362069895407,16.302427625666667,2.0754261313622044
sum_square,earlbo,earlbo,42,0.10835838158574496,0.031341362069895407,16.696521673990187,2.348839736656891
sum_square,earlbo,earlbo,43,0.10835838158574496,0.031341362069895407,17.121513063853953,2.4350601126646683
sum_square,earlbo,earlbo,44,0.10835838158574496,0.031341362069895407,17.608167468131324,2.6659489996846837
sum_square,earlbo,earlbo,45,0.10835838158574496,0.031341362069895407,18.213522949905073,2.8846380173715693
sum_square,earlbo,earlbo,46,0.10835838158574496,0.031341362069895407,18.786651770921797,3.03618056807746
sum_square,earlbo,earlbo,47,0.10835838158574496,0.031341362069895407,19.399901622470626,3.0342224356157788
sum_square,earlbo,earlbo,48,0.10835838158574496,0.031341362069895407,19.885352624836496,2.9283573910912066
sum_square,earlbo,earlbo,49,0.10835838158574496,0.031341362069895407,20.17078489579254,2.9905882554509606
sum_square,snake,snake,0,1.49796288602069,0.6054084327577554,0.8972684818987693,0.10221824318764254
sum_square,snake,snake,1,1.035436707214541,0.5993961713920828,1.0696539326861574,0.13148521082965142
sum_square,snake,snake,2,0.8501513766621658,0.6390421750751679,1.2095838364088498,0.14563783931817412
sum_square,snake,snake,3,0.5663390771307731,0.32970495747213835,1.3663784412073257,0.08564642185352368
sum_square,snake,snake,4,0.5239269764321137,0.3700002871335269,1.4884367013647086,0.06157986854650732
sum_square,snake,snake,5,0.31443495213818246,0.12713008728051914,1.6094220647940312,0.09789518269365415
sum_square,snake,snake,6,0.2871425722170399,0.12837988416235238,1.7212724166042204,0.09646586081214319
sum_square,snake,snake,7,0.26965859620438243,0.1480507556158974,1.8397495290281585,0.1079887136447783
sum_square,snake,snake,8,0.26965859620438243,0.1480507556158974,1.977559590577617,0.12117063409820528
sum_square,snake,snake,9,0.26965859620438243,0.1480507556158974,2.097521802007442,0.1350321099967275
sum_square,snake,snake,10,0.23266833858610836,0.10343819775250922,2.226984198871466,0.15555239747267766
sum_square,snake,snake,11,0.23004087319899114,0.10296199252945562,2.347150073862706,0.13069214140733654
sum_square,snake,snake,12,0.22833511417730568,0.1010289281538421,2.459691118117996,0.1556810096313968
sum_square,snake,snake,13,0.14099373020720332,0.03142342512505258,2.570751310024407,0.17955362090626784
sum_square,snake,snake,14,0.14066395384390057,0.03116394856282797,2.6701900512389756,0.18550529698017293
sum_square,snake,snake,15,0.14066395384390057,0.03116394856282797,3.2645351691996933,0.29330484649083155
sum_square,snake,snake,16,0.14066395384390057,0.03116394856282797,3.920447203053488,0.4059393290602643
sum_square,snake,snake,17,0.1355497772924254,0.0383858487103345,4.252183375018611,0.22719545631810334
sum_square,snake,snake,18,0.1355497772924254,0.0383858487103345,4.65143882651848,0.2422458750915843
sum_square,snake,snake,19,0.10172051642236674,0.02540017862133007,4.95328973622193,0.3642135236236611
sum_square,snake,snake,20,0.10172051642236674,0.02540017862133007,5.1335001925345045,0.47870140449398874
sum_square,snake,snake,21,0.10172051642236674,0.02540017862133007,5.470964369923331,0.5551283837262914
sum_square,snake,snake,22,0.10104609407935872,0.025953497306922747,5.751263326984507,0.6117737290510077
sum_square,snake,snake,23,0.09903967712664125,0.023135361749182688,6.086789861782205,0.9425537020341752
sum_square,snake,snake,24,0.09903967712664125,0.023135361749182688,6.491703860265588,1.4213066652963111
sum_square,snake,snake,25,0.08894618091074673,0.03372499519317843,6.946766085365051,1.8732115907546716
sum_square,snake,snake,26,0.08894618091074673,0.03372499519317843,7.359193872404507,2.039505614284094
sum_square,snake,snake,27,0.08894618091074673,0.03372499519317843,7.639050242467591,1.8977625824792912
sum_square,snake,snake,28,0.08096564592243301,0.02419566769568964,7.99556171839815,1.95465869730208
sum_square,snake,snake,29,0.08096564592243301,0.02419566769568964,8.200531547167394,2.0828410696481674
sum_square,snake,snake,30,0.08034798888098249,0.02501299681891004,8.540102984974656,2.204242748963938
sum_square,snake,snake,31,0.08034798888098249,0.02501299681891004,8.996543747106262,2.2718324367602305
sum_square,snake,snake,32,0.08034798888098249,0.02501299681891004,9.687229312920595,2.3646353007376097
sum_square,snake,snake,33,0.08034798888098249,0.02501299681891004,10.291190791964704,2.3947324460385455
sum_square,snake,snake,34,0.07446719741460707,0.019356982208934708,10.970432553672696,2.4869668323534553
sum_square,snake,snake,35,0.07446719741460707,0.019356982208934708,11.495749606313154,2.503155628822177
sum_square,snake,snake,36,0.06638527551805094,0.03076559437274098,11.874328535150847,2.2344309771172477
sum_square,snake,snake,37,0.06638527551805094,0.03076559437274098,12.522798545215503,2.100314822910692
sum_square,snake,snake,38,0.06638527551805094,0.03076559437274098,13.179864376697365,2.151659426133585
sum_square,snake,snake,39,0.06638527551805094,0.03076559437274098,13.725461353921588,2.1431476058865297
sum_square,snake,snake,40,0.05801747999664717,0.025271235259749635,14.146341715811488,2.0768754508509972
sum_square,snake,snake,41,0.05801747999664717,0.025271235259749635,14.599725528906072,2.1657665099632735
sum_square,snake,snake,42,0.05181687373924045,0.020620330107338034,15.1425664339805,2.466964127113478
sum_square,snake,snake,43,0.05181687373924045,0.020620330107338034,15.724327786466125,2.522965594127169
sum_square,snake,snake,44,0.05181687373924045,0.020620330107338034,16.474184123462482,2.3666780168393666
sum_square,snake,snake,45,0.05181687373924045,0.020620330107338034,17.06675234758851,2.3030332121979518
sum_square,snake,snake,46,0.05181687373924045,0.020620330107338034,17.477003623566528,2.1717921094461943
sum_square,snake,snake,47,0.05181687373924045,0.020620330107338034,17.890205862692966,2.0659912485250707
sum_square,snake,snake,48,0.05181687373924045,0.020620330107338034,18.462549767828932,2.0486616647347997
sum_square,snake,snake,49,0.05181687373924045,0.020620330107338034,19.038441201514935,2.164626605173569
sum_square,log_improvement_movement_cost3,log_improvement_movement_cost3,0,1.390163301457448,0.507797851862857,0.8993435530362405,0.09830579343508662
sum_square,log_improvement_movement_cost3,log_improvement_movement_cost3,1,0.9730094170574555,0.5104776221228802,1.071187631466602,0.12623981288522185
sum_square,log_improvement_movement_cost3,log_improvement_movement_cost3,2,0.8004694356304597,0.5577778977906009,1.2198889285263979,0.1470042466894187
sum_square,log_improvement_movement_cost3,log_improvement_movement_cost3,3,0.525014312452876,0.23428211152513348,1.3560926058741485,0.10410169841906361
sum_square,log_improvement_movement_cost3,log_improvement_movement_cost3,4,0.5145488098573167,0.24306597498561175,1.4647285804075618,0.08842471410351374
sum_square,log_improvement_movement_cost3,log_improvement_movement_cost3,5,0.3940083307024049,0.09830100019410473,1.6263867384972706,0.10694704856206604
sum_square,log_improvement_movement_cost3,log_improvement_movement_cost3,6,0.35175336344828056,0.11837753568663992,1.7367582098645074,0.09060227050258085
sum_square,log_improvement_movement_cost3,log_improvement_movement_cost3,7,0.3147868503574321,0.14887203597195836,1.8348440435162086,0.11116772768328527
sum_square,log_improvement_movement_cost3,log_improvement_movement_cost3,8,0.3147868503574321,0.14887203597195836,1.9805101417754678,0.13861838677148294
sum_square,log_improvement_movement_cost3,log_improvement_movement_cost3,9,0.3147868503574321,0.14887203597195836,2.1152510043925647,0.14104427272246273
sum_square,log_improvement_movement_cost3,log_improvement_movement_cost3,10,0.25703459672128376,0.07263069913564209,2.2390884509616593,0.15206851123244494
sum_square,log_improvement_movement_cost3,log_improvement_movement_cost3,11,0.22732896409668865,0.08355432766096398,2.3432241952765787,0.1477397646300329
sum_square,log_improvement_movement_cost3,log_improvement_movement_cost3,12,0.20869344067255247,0.06768269890733891,2.4496666744488413,0.16533335684657122
sum_square,log_improvement_movement_cost3,log_improvement_movement_cost3,13,0.08077459172352595,0.040826304437359094,2.5500436633999803,0.1831932589474153
sum_square,log_improvement_movement_cost3,log_improvement_movement_cost3,14,0.08077459172352595,0.040826304437359094,2.6463669946174213,0.20535934953150747
sum_square,log_improvement_movement_cost3,log_improvement_movement_cost3,15,0.08077459172352595,0.040826304437359094,2.7611899291861217,0.2255209685319927
sum_square,log_improvement_movement_cost3,log_improvement_movement_cost3,16,0.07842055222298952,0.037500302557212775,2.888384127668994,0.23724528181136076
sum_square,log_improvement_movement_cost3,log_improvement_movement_cost3,17,0.07842055222298952,0.037500302557212775,3.0296090102264586,0.24791593363414308
sum_square,log_improvement_movement_cost3,log_improvement_movement_cost3,18,0.07726623695488008,0.035869591609602396,3.1747477063998026,0.263551558755824
sum_square,log_improvement_movement_cost3,log_improvement_movement_cost3,19,0.07726623695488008,0.035869591609602396,3.292147168396444,0.229279002785724
sum_square,log_improvement_movement_cost3,log_improvement_movement_cost3,20,0.07726623695488008,0.035869591609602396,3.4012701806901746,0.223880168815767
sum_square,log_improvement_movement_cost3,log_improvement_movement_cost3,21,0.0661224217368263,0.02014111042516651,3.507515926916056,0.2192698459211119
sum_square,log_improvement_movement_cost3,log_improvement_movement_cost3,22,0.05816352672674421,0.026930883522222435,3.6089516741668395,0.21667406173557557
sum_square,log_improvement_movement_cost3,log_improvement_movement_cost3,23,0.05816352672674421,0.026930883522222435,3.7165803580953973,0.2623574875404332
sum_square,log_improvement_movement_cost3,log_improvement_movement_cost3,24,0.054634757631613025,0.022219164266441955,3.8164436528913335,0.2820917085791724
sum_square,log_improvement_movement_cost3,log_improvement_movement_cost3,25,0.054634757631613025,0.022219164266441955,3.9344814687307483,0.30806026409551224
sum_square,log_improvement_movement_cost3,log_improvement_movement_cost3,26,0.03508372068819442,0.010634418575957332,4.058584278811213,0.3259905708123499
sum_square,log_improvement_movement_cost3,log_improvement_movement_cost3,27,0.03508372068819442,0.010634418575957332,4.178832778473606,0.3209334108451427
sum_square,log_improvement_movement_cost3,log_improvement_movement_cost3,28,0.03508372068819442,0.010634418575957332,4.255503689912964,0.3139541958626742
sum_square,log_improvement_movement_cost3,log_improvement_movement_cost3,29,0.03508372068819442,0.010634418575957332,4.3692318860768795,0.29218011635764435
sum_square,log_improvement_movement_cost3,log_improvement_movement_cost3,30,0.03508372068819442,0.010634418575957332,4.495715604798105,0.28213075672943855
sum_square,log_improvement_movement_cost3,log_improvement_movement_cost3,31,0.03508372068819442,0.010634418575957332,4.6572212425573305,0.27656407517302417
sum_square,log_improvement_movement_cost3,log_improvement_movement_cost3,32,0.03508372068819442,0.010634418575957332,4.7924970241286,0.26136162956712017
sum_square,log_improvement_movement_cost3,log_improvement_movement_cost3,33,0.03508372068819442,0.010634418575957332,4.881622048078154,0.26524651235471686
sum_square,log_improvement_movement_cost3,log_improvement_movement_cost3,34,0.03508372068819442,0.010634418575957332,4.988937505892044,0.2438113847527288
sum_square,log_improvement_movement_cost3,log_improvement_movement_cost3,35,0.03508372068819442,0.010634418575957332,5.113036987726737,0.22493905928615546
sum_square,log_improvement_movement_cost3,log_improvement_movement_cost3,36,0.03508372068819442,0.010634418575957332,5.2271677591964005,0.24197744482896363
sum_square,log_improvement_movement_cost3,log_improvement_movement_cost3,37,0.03321350327385731,0.008051103257276421,5.327756129964143,0.22961292338768555
sum_square,log_improvement_movement_cost3,log_improvement_movement_cost3,38,0.03321350327385731,0.008051103257276421,5.463608963213186,0.24539607464053811
sum_square,log_improvement_movement_cost3,log_improvement_movement_cost3,39,0.03321350327385731,0.008051103257276421,5.5801226784835825,0.2521063776903902
sum_square,log_improvement_movement_cost3,log_improvement_movement_cost3,40,0.03321350327385731,0.008051103257276421,5.688217699893488,0.24737213910702716
sum_square,log_improvement_movement_cost3,log_improvement_movement_cost3,41,0.03321350327385731,0.008051103257276421,5.8101898802988154,0.22097909950385683
sum_square,log_improvement_movement_cost3,log_improvement_movement_cost3,42,0.03321350327385731,0.008051103257276421,5.941238338719546,0.2508277741498252
sum_square,log_improvement_movement_cost3,log_improvement_movement_cost3,43,0.03321350327385731,0.008051103257276421,6.068774372136251,0.2927799972458561
sum_square,log_improvement_movement_cost3,log_improvement_movement_cost3,44,0.03321350327385731,0.008051103257276421,6.160530015581888,0.28944673987146996
sum_square,log_improvement_movement_cost3,log_improvement_movement_cost3,45,0.03321350327385731,0.008051103257276421,6.23392198585329,0.27482433993653854
sum_square,log_improvement_movement_cost3,log_improvement_movement_cost3,46,0.03321350327385731,0.008051103257276421,6.334439596362948,0.2707605672578051
sum_square,log_improvement_movement_cost3,log_improvement_movement_cost3,47,0.03321350327385731,0.008051103257276421,6.428570459108247,0.2771658823883953
sum_square,log_improvement_movement_cost3,log_improvement_movement_cost3,48,0.03321350327385731,0.008051103257276421,6.554114416246601,0.2701862983219657
sum_square,log_improvement_movement_cost3,log_improvement_movement_cost3,49,0.03321350327385731,0.008051103257276421,6.6841094580999565,0.2509461666975597
sum_square,optimistic_selected,optimistic_improvement_movement_cost3,0,1.2471802275559007,0.445228725112232,0.8882992375080002,0.10481029741507655
sum_square,optimistic_selected,optimistic_improvement_movement_cost3,1,1.0665493766723222,0.5740428572989595,1.0746465281385331,0.12259726959060079
sum_square,optimistic_selected,optimistic_improvement_movement_cost3,2,0.6517305162340884,0.40907586521178074,1.2517137156592104,0.16379067118927276
sum_square,optimistic_selected,optimistic_improvement_movement_cost3,3,0.5346208321467536,0.2969045996259543,1.3805963517366884,0.12415600060609697
sum_square,optimistic_selected,optimistic_improvement_movement_cost3,4,0.5346166165559921,0.2969084618533401,1.528123752239902,0.12494754498726696
sum_square,optimistic_selected,optimistic_improvement_movement_cost3,5,0.4649991682077717,0.28193249907426216,1.6433221472455415,0.12084049968774294
sum_square,optimistic_selected,optimistic_improvement_movement_cost3,6,0.44403556992764964,0.2522867926248369,1.7564748040477207,0.07625935369960384
sum_square,optimistic_selected,optimistic_improvement_movement_cost3,7,0.3896461995678299,0.29883453142179645,1.8882321646758922,0.08159642825943776
sum_square,optimistic_selected,optimistic_improvement_movement_cost3,8,0.3588125306611994,0.31410421884165407,2.0395451911352183,0.08111275304730071
sum_square,optimistic_selected,optimistic_improvement_movement_cost3,9,0.3203204758246456,0.25999673245019606,2.169564477467475,0.05949977789445627
sum_square,optimistic_selected,optimistic_improvement_movement_cost3,10,0.3034925395147834,0.27021275604826894,2.3069949333947446,0.053809964691793534
sum_square,optimistic_selected,optimistic_improvement_movement_cost3,11,0.2877334173478152,0.24794517066110122,2.4252865262619623,0.06121289257410547
sum_square,optimistic_selected,optimistic_improvement_movement_cost3,12,0.21065780278257962,0.1686143668403022,2.544442561529445,0.07110408141353636
sum_square,optimistic_selected,optimistic_improvement_movement_cost3,13,0.21065780278257962,0.1686143668403022,2.6462907922954115,0.10027039653186014
sum_square,optimistic_selected,optimistic_improvement_movement_cost3,14,0.20313430648606992,0.15798286667113867,2.767526496535026,0.1279384606110691
sum_square,optimistic_selected,optimistic_improvement_movement_cost3,15,0.15310748643038272,0.0873412626059818,2.8812866135427257,0.14411176609356688
sum_square,optimistic_selected,optimistic_improvement_movement_cost3,16,0.12689264084271626,0.05721256166674344,2.987889450324783,0.12825903169578376
sum_square,optimistic_selected,optimistic_improvement_movement_cost3,17,0.1268396866379656,0.05713884781980316,3.1094910318170297,0.10598871367441534
sum_square,optimistic_selected,optimistic_improvement_movement_cost3,18,0.1268396866379656,0.05713884781980316,3.227311851778746,0.11958042927086483
sum_square,optimistic_selected,optimistic_improvement_movement_cost3,19,0.1268396866379656,0.05713884781980316,3.346553719327712,0.11594296313073046
sum_square,optimistic_selected,optimistic_improvement_movement_cost3,20,0.1268396866379656,0.05713884781980316,3.4649440642215787,0.09958921429169348
sum_square,optimistic_selected,optimistic_improvement_movement_cost3,21,0.1268396866379656,0.05713884781980316,3.5671530864585637,0.0945600862524019
sum_square,optimistic_selected,optimistic_improvement_movement_cost3,22,0.09920918667530014,0.0761330580106683,3.665178372515657,0.11874128318753462
sum_square,optimistic_selected,optimistic_improvement_movement_cost3,23,0.09920918667530014,0.0761330580106683,3.770127795900798,0.19101325800630664
sum_square,optimistic_selected,optimistic_improvement_movement_cost3,24,0.0908901138030373,0.06443277270830906,3.8985400773938057,0.25464768820410466
sum_square,optimistic_selected,optimistic_improvement_movement_cost3,25,0.0908901138030373,0.06443277270830906,4.013003217378863,0.2713311118579197
sum_square,optimistic_selected,optimistic_improvement_movement_cost3,26,0.04794306523802543,0.00803200735112666,4.127344145059657,0.2517782299175262
sum_square,optimistic_selected,optimistic_improvement_movement_cost3,27,0.04794306523802543,0.00803200735112666,4.2196238859952295,0.2212156218289189
sum_square,optimistic_selected,optimistic_improvement_movement_cost3,28,0.04794306523802543,0.00803200735112666,4.311075433731504,0.2036631100341503
sum_square,optimistic_selected,optimistic_improvement_movement_cost3,29,0.04794306523802543,0.00803200735112666,4.43111230237415,0.17522688118951388
sum_square,optimistic_selected,optimistic_improvement_movement_cost3,30,0.04794306523802543,0.00803200735112666,4.55412275752571,0.1873175018464138
sum_square,optimistic_selected,optimistic_improvement_movement_cost3,31,0.04794306523802543,0.00803200735112666,4.722021902378457,0.19474080834605811
sum_square,optimistic_selected,optimistic_improvement_movement_cost3,32,0.04794306523802543,0.00803200735112666,4.885029434949986,0.21110570181245922
sum_square,optimistic_selected,optimistic_improvement_movement_cost3,33,0.04794306523802543,0.00803200735112666,4.9839420797558,0.2276079108894846
sum_square,optimistic_selected,optimistic_improvement_movement_cost3,34,0.04794306523802543,0.00803200735112666,5.09375119067071,0.21865432938467244
sum_square,optimistic_selected,optimistic_improvement_movement_cost3,35,0.04794306523802543,0.00803200735112666,5.2195093185352555,0.19610518858275455
sum_square,optimistic_selected,optimistic_improvement_movement_cost3,36,0.04794306523802543,0.00803200735112666,5.347916207049818,0.2215473626542925
sum_square,optimistic_selected,optimistic_improvement_movement_cost3,37,0.04794306523802543,0.00803200735112666,5.45634574661464,0.24129622668717174
sum_square,optimistic_selected,optimistic_improvement_movement_cost3,38,0.04794306523802543,0.00803200735112666,5.576349557366282,0.27840635556579574
sum_square,optimistic_selected,optimistic_improvement_movement_cost3,39,0.04794306523802543,0.00803200735112666,5.671011782543489,0.30380633822634256
sum_square,optimistic_selected,optimistic_improvement_movement_cost3,40,0.04794306523802543,0.00803200735112666,5.778486341393298,0.3091729785071989
sum_square,optimistic_selected,optimistic_improvement_movement_cost3,41,0.04794306523802543,0.00803200735112666,5.900991843229473,0.3133369948361469
sum_square,optimistic_selected,optimistic_improvement_movement_cost3,42,0.04794306523802543,0.00803200735112666,6.053344217847165,0.31051851886716253
sum_square,optimistic_selected,optimistic_improvement_movement_cost3,43,0.04794306523802543,0.00803200735112666,6.180260921498438,0.3366446073224419
sum_square,optimistic_selected,optimistic_improvement_movement_cost3,44,0.04794306523802543,0.00803200735112666,6.273041338774448,0.3240317104746579
sum_square,optimistic_selected,optimistic_improvement_movement_cost3,45,0.04794306523802543,0.00803200735112666,6.361016553940157,0.32503525734027827
sum_square,optimistic_selected,optimistic_improvement_movement_cost3,46,0.03955634744920666,0.011288586837734134,6.467611709000533,0.3106679067297741
sum_square,optimistic_selected,optimistic_improvement_movement_cost3,47,0.03955634744920666,0.011288586837734134,6.551454025355114,0.2921918696920435
sum_square,optimistic_selected,optimistic_improvement_movement_cost3,48,0.03955634744920666,0.011288586837734134,6.676687067358414,0.27958749468462046
sum_square,optimistic_selected,optimistic_improvement_movement_cost3,49,0.0394201890799006,0.011107250202710705,6.8115448587182925,0.29395330823899385
sum_square,budgeted_exploration,budgeted_exploration,0,1.3051754236815556,0.5203588967340401,0.8857086459571469,0.0953543082472425
sum_square,budgeted_exploration,budgeted_exploration,1,0.9697258804299099,0.3651868828420572,1.0760178596901586,0.14089318363211323
sum_square,budgeted_exploration,budgeted_exploration,2,0.797281657224795,0.4293218122870984,1.2326821927199845,0.14868701099571874
sum_square,budgeted_exploration,budgeted_exploration,3,0.6603331038358655,0.5246279176930706,1.4232636706106048,0.13690817063050745
sum_square,budgeted_exploration,budgeted_exploration,4,0.4503572312725315,0.37992978733819505,1.5721805303607523,0.12763653582245532
sum_square,budgeted_exploration,budgeted_exploration,5,0.41882232224711685,0.3362519894168382,1.6894023238062765,0.1471466625595019
sum_square,budgeted_exploration,budgeted_exploration,6,0.41882232224711685,0.3362519894168382,1.840919166181391,0.15455761568625392
sum_square,budgeted_exploration,budgeted_exploration,7,0.36216465928630553,0.258567322843637,1.9917268211986852,0.17706488797717304
sum_square,budgeted_exploration,budgeted_exploration,8,0.31738302269966284,0.19854394338539888,2.1907149922177234,0.20107709062262333
sum_square,budgeted_exploration,budgeted_exploration,9,0.2925596810499707,0.20677376895642915,2.3346850637205674,0.19875586567617207
sum_square,budgeted_exploration,budgeted_exploration,10,0.2682688941455094,0.22001264505695645,2.4596302254705074,0.20687909179467678
sum_square,budgeted_exploration,budgeted_exploration,11,0.16327039160898887,0.07220355173566732,2.582147204035204,0.19699707986257797
sum_square,budgeted_exploration,budgeted_exploration,12,0.16327039160898887,0.07220355173566732,2.7434003385504635,0.22408788180912018
sum_square,budgeted_exploration,budgeted_exploration,13,0.16327039160898887,0.07220355173566732,2.9186945595347296,0.2754953372148986
sum_square,budgeted_exploration,budgeted_exploration,14,0.16191471801097432,0.07289402707652701,3.053359313552589,0.2857106245364334
sum_square,budgeted_exploration,budgeted_exploration,15,0.16191471801097432,0.07289402707652701,3.189076335874184,0.3047405888464947
sum_square,budgeted_exploration,budgeted_exploration,16,0.16191471801097432,0.07289402707652701,3.312812809707509,0.2682882172856136
sum_square,budgeted_exploration,budgeted_exploration,17,0.14293010079748406,0.04647679417751584,3.4311818572411945,0.2632528814760024
sum_square,budgeted_exploration,budgeted_exploration,18,0.14119038001367734,0.04408202085841025,3.555829419434636,0.25070813553710286
sum_square,budgeted_exploration,budgeted_exploration,19,0.14119038001367734,0.04408202085841025,3.7171969635781075,0.24482395053201128
sum_square,budgeted_exploration,budgeted_exploration,20,0.12706030747714966,0.05328615791347082,3.863531797847653,0.2554198160520741
sum_square,budgeted_exploration,budgeted_exploration,21,0.12706030747714966,0.05328615791347082,4.017779672425834,0.2611994689860598
sum_square,budgeted_exploration,budgeted_exploration,22,0.12706030747714966,0.05328615791347082,4.15095009246365,0.2577461851210228
sum_square,budgeted_exploration,budgeted_exploration,23,0.12706030747714966,0.05328615791347082,4.299478799094438,0.2663065176393303
sum_square,budgeted_exploration,budgeted_exploration,24,0.1171896987589481,0.03948714247810898,4.428703805021369,0.29212560480810357
sum_square,budgeted_exploration,budgeted_exploration,25,0.1171896987589481,0.03948714247810898,4.545831574397866,0.2869053249920792
sum_square,budgeted_exploration,budgeted_exploration,26,0.08786660994370964,0.007396112836548882,4.690095032967469,0.29222102672293626
sum_square,budgeted_exploration,budgeted_exploration,27,0.08786660994370964,0.007396112836548882,4.848847410906129,0.2621520257557696
sum_square,budgeted_exploration,budgeted_exploration,28,0.08274993497387724,0.001217955541763382,4.956019870815001,0.26305434615549617
sum_square,budgeted_exploration,budgeted_exploration,29,0.08274993497387724,0.001217955541763382,5.102406676612069,0.2659706717338013
sum_square,budgeted_exploration,budgeted_exploration,30,0.08274993497387724,0.001217955541763382,5.2716994246605795,0.2649801607443289
sum_square,budgeted_exploration,budgeted_exploration,31,0.08274993497387724,0.001217955541763382,5.433643101161288,0.24791318603094545
sum_square,budgeted_exploration,budgeted_exploration,32,0.08274993497387724,0.001217955541763382,5.596585639407924,0.284538743187676
sum_square,budgeted_exploration,budgeted_exploration,33,0.08274993497387724,0.001217955541763382,5.749742176357768,0.28490365907879184
sum_square,budgeted_exploration,budgeted_exploration,34,0.08274993497387724,0.001217955541763382,5.926365250452963,0.27290205137638535
sum_square,budgeted_exploration,budgeted_exploration,35,0.08274993497387724,0.001217955541763382,6.067603961032208,0.2451386317284304
sum_square,budgeted_exploration,budgeted_exploration,36,0.08274993497387724,0.001217955541763382,6.231268813488122,0.2033327292698663
sum_square,budgeted_exploration,budgeted_exploration,37,0.08047377805572586,0.004338049673428246,6.394073139807868,0.1928894754126058
sum_square,budgeted_exploration,budgeted_exploration,38,0.08047377805572586,0.004338049673428246,6.580177390248576,0.22815835526749667
sum_square,budgeted_exploration,budgeted_exploration,39,0.08047377805572586,0.004338049673428246,6.703107789883444,0.2218063359688693
sum_square,budgeted_exploration,budgeted_exploration,40,0.08047377805572586,0.004338049673428246,6.863852903145762,0.2328331065805294
sum_square,budgeted_exploration,budgeted_exploration,41,0.08047377805572586,0.004338049673428246,7.0200713441934015,0.21893653942310026
sum_square,budgeted_exploration,budgeted_exploration,42,0.08047377805572586,0.004338049673428246,7.198082861911062,0.21751129401347596
sum_square,budgeted_exploration,budgeted_exploration,43,0.07372595672630362,0.007721741117637328,7.338977927015769,0.21498443046304713
sum_square,budgeted_exploration,budgeted_exploration,44,0.07372595672630362,0.007721741117637328,7.4594444070058055,0.16714334191067326
sum_square,budgeted_exploration,budgeted_exploration,45,0.07372595672630362,0.007721741117637328,7.595036768679724,0.1724519539706233
sum_square,budgeted_exploration,budgeted_exploration,46,0.07372595672630362,0.007721741117637328,7.7576942693472715,0.1526757652125527
sum_square,budgeted_exploration,budgeted_exploration,47,0.07372595672630362,0.007721741117637328,7.8975917603438175,0.14797322850547623
sum_square,budgeted_exploration,budgeted_exploration,48,0.07372595672630362,0.007721741117637328,8.056276218622223,0.15853983341093097
sum_square,budgeted_exploration,budgeted_exploration,49,0.07372595672630362,0.007721741117637328,8.239764999891053,0.20226780480541828
sum_square,lookahead_budgeted_exploration,lookahead_budgeted_exploration,0,1.7270601825091196,0.537577326221662,0.9352019618527324,0.10927244852756879
sum_square,lookahead_budgeted_exploration,lookahead_budgeted_exploration,1,1.1587537855094243,0.7589738011427032,1.1401234465543268,0.1341931362353285
sum_square,lookahead_budgeted_exploration,lookahead_budgeted_exploration,2,0.7220861449019188,0.3615084280141946,1.2779729708178313,0.12755748196705535
sum_square,lookahead_budgeted_exploration,lookahead_budgeted_exploration,3,0.6561674168108342,0.4055234784094365,1.4092891977935562,0.13976752754995686
sum_square,lookahead_budgeted_exploration,lookahead_budgeted_exploration,4,0.4731663410080351,0.2546382106431674,1.5526518535306655,0.16046106028454776
sum_square,lookahead_budgeted_exploration,lookahead_budgeted_exploration,5,0.42542179365207966,0.1878595527420753,1.691149919168727,0.160667099248627
sum_square,lookahead_budgeted_exploration,lookahead_budgeted_exploration,6,0.37515820326447913,0.2225252689028859,1.8359245988582777,0.1718913426990505
sum_square,lookahead_budgeted_exploration,lookahead_budgeted_exploration,7,0.3360559619927592,0.24894780397173336,1.9782359638844234,0.17753001319256476
sum_square,lookahead_budgeted_exploration,lookahead_budgeted_exploration,8,0.3360559619927592,0.24894780397173336,2.1354591926420796,0.14278314055358254
sum_square,lookahead_budgeted_exploration,lookahead_budgeted_exploration,9,0.23944030208781233,0.11316179977345255,2.288141377700808,0.09978354503450608
sum_square,lookahead_budgeted_exploration,lookahead_budgeted_exploration,10,0.2377145362709275,0.1140396899211537,2.4290178266193965,0.11156094531348942
sum_square,lookahead_budgeted_exploration,lookahead_budgeted_exploration,11,0.2377145362709275,0.1140396899211537,2.5680512899793286,0.1407560049246478
sum_square,lookahead_budgeted_exploration,lookahead_budgeted_exploration,12,0.2323630136025097,0.10655728448823552,2.732391452064954,0.17180186888681523
sum_square,lookahead_budgeted_exploration,lookahead_budgeted_exploration,13,0.22108936547481953,0.0908411897362711,2.8706960063071674,0.1716725348226329
sum_square,lookahead_budgeted_exploration,lookahead_budgeted_exploration,14,0.19743963330367875,0.07467319822090934,3.027377516937804,0.17064907417228706
sum_square,lookahead_budgeted_exploration,lookahead_budgeted_exploration,15,0.19743963330367875,0.07467319822090934,3.1810114951212647,0.16933014736032795
sum_square,lookahead_budgeted_exploration,lookahead_budgeted_exploration,16,0.19743963330367875,0.07467319822090934,3.3736831717431417,0.19670314107543008
sum_square,lookahead_budgeted_exploration,lookahead_budgeted_exploration,17,0.19743963330367875,0.07467319822090934,3.5345644459445373,0.21563973228204167
sum_square,lookahead_budgeted_exploration,lookahead_budgeted_exploration,18,0.1722218425633755,0.039217621512021884,3.672567887505918,0.22233189381140211
sum_square,lookahead_budgeted_exploration,lookahead_budgeted_exploration,19,0.14192999568676115,0.035731885509063525,3.805113185684345,0.2199517431275249
sum_square,lookahead_budgeted_exploration,lookahead_budgeted_exploration,20,0.14192999568676115,0.035731885509063525,3.930779738040492,0.23123228707031954
sum_square,lookahead_budgeted_exploration,lookahead_budgeted_exploration,21,0.14192999568676115,0.035731885509063525,4.087722579212101,0.23689831906959505
sum_square,lookahead_budgeted_exploration,lookahead_budgeted_exploration,22,0.14192999568676115,0.035731885509063525,4.232282959684167,0.25151850482568183
sum_square,lookahead_budgeted_exploration,lookahead_budgeted_exploration,23,0.13432282819339755,0.04498282782823872,4.393276738317305,0.24862371546101267
sum_square,lookahead_budgeted_exploration,lookahead_budgeted_exploration,24,0.13098455688371266,0.04110426961315359,4.540884543325055,0.2781843438668391
sum_square,lookahead_budgeted_exploration,lookahead_budgeted_exploration,25,0.13098455688371266,0.04110426961315359,4.6834473498796285,0.253683000431299
sum_square,lookahead_budgeted_exploration,lookahead_budgeted_exploration,26,0.13098455688371266,0.04110426961315359,4.817311522772407,0.2358814728623751
sum_square,lookahead_budgeted_exploration,lookahead_budgeted_exploration,27,0.12092312689552466,0.04192498831811081,4.933174419069246,0.23823077961763306
sum_square,lookahead_budgeted_exploration,lookahead_budgeted_exploration,28,0.12092312689552466,0.04192498831811081,5.055138617462711,0.24337352730546893
sum_square,lookahead_budgeted_exploration,lookahead_budgeted_exploration,29,0.09027146462213158,0.012602496473681645,5.180210297989018,0.23452365174871298
sum_square,lookahead_budgeted_exploration,lookahead_budgeted_exploration,30,0.09027146462213158,0.012602496473681645,5.322205959769679,0.21235370709601084
sum_square,lookahead_budgeted_exploration,lookahead_budgeted_exploration,31,0.09027146462213158,0.012602496473681645,5.511067225242602,0.2157784041760785
sum_square,lookahead_budgeted_exploration,lookahead_budgeted_exploration,32,0.09027146462213158,0.012602496473681645,5.673138969412442,0.2281175942512694
sum_square,lookahead_budgeted_exploration,lookahead_budgeted_exploration,33,0.09027146462213158,0.012602496473681645,5.873186685716994,0.22284472180749884
sum_square,lookahead_budgeted_exploration,lookahead_budgeted_exploration,34,0.09027146462213158,0.012602496473681645,6.038773762504541,0.20837642565435305
sum_square,lookahead_budgeted_exploration,lookahead_budgeted_exploration,35,0.09027146462213158,0.012602496473681645,6.215157735974895,0.20584560121188938
sum_square,lookahead_budgeted_exploration,lookahead_budgeted_exploration,36,0.09027146462213158,0.012602496473681645,6.399519748460349,0.20743780224785213
sum_square,lookahead_budgeted_exploration,lookahead_budgeted_exploration,37,0.09027146462213158,0.012602496473681645,6.54619617689702,0.2265808231530244
sum_square,lookahead_budgeted_exploration,lookahead_budgeted_exploration,38,0.09027146462213158,0.012602496473681645,6.6824539883783345,0.23422677445027978
sum_square,lookahead_budgeted_exploration,lookahead_budgeted_exploration,39,0.09027146462213158,0.012602496473681645,6.833851592351107,0.23805556609584544
sum_square,lookahead_budgeted_exploration,lookahead_budgeted_exploration,40,0.09027146462213158,0.012602496473681645,7.002750869794741,0.2648372887960758
sum_square,lookahead_budgeted_exploration,lookahead_budgeted_exploration,41,0.09027146462213158,0.012602496473681645,7.167223390029538,0.2925525633681924
sum_square,lookahead_budgeted_exploration,lookahead_budgeted_exploration,42,0.09027146462213158,0.012602496473681645,7.336721590106401,0.2806161395017018
sum_square,lookahead_budgeted_exploration,lookahead_budgeted_exploration,43,0.09027146462213158,0.012602496473681645,7.509260252161071,0.2696694705703666
sum_square,lookahead_budgeted_exploration,lookahead_budgeted_exploration,44,0.09027146462213158,0.012602496473681645,7.656466216593178,0.23782366139080577
sum_square,lookahead_budgeted_exploration,lookahead_budgeted_exploration,45,0.09027146462213158,0.012602496473681645,7.817628298743863,0.2385046481240736
sum_square,lookahead_budgeted_exploration,lookahead_budgeted_exploration,46,0.09027146462213158,0.012602496473681645,7.948368356631434,0.2562825166526681
sum_square,lookahead_budgeted_exploration,lookahead_budgeted_exploration,47,0.09027146462213158,0.012602496473681645,8.08337139802043,0.26146491179964754
sum_square,lookahead_budgeted_exploration,lookahead_budgeted_exploration,48,0.09027146462213158,0.012602496473681645,8.263729697455453,0.2631077841817832
sum_square,lookahead_budgeted_exploration,lookahead_budgeted_exploration,49,0.09027146462213158,0.012602496473681645,8.425892840915663,0.25970111051094663
