function,method,reward_dir,iteration,best_regret_mean,best_regret_std,cum_scaled_move_cost_mean,cum_scaled_move_cost_std
ackley,pure_bo,pure_bo,0,1.6296000076754205,0.8391547338892043,0.45873753142560014,0.22428651894601895
ackley,pure_bo,pure_bo,1,1.2574093511478488,0.7730290242473536,0.5596297478663911,0.2473911606629077
ackley,pure_bo,pure_bo,2,1.1073019987240842,0.7948984803155181,0.6651879998562794,0.26195235178273724
ackley,pure_bo,pure_bo,3,1.1073019987240842,0.7948984803155181,0.7399834567481872,0.22228731515274378
ackley,pure_bo,pure_bo,4,1.0900557403041014,0.8051172812021243,1.3331804346410954,0.44043995166953337
ackley,pure_bo,pure_bo,5,1.0057467110864906,0.6863060948559102,2.0094861694856845,0.2077458311520513
ackley,pure_bo,pure_bo,6,0.7819319999052211,0.37220336447476166,2.9616986161081535,0.4664154150892962
ackley,pure_bo,pure_bo,7,0.6532782959848409,0.5079787345046948,3.445272734910604,0.7237245794778113
ackley,pure_bo,pure_bo,8,0.32816206233151535,0.2198963112546376,4.135544552597739,1.1512829739735442
ackley,pure_bo,pure_bo,9,0.3252237825083246,0.2199707645498243,4.984399825853653,1.700745072011576
ackley,pure_bo,pure_bo,10,0.22749268980046886,0.26297050498089336,5.723185365881643,2.1904137169097533
ackley,pure_bo,pure_bo,11,0.22749268980046886,0.26297050498089336,6.513755312855021,2.719531562087267
ackley,pure_bo,pure_bo,12,0.22749268980046886,0.26297050498089336,6.994921503113237,2.9966996124586034
ackley,pure_bo,pure_bo,13,0.22749268980046886,0.26297050498089336,7.912077931731676,3.0959572382325016
ackley,pure_bo,pure_bo,14,0.22749268980046886,0.26297050498089336,8.646137733064403,3.085973294853544
ackley,pure_bo,pure_bo,15,0.22749268980046886,0.26297050498089336,9.478078953842411,3.158986124540161
ackley,pure_bo,pure_bo,16,0.22749268980046886,0.26297050498089336,10.112356219014593,3.075336793018004
ackley,pure_bo,pure_bo,17,0.22749268980046886,0.26297050498089336,10.857547154668113,3.179012062689411
ackley,pure_bo,pure_bo,18,0.22749268980046886,0.26297050498089336,11.822099947525233,3.0711900349936867
ackley,pure_bo,pure_bo,19,0.22749268980046886,0.26297050498089336,12.794793619629155,2.799631357765074
ackley,pure_bo,pure_bo,20,0.22749268980046886,0.26297050498089336,13.712283387429395,2.461354864718636
ackley,pure_bo,pure_bo,21,0.22749268980046886,0.26297050498089336,14.57168287160095,2.222046527147528
ackley,pure_bo,pure_bo,22,0.22749268980046886,0.26297050498089336,15.155111716116991,2.1591426575699786
ackley,pure_bo,pure_bo,23,0.22749268980046886,0.26297050498089336,15.927706958828175,2.2659537270507237
ackley,pure_bo,pure_bo,24,0.22749268980046886,0.26297050498089336,16.669724886188845,2.235332923239312
ackley,pure_bo,pure_bo,25,0.22749268980046886,0.26297050498089336,17.442170367695763,2.2075492823066063
ackley,pure_bo,pure_bo,26,0.22749268980046886,0.26297050498089336,18.40575798200447,2.1351522259549887
ackley,pure_bo,pure_bo,27,0.22749268980046886,0.26297050498089336,18.96699858849304,2.2559747777007244
ackley,pure_bo,pure_bo,28,0.22749268980046886,0.26297050498089336,19.845026181260348,2.3422835784371405
ackley,pure_bo,pure_bo,29,0.22749268980046886,0.26297050498089336,20.49619076474509,2.127891975902011
ackley,pure_bo,pure_bo,30,0.22749268980046886,0.26297050498089336,21.002572879440738,1.9494947882472318
ackley,pure_bo,pure_bo,31,0.22749268980046886,0.26297050498089336,21.51091288585734,1.827280041835713
ackley,pure_bo,pure_bo,32,0.22749268980046886,0.26297050498089336,22.06750537285873,2.0080187278845867
ackley,pure_bo,pure_bo,33,0.22749268980046886,0.26297050498089336,22.597219698051884,2.2505061818881065
ackley,pure_bo,pure_bo,34,0.22749268980046886,0.26297050498089336,22.96260396015982,2.451323557161605
ackley,pure_bo,pure_bo,35,0.22749268980046886,0.26297050498089336,23.45553993957554,2.7892142546646057
ackley,pure_bo,pure_bo,36,0.22749268980046886,0.26297050498089336,24.012491595820507,3.196035547022318
ackley,pure_bo,pure_bo,37,0.22749268980046886,0.26297050498089336,24.631393602952055,3.564415756852459
ackley,pure_bo,pure_bo,38,0.22749268980046886,0.26297050498089336,24.935714089237546,3.7577528348390716
ackley,pure_bo,pure_bo,39,0.22749268980046886,0.26297050498089336,25.317303648914976,4.066311306777451
ackley,pure_bo,pure_bo,40,0.22749268980046886,0.26297050498089336,25.744371825330518,4.371913063732894
ackley,pure_bo,pure_bo,41,0.22749268980046886,0.26297050498089336,26.387174349149095,4.800265133872051
ackley,pure_bo,pure_bo,42,0.22749268980046886,0.26297050498089336,26.657956214687925,4.9928067349391325
ackley,pure_bo,pure_bo,43,0.22749268980046886,0.26297050498089336,27.01668503761127,5.227047705245527
ackley,pure_bo,pure_bo,44,0.22749268980046886,0.26297050498089336,27.60213573056789,5.6093723949897605
ackley,pure_bo,pure_bo,45,0.22749268980046886,0.26297050498089336,28.197807884055617,6.025211055967257
ackley,pure_bo,pure_bo,46,0.22749268980046886,0.26297050498089336,28.484882327213015,6.215351327740558
ackley,pure_bo,pure_bo,47,0.22749268980046886,0.26297050498089336,28.605586479762312,6.30139894381805
ackley,pure_bo,pure_bo,48,0.22749268980046886,0.26297050498089336,28.905705118522246,6.529790525073794
ackley,pure_bo,pure_bo,49,0.22749268980046886,0.26297050498089336,29.192937734172244,6.766113070815043
ackley,earlbo,earlbo,0,1.8653819163072562,0.3122907281047055,0.392194043284061,0.2138796258581499
ackley,earlbo,earlbo,1,1.6758381188606197,0.4707564310607512,0.5192823248014538,0.22316810351475674
ackley,earlbo,earlbo,2,1.4228300170818209,0.6648610013440173,0.6238457852965774,0.2785875587319068
ackley,earlbo,earlbo,3,1.1575051196030413,0.7577087215801264,0.7207095758889253,0.2720909423140445
ackley,earlbo,earlbo,4,0.9918113210012914,0.8246907834319414,0.7855790052008582,0.2798743539000326
ackley,earlbo,earlbo,5,0.8628329695457393,0.9157693403490281,0.8717988978896741,0.31484891192315684
ackley,earlbo,earlbo,6,0.8432146239099999,0.9278200383980324,0.9627510958485596,0.35983408120622346
ackley,earlbo,earlbo,7,0.8432146239099999,0.9278200383980324,1.06937610052206,0.42107066995447084
ackley,earlbo,earlbo,8,0.759695292999104,0.986234443263488,1.263866248091176,0.5976185275586735
ackley,earlbo,earlbo,9,0.759695292999104,0.986234443263488,1.423358098121169,0.7267397778168357
ackley,earlbo,earlbo,10,0.759695292999104,0.986234443263488,1.5432338660329135,0.7820010294340699
ackley,earlbo,earlbo,11,0.759695292999104,0.986234443263488,1.7379404541240628,0.8817140909937164
ackley,earlbo,earlbo,12,0.7427237250282906,0.9974819140619484,1.9066366686337812,0.9939277057803104
ackley,earlbo,earlbo,13,0.7427237250282906,0.9974819140619484,2.0369208452868857,1.1025054727356085
ackley,earlbo,earlbo,14,0.34440236284678766,0.4345816673754437,2.154883604347264,1.143267751676616
ackley,earlbo,earlbo,15,0.2503106285741225,0.30183711677700775,2.2004265750718695,1.1465327047095355
ackley,earlbo,earlbo,16,0.2503106285741225,0.30183711677700775,2.2854735855391226,1.1121748698444545
ackley,earlbo,earlbo,17,0.07508241091227245,0.05864393237132016,2.3563223287427135,1.1275323164574886
ackley,earlbo,earlbo,18,0.07508241091227245,0.05864393237132016,2.4026709918094027,1.1256060215027957
ackley,earlbo,earlbo,19,0.07061187114307706,0.053001927227349456,2.5091105526595663,1.110683536953701
ackley,earlbo,earlbo,20,0.07061187114307706,0.053001927227349456,2.598022606766417,1.0740076129656424
ackley,earlbo,earlbo,21,0.059937833106994486,0.04035495156958867,2.6715940352510503,1.0502161027079744
ackley,earlbo,earlbo,22,0.037629074569305455,0.025149647240236175,2.7325877794822504,1.0216835317644646
ackley,earlbo,earlbo,23,0.037629074569305455,0.025149647240236175,2.7787871722068815,0.9986448623581479
ackley,earlbo,earlbo,24,0.037629074569305455,0.025149647240236175,2.830358112535894,0.9916617374219162
ackley,earlbo,earlbo,25,0.037629074569305455,0.025149647240236175,2.8845190293032856,0.9957665766764111
ackley,earlbo,earlbo,26,0.037629074569305455,0.025149647240236175,2.965189327685012,0.9957228486393845
ackley,earlbo,earlbo,27,0.037629074569305455,0.025149647240236175,3.0482831797403063,0.9850860153062593
ackley,earlbo,earlbo,28,0.037629074569305455,0.025149647240236175,3.1293229413121666,0.9870726270645767
ackley,earlbo,earlbo,29,0.037629074569305455,0.025149647240236175,3.2097160096055055,1.0044303055036383
ackley,earlbo,earlbo,30,0.037629074569305455,0.025149647240236175,3.2841869093076235,1.0014823378276323
ackley,earlbo,earlbo,31,0.037629074569305455,0.025149647240236175,3.3547737480819664,1.0143215779141137
ackley,earlbo,earlbo,32,0.037629074569305455,0.025149647240236175,3.4123514772615486,1.0043595681365958
ackley,earlbo,earlbo,33,0.037629074569305455,0.025149647240236175,3.4614852960742937,1.013842231832968
ackley,earlbo,earlbo,34,0.037629074569305455,0.025149647240236175,3.517224452917,1.041141981695526
ackley,earlbo,earlbo,35,0.037629074569305455,0.025149647240236175,3.585530088082038,1.068542390980131
ackley,earlbo,earlbo,36,0.037629074569305455,0.025149647240236175,3.656593910360105,1.0466795219298326
ackley,earlbo,earlbo,37,0.037629074569305455,0.025149647240236175,3.736951232625812,1.0237062823015415
ackley,earlbo,earlbo,38,0.037629074569305455,0.025149647240236175,3.8024384011761314,1.0328515133772644
ackley,earlbo,earlbo,39,0.037629074569305455,0.025149647240236175,3.8755277139440314,1.0303031216383376
ackley,earlbo,earlbo,40,0.037629074569305455,0.025149647240236175,3.9504583756420177,1.022707901195437
ackley,earlbo,earlbo,41,0.037629074569305455,0.025149647240236175,4.001875048705281,1.014680076988439
ackley,earlbo,earlbo,42,0.037629074569305455,0.025149647240236175,4.07091271071567,1.0263618887331245
ackley,earlbo,earlbo,43,0.037629074569305455,0.025149647240236175,4.146723730457378,1.0317144658132846
ackley,earlbo,earlbo,44,0.037629074569305455,0.025149647240236175,4.238564951210908,1.0291542016900372
ackley,earlbo,earlbo,45,0.037629074569305455,0.025149647240236175,4.341302387272113,1.017990857751264
ackley,earlbo,earlbo,46,0.037629074569305455,0.025149647240236175,4.439066126781799,1.0167184138185692
ackley,earlbo,earlbo,47,0.037629074569305455,0.025149647240236175,4.545229180003033,0.9869431069462777
ackley,earlbo,earlbo,48,0.037629074569305455,0.025149647240236175,4.634936461934841,0.9563203543251683
ackley,earlbo,earlbo,49,0.037629074569305455,0.025149647240236175,4.695575240082474,0.9278912571257281
ackley,snake,snake,0,1.9017672322966899,0.3082756827468776,0.4018807876849541,0.2115016688028059
ackley,snake,snake,1,1.6128118380661725,0.5338917607887729,0.506672633673891,0.25537520867136887
ackley,snake,snake,2,1.4322939731938333,0.6750387825810906,0.5730175841383075,0.2918758019253037
ackley,snake,snake,3,1.3301777641761257,0.8023805395886706,0.707109287589691,0.4192213184212587
ackley,snake,snake,4,1.1080296409222474,0.8389706583733103,0.8343109588394336,0.5130387301237577
ackley,snake,snake,5,1.0189844674095732,0.8850793445384135,0.9337511348186425,0.5617025135620523
ackley,snake,snake,6,0.8155436171104324,0.5987871042371283,1.000562235533779,0.5706646074900972
ackley,snake,snake,7,0.33081196988041767,0.2198817583757209,1.0681113959062605,0.5769705250413405
ackley,snake,snake,8,0.1966494410811935,0.07721751703342795,1.1235975135892768,0.5829758020090928
ackley,snake,snake,9,0.14281439264229615,0.039743271444902195,1.147594123816942,0.587006946961605
ackley,snake,snake,10,0.1353209866715687,0.04898110127721863,1.175500920198502,0.5942856776431009
ackley,snake,snake,11,0.11732683006295301,0.0349895086845605,1.209022693896299,0.6124395139221261
ackley,snake,snake,12,0.11732683006295301,0.0349895086845605,1.2447040026069989,0.610787017457484
ackley,snake,snake,13,0.0754151686125657,0.049267903800464405,1.2747615654803852,0.616902839912559
ackley,snake,snake,14,0.0754151686125657,0.049267903800464405,1.3331576490708332,0.6557015645480496
ackley,snake,snake,15,0.0754151686125657,0.049267903800464405,1.4189090592402331,0.6610924252038274
ackley,snake,snake,16,0.0530862826687278,0.018899688239574785,1.481435517371011,0.6360063973796909
ackley,snake,snake,17,0.0530862826687278,0.018899688239574785,1.565728889756867,0.5930182742325898
ackley,snake,snake,18,0.0530862826687278,0.018899688239574785,1.617668636227739,0.5737622644588699
ackley,snake,snake,19,0.0530862826687278,0.018899688239574785,1.6658434138237788,0.5563608485682988
ackley,snake,snake,20,0.0530862826687278,0.018899688239574785,1.7261406768583534,0.5537974801303173
ackley,snake,snake,21,0.0530862826687278,0.018899688239574785,1.8147374959363065,0.5636111415879023
ackley,snake,snake,22,0.0530862826687278,0.018899688239574785,1.9136915359140485,0.5788855745008696
ackley,snake,snake,23,0.0530862826687278,0.018899688239574785,2.0180046126174997,0.5490707023027253
ackley,snake,snake,24,0.03665939726858669,0.010369296456501415,2.0738129356210826,0.528291698702692
ackley,snake,snake,25,0.03665939726858669,0.010369296456501415,2.1358519317485434,0.5222582912811867
ackley,snake,snake,26,0.03665939726858669,0.010369296456501415,2.1962985841247336,0.5109136511647719
ackley,snake,snake,27,0.03665939726858669,0.010369296456501415,2.236420325094184,0.5379435107941232
ackley,snake,snake,28,0.03665939726858669,0.010369296456501415,2.302567310053781,0.5486788731336709
ackley,snake,snake,29,0.03665939726858669,0.010369296456501415,2.351989237412241,0.5366977940883665
ackley,snake,snake,30,0.03665939726858669,0.010369296456501415,2.4397932140851295,0.5498692306642475
ackley,snake,snake,31,0.03665939726858669,0.010369296456501415,2.5411905028815647,0.5252994075953751
ackley,snake,snake,32,0.03665939726858669,0.010369296456501415,2.6570841927709856,0.5235832966401045
ackley,snake,snake,33,0.03665939726858669,0.010369296456501415,2.708291678456091,0.548351800155043
ackley,snake,snake,34,0.03665939726858669,0.010369296456501415,2.7642600852757426,0.5611466011062302
ackley,snake,snake,35,0.03665939726858669,0.010369296456501415,2.8330292602503557,0.5736914619277627
ackley,snake,snake,36,0.03665939726858669,0.010369296456501415,2.900794000032951,0.573573998553455
ackley,snake,snake,37,0.03665939726858669,0.010369296456501415,2.95256460766312,0.5745514210039562
ackley,snake,snake,38,0.03665939726858669,0.010369296456501415,3.0614842608078345,0.5799061637434348
ackley,snake,snake,39,0.03665939726858669,0.010369296456501415,3.1395216205508234,0.5599252410491626
ackley,snake,snake,40,0.03665939726858669,0.010369296456501415,3.2175361761628207,0.5520668307627651
ackley,snake,snake,41,0.03665939726858669,0.010369296456501415,3.2879859691911943,0.542283212360122
ackley,snake,snake,42,0.03665939726858669,0.010369296456501415,3.345384554203561,0.5350128851018852
ackley,snake,snake,43,0.03665939726858669,0.010369296456501415,3.421485386973043,0.5227103905987397
ackley,snake,snake,44,0.03665939726858669,0.010369296456501415,3.5117856496832123,0.5033192324244136
ackley,snake,snake,45,0.03665939726858669,0.010369296456501415,3.584802267763832,0.4845196439606785
ackley,snake,snake,46,0.03665939726858669,0.010369296456501415,3.663498591134264,0.46888314992665914
ackley,snake,snake,47,0.03665939726858669,0.010369296456501415,3.698395469242037,0.4825183048727624
ackley,snake,snake,48,0.03665939726858669,0.010369296456501415,3.767094184052649,0.4768807630766329
ackley,snake,snake,49,0.03665939726858669,0.010369296456501415,3.86231304207876,0.47194214090675524
ackley,log_improvement_movement_cost3,log_improvement_movement_cost3,0,1.9198525949041951,0.30486749292507453,0.4087417216134817,0.21343314535343869
ackley,log_improvement_movement_cost3,log_improvement_movement_cost3,1,1.575221440958743,0.5802546494260794,0.47232434512293925,0.22817201196737094
ackley,log_improvement_movement_cost3,log_improvement_movement_cost3,2,1.4014830281853776,0.699632200082368,0.5296231968511078,0.23911819097108172
ackley,log_improvement_movement_cost3,log_improvement_movement_cost3,3,1.4014830281853776,0.699632200082368,0.5648401118088292,0.23786709461041933
ackley,log_improvement_movement_cost3,log_improvement_movement_cost3,4,1.0989688851090726,0.8238891176840235,0.6386206005415415,0.23162515026001626
ackley,log_improvement_movement_cost3,log_improvement_movement_cost3,5,0.9371406422625724,0.7637219530791284,0.682078731538288,0.21948433662807948
ackley,log_improvement_movement_cost3,log_improvement_movement_cost3,6,0.8181572184528728,0.5955185631552639,0.7135771661373708,0.22041826114764496
ackley,log_improvement_movement_cost3,log_improvement_movement_cost3,7,0.2723609671869463,0.07381045623445284,0.7817079993345614,0.24416213957568358
ackley,log_improvement_movement_cost3,log_improvement_movement_cost3,8,0.2622206385140662,0.07937771528729427,0.8282570887393671,0.26531772243680796
ackley,log_improvement_movement_cost3,log_improvement_movement_cost3,9,0.126066782250038,0.055277915377757024,0.8631123448080334,0.2690520011445155
ackley,log_improvement_movement_cost3,log_improvement_movement_cost3,10,0.11503308528831295,0.04022515072439225,0.8919576381274738,0.26428592936379663
ackley,log_improvement_movement_cost3,log_improvement_movement_cost3,11,0.11503308528831295,0.04022515072439225,0.9170078626506909,0.27656896344382753
ackley,log_improvement_movement_cost3,log_improvement_movement_cost3,12,0.10504395766396539,0.027139902766211647,0.9518260604127015,0.2750845139317615
ackley,log_improvement_movement_cost3,log_improvement_movement_cost3,13,0.09225117660395599,0.0333411738434832,0.9845653094079535,0.2743555491084061
ackley,log_improvement_movement_cost3,log_improvement_movement_cost3,14,0.06334316526077706,0.008360786457353208,1.0059574361784398,0.27786902353141946
ackley,log_improvement_movement_cost3,log_improvement_movement_cost3,15,0.05060877348078252,0.01240827911101592,1.0286259620332625,0.2771623141030508
ackley,log_improvement_movement_cost3,log_improvement_movement_cost3,16,0.05060877348078252,0.01240827911101592,1.052780202274598,0.27175939020561746
ackley,log_improvement_movement_cost3,log_improvement_movement_cost3,17,0.05060877348078252,0.01240827911101592,1.0647996369761195,0.2672728788281237
ackley,log_improvement_movement_cost3,log_improvement_movement_cost3,18,0.05060877348078252,0.01240827911101592,1.082738313051459,0.26650974963484114
ackley,log_improvement_movement_cost3,log_improvement_movement_cost3,19,0.05060877348078252,0.01240827911101592,1.0989278550743085,0.26507517242710765
ackley,log_improvement_movement_cost3,log_improvement_movement_cost3,20,0.04414815532357297,0.02108640964976495,1.1221111963971289,0.2589773541960334
ackley,log_improvement_movement_cost3,log_improvement_movement_cost3,21,0.04414815532357297,0.02108640964976495,1.1447295946397735,0.2584717590583942
ackley,log_improvement_movement_cost3,log_improvement_movement_cost3,22,0.04414815532357297,0.02108640964976495,1.1581188575272703,0.25657207644773133
ackley,log_improvement_movement_cost3,log_improvement_movement_cost3,23,0.03578345715767428,0.021110064504665554,1.1711552048166773,0.2590230743780221
ackley,log_improvement_movement_cost3,log_improvement_movement_cost3,24,0.03578345715767428,0.021110064504665554,1.1866407794729597,0.25553735461309185
ackley,log_improvement_movement_cost3,log_improvement_movement_cost3,25,0.03578345715767428,0.021110064504665554,1.20744390526271,0.24680199944493347
ackley,log_improvement_movement_cost3,log_improvement_movement_cost3,26,0.03163720135446294,0.015472651676711703,1.2283013974730201,0.2415223136383604
ackley,log_improvement_movement_cost3,log_improvement_movement_cost3,27,0.03163720135446294,0.015472651676711703,1.2416365681579276,0.2456433800296063
ackley,log_improvement_movement_cost3,log_improvement_movement_cost3,28,0.03163720135446294,0.015472651676711703,1.2641059102234364,0.24122231704089847
ackley,log_improvement_movement_cost3,log_improvement_movement_cost3,29,0.03163720135446294,0.015472651676711703,1.2851633976295085,0.2379340410763752
ackley,log_improvement_movement_cost3,log_improvement_movement_cost3,30,0.03163720135446294,0.015472651676711703,1.3000339663679308,0.22996965340661243
ackley,log_improvement_movement_cost3,log_improvement_movement_cost3,31,0.03163720135446294,0.015472651676711703,1.3120222843302265,0.2290361432111444
ackley,log_improvement_movement_cost3,log_improvement_movement_cost3,32,0.03163720135446294,0.015472651676711703,1.335503464258137,0.2201183163839265
ackley,log_improvement_movement_cost3,log_improvement_movement_cost3,33,0.03163720135446294,0.015472651676711703,1.3580180652701734,0.22539887856003915
ackley,log_improvement_movement_cost3,log_improvement_movement_cost3,34,0.03163720135446294,0.015472651676711703,1.3829792710378543,0.22897844841711643
ackley,log_improvement_movement_cost3,log_improvement_movement_cost3,35,0.03163720135446294,0.015472651676711703,1.4035879173239894,0.23104065680180463
ackley,log_improvement_movement_cost3,log_improvement_movement_cost3,36,0.03163720135446294,0.015472651676711703,1.4417321260396934,0.24474066451989554
ackley,log_improvement_movement_cost3,log_improvement_movement_cost3,37,0.03163720135446294,0.015472651676711703,1.466974465011927,0.24448185527795244
ackley,log_improvement_movement_cost3,log_improvement_movement_cost3,38,0.03163720135446294,0.015472651676711703,1.48962496368401,0.24952327705271773
ackley,log_improvement_movement_cost3,log_improvement_movement_cost3,39,0.03163720135446294,0.015472651676711703,1.515983578052916,0.25531894903864183
ackley,log_improvement_movement_cost3,log_improvement_movement_cost3,40,0.03163720135446294,0.015472651676711703,1.5332301842327059,0.25789783917290565
ackley,log_improvement_movement_cost3,log_improvement_movement_cost3,41,0.03163720135446294,0.015472651676711703,1.5490845929996004,0.25552826437094184
ackley,log_improvement_movement_cost3,log_improvement_movement_cost3,42,0.03163720135446294,0.015472651676711703,1.57123220603153,0.2575054437648951
ackley,log_improvement_movement_cost3,log_improvement_movement_cost3,43,0.03163720135446294,0.015472651676711703,1.5951580611486513,0.26002410253823066
ackley,log_improvement_movement_cost3,log_improvement_movement_cost3,44,0.03163720135446294,0.015472651676711703,1.6100823883669884,0.25016476685590355
ackley,log_improvement_movement_cost3,log_improvement_movement_cost3,45,0.030998121760512937,0.014619575807274209,1.6263332718053558,0.24770373024573014
ackley,log_improvement_movement_cost3,log_improvement_movement_cost3,46,0.030998121760512937,0.014619575807274209,1.6537729336634899,0.24920474384113955
ackley,log_improvement_movement_cost3,log_improvement_movement_cost3,47,0.030014434387234907,0.013319579996655201,1.6743709265230375,0.25047512329374394
ackley,log_improvement_movement_cost3,log_improvement_movement_cost3,48,0.030014434387234907,0.013319579996655201,1.6976392890945586,0.2513489778397331
ackley,log_improvement_movement_cost3,log_improvement_movement_cost3,49,0.030014434387234907,0.013319579996655201,1.7196901662017545,0.25413031936760766
ackley,optimistic_selected,optimistic_improvement_movement_cost2,0,1.968689185671872,0.23581091860923045,0.38985647495200304,0.21109146576742427
ackley,optimistic_selected,optimistic_improvement_movement_cost2,1,1.6185497081183484,0.5042838185903984,0.46574956871319834,0.2174470795429577
ackley,optimistic_selected,optimistic_improvement_movement_cost2,2,1.4936243491208447,0.5700381761315738,0.5445751859152664,0.22483881254631652
ackley,optimistic_selected,optimistic_improvement_movement_cost2,3,1.1935067772568542,0.4394165889167013,0.607281750504357,0.2153463451864125
ackley,optimistic_selected,optimistic_improvement_movement_cost2,4,0.708390115656599,0.27725080499593435,0.6706664161554162,0.20836040807018247
ackley,optimistic_selected,optimistic_improvement_movement_cost2,5,0.5342973352478867,0.11719598198525225,0.7289498260283834,0.21735060060292774
ackley,optimistic_selected,optimistic_improvement_movement_cost2,6,0.43701193630918356,0.041288474585610135,0.7859456587615566,0.20574493069248845
ackley,optimistic_selected,optimistic_improvement_movement_cost2,7,0.23690511774730819,0.09719687819497005,0.8367459607587758,0.212535277546626
ackley,optimistic_selected,optimistic_improvement_movement_cost2,8,0.23690511774730819,0.09719687819497005,0.8999449036339223,0.213284156824362
ackley,optimistic_selected,optimistic_improvement_movement_cost2,9,0.21665443754444688,0.11050366467518423,0.960423108890153,0.23713901908342241
ackley,optimistic_selected,optimistic_improvement_movement_cost2,10,0.1412015522471338,0.14508185836502652,0.9805114297448951,0.24033288574328512
ackley,optimistic_selected,optimistic_improvement_movement_cost2,11,0.1412015522471338,0.14508185836502652,0.9933010834718488,0.23937938679474988
ackley,optimistic_selected,optimistic_improvement_movement_cost2,12,0.13346557224061492,0.1341417403915761,1.0115760624998786,0.24179761679072204
ackley,optimistic_selected,optimistic_improvement_movement_cost2,13,0.13316120889769603,0.13371131458340219,1.0291486359498812,0.22692743648443922
ackley,optimistic_selected,optimistic_improvement_movement_cost2,14,0.08158818441856797,0.06810944018013144,1.049400886620602,0.22765365340527863
ackley,optimistic_selected,optimistic_improvement_movement_cost2,15,0.05952035809846068,0.03705553852342431,1.0766058007386676,0.23452219714762546
ackley,optimistic_selected,optimistic_improvement_movement_cost2,16,0.042029766566378836,0.012981065525793381,1.1003335645496914,0.22431362640320487
ackley,optimistic_selected,optimistic_improvement_movement_cost2,17,0.042029766566378836,0.012981065525793381,1.125270169599594,0.24078322331285773
ackley,optimistic_selected,optimistic_improvement_movement_cost2,18,0.042029766566378836,0.012981065525793381,1.1476773624254575,0.2510703204415672
ackley,optimistic_selected,optimistic_improvement_movement_cost2,19,0.042029766566378836,0.012981065525793381,1.165383119078532,0.2513484921340005
ackley,optimistic_selected,optimistic_improvement_movement_cost2,20,0.038460468572469576,0.01451928678268263,1.1847205403324044,0.24712760676807335
ackley,optimistic_selected,optimistic_improvement_movement_cost2,21,0.03290326637203048,0.006675942498713118,1.2060186031203026,0.2436234282979235
ackley,optimistic_selected,optimistic_improvement_movement_cost2,22,0.032474922397652005,0.006073072937522117,1.2212589224028199,0.23971933059705994
ackley,optimistic_selected,optimistic_improvement_movement_cost2,23,0.023129685297803793,0.007201996062136245,1.2320648095375173,0.2386797482736775
ackley,optimistic_selected,optimistic_improvement_movement_cost2,24,0.023129685297803793,0.007201996062136245,1.2500726769064485,0.2325346487455151
ackley,optimistic_selected,optimistic_improvement_movement_cost2,25,0.023129685297803793,0.007201996062136245,1.2716686371194135,0.2263793611824843
ackley,optimistic_selected,optimistic_improvement_movement_cost2,26,0.023129685297803793,0.007201996062136245,1.294202144744955,0.21520009183490627
ackley,optimistic_selected,optimistic_improvement_movement_cost2,27,0.023129685297803793,0.007201996062136245,1.309131376931738,0.2129319016752637
ackley,optimistic_selected,optimistic_improvement_movement_cost2,28,0.023129685297803793,0.007201996062136245,1.333075153250153,0.2077047254996744
ackley,optimistic_selected,optimistic_improvement_movement_cost2,29,0.023129685297803793,0.007201996062136245,1.35788411660413,0.20201130886704616
ackley,optimistic_selected,optimistic_improvement_movement_cost2,30,0.023129685297803793,0.007201996062136245,1.375228245247979,0.19429291994446776
ackley,optimistic_selected,optimistic_improvement_movement_cost2,31,0.023129685297803793,0.007201996062136245,1.3889167625572958,0.19304732827188398
ackley,optimistic_selected,optimistic_improvement_movement_cost2,32,0.023129685297803793,0.007201996062136245,1.41432146279628,0.18936312397536983
ackley,optimistic_selected,optimistic_improvement_movement_cost2,33,0.023129685297803793,0.007201996062136245,1.438991087956433,0.18892070177982467
ackley,optimistic_selected,optimistic_improvement_movement_cost2,34,0.023129685297803793,0.007201996062136245,1.463469903014724,0.1929648384292868
ackley,optimistic_selected,optimistic_improvement_movement_cost2,35,0.023129685297803793,0.007201996062136245,1.478677740941056,0.19726539529337797
ackley,optimistic_selected,optimistic_improvement_movement_cost2,36,0.023129685297803793,0.007201996062136245,1.5168061468353635,0.1986565726960752
ackley,optimistic_selected,optimistic_improvement_movement_cost2,37,0.023129685297803793,0.007201996062136245,1.5409101656338027,0.19631664729495846
ackley,optimistic_selected,optimistic_improvement_movement_cost2,38,0.023129685297803793,0.007201996062136245,1.5666100834082837,0.20169300657239808
ackley,optimistic_selected,optimistic_improvement_movement_cost2,39,0.023129685297803793,0.007201996062136245,1.588576358801441,0.21202576832475464
ackley,optimistic_selected,optimistic_improvement_movement_cost2,40,0.023129685297803793,0.007201996062136245,1.6121754832742001,0.21084481670924188
ackley,optimistic_selected,optimistic_improvement_movement_cost2,41,0.023129685297803793,0.007201996062136245,1.6326665207631261,0.20820884635550896
ackley,optimistic_selected,optimistic_improvement_movement_cost2,42,0.023129685297803793,0.007201996062136245,1.6558745041011695,0.20871633821527333
ackley,optimistic_selected,optimistic_improvement_movement_cost2,43,0.023129685297803793,0.007201996062136245,1.6776966210977473,0.21426469529589784
ackley,optimistic_selected,optimistic_improvement_movement_cost2,44,0.023129685297803793,0.007201996062136245,1.6940985360716165,0.20252467234933216
ackley,optimistic_selected,optimistic_improvement_movement_cost2,45,0.023129685297803793,0.007201996062136245,1.714389686728057,0.1937464826989097
ackley,optimistic_selected,optimistic_improvement_movement_cost2,46,0.023129685297803793,0.007201996062136245,1.7313966787084096,0.19645889443302847
ackley,optimistic_selected,optimistic_improvement_movement_cost2,47,0.023129685297803793,0.007201996062136245,1.7466015044035963,0.19770062203244282
ackley,optimistic_selected,optimistic_improvement_movement_cost2,48,0.023129685297803793,0.007201996062136245,1.7614427384566345,0.19610147312216275
ackley,optimistic_selected,optimistic_improvement_movement_cost2,49,0.023129685297803793,0.007201996062136245,1.7792179499282437,0.20074176199532803
ackley,budgeted_exploration,budgeted_exploration,0,1.8807978561311085,0.29599764570864506,0.40141826098773364,0.21088309601167843
ackley,budgeted_exploration,budgeted_exploration,1,1.6108330601861518,0.5364157886608828,0.4710842446227795,0.22382352312945542
ackley,budgeted_exploration,budgeted_exploration,2,1.4505871341459702,0.6852244019451742,0.5428365860333267,0.23766661610863155
ackley,budgeted_exploration,budgeted_exploration,3,1.3532736809819668,0.6668283808164821,0.6120061516861502,0.20603770534463065
ackley,budgeted_exploration,budgeted_exploration,4,0.6874704135589037,0.33037135014018326,0.7297933399610718,0.171379002899935
ackley,budgeted_exploration,budgeted_exploration,5,0.6073759570852938,0.23172705218048534,0.7951850116641056,0.17441922696829704
ackley,budgeted_exploration,budgeted_exploration,6,0.6059439377650789,0.2335746565195487,0.8732973794631271,0.1614710384074895
ackley,budgeted_exploration,budgeted_exploration,7,0.423759335715647,0.3273168883104748,0.9678558749278617,0.18677779708618764
ackley,budgeted_exploration,budgeted_exploration,8,0.22811191578397372,0.08798668774441923,1.027910531458966,0.19709421923735695
ackley,budgeted_exploration,budgeted_exploration,9,0.20262347957783952,0.07534705141510632,1.0934175942076616,0.20912948928950162
ackley,budgeted_exploration,budgeted_exploration,10,0.20262347957783952,0.07534705141510632,1.1484407205628238,0.21700459323526428
ackley,budgeted_exploration,budgeted_exploration,11,0.17605972495255337,0.07931585659137487,1.2195488462077937,0.24391580228609547
ackley,budgeted_exploration,budgeted_exploration,12,0.17106626510741707,0.08198507049918555,1.2603277070743621,0.24837508914685388
ackley,budgeted_exploration,budgeted_exploration,13,0.17106626510741707,0.08198507049918555,1.3298571653605769,0.24488736334109043
ackley,budgeted_exploration,budgeted_exploration,14,0.10297491230660372,0.01664797229037371,1.3978690672449243,0.2302720234954006
ackley,budgeted_exploration,budgeted_exploration,15,0.10297491230660372,0.01664797229037371,1.4626612786807003,0.2399106607051801
ackley,budgeted_exploration,budgeted_exploration,16,0.10297491230660372,0.01664797229037371,1.539836618184222,0.2555041461618517
ackley,budgeted_exploration,budgeted_exploration,17,0.10297491230660372,0.01664797229037371,1.6406678320520605,0.24327449355646621
ackley,budgeted_exploration,budgeted_exploration,18,0.09936335227784736,0.021289984185850482,1.6982083064837177,0.2296816580957535
ackley,budgeted_exploration,budgeted_exploration,19,0.09936335227784736,0.021289984185850482,1.7674322905915794,0.2049437093894375
ackley,budgeted_exploration,budgeted_exploration,20,0.09936335227784736,0.021289984185850482,1.8120950223559067,0.18866284211322132
ackley,budgeted_exploration,budgeted_exploration,21,0.09936335227784736,0.021289984185850482,1.8664494180590723,0.18331494425371717
ackley,budgeted_exploration,budgeted_exploration,22,0.068102632855971,0.030533964693716196,1.9267664314523867,0.19022702825788446
ackley,budgeted_exploration,budgeted_exploration,23,0.05251888282171935,0.017514256865657215,1.9749943667458567,0.20436109638371608
ackley,budgeted_exploration,budgeted_exploration,24,0.05251888282171935,0.017514256865657215,2.0205032150029556,0.20216958006934907
ackley,budgeted_exploration,budgeted_exploration,25,0.05251888282171935,0.017514256865657215,2.064259273535367,0.19291331549103835
ackley,budgeted_exploration,budgeted_exploration,26,0.05251888282171935,0.017514256865657215,2.149748715321473,0.19146594684096818
ackley,budgeted_exploration,budgeted_exploration,27,0.05251888282171935,0.017514256865657215,2.206553436227853,0.19724247427151734
ackley,budgeted_exploration,budgeted_exploration,28,0.05251888282171935,0.017514256865657215,2.25817167121356,0.21626620501962326
ackley,budgeted_exploration,budgeted_exploration,29,0.05251888282171935,0.017514256865657215,2.2962620732141334,0.21979841850182744
ackley,budgeted_exploration,budgeted_exploration,30,0.05251888282171935,0.017514256865657215,2.346403069965326,0.2144832827156591
ackley,budgeted_exploration,budgeted_exploration,31,0.05251888282171935,0.017514256865657215,2.402746722165807,0.21464922347241977
ackley,budgeted_exploration,budgeted_exploration,32,0.05251888282171935,0.017514256865657215,2.47060954622428,0.21370696005577708
ackley,budgeted_exploration,budgeted_exploration,33,0.05251888282171935,0.017514256865657215,2.573294669263363,0.20286060357312932
ackley,budgeted_exploration,budgeted_exploration,34,0.05251888282171935,0.017514256865657215,2.642470365653528,0.18130620535228442
ackley,budgeted_exploration,budgeted_exploration,35,0.05251888282171935,0.017514256865657215,2.7015027775843254,0.21083206894307735
ackley,budgeted_exploration,budgeted_exploration,36,0.05251888282171935,0.017514256865657215,2.7402955711641734,0.2177622012607973
ackley,budgeted_exploration,budgeted_exploration,37,0.05251888282171935,0.017514256865657215,2.7798801838720792,0.21892881723740198
ackley,budgeted_exploration,budgeted_exploration,38,0.05251888282171935,0.017514256865657215,2.812463971043447,0.24150506069601727
ackley,budgeted_exploration,budgeted_exploration,39,0.05251888282171935,0.017514256865657215,2.8640151023042058,0.26155532879117455
ackley,budgeted_exploration,budgeted_exploration,40,0.05251888282171935,0.017514256865657215,2.907591561278616,0.26156202659312616
ackley,budgeted_exploration,budgeted_exploration,41,0.05251888282171935,0.017514256865657215,2.933994874301517,0.2539113529869804
ackley,budgeted_exploration,budgeted_exploration,42,0.05251888282171935,0.017514256865657215,3.010430374120304,0.22670536216824724
ackley,budgeted_exploration,budgeted_exploration,43,0.05251888282171935,0.017514256865657215,3.0453391662431453,0.2310784341946725
ackley,budgeted_exploration,budgeted_exploration,44,0.05251888282171935,0.017514256865657215,3.0922408325964152,0.2088568783198946
ackley,budgeted_exploration,budgeted_exploration,45,0.05251888282171935,0.017514256865657215,3.1260133784694393,0.20914035031582004
ackley,budgeted_exploration,budgeted_exploration,46,0.05251888282171935,0.017514256865657215,3.1568027418008824,0.2125693503017915
ackley,budgeted_exploration,budgeted_exploration,47,0.05251888282171935,0.017514256865657215,3.1999505389820864,0.22039928465687408
ackley,budgeted_exploration,budgeted_exploration,48,0.05251888282171935,0.017514256865657215,3.244025274584324,0.21689998102281052
ackley,budgeted_exploration,budgeted_exploration,49,0.05251888282171935,0.017514256865657215,3.2609459339366325,0.2140610445817757
ackley,lookahead_budgeted_exploration,lookahead_budgeted_exploration,0,2.061201657186714,0.27795844168623784,0.41053287155458573,0.21563440082192772
ackley,lookahead_budgeted_exploration,lookahead_budgeted_exploration,1,1.8650961775760109,0.3060076028288336,0.49016293566889346,0.235456737909705
ackley,lookahead_budgeted_exploration,lookahead_budgeted_exploration,2,1.502889443818016,0.7103140798000119,0.5703166612507983,0.2349639843299247
ackley,lookahead_budgeted_exploration,lookahead_budgeted_exploration,3,1.2356452502350916,0.811352282705287,0.6816010327110679,0.1726329516045743
ackley,lookahead_budgeted_exploration,lookahead_budgeted_exploration,4,1.2078499666538585,0.7751126605901483,0.762186388286743,0.18130466810243637
ackley,lookahead_budgeted_exploration,lookahead_budgeted_exploration,5,0.9394266710402109,0.6419494895997736,0.8762257877213712,0.1979351068451749
ackley,lookahead_budgeted_exploration,lookahead_budgeted_exploration,6,0.793377244967436,0.44233922779804064,0.9593079335134784,0.2047500975187817
ackley,lookahead_budgeted_exploration,lookahead_budgeted_exploration,7,0.3875314468854178,0.10612740588564075,1.0245186890627476,0.218733205706957
ackley,lookahead_budgeted_exploration,lookahead_budgeted_exploration,8,0.2902426259231589,0.0782399574923816,1.0964427045678438,0.22993439274643382
ackley,lookahead_budgeted_exploration,lookahead_budgeted_exploration,9,0.25608425864258466,0.11423185515953302,1.1337444446530398,0.2352426279162573
ackley,lookahead_budgeted_exploration,lookahead_budgeted_exploration,10,0.22240016526864226,0.12601017299838393,1.2148469750676425,0.25672471902089167
ackley,lookahead_budgeted_exploration,lookahead_budgeted_exploration,11,0.0982834991362999,0.05110265833230726,1.2717809741096473,0.26490242774810785
ackley,lookahead_budgeted_exploration,lookahead_budgeted_exploration,12,0.0982834991362999,0.05110265833230726,1.3223919274819884,0.2628346490848905
ackley,lookahead_budgeted_exploration,lookahead_budgeted_exploration,13,0.06102687526849637,0.04217733970620181,1.3814243709239982,0.26638194145222993
ackley,lookahead_budgeted_exploration,lookahead_budgeted_exploration,14,0.06102687526849637,0.04217733970620181,1.4420032296162628,0.26812383880435114
ackley,lookahead_budgeted_exploration,lookahead_budgeted_exploration,15,0.06102687526849637,0.04217733970620181,1.5300125622261778,0.2659106865214728
ackley,lookahead_budgeted_exploration,lookahead_budgeted_exploration,16,0.06102687526849637,0.04217733970620181,1.6121701475693324,0.25808229739558153
ackley,lookahead_budgeted_exploration,lookahead_budgeted_exploration,17,0.06102687526849637,0.04217733970620181,1.679526873336096,0.23995974364268352
ackley,lookahead_budgeted_exploration,lookahead_budgeted_exploration,18,0.06102687526849637,0.04217733970620181,1.7295738312180182,0.22155552294696657
ackley,lookahead_budgeted_exploration,lookahead_budgeted_exploration,19,0.06102687526849637,0.04217733970620181,1.8008042969674625,0.2160550446126812
ackley,lookahead_budgeted_exploration,lookahead_budgeted_exploration,20,0.06102687526849637,0.04217733970620181,1.8867779055488756,0.23198990603909597
ackley,lookahead_budgeted_exploration,lookahead_budgeted_exploration,21,0.06102687526849637,0.04217733970620181,1.9676069280762345,0.21028458933970207
ackley,lookahead_budgeted_exploration,lookahead_budgeted_exploration,22,0.06102687526849637,0.04217733970620181,2.0532187969769295,0.20086838627570708
ackley,lookahead_budgeted_exploration,lookahead_budgeted_exploration,23,0.06102687526849637,0.04217733970620181,2.1058662946669444,0.22719894434829987
ackley,lookahead_budgeted_exploration,lookahead_budgeted_exploration,24,0.06102687526849637,0.04217733970620181,2.1709198179421656,0.248177175873812
ackley,lookahead_budgeted_exploration,lookahead_budgeted_exploration,25,0.06102687526849637,0.04217733970620181,2.212532634331728,0.23532492642813388
ackley,lookahead_budgeted_exploration,lookahead_budgeted_exploration,26,0.06102687526849637,0.04217733970620181,2.284102098945889,0.23447739158475508
ackley,lookahead_budgeted_exploration,lookahead_budgeted_exploration,27,0.06102687526849637,0.04217733970620181,2.352340479102328,0.21767134590454043
ackley,lookahead_budgeted_exploration,lookahead_budgeted_exploration,28,0.06102687526849637,0.04217733970620181,2.387439297684271,0.22964230110669898
ackley,lookahead_budgeted_exploration,lookahead_budgeted_exploration,29,0.03739594598409276,0.009154828045550055,2.451557544915325,0.24280157238961844
ackley,lookahead_budgeted_exploration,lookahead_budgeted_exploration,30,0.03739594598409276,0.009154828045550055,2.515834629509442,0.2535513546982139
ackley,lookahead_budgeted_exploration,lookahead_budgeted_exploration,31,0.03739594598409276,0.009154828045550055,2.5423122034454635,0.24273794126290255
ackley,lookahead_budgeted_exploration,lookahead_budgeted_exploration,32,0.03739594598409276,0.009154828045550055,2.567765924254671,0.22575191123357818
ackley,lookahead_budgeted_exploration,lookahead_budgeted_exploration,33,0.03739594598409276,0.009154828045550055,2.621869419987721,0.21666390501909788
ackley,lookahead_budgeted_exploration,lookahead_budgeted_exploration,34,0.03739594598409276,0.009154828045550055,2.672120296976066,0.19779565563010906
ackley,lookahead_budgeted_exploration,lookahead_budgeted_exploration,35,0.03739594598409276,0.009154828045550055,2.7192535472980928,0.18087510154788733
ackley,lookahead_budgeted_exploration,lookahead_budgeted_exploration,36,0.03739594598409276,0.009154828045550055,2.7794149315502454,0.1785844628689901
ackley,lookahead_budgeted_exploration,lookahead_budgeted_exploration,37,0.03739594598409276,0.009154828045550055,2.81649856141037,0.171230468790945
ackley,lookahead_budgeted_exploration,lookahead_budgeted_exploration,38,0.03739594598409276,0.009154828045550055,2.8395000258213106,0.15309355681616246
ackley,lookahead_budgeted_exploration,lookahead_budgeted_exploration,39,0.03739594598409276,0.009154828045550055,2.863960247712805,0.15042374606569783
ackley,lookahead_budgeted_exploration,lookahead_budgeted_exploration,40,0.03739594598409276,0.009154828045550055,2.908727464368335,0.13143669891891602
ackley,lookahead_budgeted_exploration,lookahead_budgeted_exploration,41,0.03739594598409276,0.009154828045550055,2.9443013212556557,0.12469745656801769
ackley,lookahead_budgeted_exploration,lookahead_budgeted_exploration,42,0.03739594598409276,0.009154828045550055,2.959537376188727,0.12494212714033749
ackley,lookahead_budgeted_exploration,lookahead_budgeted_exploration,43,0.03739594598409276,0.009154828045550055,2.982512041498978,0.12737785320384065
ackley,lookahead_budgeted_exploration,lookahead_budgeted_exploration,44,0.03739594598409276,0.009154828045550055,2.9934795627526447,0.12395655854719265
ackley,lookahead_budgeted_exploration,lookahead_budgeted_exploration,45,0.03739594598409276,0.009154828045550055,3.014450767217729,0.12366912898681119
ackley,lookahead_budgeted_exploration,lookahead_budgeted_exploration,46,0.03739594598409276,0.009154828045550055,3.039431566342825,0.11861718659896348
ackley,lookahead_budgeted_exploration,lookahead_budgeted_exploration,47,0.03739594598409276,0.009154828045550055,3.062891704809853,0.12723851327915017
ackley,lookahead_budgeted_exploration,lookahead_budgeted_exploration,48,0.03739594598409276,0.009154828045550055,3.09260824502825,0.14106359347279626
ackley,lookahead_budgeted_exploration,lookahead_budgeted_exploration,49,0.03739594598409276,0.009154828045550055,3.106504695119509,0.13929733532209101
levy,pure_bo,pure_bo,0,0.12554891195873288,0.08970809382045095,0.6548079553730556,0.18154087633700713
levy,pure_bo,pure_bo,1,0.06809119008800968,0.038215225454405,1.0009870133324956,0.3538445714841687
levy,pure_bo,pure_bo,2,0.06426242224843919,0.04298374882815117,1.5253839492393808,0.35154854422372595
levy,pure_bo,pure_bo,3,0.056463476300245195,0.03432823460016206,2.455984554484395,0.3290948688766579
levy,pure_bo,pure_bo,4,0.026492018266371275,0.029399725763156054,3.432061644185857,0.564349254329027
levy,pure_bo,pure_bo,5,0.026492018266371275,0.029399725763156054,4.268671478979474,0.9990547012232358
levy,pure_bo,pure_bo,6,0.02553785611475902,0.030179821300384733,5.154605606990366,0.955865878389304
levy,pure_bo,pure_bo,7,0.02553785611475902,0.030179821300384733,5.603781642277301,0.5883865568376071
levy,pure_bo,pure_bo,8,0.0028861622407893926,0.003921233237265109,6.339572095065776,0.7877694531410707
levy,pure_bo,pure_bo,9,0.0028861622407893926,0.003921233237265109,7.27721456357997,0.8234091309399975
levy,pure_bo,pure_bo,10,0.0028861622407893926,0.003921233237265109,7.780407330296328,0.9826824323329828
levy,pure_bo,pure_bo,11,0.0028861622407893926,0.003921233237265109,8.489282066636369,1.1071942449852312
levy,pure_bo,pure_bo,12,7.614391987709471e-05,0.00010768376418243762,9.451055048753647,1.1091773973066383
levy,pure_bo,pure_bo,13,7.614391987709471e-05,0.00010768376418243762,9.824055099351385,0.939138463004857
levy,pure_bo,pure_bo,14,7.614391987709471e-05,0.00010768376418243762,10.791455300023685,0.9669508223898683
levy,pure_bo,pure_bo,15,7.614391987709471e-05,0.00010768376418243762,11.531914124958822,0.9926615298453063
levy,pure_bo,pure_bo,16,7.614391987709471e-05,0.00010768376418243762,12.130099045578637,0.86266831111696
levy,pure_bo,pure_bo,17,7.614391987709471e-05,0.00010768376418243762,12.847182761195294,0.7104353542869573
levy,pure_bo,pure_bo,18,7.614391987709471e-05,0.00010768376418243762,13.267673430640523,0.7413760858261735
levy,pure_bo,pure_bo,19,7.614391987709471e-05,0.00010768376418243762,13.76844717006707,0.8632916168425894
levy,pure_bo,pure_bo,20,7.614391987709471e-05,0.00010768376418243762,14.180411383265467,0.7997850201501407
levy,pure_bo,pure_bo,21,7.614391987709471e-05,0.00010768376418243762,14.833837875842192,0.7691215836742992
levy,pure_bo,pure_bo,22,7.614391987709471e-05,0.00010768376418243762,15.327208367517542,0.9099087403785745
levy,pure_bo,pure_bo,23,7.614391987709471e-05,0.00010768376418243762,15.994331256390387,0.7928148783106663
levy,pure_bo,pure_bo,24,7.614391987709471e-05,0.00010768376418243762,16.656104708820173,0.7304725138485618
levy,pure_bo,pure_bo,25,7.614391987709471e-05,0.00010768376418243762,17.23936195000446,0.7094040229705908
levy,pure_bo,pure_bo,26,7.614391987709471e-05,0.00010768376418243762,17.42387065008037,0.5428608439282357
levy,pure_bo,pure_bo,27,7.614391987709471e-05,0.00010768376418243762,17.42387065008037,0.5428608439282357
levy,pure_bo,pure_bo,28,7.614391987709471e-05,0.00010768376418243762,17.42387065008037,0.5428608439282357
levy,pure_bo,pure_bo,29,7.614391987709471e-05,0.00010768376418243762,17.42387065008037,0.5428608439282357
levy,pure_bo,pure_bo,30,7.614391987709471e-05,0.00010768376418243762,17.42387065008037,0.5428608439282357
levy,pure_bo,pure_bo,31,7.614391987709471e-05,0.00010768376418243762,17.42387065008037,0.5428608439282357
levy,pure_bo,pure_bo,32,7.614391987709471e-05,0.00010768376418243762,17.42387065008037,0.5428608439282357
levy,pure_bo,pure_bo,33,7.614391987709471e-05,0.00010768376418243762,17.42387065008037,0.5428608439282357
levy,pure_bo,pure_bo,34,7.614391987709471e-05,0.00010768376418243762,17.42387065008037,0.5428608439282357
levy,pure_bo,pure_bo,35,7.614391987709471e-05,0.00010768376418243762,17.42387065008037,0.5428608439282357
levy,pure_bo,pure_bo,36,7.614391987709471e-05,0.00010768376418243762,17.42387065008037,0.5428608439282357
levy,pure_bo,pure_bo,37,7.614391987709471e-05,0.00010768376418243762,17.42387065008037,0.5428608439282357
levy,pure_bo,pure_bo,38,7.614391987709471e-05,0.00010768376418243762,17.42387065008037,0.5428608439282357
levy,pure_bo,pure_bo,39,7.614391987709471e-05,0.00010768376418243762,17.42387065008037,0.5428608439282357
levy,pure_bo,pure_bo,40,7.614391987709471e-05,0.00010768376418243762,17.42387065008037,0.5428608439282357
levy,pure_bo,pure_bo,41,7.614391987709471e-05,0.00010768376418243762,17.42387065008037,0.5428608439282357
levy,pure_bo,pure_bo,42,7.614391987709471e-05,0.00010768376418243762,17.42387065008037,0.5428608439282357
levy,pure_bo,pure_bo,43,7.614391987709471e-05,0.00010768376418243762,17.42387065008037,0.5428608439282357
levy,pure_bo,pure_bo,44,7.614391987709471e-05,0.00010768376418243762,17.42387065008037,0.5428608439282357
levy,pure_bo,pure_bo,45,7.614391987709471e-05,0.00010768376418243762,17.42387065008037,0.5428608439282357
levy,pure_bo,pure_bo,46,7.614391987709471e-05,0.00010768376418243762,17.542709264321875,0.48057156246792465
levy,pure_bo,pure_bo,47,7.614391987709471e-05,0.00010768376418243762,17.698500311841244,0.48264621063322
levy,pure_bo,pure_bo,48,7.614391987709471e-05,0.00010768376418243762,17.915530776621196,0.6305223828404622
levy,pure_bo,pure_bo,49,7.614391987709471e-05,0.00010768376418243762,17.915530776621196,0.6305223828404622
levy,earlbo,earlbo,0,0.13655305711699214,0.04596253999207365,0.480421370829523,0.24694431592830932
levy,earlbo,earlbo,1,0.10790671242942522,0.045030995119668196,0.6180298622963857,0.2792840512957739
levy,earlbo,earlbo,2,0.0902479442124401,0.03933254797416582,0.6861994544272622,0.27563698852556984
levy,earlbo,earlbo,3,0.07830251686257772,0.03014201954433132,0.7492711202336961,0.281372909130739
levy,earlbo,earlbo,4,0.07055576208781165,0.03397186248935588,0.8089266088777246,0.28392361248162623
levy,earlbo,earlbo,5,0.0635341976576887,0.03469521341668399,0.8594863749707936,0.2719785571075008
levy,earlbo,earlbo,6,0.05859155215283946,0.038941896763050265,0.9446029341664772,0.308379085226388
levy,earlbo,earlbo,7,0.0424257335609095,0.03906828319647168,1.0759881648048908,0.31315397343086393
levy,earlbo,earlbo,8,0.03566437043930111,0.03927256493150355,1.1919137877429469,0.3188921529830019
levy,earlbo,earlbo,9,0.03288348438304266,0.040401706052933334,1.261316360178255,0.32525816520705064
levy,earlbo,earlbo,10,0.03262758851285626,0.04059507340465065,1.3425582131704559,0.3394952220224874
levy,earlbo,earlbo,11,0.03192240863935835,0.04087692588040153,1.4098629136240566,0.34787211188295986
levy,earlbo,earlbo,12,0.031919598067023276,0.040879120012148155,1.4919711452897324,0.38479416892758955
levy,earlbo,earlbo,13,0.018460268458733612,0.023752777580241937,1.645974354659837,0.47536801742995916
levy,earlbo,earlbo,14,0.017524060900240234,0.022544777680637767,1.7164705596669778,0.5107677264422861
levy,earlbo,earlbo,15,0.008800110604816848,0.010253217339419871,1.8105346170824965,0.5571647463418237
levy,earlbo,earlbo,16,0.007744048861607875,0.010915893650289062,1.9492059075004393,0.566872125325827
levy,earlbo,earlbo,17,0.003570178831337497,0.005013165672115588,2.0589929223642045,0.5591097829877056
levy,earlbo,earlbo,18,0.002394493307192206,0.003350509599002596,2.2760920313972672,0.45162857429279657
levy,earlbo,earlbo,19,0.00010335388947665762,0.00011161151981761946,2.476755059940956,0.34449377620289817
levy,earlbo,earlbo,20,0.00010335388947665762,0.00011161151981761946,2.516074232564766,0.36177316773025375
levy,earlbo,earlbo,21,1.7096025664051817e-05,2.064420250636907e-05,2.5941584834815505,0.3787903183698753
levy,earlbo,earlbo,22,1.7096025664051817e-05,2.064420250636907e-05,2.7316739392501863,0.3705139071550181
levy,earlbo,earlbo,23,1.7096025664051817e-05,2.064420250636907e-05,2.8026790826583223,0.38235469575023007
levy,earlbo,earlbo,24,1.7096025664051817e-05,2.064420250636907e-05,2.893575503863256,0.36172204968329147
levy,earlbo,earlbo,25,1.7096025664051817e-05,2.064420250636907e-05,2.939429056106747,0.35109901838574464
levy,earlbo,earlbo,26,1.7096025664051817e-05,2.064420250636907e-05,3.06385061985046,0.3954303885696912
levy,earlbo,earlbo,27,1.7096025664051817e-05,2.064420250636907e-05,3.220242481394994,0.444915264076039
levy,earlbo,earlbo,28,1.7096025664051817e-05,2.064420250636907e-05,3.303898729945677,0.43108170279372354
levy,earlbo,earlbo,29,1.7096025664051817e-05,2.064420250636907e-05,3.4264392264691366,0.44147767150404443
levy,earlbo,earlbo,30,1.7096025664051817e-05,2.064420250636907e-05,3.481956367664109,0.45750839551277417
levy,earlbo,earlbo,31,1.7096025664051817e-05,2.064420250636907e-05,3.5266106235387205,0.4595702662258405
levy,earlbo,earlbo,32,1.7096025664051817e-05,2.064420250636907e-05,3.6069347179875764,0.4983344055564166
levy,earlbo,earlbo,33,1.7096025664051817e-05,2.064420250636907e-05,3.7110159386371513,0.5122705024313626
levy,earlbo,earlbo,34,1.7096025664051817e-05,2.064420250636907e-05,3.806982704365699,0.5063511310981114
levy,earlbo,earlbo,35,1.7096025664051817e-05,2.064420250636907e-05,3.8748559876614803,0.49298295519021973
levy,earlbo,earlbo,36,1.7096025664051817e-05,2.064420250636907e-05,3.9320796368061584,0.4778031508712449
levy,earlbo,earlbo,37,1.7096025664051817e-05,2.064420250636907e-05,4.034288968949363,0.47072943000093254
levy,earlbo,earlbo,38,1.7096025664051817e-05,2.064420250636907e-05,4.1326354848158,0.4619915714748741
levy,earlbo,earlbo,39,1.7096025664051817e-05,2.064420250636907e-05,4.206604754763668,0.45654363136105924
levy,earlbo,earlbo,40,1.7096025664051817e-05,2.064420250636907e-05,4.27095479767758,0.48281793824567243
levy,earlbo,earlbo,41,1.7096025664051817e-05,2.064420250636907e-05,4.323227312850802,0.48512539036644753
levy,earlbo,earlbo,42,1.7096025664051817e-05,2.064420250636907e-05,4.369838259180339,0.4810804867444923
levy,earlbo,earlbo,43,1.7096025664051817e-05,2.064420250636907e-05,4.430355754980922,0.5029714744232082
levy,earlbo,earlbo,44,1.7096025664051817e-05,2.064420250636907e-05,4.527553961078763,0.5337830925489786
levy,earlbo,earlbo,45,1.7096025664051817e-05,2.064420250636907e-05,4.635635509092435,0.5706462092741849
levy,earlbo,earlbo,46,1.7096025664051817e-05,2.064420250636907e-05,4.684695962961415,0.5887073468467641
levy,earlbo,earlbo,47,1.7096025664051817e-05,2.064420250636907e-05,4.735885595123503,0.5628169966432647
levy,earlbo,earlbo,48,1.7096025664051817e-05,2.064420250636907e-05,4.8192666918560585,0.5487232696397837
levy,earlbo,earlbo,49,1.7096025664051817e-05,2.064420250636907e-05,4.9138906287874216,0.5171701707258316
levy,snake,snake,0,0.1489106753595767,0.025954815690872907,0.5003079116221337,0.05893433765787808
levy,snake,snake,1,0.14459765404765304,0.028191180421428732,0.8173937290240009,0.13387122170233642
levy,snake,snake,2,0.14459765404765304,0.028191180421428732,1.0698505525078117,0.28999009312863855
levy,snake,snake,3,0.13992817913959912,0.03159802314463212,1.167931364327632,0.2890253941498461
levy,snake,snake,4,0.06498483072039675,0.0401315004653784,1.3844799978806668,0.428382554553194
levy,snake,snake,5,0.06387249673602001,0.041110497230330806,1.5299149605440672,0.5369295708062396
levy,snake,snake,6,0.060128631387992744,0.04326225609639717,1.7226709696968525,0.6077377403721997
levy,snake,snake,7,0.05002549548059317,0.0398215652236326,1.8142174663513717,0.5690227131950656
levy,snake,snake,8,0.05002549548059317,0.0398215652236326,1.89009598282745,0.5740746180881938
levy,snake,snake,9,0.04708153938352911,0.03568260476294966,2.002938231938487,0.5445752667911494
levy,snake,snake,10,0.04708153938352911,0.03568260476294966,2.0590274595418347,0.5447871065200336
levy,snake,snake,11,0.04708153938352911,0.03568260476294966,2.173314057989372,0.48602517975441806
levy,snake,snake,12,0.04708153938352911,0.03568260476294966,2.271714110358275,0.45052788461479365
levy,snake,snake,13,0.04708153938352911,0.03568260476294966,2.3498819130459374,0.4381138567213427
levy,snake,snake,14,0.04708153938352911,0.03568260476294966,2.4209940557994623,0.4193369645539394
levy,snake,snake,15,0.04708153938352911,0.03568260476294966,2.464227099018486,0.42134945500579535
levy,snake,snake,16,0.04708153938352911,0.03568260476294966,2.5051929612433494,0.41525300777393953
levy,snake,snake,17,0.04708153938352911,0.03568260476294966,2.5640564183840064,0.39586016446495464
levy,snake,snake,18,0.04708153938352911,0.03568260476294966,2.681892710079427,0.3862131314952375
levy,snake,snake,19,0.04708153938352911,0.03568260476294966,2.8137576172589807,0.3875865681315855
levy,snake,snake,20,0.04701492281044354,0.0357388031915599,2.946227884358167,0.3607886847943934
levy,snake,snake,21,0.04701492281044354,0.0357388031915599,3.1511153416491475,0.4058986552584171
levy,snake,snake,22,0.04701492281044354,0.0357388031915599,3.207770573557424,0.3889020076620213
levy,snake,snake,23,0.04701492281044354,0.0357388031915599,3.31511286357172,0.3854982765468748
levy,snake,snake,24,0.04701492281044354,0.0357388031915599,3.4329793461115243,0.42920010504986095
levy,snake,snake,25,0.04701492281044354,0.0357388031915599,3.4846868692347797,0.4237541874978659
levy,snake,snake,26,0.04701492281044354,0.0357388031915599,3.540296860264492,0.42712390204739775
levy,snake,snake,27,0.04634148298883813,0.03631576526453847,3.588042389121602,0.4346282985589452
levy,snake,snake,28,0.04634148298883813,0.03631576526453847,3.6265006499726566,0.4381888296347933
levy,snake,snake,29,0.04634148298883813,0.03631576526453847,3.7034971892085657,0.4781428607412109
levy,snake,snake,30,0.04634148298883813,0.03631576526453847,3.8161701176376983,0.49176062946493543
levy,snake,snake,31,0.04634148298883813,0.03631576526453847,3.954923975290535,0.4492326291103905
levy,snake,snake,32,0.04634148298883813,0.03631576526453847,4.016878958005133,0.4357755719237224
levy,snake,snake,33,0.04634148298883813,0.03631576526453847,4.069271808774494,0.42755759594148823
levy,snake,snake,34,0.04634148298883813,0.03631576526453847,4.129013075942248,0.45573513400148397
levy,snake,snake,35,0.04634148298883813,0.03631576526453847,4.190236643818047,0.462811376038975
levy,snake,snake,36,0.04591593305983277,0.036688420292730915,4.2512994405596105,0.48511456135908076
levy,snake,snake,37,0.04591593305983277,0.036688420292730915,4.349484815671516,0.467688226725359
levy,snake,snake,38,0.04591593305983277,0.036688420292730915,4.461722427309249,0.4436654414160488
levy,snake,snake,39,0.04591593305983277,0.036688420292730915,4.540943819955359,0.42781821983855156
levy,snake,snake,40,0.04591593305983277,0.036688420292730915,4.609721634114162,0.41859093118926416
levy,snake,snake,41,0.04591593305983277,0.036688420292730915,4.721864138258682,0.43303277990202216
levy,snake,snake,42,0.04591593305983277,0.036688420292730915,4.870605356308752,0.4768280949521671
levy,snake,snake,43,0.04591593305983277,0.036688420292730915,5.059396437023317,0.5446781397430275
levy,snake,snake,44,0.04558636820658988,0.036860817710407896,5.138103847597012,0.5719462947572904
levy,snake,snake,45,0.04558636820658988,0.036860817710407896,5.1896008171211685,0.5631261091836348
levy,snake,snake,46,0.04558636820658988,0.036860817710407896,5.248969561409766,0.5475033250898735
levy,snake,snake,47,0.04558636820658988,0.036860817710407896,5.304273054151037,0.5422630342643123
levy,snake,snake,48,0.04558636820658988,0.036860817710407896,5.370160921803752,0.48400749313450264
levy,snake,snake,49,0.04558636820658988,0.036860817710407896,5.446084250931746,0.46621323176683893
levy,log_improvement_movement_cost3,log_improvement_movement_cost3,0,0.18797977715375883,0.041367601335033456,0.4018363998658214,0.17133935616761958
levy,log_improvement_movement_cost3,log_improvement_movement_cost3,1,0.18051405746508284,0.05051053795415905,0.5776980788269565,0.14971411897412024
levy,log_improvement_movement_cost3,log_improvement_movement_cost3,2,0.1694708885201779,0.05204648168080619,0.7707284505939901,0.0841734464591817
levy,log_improvement_movement_cost3,log_improvement_movement_cost3,3,0.1545411725519926,0.03802974550167902,0.8773079153381431,0.04819092679239285
levy,log_improvement_movement_cost3,log_improvement_movement_cost3,4,0.1545411725519926,0.03802974550167902,0.9815552246171362,0.06418307732778772
levy,log_improvement_movement_cost3,log_improvement_movement_cost3,5,0.1545411725519926,0.03802974550167902,1.0462591047040835,0.10498694070337236
levy,log_improvement_movement_cost3,log_improvement_movement_cost3,6,0.14295904768519554,0.024495175647734076,1.167975331086735,0.053105452017120254
levy,log_improvement_movement_cost3,log_improvement_movement_cost3,7,0.14295904768519554,0.024495175647734076,1.274420180341845,0.07006773595780671
levy,log_improvement_movement_cost3,log_improvement_movement_cost3,8,0.14295904768519554,0.024495175647734076,1.3336831458697243,0.10482203151293244
levy,log_improvement_movement_cost3,log_improvement_movement_cost3,9,0.14295904768519554,0.024495175647734076,1.4065339692159118,0.10791333642064586
levy,log_improvement_movement_cost3,log_improvement_movement_cost3,10,0.14295904768519554,0.024495175647734076,1.4767933272308607,0.15186062338568906
levy,log_improvement_movement_cost3,log_improvement_movement_cost3,11,0.14295904768519554,0.024495175647734076,1.5274599872093508,0.16486635212609946
levy,log_improvement_movement_cost3,log_improvement_movement_cost3,12,0.13638746525698572,0.024016993725520738,1.6566648146487406,0.1520583294712501
levy,log_improvement_movement_cost3,log_improvement_movement_cost3,13,0.12026845905965249,0.008958543797033598,1.8523124644842703,0.1260276612236079
levy,log_improvement_movement_cost3,log_improvement_movement_cost3,14,0.12026845905965249,0.008958543797033598,1.952702465171182,0.14768509624114354
levy,log_improvement_movement_cost3,log_improvement_movement_cost3,15,0.12026845905965249,0.008958543797033598,2.003321715943278,0.16647902579370133
levy,log_improvement_movement_cost3,log_improvement_movement_cost3,16,0.12026845905965249,0.008958543797033598,2.11818694254605,0.18284321212120103
levy,log_improvement_movement_cost3,log_improvement_movement_cost3,17,0.12026845905965249,0.008958543797033598,2.190053174807706,0.17519862945060022
levy,log_improvement_movement_cost3,log_improvement_movement_cost3,18,0.12026845905965249,0.008958543797033598,2.2716907660724854,0.1657591820254108
levy,log_improvement_movement_cost3,log_improvement_movement_cost3,19,0.12026845905965249,0.008958543797033598,2.3866662657825475,0.09603856772020662
levy,log_improvement_movement_cost3,log_improvement_movement_cost3,20,0.12026845905965249,0.008958543797033598,2.4884860220950746,0.107005907912726
levy,log_improvement_movement_cost3,log_improvement_movement_cost3,21,0.12026845905965249,0.008958543797033598,2.574925686091941,0.09581226918163771
levy,log_improvement_movement_cost3,log_improvement_movement_cost3,22,0.12026845905965249,0.008958543797033598,2.6721674363192727,0.06545598167089034
levy,log_improvement_movement_cost3,log_improvement_movement_cost3,23,0.12026845905965249,0.008958543797033598,2.761273128219393,0.052203284308668156
levy,log_improvement_movement_cost3,log_improvement_movement_cost3,24,0.12026845905965249,0.008958543797033598,2.8103170403027122,0.04930890672250788
levy,log_improvement_movement_cost3,log_improvement_movement_cost3,25,0.11683040340088251,0.01043166550216391,2.919695511143294,0.08701031730531407
levy,log_improvement_movement_cost3,log_improvement_movement_cost3,26,0.10556523444850656,0.022889010705950653,3.1165036703496463,0.14442977431239556
levy,log_improvement_movement_cost3,log_improvement_movement_cost3,27,0.10556523444850656,0.022889010705950653,3.266419919681242,0.2092099471859736
levy,log_improvement_movement_cost3,log_improvement_movement_cost3,28,0.10556523444850656,0.022889010705950653,3.395465513853955,0.27773363334781204
levy,log_improvement_movement_cost3,log_improvement_movement_cost3,29,0.10556523444850656,0.022889010705950653,3.571111423339584,0.3219376176176378
levy,log_improvement_movement_cost3,log_improvement_movement_cost3,30,0.10556523444850656,0.022889010705950653,3.725399863301375,0.3706946488216594
levy,log_improvement_movement_cost3,log_improvement_movement_cost3,31,0.10556523444850656,0.022889010705950653,3.797382637321656,0.3947204284669768
levy,log_improvement_movement_cost3,log_improvement_movement_cost3,32,0.10556523444850656,0.022889010705950653,3.8701441302684483,0.42145577245855803
levy,log_improvement_movement_cost3,log_improvement_movement_cost3,33,0.10556523444850656,0.022889010705950653,4.022179909602757,0.4878571617945868
levy,log_improvement_movement_cost3,log_improvement_movement_cost3,34,0.10556523444850656,0.022889010705950653,4.184691151448187,0.556884545337257
levy,log_improvement_movement_cost3,log_improvement_movement_cost3,35,0.10556523444850656,0.022889010705950653,4.23726147062839,0.565378387246122
levy,log_improvement_movement_cost3,log_improvement_movement_cost3,36,0.09900209662714471,0.016388039512762406,4.40999877189789,0.5770993982149243
levy,log_improvement_movement_cost3,log_improvement_movement_cost3,37,0.09900209662714471,0.016388039512762406,4.522899997744227,0.5796499072401018
levy,log_improvement_movement_cost3,log_improvement_movement_cost3,38,0.09900209662714471,0.016388039512762406,4.570270188593089,0.5654365682741089
levy,log_improvement_movement_cost3,log_improvement_movement_cost3,39,0.09900209662714471,0.016388039512762406,4.627595583909206,0.5400992392191742
levy,log_improvement_movement_cost3,log_improvement_movement_cost3,40,0.09900209662714471,0.016388039512762406,4.724782465459286,0.5696881281462793
levy,log_improvement_movement_cost3,log_improvement_movement_cost3,41,0.09900209662714471,0.016388039512762406,4.790301539077077,0.5881659516742787
levy,log_improvement_movement_cost3,log_improvement_movement_cost3,42,0.09900209662714471,0.016388039512762406,4.828745828893328,0.5928876646067291
levy,log_improvement_movement_cost3,log_improvement_movement_cost3,43,0.09900209662714471,0.016388039512762406,4.907679615896418,0.64042468024292
levy,log_improvement_movement_cost3,log_improvement_movement_cost3,44,0.09900209662714471,0.016388039512762406,4.958135461570019,0.6653779624791387
levy,log_improvement_movement_cost3,log_improvement_movement_cost3,45,0.09900209662714471,0.016388039512762406,5.021787822673294,0.6256939248267649
levy,log_improvement_movement_cost3,log_improvement_movement_cost3,46,0.09900209662714471,0.016388039512762406,5.089654374901425,0.596145959856029
levy,log_improvement_movement_cost3,log_improvement_movement_cost3,47,0.09900209662714471,0.016388039512762406,5.173029513887701,0.5622529854906446
levy,log_improvement_movement_cost3,log_improvement_movement_cost3,48,0.09900209662714471,0.016388039512762406,5.286243047783045,0.5874766260961309
levy,log_improvement_movement_cost3,log_improvement_movement_cost3,49,0.09900209662714471,0.016388039512762406,5.3894207454940615,0.6169210803722857
levy,optimistic_selected,optimistic_improvement_movement_cost2,0,0.1858387439545505,0.043924763991349536,0.4127104847232625,0.1858133950291973
levy,optimistic_selected,optimistic_improvement_movement_cost2,1,0.17534323201846327,0.032951676095954126,0.5900442230618695,0.18854524631601502
levy,optimistic_selected,optimistic_improvement_movement_cost2,2,0.1583943616658447,0.040331221792711106,0.7630741501939243,0.16661572189386228
levy,optimistic_selected,optimistic_improvement_movement_cost2,3,0.13538518589661033,0.027044098527489232,0.8677157707797597,0.06721096112660849
levy,optimistic_selected,optimistic_improvement_movement_cost2,4,0.13538518589661033,0.027044098527489232,0.988461000003014,0.0596772822491802
levy,optimistic_selected,optimistic_improvement_movement_cost2,5,0.13538518589661033,0.027044098527489232,1.060770085704511,0.08367781113550395
levy,optimistic_selected,optimistic_improvement_movement_cost2,6,0.13538518589661033,0.027044098527489232,1.1511248836790586,0.11914475955110457
levy,optimistic_selected,optimistic_improvement_movement_cost2,7,0.13538518589661033,0.027044098527489232,1.2426612880302979,0.13800486661454756
levy,optimistic_selected,optimistic_improvement_movement_cost2,8,0.13538518589661033,0.027044098527489232,1.2959891706205233,0.16160633513274486
levy,optimistic_selected,optimistic_improvement_movement_cost2,9,0.13538518589661033,0.027044098527489232,1.358103856095805,0.17137866484758488
levy,optimistic_selected,optimistic_improvement_movement_cost2,10,0.13538518589661033,0.027044098527489232,1.4269468706618298,0.1967950257886906
levy,optimistic_selected,optimistic_improvement_movement_cost2,11,0.13538518589661033,0.027044098527489232,1.4830919603282469,0.20658514030178315
levy,optimistic_selected,optimistic_improvement_movement_cost2,12,0.12918098660240238,0.02649195790817393,1.62856719882348,0.22617104440070643
levy,optimistic_selected,optimistic_improvement_movement_cost2,13,0.12433559017358808,0.020432192833674655,1.8274894128718937,0.22695522721077896
levy,optimistic_selected,optimistic_improvement_movement_cost2,14,0.12433559017358808,0.020432192833674655,1.9248147517659213,0.24785491113736766
levy,optimistic_selected,optimistic_improvement_movement_cost2,15,0.12433559017358808,0.020432192833674655,1.9770085728153177,0.2744006179719557
levy,optimistic_selected,optimistic_improvement_movement_cost2,16,0.12433559017358808,0.020432192833674655,2.069717188989251,0.2916147163759021
levy,optimistic_selected,optimistic_improvement_movement_cost2,17,0.12433559017358808,0.020432192833674655,2.163741495363094,0.2775376939702055
levy,optimistic_selected,optimistic_improvement_movement_cost2,18,0.12433559017358808,0.020432192833674655,2.2380046178729374,0.26911089721341597
levy,optimistic_selected,optimistic_improvement_movement_cost2,19,0.12433559017358808,0.020432192833674655,2.3210920210627766,0.21638381854337016
levy,optimistic_selected,optimistic_improvement_movement_cost2,20,0.12433559017358808,0.020432192833674655,2.3937118868200593,0.19044090402251815
levy,optimistic_selected,optimistic_improvement_movement_cost2,21,0.12433559017358808,0.020432192833674655,2.4537285385151453,0.2187042126979895
levy,optimistic_selected,optimistic_improvement_movement_cost2,22,0.12433559017358808,0.020432192833674655,2.53941951283664,0.21889229223358805
levy,optimistic_selected,optimistic_improvement_movement_cost2,23,0.12433559017358808,0.020432192833674655,2.6483681482063703,0.21744035914570348
levy,optimistic_selected,optimistic_improvement_movement_cost2,24,0.12433559017358808,0.020432192833674655,2.73105495844534,0.22172093284912942
levy,optimistic_selected,optimistic_improvement_movement_cost2,25,0.12433559017358808,0.020432192833674655,2.8175060504578577,0.2435792825758972
levy,optimistic_selected,optimistic_improvement_movement_cost2,26,0.11300154259477047,0.03539619640435593,2.98804031269159,0.2872327602883239
levy,optimistic_selected,optimistic_improvement_movement_cost2,27,0.11300154259477047,0.03539619640435593,3.1174477740632263,0.37749626242018647
levy,optimistic_selected,optimistic_improvement_movement_cost2,28,0.11300154259477047,0.03539619640435593,3.2516480182162084,0.42310292768665747
levy,optimistic_selected,optimistic_improvement_movement_cost2,29,0.11300154259477047,0.03539619640435593,3.4162156912669985,0.4753536037094128
levy,optimistic_selected,optimistic_improvement_movement_cost2,30,0.11300154259477047,0.03539619640435593,3.5777610193539147,0.47312784751496145
levy,optimistic_selected,optimistic_improvement_movement_cost2,31,0.11300154259477047,0.03539619640435593,3.6719987632345785,0.4892652477086759
levy,optimistic_selected,optimistic_improvement_movement_cost2,32,0.11300154259477047,0.03539619640435593,3.744387721571696,0.5044293391626966
levy,optimistic_selected,optimistic_improvement_movement_cost2,33,0.11300154259477047,0.03539619640435593,3.884997061539112,0.5501387163396446
levy,optimistic_selected,optimistic_improvement_movement_cost2,34,0.11300154259477047,0.03539619640435593,4.024769397979504,0.6128099276365384
levy,optimistic_selected,optimistic_improvement_movement_cost2,35,0.11300154259477047,0.03539619640435593,4.09408319405862,0.6114286294894449
levy,optimistic_selected,optimistic_improvement_movement_cost2,36,0.09770324723457513,0.03664519569931797,4.282619752549929,0.6221984617340058
levy,optimistic_selected,optimistic_improvement_movement_cost2,37,0.09770324723457513,0.03664519569931797,4.403190469127169,0.643835659589624
levy,optimistic_selected,optimistic_improvement_movement_cost2,38,0.09770324723457513,0.03664519569931797,4.493578174442311,0.6284325675248518
levy,optimistic_selected,optimistic_improvement_movement_cost2,39,0.09770324723457513,0.03664519569931797,4.5447469677621015,0.6153380129000388
levy,optimistic_selected,optimistic_improvement_movement_cost2,40,0.09770324723457513,0.03664519569931797,4.624470650962135,0.6458868866564527
levy,optimistic_selected,optimistic_improvement_movement_cost2,41,0.09770324723457513,0.03664519569931797,4.712108788263602,0.6512960999868558
levy,optimistic_selected,optimistic_improvement_movement_cost2,42,0.09770324723457513,0.03664519569931797,4.766766540601822,0.6342365863910961
levy,optimistic_selected,optimistic_improvement_movement_cost2,43,0.09770324723457513,0.03664519569931797,4.841246579942802,0.6645602496007744
levy,optimistic_selected,optimistic_improvement_movement_cost2,44,0.09770324723457513,0.03664519569931797,4.891486696708025,0.6847346378582699
levy,optimistic_selected,optimistic_improvement_movement_cost2,45,0.09770324723457513,0.03664519569931797,4.951667448067147,0.6738514659146265
levy,optimistic_selected,optimistic_improvement_movement_cost2,46,0.09770324723457513,0.03664519569931797,5.022068450982328,0.6718990780349428
levy,optimistic_selected,optimistic_improvement_movement_cost2,47,0.09770324723457513,0.03664519569931797,5.096853704285352,0.6387664709635056
levy,optimistic_selected,optimistic_improvement_movement_cost2,48,0.09770324723457513,0.03664519569931797,5.222888289995903,0.6569077725207672
levy,optimistic_selected,optimistic_improvement_movement_cost2,49,0.09770324723457513,0.03664519569931797,5.353982763487657,0.7156630141405519
levy,budgeted_exploration,budgeted_exploration,0,0.18797977715375883,0.041367601335033456,0.4000029883046777,0.1672364093333256
levy,budgeted_exploration,budgeted_exploration,1,0.184614358110986,0.045413146521997474,0.6122807781511922,0.13552013775486224
levy,budgeted_exploration,budgeted_exploration,2,0.17579716024008749,0.04712936126179467,0.8447171429923257,0.10109500716816963
levy,budgeted_exploration,budgeted_exploration,3,0.16494502618760068,0.03249791234384273,0.9497706265608313,0.03438557654171056
levy,budgeted_exploration,budgeted_exploration,4,0.16494502618760068,0.03249791234384273,1.0572598686547565,0.014951389802420842
levy,budgeted_exploration,budgeted_exploration,5,0.16494502618760068,0.03249791234384273,1.1405765754926378,0.004401413831215221
levy,budgeted_exploration,budgeted_exploration,6,0.16120156020623247,0.027631501997048565,1.295233840475946,0.050781147232408966
levy,budgeted_exploration,budgeted_exploration,7,0.16120156020623247,0.027631501997048565,1.4065951898328628,0.04512704282464314
levy,budgeted_exploration,budgeted_exploration,8,0.16120156020623247,0.027631501997048565,1.475522055899203,0.04082120920498443
levy,budgeted_exploration,budgeted_exploration,9,0.14898257084919256,0.014088005535396558,1.554077114333498,0.0440234925083512
levy,budgeted_exploration,budgeted_exploration,10,0.14811119492371974,0.015318578290850562,1.6648684994596865,0.06437918161438261
levy,budgeted_exploration,budgeted_exploration,11,0.14811119492371974,0.015318578290850562,1.7298927594336828,0.09953182339960126
levy,budgeted_exploration,budgeted_exploration,12,0.13629235821496144,0.016760243155257967,1.865924073854525,0.11472759334801882
levy,budgeted_exploration,budgeted_exploration,13,0.11933421944486604,0.007477016338465273,2.0697690317559947,0.11452893202836636
levy,budgeted_exploration,budgeted_exploration,14,0.11933421944486604,0.007477016338465273,2.173743110528672,0.1346998857089702
levy,budgeted_exploration,budgeted_exploration,15,0.11933421944486604,0.007477016338465273,2.2251314307167855,0.15812703538717882
levy,budgeted_exploration,budgeted_exploration,16,0.11933421944486604,0.007477016338465273,2.342558186958055,0.1402751605464695
levy,budgeted_exploration,budgeted_exploration,17,0.11933421944486604,0.007477016338465273,2.4199799577688585,0.13125491229627312
levy,budgeted_exploration,budgeted_exploration,18,0.11933421944486604,0.007477016338465273,2.4962987197327924,0.11706004602766519
levy,budgeted_exploration,budgeted_exploration,19,0.11933421944486604,0.007477016338465273,2.6006165846794382,0.03860518116645616
levy,budgeted_exploration,budgeted_exploration,20,0.11933421944486604,0.007477016338465273,2.6995276913242066,0.04699011919309393
levy,budgeted_exploration,budgeted_exploration,21,0.11933421944486604,0.007477016338465273,2.774047033275869,0.0458448789632005
levy,budgeted_exploration,budgeted_exploration,22,0.11933421944486604,0.007477016338465273,2.8625675039087866,0.07737743525574553
levy,budgeted_exploration,budgeted_exploration,23,0.11933421944486604,0.007477016338465273,2.962692564190089,0.08785080765119119
levy,budgeted_exploration,budgeted_exploration,24,0.11933421944486604,0.007477016338465273,3.015826531295366,0.061013958612576656
levy,budgeted_exploration,budgeted_exploration,25,0.11933421944486604,0.007477016338465273,3.1084773604414706,0.03879349742068919
levy,budgeted_exploration,budgeted_exploration,26,0.1046381710970765,0.01667196173375595,3.2798449313919256,0.014340532872952077
levy,budgeted_exploration,budgeted_exploration,27,0.1046381710970765,0.01667196173375595,3.430316325382621,0.09550142467003345
levy,budgeted_exploration,budgeted_exploration,28,0.1046381710970765,0.01667196173375595,3.569096073886842,0.15604997529308204
levy,budgeted_exploration,budgeted_exploration,29,0.1046381710970765,0.01667196173375595,3.7511597245009654,0.19357698822650402
levy,budgeted_exploration,budgeted_exploration,30,0.1046381710970765,0.01667196173375595,3.9138595992931755,0.22299940896954684
levy,budgeted_exploration,budgeted_exploration,31,0.1046381710970765,0.01667196173375595,3.9819624947827705,0.262314964488283
levy,budgeted_exploration,budgeted_exploration,32,0.1046381710970765,0.01667196173375595,4.0541741016508865,0.28240794160424265
levy,budgeted_exploration,budgeted_exploration,33,0.1046381710970765,0.01667196173375595,4.19217988491375,0.33269813511079943
levy,budgeted_exploration,budgeted_exploration,34,0.1046381710970765,0.01667196173375595,4.344930638226761,0.37629011271214985
levy,budgeted_exploration,budgeted_exploration,35,0.1046381710970765,0.01667196173375595,4.397301680785823,0.3891996852762326
levy,budgeted_exploration,budgeted_exploration,36,0.1046381710970765,0.01667196173375595,4.485199799301001,0.34566366221878886
levy,budgeted_exploration,budgeted_exploration,37,0.1046381710970765,0.01667196173375595,4.526302690157936,0.3175261422759351
levy,budgeted_exploration,budgeted_exploration,38,0.1046381710970765,0.01667196173375595,4.576743747507373,0.27388538941898005
levy,budgeted_exploration,budgeted_exploration,39,0.1046381710970765,0.01667196173375595,4.622188528225702,0.2500714193108141
levy,budgeted_exploration,budgeted_exploration,40,0.1046381710970765,0.01667196173375595,4.66192106721185,0.2325202637852521
levy,budgeted_exploration,budgeted_exploration,41,0.1046381710970765,0.01667196173375595,4.695222368758384,0.2124507526182044
levy,budgeted_exploration,budgeted_exploration,42,0.1046381710970765,0.01667196173375595,4.718760606675656,0.19669255048704762
levy,budgeted_exploration,budgeted_exploration,43,0.1046381710970765,0.01667196173375595,4.751876996825095,0.21289209044044277
levy,budgeted_exploration,budgeted_exploration,44,0.1046381710970765,0.01667196173375595,4.764160587432426,0.211750255178918
levy,budgeted_exploration,budgeted_exploration,45,0.1046381710970765,0.01667196173375595,4.8073254422231635,0.150705932115991
levy,budgeted_exploration,budgeted_exploration,46,0.1046381710970765,0.01667196173375595,4.853620571860639,0.08523473191085151
levy,budgeted_exploration,budgeted_exploration,47,0.1046381710970765,0.01667196173375595,4.882566121676189,0.04429954279135626
levy,budgeted_exploration,budgeted_exploration,48,0.1046381710970765,0.01667196173375595,4.913890628787421,7.251946429389431e-16
levy,budgeted_exploration,budgeted_exploration,49,0.1046381710970765,0.01667196173375595,4.913890628787421,7.251946429389431e-16
levy,lookahead_budgeted_exploration,lookahead_budgeted_exploration,0,0.18797977715375883,0.041367601335033456,0.43262969379191635,0.14082467765751092
levy,lookahead_budgeted_exploration,lookahead_budgeted_exploration,1,0.18438941204939394,0.045688457927095555,0.6159367937490506,0.07279448453435566
levy,lookahead_budgeted_exploration,lookahead_budgeted_exploration,2,0.1815272735562906,0.04586517612550838,0.7739242868010591,0.04246305635591224
levy,lookahead_budgeted_exploration,lookahead_budgeted_exploration,3,0.17170226756427878,0.037114248897809066,0.9147085653644353,0.06596068584808734
levy,lookahead_budgeted_exploration,lookahead_budgeted_exploration,4,0.17170226756427878,0.037114248897809066,1.041182485161066,0.07223391346685193
levy,lookahead_budgeted_exploration,lookahead_budgeted_exploration,5,0.17170226756427878,0.037114248897809066,1.1338638545898354,0.0843728483733981
levy,lookahead_budgeted_exploration,lookahead_budgeted_exploration,6,0.17170226756427878,0.037114248897809066,1.2666782109832566,0.047154941833506346
levy,lookahead_budgeted_exploration,lookahead_budgeted_exploration,7,0.17170226756427878,0.037114248897809066,1.3852345085677091,0.09797726721300926
levy,lookahead_budgeted_exploration,lookahead_budgeted_exploration,8,0.17170226756427878,0.037114248897809066,1.4520936139191039,0.12694940577280672
levy,lookahead_budgeted_exploration,lookahead_budgeted_exploration,9,0.17170226756427878,0.037114248897809066,1.5793114959296641,0.12788201405633082
levy,lookahead_budgeted_exploration,lookahead_budgeted_exploration,10,0.17170226756427878,0.037114248897809066,1.6857586438826946,0.15409452427381662
levy,lookahead_budgeted_exploration,lookahead_budgeted_exploration,11,0.17170226756427878,0.037114248897809066,1.7643776026450233,0.1613296808149326
levy,lookahead_budgeted_exploration,lookahead_budgeted_exploration,12,0.1555339461702486,0.045074281041272014,1.9116395102726387,0.16312990801733002
levy,lookahead_budgeted_exploration,lookahead_budgeted_exploration,13,0.1347538578885422,0.01598286238228398,2.1124794938684204,0.16872126946930877
levy,lookahead_budgeted_exploration,lookahead_budgeted_exploration,14,0.1347538578885422,0.01598286238228398,2.2083093985966378,0.19472424524252166
levy,lookahead_budgeted_exploration,lookahead_budgeted_exploration,15,0.1347538578885422,0.01598286238228398,2.2721514638462708,0.2095811772355601
levy,lookahead_budgeted_exploration,lookahead_budgeted_exploration,16,0.1347538578885422,0.01598286238228398,2.3699671772622923,0.21672468667506306
levy,lookahead_budgeted_exploration,lookahead_budgeted_exploration,17,0.1347538578885422,0.01598286238228398,2.445199958628017,0.1947876371574137
levy,lookahead_budgeted_exploration,lookahead_budgeted_exploration,18,0.1347538578885422,0.01598286238228398,2.5271182839214803,0.16367851482816
levy,lookahead_budgeted_exploration,lookahead_budgeted_exploration,19,0.1347538578885422,0.01598286238228398,2.6284827558541646,0.09230774334873203
levy,lookahead_budgeted_exploration,lookahead_budgeted_exploration,20,0.1347538578885422,0.01598286238228398,2.720481152921762,0.030005301563111923
levy,lookahead_budgeted_exploration,lookahead_budgeted_exploration,21,0.1347538578885422,0.01598286238228398,2.798342391700198,0.034635846591094775
levy,lookahead_budgeted_exploration,lookahead_budgeted_exploration,22,0.1347538578885422,0.01598286238228398,2.8839125734256945,0.01775270516220983
levy,lookahead_budgeted_exploration,lookahead_budgeted_exploration,23,0.1347538578885422,0.01598286238228398,2.9818767344264323,0.030154486048199387
levy,lookahead_budgeted_exploration,lookahead_budgeted_exploration,24,0.1347538578885422,0.01598286238228398,3.0401094807215685,0.04800673304603772
levy,lookahead_budgeted_exploration,lookahead_budgeted_exploration,25,0.1347538578885422,0.01598286238228398,3.13283359048175,0.063954809457117
levy,lookahead_budgeted_exploration,lookahead_budgeted_exploration,26,0.12826024840294548,0.02054536038031179,3.2893436746175126,0.09610423114814261
levy,lookahead_budgeted_exploration,lookahead_budgeted_exploration,27,0.12826024840294548,0.02054536038031179,3.416469034161756,0.16046237261089594
levy,lookahead_budgeted_exploration,lookahead_budgeted_exploration,28,0.12826024840294548,0.02054536038031179,3.550589035675466,0.22321364938650323
levy,lookahead_budgeted_exploration,lookahead_budgeted_exploration,29,0.12826024840294548,0.02054536038031179,3.7189935898168844,0.2843703279249241
levy,lookahead_budgeted_exploration,lookahead_budgeted_exploration,30,0.12826024840294548,0.02054536038031179,3.875277260789152,0.30486616516724235
levy,lookahead_budgeted_exploration,lookahead_budgeted_exploration,31,0.12826024840294548,0.02054536038031179,3.9588291714777397,0.3492320296465057
levy,lookahead_budgeted_exploration,lookahead_budgeted_exploration,32,0.12826024840294548,0.02054536038031179,4.033481824160273,0.36746509237175623
levy,lookahead_budgeted_exploration,lookahead_budgeted_exploration,33,0.12826024840294548,0.02054536038031179,4.184616311869866,0.41838780806987086
levy,lookahead_budgeted_exploration,lookahead_budgeted_exploration,34,0.12826024840294548,0.02054536038031179,4.313366915123736,0.43108241069933884
levy,lookahead_budgeted_exploration,lookahead_budgeted_exploration,35,0.12826024840294548,0.02054536038031179,4.352154665328627,0.40211879173048004
levy,lookahead_budgeted_exploration,lookahead_budgeted_exploration,36,0.12492816534789349,0.01595948919723718,4.448830182811591,0.33816300021654255
levy,lookahead_budgeted_exploration,lookahead_budgeted_exploration,37,0.12492816534789349,0.01595948919723718,4.495840023488281,0.3058967925193902
levy,lookahead_budgeted_exploration,lookahead_budgeted_exploration,38,0.12492816534789349,0.01595948919723718,4.551766189530471,0.2617784604474826
levy,lookahead_budgeted_exploration,lookahead_budgeted_exploration,39,0.12492816534789349,0.01595948919723718,4.599556041296133,0.22915803335192134
levy,lookahead_budgeted_exploration,lookahead_budgeted_exploration,40,0.12492816534789349,0.01595948919723718,4.638875452345872,0.20364082465597827
levy,lookahead_budgeted_exploration,lookahead_budgeted_exploration,41,0.12492816534789349,0.01595948919723718,4.675772425101702,0.17515969279996635
levy,lookahead_budgeted_exploration,lookahead_budgeted_exploration,42,0.12492816534789349,0.01595948919723718,4.697543368775517,0.15933774866078915
levy,lookahead_budgeted_exploration,lookahead_budgeted_exploration,43,0.12492816534789349,0.01595948919723718,4.7340542290576275,0.14985386210451357
levy,lookahead_budgeted_exploration,lookahead_budgeted_exploration,44,0.12492816534789349,0.01595948919723718,4.752849052563381,0.1419092411956547
levy,lookahead_budgeted_exploration,lookahead_budgeted_exploration,45,0.12492816534789349,0.01595948919723718,4.803511130188564,0.09091860115748435
levy,lookahead_budgeted_exploration,lookahead_budgeted_exploration,46,0.12492816534789349,0.01595948919723718,4.862692151094781,0.03620885515653602
levy,lookahead_budgeted_exploration,lookahead_budgeted_exploration,47,0.12492816534789349,0.01595948919723718,4.913890628787421,5.127900497022837e-16
levy,lookahead_budgeted_exploration,lookahead_budgeted_exploration,48,0.12492816534789349,0.01595948919723718,4.913890628787421,5.127900497022837e-16
levy,lookahead_budgeted_exploration,lookahead_budgeted_exploration,49,0.12492816534789349,0.01595948919723718,4.913890628787421,5.127900497022837e-16
rosenbrock,pure_bo,pure_bo,0,8.006337667898686,7.113926765336858,0.3133079867960004,0.06921308229255876
rosenbrock,pure_bo,pure_bo,1,5.779394844190925,4.015250547993297,0.7820867603484642,0.35454968029760003
rosenbrock,pure_bo,pure_bo,2,5.779394844190925,4.015250547993297,1.3615460362134835,0.44510660742918934
rosenbrock,pure_bo,pure_bo,3,4.215044419238109,1.9388228700826662,1.9352509641399103,0.09813593813529857
rosenbrock,pure_bo,pure_bo,4,3.141673392028501,0.9688103111814916,2.28098736833319,0.3063662881962064
rosenbrock,pure_bo,pure_bo,5,3.141673392028501,0.9688103111814916,2.80628565577219,0.2934967082293255
rosenbrock,pure_bo,pure_bo,6,2.373349248696251,0.7134273133909113,3.607197491489281,0.06463324579634844
rosenbrock,pure_bo,pure_bo,7,2.373349248696251,0.7134273133909113,4.050107160611435,0.13698767992184313
rosenbrock,pure_bo,pure_bo,8,1.2459738761141719,0.8811291594916796,4.558223930319374,0.18761618150551912
rosenbrock,pure_bo,pure_bo,9,0.9909897098367332,0.7620637469227022,4.977224091534127,0.05485334303506968
rosenbrock,pure_bo,pure_bo,10,0.9909897098367332,0.7620637469227022,5.827353608887592,0.20062209508823867
rosenbrock,pure_bo,pure_bo,11,0.9909897098367332,0.7620637469227022,6.5568886054156446,0.1716489462723178
rosenbrock,pure_bo,pure_bo,12,0.9909897098367332,0.7620637469227022,7.375102721848143,0.043018087170586285
rosenbrock,pure_bo,pure_bo,13,0.9909897098367332,0.7620637469227022,8.616643048431888,0.3239693914908828
rosenbrock,pure_bo,pure_bo,14,0.9909897098367332,0.7620637469227022,9.497001628230768,0.6922707356682066
rosenbrock,pure_bo,pure_bo,15,0.9909897098367332,0.7620637469227022,10.57231965383002,0.7213524642590978
rosenbrock,pure_bo,pure_bo,16,0.9909897098367332,0.7620637469227022,11.247811828037976,1.0497539295060505
rosenbrock,pure_bo,pure_bo,17,0.9909897098367332,0.7620637469227022,11.53109435091409,0.9918293291122153
rosenbrock,pure_bo,pure_bo,18,0.9909897098367332,0.7620637469227022,12.151968998223621,0.6756230747053835
rosenbrock,pure_bo,pure_bo,19,0.37321726643440245,0.5278089199033449,12.83277364211584,0.9043603420678977
rosenbrock,pure_bo,pure_bo,20,0.37321726643440245,0.5278089199033449,13.177316388314054,0.7964625272452249
rosenbrock,pure_bo,pure_bo,21,0.37321726643440245,0.5278089199033449,14.39453685307245,0.9174995757639137
rosenbrock,pure_bo,pure_bo,22,0.37321726643440245,0.5278089199033449,15.407796176101739,1.1448964720214212
rosenbrock,pure_bo,pure_bo,23,0.37321726643440245,0.5278089199033449,15.82543617545069,1.2124702493891972
rosenbrock,pure_bo,pure_bo,24,0.0,0.0,16.49745820072452,1.3502783337179323
rosenbrock,pure_bo,pure_bo,25,0.0,0.0,17.1235938227592,1.4601213791108083
rosenbrock,pure_bo,pure_bo,26,0.0,0.0,17.50269545478153,1.5659312574228776
rosenbrock,pure_bo,pure_bo,27,0.0,0.0,18.042947753114323,1.3326083820623924
rosenbrock,pure_bo,pure_bo,28,0.0,0.0,19.03195768138309,0.8832342255563519
rosenbrock,pure_bo,pure_bo,29,0.0,0.0,19.92449310289538,0.884809957308408
rosenbrock,pure_bo,pure_bo,30,0.0,0.0,20.726260811199467,0.8319070480761719
rosenbrock,pure_bo,pure_bo,31,0.0,0.0,21.262707217339667,0.6510253424820727
rosenbrock,pure_bo,pure_bo,32,0.0,0.0,21.804081094213036,0.4133507619483108
rosenbrock,pure_bo,pure_bo,33,0.0,0.0,22.777490986419348,0.3298886912167912
rosenbrock,pure_bo,pure_bo,34,0.0,0.0,23.6507799426989,0.20364648818385825
rosenbrock,pure_bo,pure_bo,35,0.0,0.0,24.190488076773164,0.10434435315687883
rosenbrock,pure_bo,pure_bo,36,0.0,0.0,24.860620076972424,0.14628434565408246
rosenbrock,pure_bo,pure_bo,37,0.0,0.0,25.401156457377212,0.32932342840144796
rosenbrock,pure_bo,pure_bo,38,0.0,0.0,25.913756851229838,0.10425617606738352
rosenbrock,pure_bo,pure_bo,39,0.0,0.0,26.549365141545792,0.23883371028201994
rosenbrock,pure_bo,pure_bo,40,0.0,0.0,27.019064222318878,0.16800726557953674
rosenbrock,pure_bo,pure_bo,41,0.0,0.0,27.69624138952271,0.152059478700502
rosenbrock,pure_bo,pure_bo,42,0.0,0.0,28.10933492743045,0.22918585717105155
rosenbrock,pure_bo,pure_bo,43,0.0,0.0,28.51985982609116,0.5052830410540823
rosenbrock,pure_bo,pure_bo,44,0.0,0.0,29.01529577980698,0.8547873530530342
rosenbrock,pure_bo,pure_bo,45,0.0,0.0,29.580859184152455,1.2671706266647802
rosenbrock,pure_bo,pure_bo,46,0.0,0.0,30.132996030414386,1.6540725989504867
rosenbrock,pure_bo,pure_bo,47,0.0,0.0,30.420820020553776,1.8567741302497012
rosenbrock,pure_bo,pure_bo,48,0.0,0.0,30.420820020553776,1.8567741302497012
rosenbrock,pure_bo,pure_bo,49,0.0,0.0,30.420820020553776,1.8567741302497012
rosenbrock,earlbo,earlbo,0,11.291744638751801,5.706660386310742,0.5265114842515504,0.21625275995066137
rosenbrock,earlbo,earlbo,1,9.68856126657456,6.318532525037455,0.708624038255175,0.30090197597630236
rosenbrock,earlbo,earlbo,2,3.485438199592462,0.638870221028861,0.8790329637319285,0.37331834213537124
rosenbrock,earlbo,earlbo,3,3.2804180905770344,0.44499366225753045,1.1516112274509707,0.46587100606504206
rosenbrock,earlbo,earlbo,4,3.2804180905770344,0.44499366225753045,1.3444046241582788,0.5545311952804206
rosenbrock,earlbo,earlbo,5,3.263579430042608,0.4688051655427577,1.448694956414104,0.5200802166343694
rosenbrock,earlbo,earlbo,6,3.1186288440368615,0.4045074378211046,1.7409927544230603,0.5229131955934224
rosenbrock,earlbo,earlbo,7,2.7472487656914333,0.3015558785082438,1.9947925997853837,0.6016578260766916
rosenbrock,earlbo,earlbo,8,2.3668542421553362,0.020459260466790193,2.1415843275422923,0.5404953146211504
rosenbrock,earlbo,earlbo,9,2.2788623788511635,0.07792961727110724,2.396442351389669,0.704495649992162
rosenbrock,earlbo,earlbo,10,1.8690014740570657,0.5120130015926957,2.803092685763256,0.7229316446462553
rosenbrock,earlbo,earlbo,11,1.8690014740570657,0.5120130015926957,3.057507307228704,0.6006205644449106
rosenbrock,earlbo,earlbo,12,1.6438108057467364,0.8299840813190865,3.186313519706377,0.5845723658343959
rosenbrock,earlbo,earlbo,13,1.4277919409515654,0.6778828232847965,3.5263212511609705,0.8826477933709429
rosenbrock,earlbo,earlbo,14,1.3385868546069304,0.6322745657542111,3.841711701273885,1.1781493592505352
rosenbrock,earlbo,earlbo,15,1.3385868546069304,0.6322745657542111,3.9668606540022213,1.1406682879620118
rosenbrock,earlbo,earlbo,16,1.3385868546069304,0.6322745657542111,4.228404714188422,1.324660002748474
rosenbrock,earlbo,earlbo,17,1.3385868546069304,0.6322745657542111,4.434931721095332,1.3881455964988183
rosenbrock,earlbo,earlbo,18,1.3125148252663565,0.6072170442588777,4.83792544683329,1.542662187636292
rosenbrock,earlbo,earlbo,19,1.3125148252663565,0.6072170442588777,5.377285676600607,1.7000071148310287
rosenbrock,earlbo,earlbo,20,1.3125148252663565,0.6072170442588777,5.830557337600875,1.8804376789455612
rosenbrock,earlbo,earlbo,21,1.1330955368408933,0.4737178501974081,6.131993062501017,2.1267123076059375
rosenbrock,earlbo,earlbo,22,1.1330955368408933,0.4737178501974081,6.441050207729056,2.2069743182919774
rosenbrock,earlbo,earlbo,23,1.1330955368408933,0.4737178501974081,6.7999367781979645,2.2928999864746364
rosenbrock,earlbo,earlbo,24,0.8819494839276145,0.3525925897751957,7.011296437005953,2.3465383940619198
rosenbrock,earlbo,earlbo,25,0.8819494839276145,0.3525925897751957,7.105608760380645,2.4190848373197125
rosenbrock,earlbo,earlbo,26,0.8819494839276145,0.3525925897751957,7.371705380957546,2.465103094521992
rosenbrock,earlbo,earlbo,27,0.8819494839276145,0.3525925897751957,7.574388417975211,2.4001348880022553
rosenbrock,earlbo,earlbo,28,0.8819494839276145,0.3525925897751957,8.024732563074156,2.4855167921539296
rosenbrock,earlbo,earlbo,29,0.8819494839276145,0.3525925897751957,8.376888186271112,2.5235382432321742
rosenbrock,earlbo,earlbo,30,0.7286343921839896,0.18246035562974589,8.673739633186157,2.6394236941729896
rosenbrock,earlbo,earlbo,31,0.7286343921839896,0.18246035562974589,9.137580143140772,2.860267238746584
rosenbrock,earlbo,earlbo,32,0.7286343921839896,0.18246035562974589,9.49357094427347,2.9456905868398455
rosenbrock,earlbo,earlbo,33,0.7286343921839896,0.18246035562974589,9.797277198185506,3.0260296059963414
rosenbrock,earlbo,earlbo,34,0.7286343921839896,0.18246035562974589,10.039979560965895,3.152814291505624
rosenbrock,earlbo,earlbo,35,0.7286343921839896,0.18246035562974589,10.255545252091862,3.189274668234078
rosenbrock,earlbo,earlbo,36,0.7286343921839896,0.18246035562974589,10.509208801540384,3.3347540567607834
rosenbrock,earlbo,earlbo,37,0.7286343921839896,0.18246035562974589,10.683456275876816,3.2559859347964464
rosenbrock,earlbo,earlbo,38,0.7286343921839896,0.18246035562974589,10.851505663970572,3.3854443981794957
rosenbrock,earlbo,earlbo,39,0.7286343921839896,0.18246035562974589,11.010280779633428,3.4944219771717417
rosenbrock,earlbo,earlbo,40,0.7286343921839896,0.18246035562974589,11.149538308824932,3.4566198112754454
rosenbrock,earlbo,earlbo,41,0.7286343921839896,0.18246035562974589,11.444746030100333,3.4446838535260684
rosenbrock,earlbo,earlbo,42,0.5143797813835587,0.27620452118957844,11.770270821387108,3.3908346157565354
rosenbrock,earlbo,earlbo,43,0.5143797813835587,0.27620452118957844,11.913557615834996,3.2575844146082242
rosenbrock,earlbo,earlbo,44,0.49650537421853036,0.2532520637902862,12.103712720132398,3.1726814208209464
rosenbrock,earlbo,earlbo,45,0.48154707085326054,0.255621238327071,12.205775537781038,3.20708259632661
rosenbrock,earlbo,earlbo,46,0.48154707085326054,0.255621238327071,12.281951578211576,3.1906032005934235
rosenbrock,earlbo,earlbo,47,0.48154707085326054,0.255621238327071,12.693602615851537,3.445771636369027
rosenbrock,earlbo,earlbo,48,0.48154707085326054,0.255621238327071,13.119254082146346,3.613909626964443
rosenbrock,earlbo,earlbo,49,0.48154707085326054,0.255621238327071,13.285269602811596,3.5880768491369626
rosenbrock,snake,snake,0,11.101599765187535,5.949676904358169,0.46857289203291747,0.10427428908134272
rosenbrock,snake,snake,1,9.807500990492175,6.230450838685738,0.5718116496279512,0.09634210158048492
rosenbrock,snake,snake,2,4.702492005533828,2.7457266830001203,0.7773142876698333,0.18063556572921452
rosenbrock,snake,snake,3,4.567866354712056,2.8408905005627263,0.9006249017350408,0.1155155846897417
rosenbrock,snake,snake,4,3.0046081467185104,1.4862720029776904,0.9945368861297782,0.07819931460066057
rosenbrock,snake,snake,5,2.2757404045730976,0.5730362800415553,1.0734371590674059,0.14248580895498514
rosenbrock,snake,snake,6,2.2261759453992807,0.5354378708667463,1.1628085608819623,0.19792202413270676
rosenbrock,snake,snake,7,2.2261759453992807,0.5354378708667463,1.2445849641446118,0.2367184530040379
rosenbrock,snake,snake,8,2.1979764693678736,0.5448996761334463,1.4072038002635683,0.34519420073427565
rosenbrock,snake,snake,9,2.1979764693678736,0.5448996761334463,1.5895913766408143,0.44034791514692573
rosenbrock,snake,snake,10,1.8423470715782615,0.15269920927278424,1.656326968891456,0.4637744334594437
rosenbrock,snake,snake,11,1.8423470715782615,0.15269920927278424,1.8775823702737882,0.46967296263712255
rosenbrock,snake,snake,12,1.7980567664473501,0.10126492199444327,2.067184434593497,0.4629421238041044
rosenbrock,snake,snake,13,1.5449582521852845,0.3055798160037852,2.204145184458658,0.494684242142249
rosenbrock,snake,snake,14,1.5449582521852845,0.3055798160037852,2.373790532725855,0.4994956678319136
rosenbrock,snake,snake,15,1.4752717716936192,0.40257814147059745,2.5318853789006948,0.5414161628266352
rosenbrock,snake,snake,16,1.3885979120149432,0.37616616029890027,2.6908393054850275,0.6156771770974113
rosenbrock,snake,snake,17,1.3885979120149432,0.37616616029890027,2.9202417728012637,0.6986623706815134
rosenbrock,snake,snake,18,1.3885979120149432,0.37616616029890027,3.352007892146,0.6142391771076698
rosenbrock,snake,snake,19,1.3885979120149432,0.37616616029890027,3.6814513427562914,0.4578799591879034
rosenbrock,snake,snake,20,1.3885979120149432,0.37616616029890027,4.020243938059648,0.44958499935366136
rosenbrock,snake,snake,21,1.3885979120149432,0.37616616029890027,4.495060508177146,0.4915878706804438
rosenbrock,snake,snake,22,1.3885979120149432,0.37616616029890027,4.745816363791128,0.45109312440647187
rosenbrock,snake,snake,23,1.3885979120149432,0.37616616029890027,5.114005768328033,0.471133643292828
rosenbrock,snake,snake,24,1.3885979120149432,0.37616616029890027,5.294474540358432,0.4373763415578912
rosenbrock,snake,snake,25,1.3885979120149432,0.37616616029890027,5.582036339514086,0.3989617161491654
rosenbrock,snake,snake,26,1.3168919708602995,0.4690724843032032,5.871112417856398,0.510834557769292
rosenbrock,snake,snake,27,1.210488914202612,0.46968867891095,6.047916938198488,0.5083322768589014
rosenbrock,snake,snake,28,1.210488914202612,0.46968867891095,6.284262145161256,0.5392616313022517
rosenbrock,snake,snake,29,1.210488914202612,0.46968867891095,6.6136098488257415,0.45584164079918027
rosenbrock,snake,snake,30,1.210488914202612,0.46968867891095,7.018429184215822,0.36975879424019675
rosenbrock,snake,snake,31,1.0755815003211942,0.5761301459132053,7.356447931997514,0.3745756080039115
rosenbrock,snake,snake,32,1.0755815003211942,0.5761301459132053,7.4858507480646255,0.334476152410395
rosenbrock,snake,snake,33,1.0755815003211942,0.5761301459132053,7.72001605178077,0.36904807424968833
rosenbrock,snake,snake,34,1.0755815003211942,0.5761301459132053,7.982617850641215,0.3147185164763946
rosenbrock,snake,snake,35,1.0755815003211942,0.5761301459132053,8.230854556102727,0.3098540923311811
rosenbrock,snake,snake,36,0.9559332792485636,0.42359594740329376,8.553803347569394,0.19708232639211312
rosenbrock,snake,snake,37,0.9559332792485636,0.42359594740329376,8.692851860443131,0.10557066322376919
rosenbrock,snake,snake,38,0.9348584144130233,0.4497097698613059,8.98566671863343,0.08881108706717265
rosenbrock,snake,snake,39,0.9348584144130233,0.4497097698613059,9.18484593822784,0.10216360826066581
rosenbrock,snake,snake,40,0.8181273363828891,0.32207113115093466,9.318934846946581,0.08877021996562831
rosenbrock,snake,snake,41,0.8032793451904695,0.3162402616122502,9.690023756320594,0.22014090288721563
rosenbrock,snake,snake,42,0.8032793451904695,0.3162402616122502,9.963889114587388,0.25449883050210204
rosenbrock,snake,snake,43,0.8032793451904695,0.3162402616122502,10.031497067627688,0.24893870566841428
rosenbrock,snake,snake,44,0.8032793451904695,0.3162402616122502,10.13490314944656,0.22328491210301735
rosenbrock,snake,snake,45,0.783470679702277,0.34329283366856994,10.218961471601018,0.17650383912254916
rosenbrock,snake,snake,46,0.783470679702277,0.34329283366856994,10.42390265734233,0.20593346177065358
rosenbrock,snake,snake,47,0.783470679702277,0.34329283366856994,10.59779551649612,0.2361000840631003
rosenbrock,snake,snake,48,0.783470679702277,0.34329283366856994,10.88585621083548,0.31946130768319364
rosenbrock,snake,snake,49,0.783470679702277,0.34329283366856994,11.188067830163641,0.376269806087858
rosenbrock,log_improvement_movement_cost3,log_improvement_movement_cost3,0,11.155240237245037,5.880892978532231,0.463734876553779,0.09512929959898118
rosenbrock,log_improvement_movement_cost3,log_improvement_movement_cost3,1,9.723605594608397,6.1941230734812684,0.5726677399559817,0.10188318740666613
rosenbrock,log_improvement_movement_cost3,log_improvement_movement_cost3,2,9.723605594608397,6.1941230734812684,0.7162658637506246,0.12903772790794288
rosenbrock,log_improvement_movement_cost3,log_improvement_movement_cost3,3,9.198097966930504,6.2785924034730165,0.8432354532083232,0.02393516141781815
rosenbrock,log_improvement_movement_cost3,log_improvement_movement_cost3,4,5.646259833584113,2.95749433869699,0.9239572849799517,0.010370782272803334
rosenbrock,log_improvement_movement_cost3,log_improvement_movement_cost3,5,2.800682070083136,0.7888574766852967,0.9915810048080013,0.05033422224468624
rosenbrock,log_improvement_movement_cost3,log_improvement_movement_cost3,6,2.450435407448955,0.36740342473938115,1.075120255302428,0.07351706017852215
rosenbrock,log_improvement_movement_cost3,log_improvement_movement_cost3,7,1.9123497417853745,0.8377391798198719,1.1394396106627385,0.1169948081400145
rosenbrock,log_improvement_movement_cost3,log_improvement_movement_cost3,8,1.9123497417853745,0.8377391798198719,1.217548335028705,0.13559787339250903
rosenbrock,log_improvement_movement_cost3,log_improvement_movement_cost3,9,1.9123497417853745,0.8377391798198719,1.294390971094986,0.15820443304719592
rosenbrock,log_improvement_movement_cost3,log_improvement_movement_cost3,10,1.6028390012585747,0.5196169107962425,1.382353619607936,0.15906979839266389
rosenbrock,log_improvement_movement_cost3,log_improvement_movement_cost3,11,1.6028390012585747,0.5196169107962425,1.4669856177478087,0.1403224165672697
rosenbrock,log_improvement_movement_cost3,log_improvement_movement_cost3,12,1.5438296624103216,0.6030302189939083,1.4914098029595344,0.14675166029760026
rosenbrock,log_improvement_movement_cost3,log_improvement_movement_cost3,13,1.5438296624103216,0.6030302189939083,1.5316210391333847,0.14381152821270307
rosenbrock,log_improvement_movement_cost3,log_improvement_movement_cost3,14,1.4583820965429126,0.7238313082474256,1.5670391512553847,0.1472644747362586
rosenbrock,log_improvement_movement_cost3,log_improvement_movement_cost3,15,1.4565219702662384,0.7225735604532332,1.633497963995114,0.15831030732183818
rosenbrock,log_improvement_movement_cost3,log_improvement_movement_cost3,16,1.3282897715736555,0.6321058969655545,1.6949631408742845,0.16776512211319278
rosenbrock,log_improvement_movement_cost3,log_improvement_movement_cost3,17,1.3282897715736555,0.6321058969655545,1.7805201100592283,0.16477454319628745
rosenbrock,log_improvement_movement_cost3,log_improvement_movement_cost3,18,1.3282897715736555,0.6321058969655545,1.8448063543563167,0.17479501124852223
rosenbrock,log_improvement_movement_cost3,log_improvement_movement_cost3,19,1.3282897715736555,0.6321058969655545,1.8925816792948436,0.1911369834531171
rosenbrock,log_improvement_movement_cost3,log_improvement_movement_cost3,20,1.2773274037186984,0.7041301342200562,1.9764990575669128,0.21790993681375234
rosenbrock,log_improvement_movement_cost3,log_improvement_movement_cost3,21,1.2773274037186984,0.7041301342200562,2.0361883328084516,0.2288340665650964
rosenbrock,log_improvement_movement_cost3,log_improvement_movement_cost3,22,1.2773274037186984,0.7041301342200562,2.0868911448087513,0.2472851615140286
rosenbrock,log_improvement_movement_cost3,log_improvement_movement_cost3,23,1.2773274037186984,0.7041301342200562,2.1428948758843274,0.2444015498799921
rosenbrock,log_improvement_movement_cost3,log_improvement_movement_cost3,24,1.2773274037186984,0.7041301342200562,2.197416730627833,0.25261928436022946
rosenbrock,log_improvement_movement_cost3,log_improvement_movement_cost3,25,1.2773274037186984,0.7041301342200562,2.2610152598783606,0.2515095536255566
rosenbrock,log_improvement_movement_cost3,log_improvement_movement_cost3,26,1.2773274037186984,0.7041301342200562,2.33450967377471,0.2719445003699638
rosenbrock,log_improvement_movement_cost3,log_improvement_movement_cost3,27,1.2773274037186984,0.7041301342200562,2.3829907496282976,0.27537126919775695
rosenbrock,log_improvement_movement_cost3,log_improvement_movement_cost3,28,1.1982233549287413,0.6589983956504376,2.4719830400313465,0.2706453321718797
rosenbrock,log_improvement_movement_cost3,log_improvement_movement_cost3,29,1.1982233549287413,0.6589983956504376,2.4998684523461727,0.2655143531656094
rosenbrock,log_improvement_movement_cost3,log_improvement_movement_cost3,30,1.1982233549287413,0.6589983956504376,2.547674596409566,0.23074024739462873
rosenbrock,log_improvement_movement_cost3,log_improvement_movement_cost3,31,1.1982233549287413,0.6589983956504376,2.650295038999216,0.24039754249050643
rosenbrock,log_improvement_movement_cost3,log_improvement_movement_cost3,32,1.1982233549287413,0.6589983956504376,2.735936358137631,0.2490457695533881
rosenbrock,log_improvement_movement_cost3,log_improvement_movement_cost3,33,1.1982233549287413,0.6589983956504376,2.81673809719357,0.25426676931671033
rosenbrock,log_improvement_movement_cost3,log_improvement_movement_cost3,34,1.1982233549287413,0.6589983956504376,2.9122322771630067,0.2025030775874255
rosenbrock,log_improvement_movement_cost3,log_improvement_movement_cost3,35,1.1982233549287413,0.6589983956504376,3.001962109753277,0.16878001121563285
rosenbrock,log_improvement_movement_cost3,log_improvement_movement_cost3,36,1.1865419034647036,0.6483716699516634,3.0364398977289997,0.16224991699067354
rosenbrock,log_improvement_movement_cost3,log_improvement_movement_cost3,37,1.1865419034647036,0.6483716699516634,3.0989925573713815,0.14297285628819315
rosenbrock,log_improvement_movement_cost3,log_improvement_movement_cost3,38,1.1865419034647036,0.6483716699516634,3.12977094173511,0.14554083486315503
rosenbrock,log_improvement_movement_cost3,log_improvement_movement_cost3,39,1.1865419034647036,0.6483716699516634,3.1767535807930165,0.17452858459534265
rosenbrock,log_improvement_movement_cost3,log_improvement_movement_cost3,40,1.1865419034647036,0.6483716699516634,3.219376290773616,0.17093438539489691
rosenbrock,log_improvement_movement_cost3,log_improvement_movement_cost3,41,1.1865419034647036,0.6483716699516634,3.2644475266063133,0.16991898548680062
rosenbrock,log_improvement_movement_cost3,log_improvement_movement_cost3,42,1.1865419034647036,0.6483716699516634,3.32156856755763,0.14856066915827587
rosenbrock,log_improvement_movement_cost3,log_improvement_movement_cost3,43,1.1865419034647036,0.6483716699516634,3.3537232199478706,0.15644543115412562
rosenbrock,log_improvement_movement_cost3,log_improvement_movement_cost3,44,1.1865419034647036,0.6483716699516634,3.3897214718629134,0.1496156210338135
rosenbrock,log_improvement_movement_cost3,log_improvement_movement_cost3,45,1.1865419034647036,0.6483716699516634,3.438153676978699,0.13867513973402798
rosenbrock,log_improvement_movement_cost3,log_improvement_movement_cost3,46,1.1865419034647036,0.6483716699516634,3.4983174081684627,0.15957179037238722
rosenbrock,log_improvement_movement_cost3,log_improvement_movement_cost3,47,1.1865419034647036,0.6483716699516634,3.6030165653569672,0.1830826416661668
rosenbrock,log_improvement_movement_cost3,log_improvement_movement_cost3,48,1.1865419034647036,0.6483716699516634,3.701228340596804,0.22372943989146094
rosenbrock,log_improvement_movement_cost3,log_improvement_movement_cost3,49,1.1865419034647036,0.6483716699516634,3.766253709555093,0.26110806283517135
rosenbrock,optimistic_selected,optimistic_improvement_movement_cost3,0,10.737370554477087,5.8813099024811875,0.4476694828843899,0.09338443756390155
rosenbrock,optimistic_selected,optimistic_improvement_movement_cost3,1,9.339426635774077,5.960789230862313,0.5577677774403497,0.11143325753764032
rosenbrock,optimistic_selected,optimistic_improvement_movement_cost3,2,9.154021055265362,6.161104624786833,0.6815949895113506,0.1512210483034972
rosenbrock,optimistic_selected,optimistic_improvement_movement_cost3,3,5.612911172761902,2.897591971254805,0.8360272697052386,0.2036146331684116
rosenbrock,optimistic_selected,optimistic_improvement_movement_cost3,4,3.5640520046008244,1.3504315033554222,0.9358069250196476,0.22939280408839424
rosenbrock,optimistic_selected,optimistic_improvement_movement_cost3,5,3.5001103755684055,1.3753265141488649,1.0466278067244967,0.23316735552741588
rosenbrock,optimistic_selected,optimistic_improvement_movement_cost3,6,3.4862542263508565,1.38856524632852,1.2136522192695074,0.32313737340708926
rosenbrock,optimistic_selected,optimistic_improvement_movement_cost3,7,3.298661149413663,1.492929870891983,1.3001938319798214,0.3596100508836892
rosenbrock,optimistic_selected,optimistic_improvement_movement_cost3,8,3.298661149413663,1.492929870891983,1.3366376971206118,0.351275728482206
rosenbrock,optimistic_selected,optimistic_improvement_movement_cost3,9,2.7000100797703843,0.6544065203373319,1.378078419023104,0.3641015836836839
rosenbrock,optimistic_selected,optimistic_improvement_movement_cost3,10,2.7000100797703843,0.6544065203373319,1.4654591535861599,0.42295906653322735
rosenbrock,optimistic_selected,optimistic_improvement_movement_cost3,11,2.7000100797703843,0.6544065203373319,1.5297548958811518,0.43969522852986165
rosenbrock,optimistic_selected,optimistic_improvement_movement_cost3,12,2.5592281779115904,0.7405266501154726,1.6047738433985312,0.4959437923044191
rosenbrock,optimistic_selected,optimistic_improvement_movement_cost3,13,2.216122838255021,0.40447945754726816,1.658615442497016,0.510122585002886
rosenbrock,optimistic_selected,optimistic_improvement_movement_cost3,14,1.9238880260214202,0.1162701362381035,1.6887693200578973,0.5061721756157356
rosenbrock,optimistic_selected,optimistic_improvement_movement_cost3,15,1.9238880260214202,0.1162701362381035,1.7480083737223422,0.5474263700144726
rosenbrock,optimistic_selected,optimistic_improvement_movement_cost3,16,1.6842982017117964,0.24592732536439835,1.846261383164544,0.5846014835780122
rosenbrock,optimistic_selected,optimistic_improvement_movement_cost3,17,1.6842982017117964,0.24592732536439835,1.9258464632741894,0.6199937717066041
rosenbrock,optimistic_selected,optimistic_improvement_movement_cost3,18,1.6817644552854538,0.24363365140811674,1.999578616855408,0.5992724994261002
rosenbrock,optimistic_selected,optimistic_improvement_movement_cost3,19,1.6817644552854538,0.24363365140811674,2.071349247957054,0.5733020642245856
rosenbrock,optimistic_selected,optimistic_improvement_movement_cost3,20,1.6817644552854538,0.24363365140811674,2.1622497270637226,0.5529278301164863
rosenbrock,optimistic_selected,optimistic_improvement_movement_cost3,21,1.6817644552854538,0.24363365140811674,2.2087435251549628,0.5575980752325068
rosenbrock,optimistic_selected,optimistic_improvement_movement_cost3,22,1.6809553153161858,0.24290775030431938,2.2662067432613284,0.523669233804234
rosenbrock,optimistic_selected,optimistic_improvement_movement_cost3,23,1.6809553153161858,0.24290775030431938,2.350080993140605,0.4961167883432056
rosenbrock,optimistic_selected,optimistic_improvement_movement_cost3,24,1.6809553153161858,0.24290775030431938,2.393994828846219,0.5039745092349271
rosenbrock,optimistic_selected,optimistic_improvement_movement_cost3,25,1.6809553153161858,0.24290775030431938,2.4252307803737136,0.5055219909905002
rosenbrock,optimistic_selected,optimistic_improvement_movement_cost3,26,1.6809553153161858,0.24290775030431938,2.4601513252004867,0.4998278686138487
rosenbrock,optimistic_selected,optimistic_improvement_movement_cost3,27,1.6809553153161858,0.24290775030431938,2.4894370369573733,0.5023909612679566
rosenbrock,optimistic_selected,optimistic_improvement_movement_cost3,28,1.5595666686828664,0.18890785418224443,2.5628493769175544,0.4696496907246653
rosenbrock,optimistic_selected,optimistic_improvement_movement_cost3,29,1.5595666686828664,0.18890785418224443,2.6023217679433994,0.4711723192722374
rosenbrock,optimistic_selected,optimistic_improvement_movement_cost3,30,1.4264378596488738,0.35928213010117105,2.6882921356240406,0.4795967294277583
rosenbrock,optimistic_selected,optimistic_improvement_movement_cost3,31,1.4201077672961773,0.36781808844968766,2.7236945908612817,0.4683990902674646
rosenbrock,optimistic_selected,optimistic_improvement_movement_cost3,32,1.4201077672961773,0.36781808844968766,2.7632300142776285,0.4470730200058615
rosenbrock,optimistic_selected,optimistic_improvement_movement_cost3,33,1.4201077672961773,0.36781808844968766,2.8196916451805976,0.47297678553653716
rosenbrock,optimistic_selected,optimistic_improvement_movement_cost3,34,1.4201077672961773,0.36781808844968766,2.8800538355016205,0.4811625058415993
rosenbrock,optimistic_selected,optimistic_improvement_movement_cost3,35,1.4201077672961773,0.36781808844968766,2.9567280236827824,0.45964799119595434
rosenbrock,optimistic_selected,optimistic_improvement_movement_cost3,36,1.4201077672961773,0.36781808844968766,2.988716550818309,0.44832426247731183
rosenbrock,optimistic_selected,optimistic_improvement_movement_cost3,37,1.4201077672961773,0.36781808844968766,3.0297962398236806,0.4427777369364188
rosenbrock,optimistic_selected,optimistic_improvement_movement_cost3,38,1.4201077672961773,0.36781808844968766,3.050269566239175,0.4413799718899828
rosenbrock,optimistic_selected,optimistic_improvement_movement_cost3,39,1.4201077672961773,0.36781808844968766,3.0789432154435854,0.4473313041929548
rosenbrock,optimistic_selected,optimistic_improvement_movement_cost3,40,1.4201077672961773,0.36781808844968766,3.109863566925938,0.4423814887052608
rosenbrock,optimistic_selected,optimistic_improvement_movement_cost3,41,1.4201077672961773,0.36781808844968766,3.169043436800895,0.44289971028552905
rosenbrock,optimistic_selected,optimistic_improvement_movement_cost3,42,1.4201077672961773,0.36781808844968766,3.1989714427987015,0.4311917962701346
rosenbrock,optimistic_selected,optimistic_improvement_movement_cost3,43,1.4201077672961773,0.36781808844968766,3.2302140858193726,0.4294948896069259
rosenbrock,optimistic_selected,optimistic_improvement_movement_cost3,44,1.4201077672961773,0.36781808844968766,3.2872081422794452,0.45147627999167206
rosenbrock,optimistic_selected,optimistic_improvement_movement_cost3,45,1.4201077672961773,0.36781808844968766,3.3286920988104534,0.4389636113593396
rosenbrock,optimistic_selected,optimistic_improvement_movement_cost3,46,1.4201077672961773,0.36781808844968766,3.415867683393371,0.40883603940045726
rosenbrock,optimistic_selected,optimistic_improvement_movement_cost3,47,1.4201077672961773,0.36781808844968766,3.487125478165877,0.37160636579831774
rosenbrock,optimistic_selected,optimistic_improvement_movement_cost3,48,1.3884061889251704,0.410833395221686,3.5341082928661165,0.39906393941362156
rosenbrock,optimistic_selected,optimistic_improvement_movement_cost3,49,1.3884061889251704,0.410833395221686,3.5729902555376825,0.4298019762652686
rosenbrock,budgeted_exploration,budgeted_exploration,0,11.008601069164095,6.069330023800499,0.46250319574837634,0.10504432008788735
rosenbrock,budgeted_exploration,budgeted_exploration,1,10.140489301771142,6.070865907023754,0.574177659319543,0.12256996234245972
rosenbrock,budgeted_exploration,budgeted_exploration,2,10.050895538683733,6.173980472834926,0.6950006667624485,0.1603874575752897
rosenbrock,budgeted_exploration,budgeted_exploration,3,7.124071173117088,3.5620499981831006,0.8383049482799722,0.15077172415748624
rosenbrock,budgeted_exploration,budgeted_exploration,4,4.8182134303595126,3.167508976977605,0.928433982252911,0.15695935983087964
rosenbrock,budgeted_exploration,budgeted_exploration,5,4.8182134303595126,3.167508976977605,1.026884555877004,0.18283952353525518
rosenbrock,budgeted_exploration,budgeted_exploration,6,4.8182134303595126,3.167508976977605,1.0929125008726588,0.17109484616481532
rosenbrock,budgeted_exploration,budgeted_exploration,7,4.8182134303595126,3.167508976977605,1.2099230483637138,0.16817972288397545
rosenbrock,budgeted_exploration,budgeted_exploration,8,3.807015101364499,1.8334277342176746,1.334310261195406,0.16677364266424305
rosenbrock,budgeted_exploration,budgeted_exploration,9,3.1957967244441075,0.9987893733724567,1.4401086396172813,0.21613960956196213
rosenbrock,budgeted_exploration,budgeted_exploration,10,3.1957967244441075,0.9987893733724567,1.5845427446078773,0.22784389697275445
rosenbrock,budgeted_exploration,budgeted_exploration,11,3.1957967244441075,0.9987893733724567,1.7004573912906054,0.2254642495999646
rosenbrock,budgeted_exploration,budgeted_exploration,12,3.1697698659290796,1.0274819717035435,1.7764217322687657,0.23142396506410468
rosenbrock,budgeted_exploration,budgeted_exploration,13,3.1697698659290796,1.0274819717035435,1.8611818588154037,0.246877689459146
rosenbrock,budgeted_exploration,budgeted_exploration,14,3.033252799949254,1.1853489263515231,2.012885919459135,0.32577858141724375
rosenbrock,budgeted_exploration,budgeted_exploration,15,2.656029665532237,0.7544820388366879,2.1144089616615154,0.32924436395509066
rosenbrock,budgeted_exploration,budgeted_exploration,16,2.656029665532237,0.7544820388366879,2.2144682415163195,0.3426365386685992
rosenbrock,budgeted_exploration,budgeted_exploration,17,2.656029665532237,0.7544820388366879,2.3187547303868676,0.3048063667927934
rosenbrock,budgeted_exploration,budgeted_exploration,18,2.656029665532237,0.7544820388366879,2.3822878895283073,0.3091437596384709
rosenbrock,budgeted_exploration,budgeted_exploration,19,2.656029665532237,0.7544820388366879,2.5241157929906737,0.2809027179363205
rosenbrock,budgeted_exploration,budgeted_exploration,20,2.656029665532237,0.7544820388366879,2.7016420386295525,0.3084506616382943
rosenbrock,budgeted_exploration,budgeted_exploration,21,2.656029665532237,0.7544820388366879,2.856915058719973,0.30259668258357386
rosenbrock,budgeted_exploration,budgeted_exploration,22,2.656029665532237,0.7544820388366879,2.9806017636447812,0.31653562051161327
rosenbrock,budgeted_exploration,budgeted_exploration,23,2.602997852258754,0.705248589161824,3.1003764660689335,0.2801677501694972
rosenbrock,budgeted_exploration,budgeted_exploration,24,2.5275233305882407,0.6438105544302075,3.2292511377659796,0.29951836549480615
rosenbrock,budgeted_exploration,budgeted_exploration,25,2.320247256376732,0.5514375667372682,3.419530061688416,0.31169488621616037
rosenbrock,budgeted_exploration,budgeted_exploration,26,2.320247256376732,0.5514375667372682,3.5316963349131303,0.2633076990193535
rosenbrock,budgeted_exploration,budgeted_exploration,27,2.320247256376732,0.5514375667372682,3.6356587860591394,0.22351582586502014
rosenbrock,budgeted_exploration,budgeted_exploration,28,2.320247256376732,0.5514375667372682,3.7287460192367603,0.2613869706286268
rosenbrock,budgeted_exploration,budgeted_exploration,29,2.320247256376732,0.5514375667372682,3.8895452479451484,0.33293278310888647
rosenbrock,budgeted_exploration,budgeted_exploration,30,2.1460911437421224,0.5866635125411912,4.049340237082913,0.2960494318189653
rosenbrock,budgeted_exploration,budgeted_exploration,31,2.1460911437421224,0.5866635125411912,4.151517212184958,0.315203911588838
rosenbrock,budgeted_exploration,budgeted_exploration,32,2.1460911437421224,0.5866635125411912,4.268197306419337,0.35037542782892306
rosenbrock,budgeted_exploration,budgeted_exploration,33,1.991508191029334,0.6938255824765568,4.386145579849445,0.3517757506692211
rosenbrock,budgeted_exploration,budgeted_exploration,34,1.991508191029334,0.6938255824765568,4.551043542049697,0.35403937020558757
rosenbrock,budgeted_exploration,budgeted_exploration,35,1.8912026417170624,0.7593346097692065,4.749859351851472,0.29300484729044635
rosenbrock,budgeted_exploration,budgeted_exploration,36,1.8912026417170624,0.7593346097692065,4.899622351147657,0.38617991816850633
rosenbrock,budgeted_exploration,budgeted_exploration,37,1.8912026417170624,0.7593346097692065,4.99791386387292,0.4505848993163452
rosenbrock,budgeted_exploration,budgeted_exploration,38,1.8912026417170624,0.7593346097692065,5.131836469448541,0.4829386193605789
rosenbrock,budgeted_exploration,budgeted_exploration,39,1.8912026417170624,0.7593346097692065,5.256723304285121,0.5529129096391443
rosenbrock,budgeted_exploration,budgeted_exploration,40,1.8912026417170624,0.7593346097692065,5.430450540776941,0.6486886858956373
rosenbrock,budgeted_exploration,budgeted_exploration,41,1.8912026417170624,0.7593346097692065,5.502887201988649,0.6412595383724237
rosenbrock,budgeted_exploration,budgeted_exploration,42,1.7945175735404266,0.8316284483035103,5.638840569647218,0.7045292640794292
rosenbrock,budgeted_exploration,budgeted_exploration,43,1.6350039432629204,0.6077420446386446,5.816076082221858,0.7865218913283057
rosenbrock,budgeted_exploration,budgeted_exploration,44,1.6350039432629204,0.6077420446386446,5.951331004000019,0.8723267306302651
rosenbrock,budgeted_exploration,budgeted_exploration,45,1.6350039432629204,0.6077420446386446,6.050151899988762,0.8689961585179458
rosenbrock,budgeted_exploration,budgeted_exploration,46,1.6350039432629204,0.6077420446386446,6.162451483199543,0.8869874083255733
rosenbrock,budgeted_exploration,budgeted_exploration,47,1.6350039432629204,0.6077420446386446,6.305263381838597,0.9126519145742781
rosenbrock,budgeted_exploration,budgeted_exploration,48,1.6350039432629204,0.6077420446386446,6.401929615539622,0.9081497778719291
rosenbrock,budgeted_exploration,budgeted_exploration,49,1.6350039432629204,0.6077420446386446,6.496632982744167,0.945871942714411
rosenbrock,lookahead_budgeted_exploration,lookahead_budgeted_exploration,0,10.884019238413527,6.230368088461772,0.44881187557543356,0.13354703362971027
rosenbrock,lookahead_budgeted_exploration,lookahead_budgeted_exploration,1,10.124945203819237,5.403981478606722,0.5668055767817245,0.1680886438387536
rosenbrock,lookahead_budgeted_exploration,lookahead_budgeted_exploration,2,7.9628793080461024,5.681061139175005,0.6706682293974571,0.15806475740039466
rosenbrock,lookahead_budgeted_exploration,lookahead_budgeted_exploration,3,4.113238848342404,1.394518294375327,0.8167565192615965,0.2075005388618471
rosenbrock,lookahead_budgeted_exploration,lookahead_budgeted_exploration,4,4.067513015792053,1.3802185642475002,0.9248971194162484,0.23668040092069687
rosenbrock,lookahead_budgeted_exploration,lookahead_budgeted_exploration,5,3.366982020729509,0.915050131757282,1.0709703536423107,0.24747868901146797
rosenbrock,lookahead_budgeted_exploration,lookahead_budgeted_exploration,6,3.366982020729509,0.915050131757282,1.1721128379738122,0.2479461022882669
rosenbrock,lookahead_budgeted_exploration,lookahead_budgeted_exploration,7,3.366982020729509,0.915050131757282,1.2813336596112166,0.27033137831876747
rosenbrock,lookahead_budgeted_exploration,lookahead_budgeted_exploration,8,3.366982020729509,0.915050131757282,1.4424129107325239,0.2936800579641277
rosenbrock,lookahead_budgeted_exploration,lookahead_budgeted_exploration,9,2.788212781603059,0.40869860879657627,1.5273617342112844,0.2897809582709469
rosenbrock,lookahead_budgeted_exploration,lookahead_budgeted_exploration,10,2.788212781603059,0.40869860879657627,1.6701186692904335,0.28524230326673383
rosenbrock,lookahead_budgeted_exploration,lookahead_budgeted_exploration,11,2.635603067687689,0.6229165960730529,1.8325097631939953,0.2610137978686232
rosenbrock,lookahead_budgeted_exploration,lookahead_budgeted_exploration,12,2.635603067687689,0.6229165960730529,1.971233655975287,0.2890295945797525
rosenbrock,lookahead_budgeted_exploration,lookahead_budgeted_exploration,13,2.3811442436158683,0.5061482447896892,2.059267114421582,0.2870134550704456
rosenbrock,lookahead_budgeted_exploration,lookahead_budgeted_exploration,14,2.3811442436158683,0.5061482447896892,2.246401194381266,0.3873650412336564
rosenbrock,lookahead_budgeted_exploration,lookahead_budgeted_exploration,15,2.3811442436158683,0.5061482447896892,2.3913305387402595,0.38458290469898143
rosenbrock,lookahead_budgeted_exploration,lookahead_budgeted_exploration,16,2.378737321690894,0.5061378210887052,2.499235094334395,0.4035388398972624
rosenbrock,lookahead_budgeted_exploration,lookahead_budgeted_exploration,17,2.378737321690894,0.5061378210887052,2.602356493332359,0.3923980043773976
rosenbrock,lookahead_budgeted_exploration,lookahead_budgeted_exploration,18,2.2911548645620115,0.5211089337212877,2.728894025434658,0.37929440673407366
rosenbrock,lookahead_budgeted_exploration,lookahead_budgeted_exploration,19,2.2911548645620115,0.5211089337212877,2.8575987033002925,0.3911616323761428
rosenbrock,lookahead_budgeted_exploration,lookahead_budgeted_exploration,20,2.2911548645620115,0.5211089337212877,2.9712687848820365,0.34153120939696646
rosenbrock,lookahead_budgeted_exploration,lookahead_budgeted_exploration,21,2.2911548645620115,0.5211089337212877,3.0811721034713493,0.30109677027903375
rosenbrock,lookahead_budgeted_exploration,lookahead_budgeted_exploration,22,2.2911548645620115,0.5211089337212877,3.189191139067596,0.26374966783680603
rosenbrock,lookahead_budgeted_exploration,lookahead_budgeted_exploration,23,2.2911548645620115,0.5211089337212877,3.3122356253999343,0.296397889164722
rosenbrock,lookahead_budgeted_exploration,lookahead_budgeted_exploration,24,1.826483578642484,0.21403148100331165,3.4266567244885207,0.3289070194571293
rosenbrock,lookahead_budgeted_exploration,lookahead_budgeted_exploration,25,1.826483578642484,0.21403148100331165,3.5559771057817184,0.3354481921826672
rosenbrock,lookahead_budgeted_exploration,lookahead_budgeted_exploration,26,1.7818449804006207,0.1548145906461229,3.654768533488989,0.33686533284430886
rosenbrock,lookahead_budgeted_exploration,lookahead_budgeted_exploration,27,1.665169685947706,0.3041806714332613,3.811224828603884,0.3317323294806855
rosenbrock,lookahead_budgeted_exploration,lookahead_budgeted_exploration,28,1.665169685947706,0.3041806714332613,3.9591539831050473,0.2575503144647294
rosenbrock,lookahead_budgeted_exploration,lookahead_budgeted_exploration,29,1.5054486938156117,0.2058726447498435,4.0480956746842,0.28332698722132027
rosenbrock,lookahead_budgeted_exploration,lookahead_budgeted_exploration,30,1.5054486938156117,0.2058726447498435,4.167954265695182,0.32670107369402573
rosenbrock,lookahead_budgeted_exploration,lookahead_budgeted_exploration,31,1.5054486938156117,0.2058726447498435,4.32867329547159,0.262834041360663
rosenbrock,lookahead_budgeted_exploration,lookahead_budgeted_exploration,32,1.5054486938156117,0.2058726447498435,4.445397625017486,0.20365605508588555
rosenbrock,lookahead_budgeted_exploration,lookahead_budgeted_exploration,33,1.3844974603737146,0.36373059999087026,4.594205580446565,0.21649571163555445
rosenbrock,lookahead_budgeted_exploration,lookahead_budgeted_exploration,34,1.3844974603737146,0.36373059999087026,4.701571372507088,0.23960818823879815
rosenbrock,lookahead_budgeted_exploration,lookahead_budgeted_exploration,35,1.3844974603737146,0.36373059999087026,4.826558200616206,0.26288991864364225
rosenbrock,lookahead_budgeted_exploration,lookahead_budgeted_exploration,36,1.3844974603737146,0.36373059999087026,4.916758694540817,0.22586065811697148
rosenbrock,lookahead_budgeted_exploration,lookahead_budgeted_exploration,37,1.3844974603737146,0.36373059999087026,5.067164485955352,0.25292787966899427
rosenbrock,lookahead_budgeted_exploration,lookahead_budgeted_exploration,38,1.3844974603737146,0.36373059999087026,5.210936190565754,0.2130087416335712
rosenbrock,lookahead_budgeted_exploration,lookahead_budgeted_exploration,39,1.3844974603737146,0.36373059999087026,5.312239842238015,0.2194286508467419
rosenbrock,lookahead_budgeted_exploration,lookahead_budgeted_exploration,40,1.3844974603737146,0.36373059999087026,5.447963809247338,0.1968418015803271
rosenbrock,lookahead_budgeted_exploration,lookahead_budgeted_exploration,41,1.3844974603737146,0.36373059999087026,5.657535927538177,0.15329153590856845
rosenbrock,lookahead_budgeted_exploration,lookahead_budgeted_exploration,42,1.3844974603737146,0.36373059999087026,5.834359817196745,0.1277027288069042
rosenbrock,lookahead_budgeted_exploration,lookahead_budgeted_exploration,43,1.290490768176561,0.282084051693528,5.906834731707829,0.11285515249242174
rosenbrock,lookahead_budgeted_exploration,lookahead_budgeted_exploration,44,1.290490768176561,0.282084051693528,6.010198309550693,0.13804273655665017
rosenbrock,lookahead_budgeted_exploration,lookahead_budgeted_exploration,45,1.290490768176561,0.282084051693528,6.080316033893236,0.17764654618525325
rosenbrock,lookahead_budgeted_exploration,lookahead_budgeted_exploration,46,1.290490768176561,0.282084051693528,6.201986781200386,0.23157103833791234
rosenbrock,lookahead_budgeted_exploration,lookahead_budgeted_exploration,47,1.290490768176561,0.282084051693528,6.284116536156307,0.2354697856344364
rosenbrock,lookahead_budgeted_exploration,lookahead_budgeted_exploration,48,1.290490768176561,0.282084051693528,6.412557331459358,0.27713601235530816
rosenbrock,lookahead_budgeted_exploration,lookahead_budgeted_exploration,49,1.290490768176561,0.282084051693528,6.535999595140855,0.3300023813112622
sphere,pure_bo,pure_bo,0,0.21029897160169456,0.19579082850399762,0.3718030533343284,0.13677594107019322
sphere,pure_bo,pure_bo,1,0.13650857084768106,0.17115916683899063,0.823794376932853,0.10556848668033264
sphere,pure_bo,pure_bo,2,0.09310510952160177,0.12248006784543507,1.0607640237129552,0.07256179057300212
sphere,pure_bo,pure_bo,3,0.03435220618637191,0.03951575610759935,1.6078827843325,0.3260141560560667
sphere,pure_bo,pure_bo,4,0.007853020634644358,0.0042382248900024655,2.402060459501571,0.7852090673018087
sphere,pure_bo,pure_bo,5,0.007853020634644358,0.0042382248900024655,3.0097679943801405,1.0729157804718643
sphere,pure_bo,pure_bo,6,0.007853020634644358,0.0042382248900024655,3.5458686091761233,1.2859492804066517
sphere,pure_bo,pure_bo,7,0.007853020634644358,0.0042382248900024655,4.506071629109859,1.3469238035779758
sphere,pure_bo,pure_bo,8,0.007853020634644358,0.0042382248900024655,5.2624732666577865,1.368474319200268
sphere,pure_bo,pure_bo,9,0.007853020634644358,0.0042382248900024655,6.006353864398125,1.3931582395590583
sphere,pure_bo,pure_bo,10,0.007853020634644358,0.0042382248900024655,6.791684091487654,1.4155000605524488
sphere,pure_bo,pure_bo,11,0.007853020634644358,0.0042382248900024655,7.403047678884867,1.5072993753819588
sphere,pure_bo,pure_bo,12,0.007853020634644358,0.0042382248900024655,7.758492322025984,1.6263151568390253
sphere,pure_bo,pure_bo,13,0.007853020634644358,0.0042382248900024655,8.367409564754745,1.7592042975261135
sphere,pure_bo,pure_bo,14,0.007853020634644358,0.0042382248900024655,9.149070701991342,1.8309261660970537
sphere,pure_bo,pure_bo,15,0.007853020634644358,0.0042382248900024655,9.948081584747113,2.0050783644174865
sphere,pure_bo,pure_bo,16,0.007853020634644358,0.0042382248900024655,10.356223014756798,1.9824650312414644
sphere,pure_bo,pure_bo,17,0.007853020634644358,0.0042382248900024655,11.122038752900869,1.971992334547986
sphere,pure_bo,pure_bo,18,0.007853020634644358,0.0042382248900024655,11.847027108460717,1.7094762033422908
sphere,pure_bo,pure_bo,19,0.007853020634644358,0.0042382248900024655,12.508695500115046,1.7934666384113407
sphere,pure_bo,pure_bo,20,0.007853020634644358,0.0042382248900024655,13.125799597803328,1.7299688526408006
sphere,pure_bo,pure_bo,21,0.007853020634644358,0.0042382248900024655,13.84318235588273,1.4879862227256468
sphere,pure_bo,pure_bo,22,0.007853020634644358,0.0042382248900024655,14.511296560901528,1.6675541836512557
sphere,pure_bo,pure_bo,23,0.007853020634644358,0.0042382248900024655,14.903146440948555,1.9761290073006859
sphere,pure_bo,pure_bo,24,0.007853020634644358,0.0042382248900024655,15.5438194666176,2.131829622530448
sphere,pure_bo,pure_bo,25,0.007853020634644358,0.0042382248900024655,16.068561479836067,2.3817766798558884
sphere,pure_bo,pure_bo,26,0.007853020634644358,0.0042382248900024655,16.508997953605018,2.5638665434178702
sphere,pure_bo,pure_bo,27,0.007853020634644358,0.0042382248900024655,16.508997953605018,2.5638665434178702
sphere,pure_bo,pure_bo,28,0.007853020634644358,0.0042382248900024655,16.508997953605018,2.5638665434178702
sphere,pure_bo,pure_bo,29,0.007853020634644358,0.0042382248900024655,16.508997953605018,2.5638665434178702
sphere,pure_bo,pure_bo,30,0.007853020634644358,0.0042382248900024655,16.508997953605018,2.5638665434178702
sphere,pure_bo,pure_bo,31,0.007853020634644358,0.0042382248900024655,16.508997953605018,2.5638665434178702
sphere,pure_bo,pure_bo,32,0.007853020634644358,0.0042382248900024655,16.508997953605018,2.5638665434178702
sphere,pure_bo,pure_bo,33,0.007853020634644358,0.0042382248900024655,16.508997953605018,2.5638665434178702
sphere,pure_bo,pure_bo,34,0.007853020634644358,0.0042382248900024655,16.508997953605018,2.5638665434178702
sphere,pure_bo,pure_bo,35,0.007853020634644358,0.0042382248900024655,16.508997953605018,2.5638665434178702
sphere,pure_bo,pure_bo,36,0.007853020634644358,0.0042382248900024655,16.508997953605018,2.5638665434178702
sphere,pure_bo,pure_bo,37,0.007853020634644358,0.0042382248900024655,16.508997953605018,2.5638665434178702
sphere,pure_bo,pure_bo,38,0.007853020634644358,0.0042382248900024655,16.508997953605018,2.5638665434178702
sphere,pure_bo,pure_bo,39,0.007853020634644358,0.0042382248900024655,16.508997953605018,2.5638665434178702
sphere,pure_bo,pure_bo,40,0.007853020634644358,0.0042382248900024655,16.508997953605018,2.5638665434178702
sphere,pure_bo,pure_bo,41,0.007853020634644358,0.0042382248900024655,16.508997953605018,2.5638665434178702
sphere,pure_bo,pure_bo,42,0.007853020634644358,0.0042382248900024655,16.508997953605018,2.5638665434178702
sphere,pure_bo,pure_bo,43,0.007853020634644358,0.0042382248900024655,16.796821943744416,2.377267003408108
sphere,pure_bo,pure_bo,44,0.007853020634644358,0.0042382248900024655,17.08464593388381,2.2496123567689352
sphere,pure_bo,pure_bo,45,0.007853020634644358,0.0042382248900024655,17.08464593388381,2.2496123567689352
sphere,pure_bo,pure_bo,46,0.007853020634644358,0.0042382248900024655,17.08464593388381,2.2496123567689352
sphere,pure_bo,pure_bo,47,0.007853020634644358,0.0042382248900024655,17.08464593388381,2.2496123567689352
sphere,pure_bo,pure_bo,48,0.007853020634644358,0.0042382248900024655,17.08464593388381,2.2496123567689352
sphere,pure_bo,pure_bo,49,0.007853020634644358,0.0042382248900024655,17.08464593388381,2.2496123567689352
sphere,earlbo,earlbo,0,0.10756990632825358,0.09945387853610094,0.34168451547410367,0.1250068656909128
sphere,earlbo,earlbo,1,0.04012613956834341,0.026878800334218536,0.46006105865835784,0.14176545435391524
sphere,earlbo,earlbo,2,0.008236827994762497,0.00593633331375835,0.5783619511432541,0.18511488073373525
sphere,earlbo,earlbo,3,0.003760363297139069,0.0010384796488465853,0.6288269204145485,0.18196034990983334
sphere,earlbo,earlbo,4,0.003760363297139069,0.0010384796488465853,0.6939023607836402,0.17530157704747354
sphere,earlbo,earlbo,5,0.002328917657846603,0.0007189344988035033,0.7422663244686117,0.17585217925102775
sphere,earlbo,earlbo,6,0.002328917657846603,0.0007189344988035033,0.7908936797174935,0.15302007603400403
sphere,earlbo,earlbo,7,0.0013269851098068038,0.00027352782398181754,0.8569509292113201,0.13377709811794095
sphere,earlbo,earlbo,8,0.0013269851098068038,0.00027352782398181754,0.9179185621292402,0.1199841659021259
sphere,earlbo,earlbo,9,0.001006969459842224,0.0006253637892275862,0.9932732916485719,0.10789452158882153
sphere,earlbo,earlbo,10,0.001006969459842224,0.0006253637892275862,1.0577782412239374,0.1289598157263476
sphere,earlbo,earlbo,11,0.001006969459842224,0.0006253637892275862,1.134837498746311,0.13328232886295005
sphere,earlbo,earlbo,12,0.0008365880094993063,0.0006421532596600785,1.1761537895616867,0.14028666258116776
sphere,earlbo,earlbo,13,0.0006831784278707808,0.0004364303015443105,1.2789599117294561,0.11298519693633936
sphere,earlbo,earlbo,14,0.0005330579770405799,0.00025391236515198527,1.3705424311103698,0.06281903450195665
sphere,earlbo,earlbo,15,0.0005330579770405799,0.00025391236515198527,1.49602584670068,0.03990446380987862
sphere,earlbo,earlbo,16,0.0005330579770405799,0.00025391236515198527,1.6278810748520904,0.02105417588302334
sphere,earlbo,earlbo,17,0.00027704301067320666,0.00023988558915137226,1.7167729230417506,0.025447337246190294
sphere,earlbo,earlbo,18,0.00027704301067320666,0.00023988558915137226,1.8013625086327372,0.02651985570104223
sphere,earlbo,earlbo,19,0.00027704301067320666,0.00023988558915137226,1.9182809867524677,0.060447148215746434
sphere,earlbo,earlbo,20,0.00027704301067320666,0.00023988558915137226,2.035366359926648,0.07901618007708955
sphere,earlbo,earlbo,21,0.00027704301067320666,0.00023988558915137226,2.0883150677664424,0.08256903482928613
sphere,earlbo,earlbo,22,0.00027704301067320666,0.00023988558915137226,2.1719767569864,0.05938782232758646
sphere,earlbo,earlbo,23,0.00027704301067320666,0.00023988558915137226,2.2692833261309446,0.04846005292974284
sphere,earlbo,earlbo,24,0.00026754911967835605,0.000226984172851577,2.359329059162019,0.061265941825770776
sphere,earlbo,earlbo,25,0.00026754911967835605,0.000226984172851577,2.4430405655628635,0.013739592389058775
sphere,earlbo,earlbo,26,0.00026754911967835605,0.000226984172851577,2.528220085832855,0.04651046842598085
sphere,earlbo,earlbo,27,0.00026754911967835605,0.000226984172851577,2.6179292641950176,0.06671376818871086
sphere,earlbo,earlbo,28,0.00026754911967835605,0.000226984172851577,2.69511138971343,0.07322845124065247
sphere,earlbo,earlbo,29,0.00026754911967835605,0.000226984172851577,2.7821967134104035,0.06315731120704203
sphere,earlbo,earlbo,30,0.00026754911967835605,0.000226984172851577,2.832594181563896,0.08359372726431674
sphere,earlbo,earlbo,31,0.00019727507276545088,0.00013471655653867788,2.9161930304811334,0.07457540156492011
sphere,earlbo,earlbo,32,0.00019727507276545088,0.00013471655653867788,2.997571559610972,0.0797233545830237
sphere,earlbo,earlbo,33,0.00019727507276545088,0.00013471655653867788,3.08624699496224,0.0878682013797618
sphere,earlbo,earlbo,34,0.00019727507276545088,0.00013471655653867788,3.213537208724002,0.10694119504600945
sphere,earlbo,earlbo,35,0.00019727507276545088,0.00013471655653867788,3.3461079427460176,0.11240101291616954
sphere,earlbo,earlbo,36,0.00019727507276545088,0.00013471655653867788,3.4447763613680658,0.14520276117618802
sphere,earlbo,earlbo,37,0.00019727507276545088,0.00013471655653867788,3.563253472043044,0.14292341528364294
sphere,earlbo,earlbo,38,0.00019727507276545088,0.00013471655653867788,3.6576367418226323,0.15422494960887645
sphere,earlbo,earlbo,39,0.00019727507276545088,0.00013471655653867788,3.7126910060169256,0.16333110140006285
sphere,earlbo,earlbo,40,0.00019727507276545088,0.00013471655653867788,3.798480738228204,0.16760467963175985
sphere,earlbo,earlbo,41,0.00019727507276545088,0.00013471655653867788,3.8832791469319408,0.1613857115032829
sphere,earlbo,earlbo,42,0.00019727507276545088,0.00013471655653867788,3.9913062637887258,0.14388601339039914
sphere,earlbo,earlbo,43,0.00019727507276545088,0.00013471655653867788,4.098252165498242,0.11292954327393866
sphere,earlbo,earlbo,44,0.00019727507276545088,0.00013471655653867788,4.172472579328592,0.08312191088474827
sphere,earlbo,earlbo,45,0.00019727507276545088,0.00013471655653867788,4.273712347829297,0.10683981769126644
sphere,earlbo,earlbo,46,0.00019727507276545088,0.00013471655653867788,4.349276257206536,0.1205415886443762
sphere,earlbo,earlbo,47,0.00019727507276545088,0.00013471655653867788,4.423612314370561,0.12220858381678737
sphere,earlbo,earlbo,48,0.00019727507276545088,0.00013471655653867788,4.4790840855549545,0.10894979857330432
sphere,earlbo,earlbo,49,0.00019727507276545088,0.00013471655653867788,4.57488693134837,0.09580109999310968
sphere,snake,snake,0,0.08478741923340434,0.06282596246408437,0.3880518901336149,0.16718501829482205
sphere,snake,snake,1,0.019048300375922145,0.019003584666843387,0.5286441669832392,0.20654973885510544
sphere,snake,snake,2,0.002842190707047222,0.001815257241651411,0.6049683134253315,0.24682398375382414
sphere,snake,snake,3,0.0012790790378952807,0.0008906120347583581,0.6380483497783707,0.24283307071254975
sphere,snake,snake,4,0.0012790790378952807,0.0008906120347583581,0.7445715880055283,0.3168210740117143
sphere,snake,snake,5,0.0012790790378952807,0.0008906120347583581,0.8877503029205807,0.40584700652045025
sphere,snake,snake,6,0.0012790790378952807,0.0008906120347583581,0.9889016825515548,0.3783398178604195
sphere,snake,snake,7,0.0012790790378952807,0.0008906120347583581,1.0841183527894458,0.3987499008355867
sphere,snake,snake,8,0.0012790790378952807,0.0008906120347583581,1.1933029785419347,0.3955907399654591
sphere,snake,snake,9,0.0012790790378952807,0.0008906120347583581,1.3098443415871925,0.38046454310584843
sphere,snake,snake,10,0.0012790790378952807,0.0008906120347583581,1.3886580710718375,0.4140183369641249
sphere,snake,snake,11,0.0012790790378952807,0.0008906120347583581,1.4629617779920956,0.42587462617377286
sphere,snake,snake,12,0.0012790790378952807,0.0008906120347583581,1.5389117956724985,0.40269839053828393
sphere,snake,snake,13,0.0012790790378952807,0.0008906120347583581,1.6507394460734088,0.36522557080164475
sphere,snake,snake,14,0.0012790790378952807,0.0008906120347583581,1.7585760215707698,0.33650259123205567
sphere,snake,snake,15,0.0012790790378952807,0.0008906120347583581,1.8502778487248601,0.3789636850313186
sphere,snake,snake,16,0.0012790790378952807,0.0008906120347583581,1.92108841109253,0.4009606959287308
sphere,snake,snake,17,0.0012790790378952807,0.0008906120347583581,2.004796961353568,0.4160430198851109
sphere,snake,snake,18,0.0012790790378952807,0.0008906120347583581,2.113468293919041,0.4123173703798549
sphere,snake,snake,19,0.0012790790378952807,0.0008906120347583581,2.2392387807174323,0.4263661578774852
sphere,snake,snake,20,0.0012790790378952807,0.0008906120347583581,2.3182158144032137,0.45599453132625045
sphere,snake,snake,21,0.0012790790378952807,0.0008906120347583581,2.410974184093392,0.4702054347296088
sphere,snake,snake,22,0.0012790790378952807,0.0008906120347583581,2.51509285246085,0.4717792407617631
sphere,snake,snake,23,0.0012790790378952807,0.0008906120347583581,2.6297407685554064,0.4613159679154804
sphere,snake,snake,24,0.0012790790378952807,0.0008906120347583581,2.7112784577552795,0.43634189657037065
sphere,snake,snake,25,0.0012790790378952807,0.0008906120347583581,2.7939063791855627,0.4266120397303993
sphere,snake,snake,26,0.0012790790378952807,0.0008906120347583581,2.8961706706341364,0.38752919234988076
sphere,snake,snake,27,0.0012790790378952807,0.0008906120347583581,2.9787692633543696,0.4027501348574296
sphere,snake,snake,28,0.0012790790378952807,0.0008906120347583581,3.0435685157660024,0.3951529969986415
sphere,snake,snake,29,0.0012790790378952807,0.0008906120347583581,3.1353428388483793,0.41442695757902426
sphere,snake,snake,30,0.0004943146596761517,0.0003858144873836837,3.218566379562309,0.38374558853197177
sphere,snake,snake,31,0.0004943146596761517,0.0003858144873836837,3.3222503467525932,0.33483892938593485
sphere,snake,snake,32,0.0004943146596761517,0.0003858144873836837,3.4332981369115636,0.31232518930819675
sphere,snake,snake,33,0.0004943146596761517,0.0003858144873836837,3.535557758361577,0.3303725048145484
sphere,snake,snake,34,0.0004943146596761517,0.0003858144873836837,3.6232076580471664,0.2853677893671352
sphere,snake,snake,35,0.0004943146596761517,0.0003858144873836837,3.6880855734841678,0.2692723479816143
sphere,snake,snake,36,0.0004943146596761517,0.0003858144873836837,3.7521708377203176,0.23831744359498552
sphere,snake,snake,37,0.0004943146596761517,0.0003858144873836837,3.826255970887136,0.2526054837573267
sphere,snake,snake,38,0.0004943146596761517,0.0003858144873836837,3.925179770223449,0.27596792942820686
sphere,snake,snake,39,0.0004943146596761517,0.0003858144873836837,4.009997229068986,0.26117367566388455
sphere,snake,snake,40,0.0004943146596761517,0.0003858144873836837,4.073773930553938,0.26340314261890185
sphere,snake,snake,41,0.0004943146596761517,0.0003858144873836837,4.156307757822784,0.31372644119433346
sphere,snake,snake,42,0.0004943146596761517,0.0003858144873836837,4.261653761089584,0.3211357665171217
sphere,snake,snake,43,0.0004943146596761517,0.0003858144873836837,4.346967544526849,0.3332609751881536
sphere,snake,snake,44,0.0004943146596761517,0.0003858144873836837,4.4592702124899875,0.32850669956066575
sphere,snake,snake,45,0.0004943146596761517,0.0003858144873836837,4.55962305275624,0.3174601170455816
sphere,snake,snake,46,0.0004943146596761517,0.0003858144873836837,4.640117469142275,0.34302921007384013
sphere,snake,snake,47,0.0004943146596761517,0.0003858144873836837,4.773027531718908,0.35638536725716335
sphere,snake,snake,48,0.0004943146596761517,0.0003858144873836837,4.874242131798764,0.3181342011046993
sphere,snake,snake,49,0.0004943146596761517,0.0003858144873836837,4.972059485040226,0.32477271412826064
sphere,log_improvement_movement_cost3,log_improvement_movement_cost3,0,0.08015530992575305,0.05485467314744848,0.3639167165653361,0.13688279744573245
sphere,log_improvement_movement_cost3,log_improvement_movement_cost3,1,0.03022581929055824,0.0347268685767692,0.4526593645863777,0.12574016076016037
sphere,log_improvement_movement_cost3,log_improvement_movement_cost3,2,0.027547776903197152,0.03656088107588748,0.48888936695023366,0.12287242383958374
sphere,log_improvement_movement_cost3,log_improvement_movement_cost3,3,0.005134286083089307,0.004865613416614211,0.5458472138249146,0.16188100986790024
sphere,log_improvement_movement_cost3,log_improvement_movement_cost3,4,0.003413278610731501,0.0027191764607741647,0.5872687869578938,0.18629495437568172
sphere,log_improvement_movement_cost3,log_improvement_movement_cost3,5,0.003411056292029159,0.002716054658438312,0.617677683921923,0.1784351874419794
sphere,log_improvement_movement_cost3,log_improvement_movement_cost3,6,0.0010441118339418985,0.00047065550050422926,0.6554524084477156,0.17906112998656132
sphere,log_improvement_movement_cost3,log_improvement_movement_cost3,7,0.0008131298031134626,0.0002844520907266486,0.6687587117139785,0.1750136489129529
sphere,log_improvement_movement_cost3,log_improvement_movement_cost3,8,0.0006475117387000855,0.00033386536453324796,0.6848131483187396,0.17453060890624508
sphere,log_improvement_movement_cost3,log_improvement_movement_cost3,9,0.0006475117387000855,0.00033386536453324796,0.7116898116762411,0.16532120552391616
sphere,log_improvement_movement_cost3,log_improvement_movement_cost3,10,0.0006475117387000855,0.00033386536453324796,0.7337391051854764,0.15402344599149284
sphere,log_improvement_movement_cost3,log_improvement_movement_cost3,11,0.0006475117387000855,0.00033386536453324796,0.7577879744444295,0.1559388245359551
sphere,log_improvement_movement_cost3,log_improvement_movement_cost3,12,0.0006475117387000855,0.00033386536453324796,0.7755143051002168,0.15838787329844436
sphere,log_improvement_movement_cost3,log_improvement_movement_cost3,13,0.0006475117387000855,0.00033386536453324796,0.7986612397900098,0.15914435303819627
sphere,log_improvement_movement_cost3,log_improvement_movement_cost3,14,0.0005711497651757352,0.000394653487219561,0.8167906889347231,0.15627145948237658
sphere,log_improvement_movement_cost3,log_improvement_movement_cost3,15,0.0005059575667286621,0.0004604512292033394,0.8311662261689596,0.15042399963639644
sphere,log_improvement_movement_cost3,log_improvement_movement_cost3,16,0.00040708098909367126,0.0003321776131168083,0.8553578408871095,0.14003966386758837
sphere,log_improvement_movement_cost3,log_improvement_movement_cost3,17,0.00040708098909367126,0.0003321776131168083,0.8686974178583308,0.13993284572093667
sphere,log_improvement_movement_cost3,log_improvement_movement_cost3,18,0.00022342428102012474,0.0001589612280031393,0.8963457991353124,0.14269535611378859
sphere,log_improvement_movement_cost3,log_improvement_movement_cost3,19,0.00022342428102012474,0.0001589612280031393,0.912426888866075,0.14485177356871345
sphere,log_improvement_movement_cost3,log_improvement_movement_cost3,20,0.00022342428102012474,0.0001589612280031393,0.9359090348123109,0.14481350655506403
sphere,log_improvement_movement_cost3,log_improvement_movement_cost3,21,0.00022342428102012474,0.0001589612280031393,0.9515433939696117,0.1467077851039804
sphere,log_improvement_movement_cost3,log_improvement_movement_cost3,22,0.00022342428102012474,0.0001589612280031393,0.9651469474426243,0.15225643205680223
sphere,log_improvement_movement_cost3,log_improvement_movement_cost3,23,0.00022342428102012474,0.0001589612280031393,0.9853603208030491,0.14780145603520928
sphere,log_improvement_movement_cost3,log_improvement_movement_cost3,24,0.00022342428102012474,0.0001589612280031393,1.0098805926537648,0.14510458752233668
sphere,log_improvement_movement_cost3,log_improvement_movement_cost3,25,0.00022342428102012474,0.0001589612280031393,1.0311393376057714,0.1332207049075865
sphere,log_improvement_movement_cost3,log_improvement_movement_cost3,26,0.00022342428102012474,0.0001589612280031393,1.0517658048886556,0.13534222292167472
sphere,log_improvement_movement_cost3,log_improvement_movement_cost3,27,0.00022342428102012474,0.0001589612280031393,1.0627609610751503,0.1362676137839561
sphere,log_improvement_movement_cost3,log_improvement_movement_cost3,28,0.00014512671427280348,0.0001732642733005075,1.0840849565925474,0.13171762717768434
sphere,log_improvement_movement_cost3,log_improvement_movement_cost3,29,0.00014512671427280348,0.0001732642733005075,1.1016237518233931,0.13810408483400738
sphere,log_improvement_movement_cost3,log_improvement_movement_cost3,30,0.00014512671427280348,0.0001732642733005075,1.1222186393785385,0.12964924081890422
sphere,log_improvement_movement_cost3,log_improvement_movement_cost3,31,0.00014512671427280348,0.0001732642733005075,1.146069537689865,0.12563731814957027
sphere,log_improvement_movement_cost3,log_improvement_movement_cost3,32,0.00014512671427280348,0.0001732642733005075,1.1712078447940026,0.11523073749094913
sphere,log_improvement_movement_cost3,log_improvement_movement_cost3,33,0.00014512671427280348,0.0001732642733005075,1.1994926435326818,0.10984728340437684
sphere,log_improvement_movement_cost3,log_improvement_movement_cost3,34,0.00014512671427280348,0.0001732642733005075,1.2244821028830317,0.11154156925810271
sphere,log_improvement_movement_cost3,log_improvement_movement_cost3,35,0.00014512671427280348,0.0001732642733005075,1.245922890170975,0.10610833817511908
sphere,log_improvement_movement_cost3,log_improvement_movement_cost3,36,0.00014512671427280348,0.0001732642733005075,1.2766850961420826,0.1128044619803024
sphere,log_improvement_movement_cost3,log_improvement_movement_cost3,37,7.88112200291214e-05,7.990052040392468e-05,1.2983901624971776,0.10833649464101101
sphere,log_improvement_movement_cost3,log_improvement_movement_cost3,38,7.88112200291214e-05,7.990052040392468e-05,1.319973607329943,0.11900107835422045
sphere,log_improvement_movement_cost3,log_improvement_movement_cost3,39,7.88112200291214e-05,7.990052040392468e-05,1.3474850155764002,0.115727436950607
sphere,log_improvement_movement_cost3,log_improvement_movement_cost3,40,7.88112200291214e-05,7.990052040392468e-05,1.3701543881717038,0.11202741212085167
sphere,log_improvement_movement_cost3,log_improvement_movement_cost3,41,7.88112200291214e-05,7.990052040392468e-05,1.3854095300409865,0.11268457415134311
sphere,log_improvement_movement_cost3,log_improvement_movement_cost3,42,7.88112200291214e-05,7.990052040392468e-05,1.409518804218811,0.11526721227377669
sphere,log_improvement_movement_cost3,log_improvement_movement_cost3,43,7.88112200291214e-05,7.990052040392468e-05,1.42805192789979,0.11431838038457741
sphere,log_improvement_movement_cost3,log_improvement_movement_cost3,44,7.88112200291214e-05,7.990052040392468e-05,1.4474188850265843,0.11686386512549311
sphere,log_improvement_movement_cost3,log_improvement_movement_cost3,45,7.88112200291214e-05,7.990052040392468e-05,1.4686713055583702,0.12104460019816868
sphere,log_improvement_movement_cost3,log_improvement_movement_cost3,46,7.88112200291214e-05,7.990052040392468e-05,1.4906615573421942,0.12050771760825514
sphere,log_improvement_movement_cost3,log_improvement_movement_cost3,47,7.88112200291214e-05,7.990052040392468e-05,1.5056949473358436,0.12093389100130497
sphere,log_improvement_movement_cost3,log_improvement_movement_cost3,48,7.88112200291214e-05,7.990052040392468e-05,1.5185982973763588,0.12877014010962154
sphere,log_improvement_movement_cost3,log_improvement_movement_cost3,49,7.88112200291214e-05,7.990052040392468e-05,1.530518328067546,0.13038196393005588
sphere,optimistic_selected,optimistic_improvement_movement_cost3,0,0.09417145679603446,0.06383706798545596,0.3545913578692826,0.15138976263649775
sphere,optimistic_selected,optimistic_improvement_movement_cost3,1,0.04162691925298012,0.045077656874484784,0.4377882343875254,0.1390362391208144
sphere,optimistic_selected,optimistic_improvement_movement_cost3,2,0.038442417364894,0.047107770252888675,0.4604345381429387,0.13706946185952074
sphere,optimistic_selected,optimistic_improvement_movement_cost3,3,0.006959073429187762,0.0041265568580339355,0.5209410023057671,0.17892593158062262
sphere,optimistic_selected,optimistic_improvement_movement_cost3,4,0.0033386122190952818,0.0013471557244590533,0.5553973791440155,0.19640807458509352
sphere,optimistic_selected,optimistic_improvement_movement_cost3,5,0.002277030870688889,0.00045769189697044966,0.5820561722657621,0.17643195599171976
sphere,optimistic_selected,optimistic_improvement_movement_cost3,6,0.0020696806355884048,0.0003960029406427021,0.6110808862533522,0.16120457131432117
sphere,optimistic_selected,optimistic_improvement_movement_cost3,7,0.0015938513744127184,6.738985319481531e-05,0.6259691860247963,0.16132654503843255
sphere,optimistic_selected,optimistic_improvement_movement_cost3,8,0.0013428495858426035,0.00031816428766334585,0.6399992372675577,0.1596905743605507
sphere,optimistic_selected,optimistic_improvement_movement_cost3,9,0.0010030991812100586,0.00047507317714489853,0.668737849148526,0.14796061764242305
sphere,optimistic_selected,optimistic_improvement_movement_cost3,10,0.0010030991812100586,0.00047507317714489853,0.694870048275598,0.1410752239523765
sphere,optimistic_selected,optimistic_improvement_movement_cost3,11,0.0010030991812100586,0.00047507317714489853,0.7200803380958257,0.14267163164591848
sphere,optimistic_selected,optimistic_improvement_movement_cost3,12,0.0010030991812100586,0.00047507317714489853,0.7359410385836881,0.15127273910996925
sphere,optimistic_selected,optimistic_improvement_movement_cost3,13,0.0010030991812100586,0.00047507317714489853,0.7609217226645448,0.15163677247835314
sphere,optimistic_selected,optimistic_improvement_movement_cost3,14,0.0007912581146565198,0.0002895292098951969,0.7801620878732968,0.1486955506390173
sphere,optimistic_selected,optimistic_improvement_movement_cost3,15,0.0006953902208992139,0.00040231086534602657,0.7958183090892229,0.14535184207843954
sphere,optimistic_selected,optimistic_improvement_movement_cost3,16,0.0004673641028487446,0.0002145672232144706,0.8157014282747412,0.13692890145102266
sphere,optimistic_selected,optimistic_improvement_movement_cost3,17,0.0004673641028487446,0.0002145672232144706,0.8284046129897095,0.1344483699918755
sphere,optimistic_selected,optimistic_improvement_movement_cost3,18,0.00037908161857361813,0.00023884985770060462,0.8541832828310024,0.13656755031214238
sphere,optimistic_selected,optimistic_improvement_movement_cost3,19,0.00027018644121423946,8.566043835321429e-05,0.8685452812782444,0.13932863060296222
sphere,optimistic_selected,optimistic_improvement_movement_cost3,20,0.0002567794295276896,9.888554965626526e-05,0.8891881998958571,0.13902169294391398
sphere,optimistic_selected,optimistic_improvement_movement_cost3,21,0.00022141443786208965,5.375113109593024e-05,0.9041340903664336,0.14477157879731795
sphere,optimistic_selected,optimistic_improvement_movement_cost3,22,0.00019705989668141626,8.625237056952217e-05,0.917073998502891,0.15085530438370315
sphere,optimistic_selected,optimistic_improvement_movement_cost3,23,0.00019705989668141626,8.625237056952217e-05,0.932876915074958,0.1539385699818014
sphere,optimistic_selected,optimistic_improvement_movement_cost3,24,0.00019705989668141626,8.625237056952217e-05,0.9551176309507105,0.15313320236846015
sphere,optimistic_selected,optimistic_improvement_movement_cost3,25,0.00019705989668141626,8.625237056952217e-05,0.9737067921000078,0.1443912766307155
sphere,optimistic_selected,optimistic_improvement_movement_cost3,26,0.00019705989668141626,8.625237056952217e-05,0.9947556167519801,0.14816557398618949
sphere,optimistic_selected,optimistic_improvement_movement_cost3,27,0.00017589668723261604,0.00011541277576909084,1.007446484430069,0.14565598088366255
sphere,optimistic_selected,optimistic_improvement_movement_cost3,28,0.00017589668723261604,0.00011541277576909084,1.0321345839087408,0.13982041150948357
sphere,optimistic_selected,optimistic_improvement_movement_cost3,29,0.00017589668723261604,0.00011541277576909084,1.0538297620919421,0.14179446779418856
sphere,optimistic_selected,optimistic_improvement_movement_cost3,30,0.00017589668723261604,0.00011541277576909084,1.073898420806132,0.13648167536380912
sphere,optimistic_selected,optimistic_improvement_movement_cost3,31,0.00017589668723261604,0.00011541277576909084,1.0960729247628713,0.13297609263870322
sphere,optimistic_selected,optimistic_improvement_movement_cost3,32,0.00017589668723261604,0.00011541277576909084,1.120030367628967,0.1229969416370038
sphere,optimistic_selected,optimistic_improvement_movement_cost3,33,0.00017589668723261604,0.00011541277576909084,1.1511595251886675,0.11659423693386493
sphere,optimistic_selected,optimistic_improvement_movement_cost3,34,0.00017589668723261604,0.00011541277576909084,1.174767425402384,0.11908284180636906
sphere,optimistic_selected,optimistic_improvement_movement_cost3,35,0.00017589668723261604,0.00011541277576909084,1.1963661678528321,0.10972620814302317
sphere,optimistic_selected,optimistic_improvement_movement_cost3,36,0.00017589668723261604,0.00011541277576909084,1.224055601735594,0.11448985048149576
sphere,optimistic_selected,optimistic_improvement_movement_cost3,37,0.00017589668723261604,0.00011541277576909084,1.2473162517008334,0.11079769869915107
sphere,optimistic_selected,optimistic_improvement_movement_cost3,38,0.00017589668723261604,0.00011541277576909084,1.2728032176389956,0.11863333340032572
sphere,optimistic_selected,optimistic_improvement_movement_cost3,39,0.00017589668723261604,0.00011541277576909084,1.2989366865735263,0.11543422124949594
sphere,optimistic_selected,optimistic_improvement_movement_cost3,40,0.00017589668723261604,0.00011541277576909084,1.316934093575002,0.1125084089501039
sphere,optimistic_selected,optimistic_improvement_movement_cost3,41,0.00017589668723261604,0.00011541277576909084,1.3303993259374651,0.1149027349185212
sphere,optimistic_selected,optimistic_improvement_movement_cost3,42,0.00017589668723261604,0.00011541277576909084,1.351546493407607,0.11691677703859857
sphere,optimistic_selected,optimistic_improvement_movement_cost3,43,0.00017589668723261604,0.00011541277576909084,1.36843876217097,0.11830539052851605
sphere,optimistic_selected,optimistic_improvement_movement_cost3,44,0.00017589668723261604,0.00011541277576909084,1.386676753074906,0.11877259777241526
sphere,optimistic_selected,optimistic_improvement_movement_cost3,45,0.00017589668723261604,0.00011541277576909084,1.4155494745395567,0.1223800141606913
sphere,optimistic_selected,optimistic_improvement_movement_cost3,46,0.00017589668723261604,0.00011541277576909084,1.4453075814067209,0.122130068713505
sphere,optimistic_selected,optimistic_improvement_movement_cost3,47,0.00017589668723261604,0.00011541277576909084,1.4591471310518556,0.12011173530491354
sphere,optimistic_selected,optimistic_improvement_movement_cost3,48,0.00017589668723261604,0.00011541277576909084,1.475879556466217,0.12420974883437277
sphere,optimistic_selected,optimistic_improvement_movement_cost3,49,0.00017589668723261604,0.00011541277576909084,1.4863353366164536,0.12410645014400364
sphere,budgeted_exploration,budgeted_exploration,0,0.08421454982754058,0.05754848133511246,0.36156620945587203,0.13862580079038775
sphere,budgeted_exploration,budgeted_exploration,1,0.04653051232072317,0.05204512830642253,0.4745493752079067,0.11834648928800644
sphere,budgeted_exploration,budgeted_exploration,2,0.043048716819144045,0.05420346562466229,0.5740810689989017,0.12999232650770795
sphere,budgeted_exploration,budgeted_exploration,3,0.004174303728682935,0.001742533722208444,0.7145401064134672,0.22720259469557164
sphere,budgeted_exploration,budgeted_exploration,4,0.002492499280361405,0.0006438505057141957,0.773584037339991,0.22387225294427676
sphere,budgeted_exploration,budgeted_exploration,5,0.0024229200505895237,0.0006336261404178128,0.8033054889817226,0.22828959323764603
sphere,budgeted_exploration,budgeted_exploration,6,0.0017813596748577892,0.0008319707005424096,0.8552125421291471,0.22508431894045927
sphere,budgeted_exploration,budgeted_exploration,7,0.0017813596748577892,0.0008319707005424096,0.9048726557814609,0.23854439231898025
sphere,budgeted_exploration,budgeted_exploration,8,0.0017813596748577892,0.0008319707005424096,0.9527402149531575,0.2547893178243511
sphere,budgeted_exploration,budgeted_exploration,9,0.0014082668503394534,0.0006888226266623913,0.9832013856505976,0.24650842166365153
sphere,budgeted_exploration,budgeted_exploration,10,0.0006929097392969472,0.00023791240620900936,1.0064094123225582,0.24979778012246853
sphere,budgeted_exploration,budgeted_exploration,11,0.0005537346372275903,0.0001719704558707471,1.0239830021676435,0.2636523034903441
sphere,budgeted_exploration,budgeted_exploration,12,0.0005537346372275903,0.0001719704558707471,1.052683172468842,0.27177938748532415
sphere,budgeted_exploration,budgeted_exploration,13,0.0004937761626967026,0.0002431406142249378,1.0821036804402182,0.2699457659347954
sphere,budgeted_exploration,budgeted_exploration,14,0.00047358423526521826,0.0002197373411872729,1.1034761636154207,0.26787087333995496
sphere,budgeted_exploration,budgeted_exploration,15,0.0003960773558872015,0.0001478077786242811,1.1285203642518358,0.26446763562311787
sphere,budgeted_exploration,budgeted_exploration,16,0.0003960773558872015,0.0001478077786242811,1.152159388770406,0.2562247758120496
sphere,budgeted_exploration,budgeted_exploration,17,0.0003960773558872015,0.0001478077786242811,1.1695221493264485,0.25742143317300414
sphere,budgeted_exploration,budgeted_exploration,18,0.0003960773558872015,0.0001478077786242811,1.19420090307693,0.2653844451542671
sphere,budgeted_exploration,budgeted_exploration,19,0.0003960773558872015,0.0001478077786242811,1.207951392430418,0.26858977282659385
sphere,budgeted_exploration,budgeted_exploration,20,0.0003341057467206609,0.00013415001186175063,1.2292876313680645,0.2664469194215424
sphere,budgeted_exploration,budgeted_exploration,21,0.0003341057467206609,0.00013415001186175063,1.244415175188627,0.2679435047414681
sphere,budgeted_exploration,budgeted_exploration,22,0.0002877095898500017,0.00015864698477469535,1.2611167178361782,0.271270215869267
sphere,budgeted_exploration,budgeted_exploration,23,0.00023620386179322577,8.605165726363343e-05,1.272815084113263,0.2717734187564154
sphere,budgeted_exploration,budgeted_exploration,24,0.00023620386179322577,8.605165726363343e-05,1.2947135376034793,0.26752706587095293
sphere,budgeted_exploration,budgeted_exploration,25,0.00023620386179322577,8.605165726363343e-05,1.310992095271578,0.25494140501917817
sphere,budgeted_exploration,budgeted_exploration,26,0.00023620386179322577,8.605165726363343e-05,1.3285939797811686,0.25537253502014085
sphere,budgeted_exploration,budgeted_exploration,27,0.00023620386179322577,8.605165726363343e-05,1.3448670113767678,0.250708909665216
sphere,budgeted_exploration,budgeted_exploration,28,0.00023620386179322577,8.605165726363343e-05,1.3673258257723704,0.24771983560506947
sphere,budgeted_exploration,budgeted_exploration,29,0.00023620386179322577,8.605165726363343e-05,1.3912018409435827,0.2462826298456953
sphere,budgeted_exploration,budgeted_exploration,30,0.00023620386179322577,8.605165726363343e-05,1.4106547492904975,0.23657268964721936
sphere,budgeted_exploration,budgeted_exploration,31,0.00023620386179322577,8.605165726363343e-05,1.4307621430621513,0.23601676571216354
sphere,budgeted_exploration,budgeted_exploration,32,0.00023620386179322577,8.605165726363343e-05,1.465759790518578,0.21574652985592302
sphere,budgeted_exploration,budgeted_exploration,33,0.00023620386179322577,8.605165726363343e-05,1.4921380390090386,0.2133858494518746
sphere,budgeted_exploration,budgeted_exploration,34,0.00023620386179322577,8.605165726363343e-05,1.5126455810230268,0.21291188450328874
sphere,budgeted_exploration,budgeted_exploration,35,0.00023620386179322577,8.605165726363343e-05,1.5369746076734394,0.21046124155377038
sphere,budgeted_exploration,budgeted_exploration,36,0.00023620386179322577,8.605165726363343e-05,1.5695232485797312,0.2193621985211704
sphere,budgeted_exploration,budgeted_exploration,37,0.00023620386179322577,8.605165726363343e-05,1.593314387517676,0.2126998623893378
sphere,budgeted_exploration,budgeted_exploration,38,0.00023620386179322577,8.605165726363343e-05,1.6177382291206086,0.22293156246689308
sphere,budgeted_exploration,budgeted_exploration,39,0.00023620386179322577,8.605165726363343e-05,1.6478843827213339,0.21861547277158744
sphere,budgeted_exploration,budgeted_exploration,40,0.00023620386179322577,8.605165726363343e-05,1.6624508403656988,0.21386195773015318
sphere,budgeted_exploration,budgeted_exploration,41,0.00023620386179322577,8.605165726363343e-05,1.6777314515492832,0.2173710399879294
sphere,budgeted_exploration,budgeted_exploration,42,0.00023620386179322577,8.605165726363343e-05,1.701936747580703,0.21715725095871274
sphere,budgeted_exploration,budgeted_exploration,43,0.00019288432832445523,2.607383963720595e-05,1.7260373653123047,0.22269493261387277
sphere,budgeted_exploration,budgeted_exploration,44,0.00017768638310094412,4.4936503691097354e-05,1.7458699889553488,0.21630628410968145
sphere,budgeted_exploration,budgeted_exploration,45,0.00017768638310094412,4.4936503691097354e-05,1.7704579591856653,0.21048357920997157
sphere,budgeted_exploration,budgeted_exploration,46,0.00017768638310094412,4.4936503691097354e-05,1.8005751081269263,0.20358698325148605
sphere,budgeted_exploration,budgeted_exploration,47,0.00017768638310094412,4.4936503691097354e-05,1.8233978761917295,0.1999407930455645
sphere,budgeted_exploration,budgeted_exploration,48,0.00017768638310094412,4.4936503691097354e-05,1.8432816111878534,0.2008511115325795
sphere,budgeted_exploration,budgeted_exploration,49,0.00017768638310094412,4.4936503691097354e-05,1.8560988504235147,0.20234051951015475
sphere,lookahead_budgeted_exploration,lookahead_budgeted_exploration,0,0.11793569063455338,0.08497568413660443,0.36109891497718793,0.14186383057580987
sphere,lookahead_budgeted_exploration,lookahead_budgeted_exploration,1,0.06984832655486681,0.06505124331942988,0.4552112104661042,0.14259222619878553
sphere,lookahead_budgeted_exploration,lookahead_budgeted_exploration,2,0.027682464885276283,0.02091455249697193,0.5882531309154642,0.18999017954233363
sphere,lookahead_budgeted_exploration,lookahead_budgeted_exploration,3,0.004929199480490997,0.0034614682985970044,0.7156234240154568,0.1972892258111959
sphere,lookahead_budgeted_exploration,lookahead_budgeted_exploration,4,0.0045558137747781875,0.003274554497001857,0.7593899280898708,0.18914426812476778
sphere,lookahead_budgeted_exploration,lookahead_budgeted_exploration,5,0.0045558137747781875,0.003274554497001857,0.8483148824608224,0.1877274212528661
sphere,lookahead_budgeted_exploration,lookahead_budgeted_exploration,6,0.004139195813962534,0.002900356341540403,0.9040366889246073,0.18322613568261448
sphere,lookahead_budgeted_exploration,lookahead_budgeted_exploration,7,0.000459988936241746,0.0004248249857348019,0.9725363611161129,0.15511731652784375
sphere,lookahead_budgeted_exploration,lookahead_budgeted_exploration,8,0.000459988936241746,0.0004248249857348019,0.9964549571492851,0.15209459979403647
sphere,lookahead_budgeted_exploration,lookahead_budgeted_exploration,9,0.0001192925587771387,0.00011434233680128639,1.0365214541535543,0.14216045483758635
sphere,lookahead_budgeted_exploration,lookahead_budgeted_exploration,10,0.0001192925587771387,0.00011434233680128639,1.0585376319600142,0.1396158788892038
sphere,lookahead_budgeted_exploration,lookahead_budgeted_exploration,11,0.0001192925587771387,0.00011434233680128639,1.0907187199911659,0.13731038613729485
sphere,lookahead_budgeted_exploration,lookahead_budgeted_exploration,12,0.0001192925587771387,0.00011434233680128639,1.1196850471294244,0.13783873406364414
sphere,lookahead_budgeted_exploration,lookahead_budgeted_exploration,13,0.0001192925587771387,0.00011434233680128639,1.146693275601552,0.14799327155739306
sphere,lookahead_budgeted_exploration,lookahead_budgeted_exploration,14,0.0001192925587771387,0.00011434233680128639,1.1639346246571662,0.15392381149840836
sphere,lookahead_budgeted_exploration,lookahead_budgeted_exploration,15,0.0001192925587771387,0.00011434233680128639,1.192709190039263,0.1490316867525074
sphere,lookahead_budgeted_exploration,lookahead_budgeted_exploration,16,0.0001192925587771387,0.00011434233680128639,1.2265836766593814,0.1346518867959601
sphere,lookahead_budgeted_exploration,lookahead_budgeted_exploration,17,0.0001192925587771387,0.00011434233680128639,1.239462014481884,0.1363958606697441
sphere,lookahead_budgeted_exploration,lookahead_budgeted_exploration,18,0.0001192925587771387,0.00011434233680128639,1.261111701076487,0.1458634745536074
sphere,lookahead_budgeted_exploration,lookahead_budgeted_exploration,19,0.0001192925587771387,0.00011434233680128639,1.296473977436919,0.13721772819480194
sphere,lookahead_budgeted_exploration,lookahead_budgeted_exploration,20,0.0001192925587771387,0.00011434233680128639,1.32151233602736,0.14166603583936083
sphere,lookahead_budgeted_exploration,lookahead_budgeted_exploration,21,0.0001192925587771387,0.00011434233680128639,1.3405842823631016,0.14366710548514008
sphere,lookahead_budgeted_exploration,lookahead_budgeted_exploration,22,0.0001192925587771387,0.00011434233680128639,1.3635666389667598,0.1444033246318772
sphere,lookahead_budgeted_exploration,lookahead_budgeted_exploration,23,0.0001192925587771387,0.00011434233680128639,1.3792643877409148,0.14094483034457958
sphere,lookahead_budgeted_exploration,lookahead_budgeted_exploration,24,0.0001192925587771387,0.00011434233680128639,1.3924552561519448,0.1468989192621169
sphere,lookahead_budgeted_exploration,lookahead_budgeted_exploration,25,0.0001192925587771387,0.00011434233680128639,1.4158910851177537,0.14099536670876017
sphere,lookahead_budgeted_exploration,lookahead_budgeted_exploration,26,0.0001192925587771387,0.00011434233680128639,1.4391777397560848,0.1459996635832192
sphere,lookahead_budgeted_exploration,lookahead_budgeted_exploration,27,0.0001192925587771387,0.00011434233680128639,1.4678396703358534,0.14256380027823376
sphere,lookahead_budgeted_exploration,lookahead_budgeted_exploration,28,0.0001192925587771387,0.00011434233680128639,1.5073523092091676,0.1281781731506867
sphere,lookahead_budgeted_exploration,lookahead_budgeted_exploration,29,0.0001192925587771387,0.00011434233680128639,1.5452862525749023,0.11356212041026573
sphere,lookahead_budgeted_exploration,lookahead_budgeted_exploration,30,0.0001192925587771387,0.00011434233680128639,1.567626279516543,0.11172212786847512
sphere,lookahead_budgeted_exploration,lookahead_budgeted_exploration,31,0.0001192925587771387,0.00011434233680128639,1.5935293562876487,0.10880378821975997
sphere,lookahead_budgeted_exploration,lookahead_budgeted_exploration,32,0.0001192925587771387,0.00011434233680128639,1.6264032740075403,0.105895087425838
sphere,lookahead_budgeted_exploration,lookahead_budgeted_exploration,33,0.0001192925587771387,0.00011434233680128639,1.6479381382991658,0.10103677252558552
sphere,lookahead_budgeted_exploration,lookahead_budgeted_exploration,34,0.0001192925587771387,0.00011434233680128639,1.6757072943596125,0.08898832839793062
sphere,lookahead_budgeted_exploration,lookahead_budgeted_exploration,35,0.0001192925587771387,0.00011434233680128639,1.6898785956402813,0.08854204939047673
sphere,lookahead_budgeted_exploration,lookahead_budgeted_exploration,36,0.0001192925587771387,0.00011434233680128639,1.7345149501525496,0.0915537168382621
sphere,lookahead_budgeted_exploration,lookahead_budgeted_exploration,37,4.819102000852845e-05,1.7765583923888602e-05,1.7617156215360854,0.09335733738252001
sphere,lookahead_budgeted_exploration,lookahead_budgeted_exploration,38,4.819102000852845e-05,1.7765583923888602e-05,1.7790614271575584,0.0936143928558751
sphere,lookahead_budgeted_exploration,lookahead_budgeted_exploration,39,4.819102000852845e-05,1.7765583923888602e-05,1.8014240138771154,0.0971586155937033
sphere,lookahead_budgeted_exploration,lookahead_budgeted_exploration,40,4.819102000852845e-05,1.7765583923888602e-05,1.8238545879523869,0.10067117864097082
sphere,lookahead_budgeted_exploration,lookahead_budgeted_exploration,41,4.819102000852845e-05,1.7765583923888602e-05,1.8533266260878698,0.09753068032177886
sphere,lookahead_budgeted_exploration,lookahead_budgeted_exploration,42,4.819102000852845e-05,1.7765583923888602e-05,1.8867845085043156,0.09666706902206358
sphere,lookahead_budgeted_exploration,lookahead_budgeted_exploration,43,4.819102000852845e-05,1.7765583923888602e-05,1.9158890457344437,0.10483563511012349
sphere,lookahead_budgeted_exploration,lookahead_budgeted_exploration,44,4.819102000852845e-05,1.7765583923888602e-05,1.9387641585270297,0.10652257157032047
sphere,lookahead_budgeted_exploration,lookahead_budgeted_exploration,45,4.819102000852845e-05,1.7765583923888602e-05,1.9512345424684074,0.09891223424445403
sphere,lookahead_budgeted_exploration,lookahead_budgeted_exploration,46,4.819102000852845e-05,1.7765583923888602e-05,1.9826176262456254,0.09398431151878431
sphere,lookahead_budgeted_exploration,lookahead_budgeted_exploration,47,4.819102000852845e-05,1.7765583923888602e-05,2.000846047109087,0.09058942897979791
sphere,lookahead_budgeted_exploration,lookahead_budgeted_exploration,48,4.819102000852845e-05,1.7765583923888602e-05,2.02297597801131,0.086270558582282
sphere,lookahead_budgeted_exploration,lookahead_budgeted_exploration,49,4.819102000852845e-05,1.7765583923888602e-05,2.0464805600723963,0.09924775519529075
sum_square,pure_bo,pure_bo,0,0.037840626688896824,0.027684612947392537,0.3627127809078754,0.10022373594575153
sum_square,pure_bo,pure_bo,1,0.017895147506624798,0.005742693105229433,0.5480163851089189,0.05453821021359041
sum_square,pure_bo,pure_bo,2,0.017895147506624798,0.005742693105229433,0.7572175960258202,0.13344369241584758
sum_square,pure_bo,pure_bo,3,0.017895147506624798,0.005742693105229433,1.4671198897141704,0.119654759625406
sum_square,pure_bo,pure_bo,4,0.017895147506624798,0.005742693105229433,2.4952832276631125,0.12126555426026092
sum_square,pure_bo,pure_bo,5,0.017895147506624798,0.005742693105229433,3.332799637810448,0.26796917133524706
sum_square,pure_bo,pure_bo,6,0.017895147506624798,0.005742693105229433,4.415548279120712,0.25699962111057334
sum_square,pure_bo,pure_bo,7,0.012260067470041136,0.003147941037869554,5.1791783961857485,0.2349536647894971
sum_square,pure_bo,pure_bo,8,0.012260067470041136,0.003147941037869554,5.558142856189832,0.4047810069350121
sum_square,pure_bo,pure_bo,9,0.012260067470041136,0.003147941037869554,6.1228377825554405,0.6026734515115209
sum_square,pure_bo,pure_bo,10,0.012260067470041136,0.003147941037869554,6.626804883038926,0.4571120628178558
sum_square,pure_bo,pure_bo,11,0.012260067470041136,0.003147941037869554,7.4150739343407395,0.18197533931502785
sum_square,pure_bo,pure_bo,12,0.012260067470041136,0.003147941037869554,7.966350653917029,0.20499624296349425
sum_square,pure_bo,pure_bo,13,0.012260067470041136,0.003147941037869554,8.680481743647247,0.1304793684862002
sum_square,pure_bo,pure_bo,14,0.012260067470041136,0.003147941037869554,9.57968077623279,0.29293407516221076
sum_square,pure_bo,pure_bo,15,0.012260067470041136,0.003147941037869554,10.251310113083283,0.49795322706339723
sum_square,pure_bo,pure_bo,16,0.012260067470041136,0.003147941037869554,10.954345059848244,0.4475667676309355
sum_square,pure_bo,pure_bo,17,0.012260067470041136,0.003147941037869554,11.560488283240032,0.5710455495433545
sum_square,pure_bo,pure_bo,18,0.012260067470041136,0.003147941037869554,12.109002880447216,0.7054806139672087
sum_square,pure_bo,pure_bo,19,0.012260067470041136,0.003147941037869554,12.67861626867105,0.7922162100406189
sum_square,pure_bo,pure_bo,20,0.012260067470041136,0.003147941037869554,13.42809568370405,0.784465792999156
sum_square,pure_bo,pure_bo,21,0.012260067470041136,0.003147941037869554,14.024241315755155,0.6309563256828237
sum_square,pure_bo,pure_bo,22,0.012260067470041136,0.003147941037869554,14.612358016773557,0.9221398270610879
sum_square,pure_bo,pure_bo,23,0.012260067470041136,0.003147941037869554,15.44358904692499,0.9780396017362922
sum_square,pure_bo,pure_bo,24,0.012260067470041136,0.003147941037869554,15.871865255087974,1.1781912267636625
sum_square,pure_bo,pure_bo,25,0.012260067470041136,0.003147941037869554,16.112950072654524,1.4413959880751044
sum_square,pure_bo,pure_bo,26,0.012260067470041136,0.003147941037869554,16.24953965403994,1.6035688373620358
sum_square,pure_bo,pure_bo,27,0.012260067470041136,0.003147941037869554,16.547593378787003,1.9768856992908825
sum_square,pure_bo,pure_bo,28,0.012260067470041136,0.003147941037869554,16.547593378787003,1.9768856992908825
sum_square,pure_bo,pure_bo,29,0.012260067470041136,0.003147941037869554,16.547593378787003,1.9768856992908825
sum_square,pure_bo,pure_bo,30,0.012260067470041136,0.003147941037869554,16.547593378787003,1.9768856992908825
sum_square,pure_bo,pure_bo,31,0.012260067470041136,0.003147941037869554,16.547593378787003,1.9768856992908825
sum_square,pure_bo,pure_bo,32,0.012260067470041136,0.003147941037869554,16.547593378787003,1.9768856992908825
sum_square,pure_bo,pure_bo,33,0.012260067470041136,0.003147941037869554,16.821779814223817,2.334842065098172
sum_square,pure_bo,pure_bo,34,0.012260067470041136,0.003147941037869554,17.09596624966063,2.701038814114519
sum_square,pure_bo,pure_bo,35,0.012260067470041136,0.003147941037869554,17.09596624966063,2.701038814114519
sum_square,pure_bo,pure_bo,36,0.012260067470041136,0.003147941037869554,17.09596624966063,2.701038814114519
sum_square,pure_bo,pure_bo,37,0.012260067470041136,0.003147941037869554,17.09596624966063,2.701038814114519
sum_square,pure_bo,pure_bo,38,0.012260067470041136,0.003147941037869554,17.09596624966063,2.701038814114519
sum_square,pure_bo,pure_bo,39,0.012260067470041136,0.003147941037869554,17.09596624966063,2.701038814114519
sum_square,pure_bo,pure_bo,40,0.012260067470041136,0.003147941037869554,17.09596624966063,2.701038814114519
sum_square,pure_bo,pure_bo,41,0.012260067470041136,0.003147941037869554,17.09596624966063,2.701038814114519
sum_square,pure_bo,pure_bo,42,0.012260067470041136,0.003147941037869554,17.09596624966063,2.701038814114519
sum_square,pure_bo,pure_bo,43,0.012260067470041136,0.003147941037869554,17.09596624966063,2.701038814114519
sum_square,pure_bo,pure_bo,44,0.012260067470041136,0.003147941037869554,17.09596624966063,2.701038814114519
sum_square,pure_bo,pure_bo,45,0.012260067470041136,0.003147941037869554,17.09596624966063,2.701038814114519
sum_square,pure_bo,pure_bo,46,0.012260067470041136,0.003147941037869554,17.09596624966063,2.701038814114519
sum_square,pure_bo,pure_bo,47,0.012260067470041136,0.003147941037869554,17.09596624966063,2.701038814114519
sum_square,pure_bo,pure_bo,48,0.012260067470041136,0.003147941037869554,17.09596624966063,2.701038814114519
sum_square,pure_bo,pure_bo,49,0.012260067470041136,0.003147941037869554,17.304152480047232,2.6544404424016568
sum_square,earlbo,earlbo,0,0.1117189508181944,0.04868133766649244,0.35261684571182955,0.09324113535001365
sum_square,earlbo,earlbo,1,0.042708067929902914,0.044936550772154006,0.4809944689782549,0.09106782205241407
sum_square,earlbo,earlbo,2,0.023771478526672263,0.018192434124771596,0.5323544263782966,0.07916282069458258
sum_square,earlbo,earlbo,3,0.012366106983544905,0.0024937853148307636,0.6091050211820516,0.08822426208921424
sum_square,earlbo,earlbo,4,0.007610131141655999,0.005413431982429842,0.6648278511659499,0.09875734628800174
sum_square,earlbo,earlbo,5,0.004934438476703016,0.00268846015105041,0.7130855577394707,0.09713946280611455
sum_square,earlbo,earlbo,6,0.004934438476703016,0.00268846015105041,0.7750617502477787,0.06777312433581444
sum_square,earlbo,earlbo,7,0.0043925540834185844,0.0031181698663759814,0.8498113015609365,0.07920342177714061
sum_square,earlbo,earlbo,8,0.003879366270959115,0.00240688999260623,0.9427179834285976,0.1091870845153495
sum_square,earlbo,earlbo,9,0.0019552674980425223,0.0006618252478618226,1.0270986149286032,0.14283051072115327
sum_square,earlbo,earlbo,10,0.0019552674980425223,0.0006618252478618226,1.077597229066089,0.16331984746051514
sum_square,earlbo,earlbo,11,0.0019552674980425223,0.0006618252478618226,1.1442211686269836,0.17375917208326938
sum_square,earlbo,earlbo,12,0.0019552674980425223,0.0006618252478618226,1.2200237343865405,0.1925934807119452
sum_square,earlbo,earlbo,13,0.0019552674980425223,0.0006618252478618226,1.2800184111737438,0.20902476282061383
sum_square,earlbo,earlbo,14,0.00193791030116678,0.0006373633303755974,1.3487471335549301,0.1781812616636169
sum_square,earlbo,earlbo,15,0.0015284188503804405,7.774293724541133e-05,1.4517035180169637,0.1879432949493656
sum_square,earlbo,earlbo,16,0.0015284188503804405,7.774293724541133e-05,1.54742293839839,0.2417809369588478
sum_square,earlbo,earlbo,17,0.0015284188503804405,7.774293724541133e-05,1.6100913515915483,0.26191526972996604
sum_square,earlbo,earlbo,18,0.0015284188503804405,7.774293724541133e-05,1.7006903608430752,0.26755159580083104
sum_square,earlbo,earlbo,19,0.0015284188503804405,7.774293724541133e-05,1.8110293587449453,0.24839017163237412
sum_square,earlbo,earlbo,20,0.0015284188503804405,7.774293724541133e-05,1.878964619638941,0.23100278105643351
sum_square,earlbo,earlbo,21,0.0015284188503804405,7.774293724541133e-05,1.9403940458579967,0.20768475802548286
sum_square,earlbo,earlbo,22,0.0012156219822370689,0.0004302805941121071,2.034354113027806,0.1629451807813687
sum_square,earlbo,earlbo,23,0.0011363171190589925,0.00040603728381804436,2.105236492319449,0.14856587480695915
sum_square,earlbo,earlbo,24,0.0011363171190589925,0.00040603728381804436,2.1610438648351726,0.14316439862262226
sum_square,earlbo,earlbo,25,0.0011363171190589925,0.00040603728381804436,2.240032994987461,0.17574866764360642
sum_square,earlbo,earlbo,26,0.0011363171190589925,0.00040603728381804436,2.3768059971451714,0.19338736436381324
sum_square,earlbo,earlbo,27,0.0011363171190589925,0.00040603728381804436,2.6132811012569612,0.273286428919641
sum_square,earlbo,earlbo,28,0.0011363171190589925,0.00040603728381804436,2.7136398198567924,0.27029408067730154
sum_square,earlbo,earlbo,29,0.0011363171190589925,0.00040603728381804436,2.7517188833584263,0.27582948948908187
sum_square,earlbo,earlbo,30,0.0011209280707163728,0.00042583756886176323,2.797023514748426,0.2909876692067876
sum_square,earlbo,earlbo,31,0.0011209280707163728,0.00042583756886176323,2.8864476391128124,0.3422348891091816
sum_square,earlbo,earlbo,32,0.0011209280707163728,0.00042583756886176323,3.030141644947682,0.3628796876452115
sum_square,earlbo,earlbo,33,0.0011209280707163728,0.00042583756886176323,3.1349111148887943,0.35334653650864933
sum_square,earlbo,earlbo,34,0.0011209280707163728,0.00042583756886176323,3.23356575305046,0.35345949409700306
sum_square,earlbo,earlbo,35,0.0011209280707163728,0.00042583756886176323,3.350467951182573,0.40121208049665524
sum_square,earlbo,earlbo,36,0.0011209280707163728,0.00042583756886176323,3.4732839383616008,0.39898980689121083
sum_square,earlbo,earlbo,37,0.0011209280707163728,0.00042583756886176323,3.553303244391989,0.3852503361407807
sum_square,earlbo,earlbo,38,0.0011209280707163728,0.00042583756886176323,3.622112447576086,0.4102601232261544
sum_square,earlbo,earlbo,39,0.0011209280707163728,0.00042583756886176323,3.7169567335386855,0.38961558702808136
sum_square,earlbo,earlbo,40,0.0011209280707163728,0.00042583756886176323,3.7876779724570366,0.4187882494953634
sum_square,earlbo,earlbo,41,0.0011209280707163728,0.00042583756886176323,3.9350098273877414,0.43439877967578494
sum_square,earlbo,earlbo,42,0.0011209280707163728,0.00042583756886176323,4.043401350192711,0.46153148268960154
sum_square,earlbo,earlbo,43,0.0011209280707163728,0.00042583756886176323,4.140142813983106,0.4410886431907328
sum_square,earlbo,earlbo,44,0.0011209280707163728,0.00042583756886176323,4.243303921371752,0.43365428434021946
sum_square,earlbo,earlbo,45,0.0011209280707163728,0.00042583756886176323,4.342341016039726,0.4219995793346385
sum_square,earlbo,earlbo,46,0.0011209280707163728,0.00042583756886176323,4.424104243771817,0.3977608667125605
sum_square,earlbo,earlbo,47,0.0011209280707163728,0.00042583756886176323,4.502509114010187,0.41565007842859475
sum_square,earlbo,earlbo,48,0.0011209280707163728,0.00042583756886176323,4.575695093862399,0.40497017250551953
sum_square,earlbo,earlbo,49,0.0009330194473508415,0.00047742727867609066,4.652602972100453,0.41800707802517534
sum_square,snake,snake,0,0.07023198067523893,0.015661695163802142,0.36763303313964174,0.08136278382928536
sum_square,snake,snake,1,0.019522862887974713,0.011596917945254555,0.453919622879738,0.10013293511007001
sum_square,snake,snake,2,0.012860782202707454,0.010243352761670337,0.5042018388407414,0.10794141593971404
sum_square,snake,snake,3,0.009159836217072247,0.008754130529350135,0.5444357413699376,0.08342617261312381
sum_square,snake,snake,4,0.004330586843361245,0.002329633318247121,0.5942304221914553,0.07835069039642735
sum_square,snake,snake,5,0.0040925211683292195,0.002298356753612371,0.8253073980647949,0.18491797847153005
sum_square,snake,snake,6,0.0040925211683292195,0.002298356753612371,1.0656634091591093,0.43806091079639636
sum_square,snake,snake,7,0.0012875619175373109,0.0008299696342988273,1.1236984825994851,0.42897814962493525
sum_square,snake,snake,8,0.0012875619175373109,0.0008299696342988273,1.2534675022800983,0.39741036629468707
sum_square,snake,snake,9,0.0012875619175373109,0.0008299696342988273,1.4368145413855553,0.37111218687905395
sum_square,snake,snake,10,0.0012875619175373109,0.0008299696342988273,1.5929413014886962,0.3846239322876679
sum_square,snake,snake,11,0.0012875619175373109,0.0008299696342988273,1.6966221792396967,0.4066892320287756
sum_square,snake,snake,12,0.0012875619175373109,0.0008299696342988273,1.7342087348637645,0.39249211788566124
sum_square,snake,snake,13,0.0012875619175373109,0.0008299696342988273,1.7930532387437073,0.3837150236330525
sum_square,snake,snake,14,0.0012875619175373109,0.0008299696342988273,1.9031802327805198,0.373700851403088
sum_square,snake,snake,15,0.0012875619175373109,0.0008299696342988273,1.998834949940795,0.3859392436575183
sum_square,snake,snake,16,0.0012875619175373109,0.0008299696342988273,2.106955068950629,0.36751922596427683
sum_square,snake,snake,17,0.0012875619175373109,0.0008299696342988273,2.209972490505766,0.35955310582658545
sum_square,snake,snake,18,0.0012875619175373109,0.0008299696342988273,2.2922677699451253,0.3379590156038229
sum_square,snake,snake,19,0.0012875619175373109,0.0008299696342988273,2.3533305485895224,0.34815965158455925
sum_square,snake,snake,20,0.0012875619175373109,0.0008299696342988273,2.4380426383761944,0.36866944625721165
sum_square,snake,snake,21,0.0012875619175373109,0.0008299696342988273,2.5243860074615037,0.38984846648071586
sum_square,snake,snake,22,0.0012875619175373109,0.0008299696342988273,2.6323723278593927,0.40242224181879693
sum_square,snake,snake,23,0.0012875619175373109,0.0008299696342988273,2.701228500276235,0.37749109831252275
sum_square,snake,snake,24,0.0012875619175373109,0.0008299696342988273,2.814938701992532,0.4118515592855704
sum_square,snake,snake,25,0.0012875619175373109,0.0008299696342988273,2.920280032523197,0.44582602312721126
sum_square,snake,snake,26,0.0012875619175373109,0.0008299696342988273,3.016458011105821,0.42618493428803517
sum_square,snake,snake,27,0.0012875619175373109,0.0008299696342988273,3.1320588811921493,0.4427260480053394
sum_square,snake,snake,28,0.0012875619175373109,0.0008299696342988273,3.2551144339618614,0.43068099990380593
sum_square,snake,snake,29,0.0012875619175373109,0.0008299696342988273,3.3422435752734074,0.4353153875052339
sum_square,snake,snake,30,0.0012875619175373109,0.0008299696342988273,3.421399274292566,0.4303034945834134
sum_square,snake,snake,31,0.0012875619175373109,0.0008299696342988273,3.5016354319159646,0.45227202531361965
sum_square,snake,snake,32,0.0012875619175373109,0.0008299696342988273,3.62619892640855,0.45658366184427973
sum_square,snake,snake,33,0.0012875619175373109,0.0008299696342988273,3.7251893386693893,0.4993472451451008
sum_square,snake,snake,34,0.0012875619175373109,0.0008299696342988273,3.820066625363008,0.4887159995007757
sum_square,snake,snake,35,0.0012875619175373109,0.0008299696342988273,3.9339409088866972,0.5117190927229511
sum_square,snake,snake,36,0.0012875619175373109,0.0008299696342988273,3.9925805897037017,0.5191704123919764
sum_square,snake,snake,37,0.0012875619175373109,0.0008299696342988273,4.1283295956034545,0.5445930669126405
sum_square,snake,snake,38,0.0012875619175373109,0.0008299696342988273,4.248935282017144,0.6022777738237727
sum_square,snake,snake,39,0.0012875619175373109,0.0008299696342988273,4.311310595620359,0.5947845542939433
sum_square,snake,snake,40,0.0012875619175373109,0.0008299696342988273,4.372720424631613,0.6107671380729978
sum_square,snake,snake,41,0.0012875619175373109,0.0008299696342988273,4.419618253073064,0.610900895772899
sum_square,snake,snake,42,0.0012875619175373109,0.0008299696342988273,4.4695701784200415,0.6484350386517288
sum_square,snake,snake,43,0.0012875619175373109,0.0008299696342988273,4.546793597676728,0.6686592377564199
sum_square,snake,snake,44,0.0012875619175373109,0.0008299696342988273,4.64887659399426,0.6611812839572547
sum_square,snake,snake,45,0.0012875619175373109,0.0008299696342988273,4.757262198732566,0.6322286142681613
sum_square,snake,snake,46,0.0012875619175373109,0.0008299696342988273,4.858135567135519,0.6561490909032883
sum_square,snake,snake,47,0.0012875619175373109,0.0008299696342988273,5.003151583114754,0.68172751227606
sum_square,snake,snake,48,0.0012875619175373109,0.0008299696342988273,5.096533937820272,0.6565791788591742
sum_square,snake,snake,49,0.0012875619175373109,0.0008299696342988273,5.193851289973522,0.6607891108285635
sum_square,log_improvement_movement_cost3,log_improvement_movement_cost3,0,0.07717753494710866,0.007887233297759474,0.3720523003466553,0.08643399402494122
sum_square,log_improvement_movement_cost3,log_improvement_movement_cost3,1,0.018748888931590532,0.007621043674321385,0.4581708367053576,0.10515757190526664
sum_square,log_improvement_movement_cost3,log_improvement_movement_cost3,2,0.009112867452406222,0.007874302438066492,0.5059276479953524,0.1144120570618512
sum_square,log_improvement_movement_cost3,log_improvement_movement_cost3,3,0.0050398055738848715,0.003259830118796012,0.5307630073552628,0.10707012743144616
sum_square,log_improvement_movement_cost3,log_improvement_movement_cost3,4,0.0028856320222563885,0.0003055390157851616,0.5559328929044005,0.11334330294748414
sum_square,log_improvement_movement_cost3,log_improvement_movement_cost3,5,0.0027045142096410787,0.0005584856686249016,0.5783856938492279,0.10755235099000095
sum_square,log_improvement_movement_cost3,log_improvement_movement_cost3,6,0.002278621662610099,0.0011588212874653406,0.6054932023686787,0.09890159306165779
sum_square,log_improvement_movement_cost3,log_improvement_movement_cost3,7,0.0017967238822639495,0.0009706487106095336,0.6234791371040452,0.10284141022581096
sum_square,log_improvement_movement_cost3,log_improvement_movement_cost3,8,0.0012487159718131673,0.0004528942213170883,0.6406448397545791,0.09666676321296162
sum_square,log_improvement_movement_cost3,log_improvement_movement_cost3,9,0.0012095417449320006,0.0004454553094964374,0.6650719356626679,0.08978620866755017
sum_square,log_improvement_movement_cost3,log_improvement_movement_cost3,10,0.0011867107833895875,0.0004191432223604275,0.6893239289165871,0.07793012624307394
sum_square,log_improvement_movement_cost3,log_improvement_movement_cost3,11,0.0011867107833895875,0.0004191432223604275,0.7138957227117627,0.07709905114146587
sum_square,log_improvement_movement_cost3,log_improvement_movement_cost3,12,0.0011867107833895875,0.0004191432223604275,0.7290496629812,0.08087045693431653
sum_square,log_improvement_movement_cost3,log_improvement_movement_cost3,13,0.0011705002803789096,0.0004009915431737226,0.7536597567447272,0.07842608630916398
sum_square,log_improvement_movement_cost3,log_improvement_movement_cost3,14,0.0011705002803789096,0.0004009915431737226,0.7705134137057906,0.0824750215688895
sum_square,log_improvement_movement_cost3,log_improvement_movement_cost3,15,0.0011705002803789096,0.0004009915431737226,0.7937414419993627,0.06999248383471546
sum_square,log_improvement_movement_cost3,log_improvement_movement_cost3,16,0.0011705002803789096,0.0004009915431737226,0.8233822605406796,0.05292589621844978
sum_square,log_improvement_movement_cost3,log_improvement_movement_cost3,17,0.0007576173451401077,0.0003687224446728882,0.84252732313458,0.04988208531818916
sum_square,log_improvement_movement_cost3,log_improvement_movement_cost3,18,0.0007576173451401077,0.0003687224446728882,0.8636178026979504,0.05704880415935881
sum_square,log_improvement_movement_cost3,log_improvement_movement_cost3,19,0.0006202189664570265,0.00046129015140167266,0.8790630190409873,0.056857715525405784
sum_square,log_improvement_movement_cost3,log_improvement_movement_cost3,20,0.0002871606547908435,0.00010660520793835225,0.9012072599712523,0.06351382090418155
sum_square,log_improvement_movement_cost3,log_improvement_movement_cost3,21,0.0002871606547908435,0.00010660520793835225,0.9185090845435316,0.0637353278553633
sum_square,log_improvement_movement_cost3,log_improvement_movement_cost3,22,0.0002871606547908435,0.00010660520793835225,0.9349614488955048,0.07083295865716997
sum_square,log_improvement_movement_cost3,log_improvement_movement_cost3,23,0.0002871606547908435,0.00010660520793835225,0.9478739803987016,0.07208468669494006
sum_square,log_improvement_movement_cost3,log_improvement_movement_cost3,24,0.0002871606547908435,0.00010660520793835225,0.9698330728771762,0.07092043506811524
sum_square,log_improvement_movement_cost3,log_improvement_movement_cost3,25,0.0002871606547908435,0.00010660520793835225,0.9932939131312454,0.0681095990240619
sum_square,log_improvement_movement_cost3,log_improvement_movement_cost3,26,0.0002871606547908435,0.00010660520793835225,1.0133747401897433,0.07083536090377693
sum_square,log_improvement_movement_cost3,log_improvement_movement_cost3,27,0.00028523839338627624,0.00010719133963658136,1.0341577719925383,0.06919606294534314
sum_square,log_improvement_movement_cost3,log_improvement_movement_cost3,28,0.00028523839338627624,0.00010719133963658136,1.0612367834299323,0.07574653214699496
sum_square,log_improvement_movement_cost3,log_improvement_movement_cost3,29,0.00028523839338627624,0.00010719133963658136,1.0776247135851846,0.07847258729642662
sum_square,log_improvement_movement_cost3,log_improvement_movement_cost3,30,0.00028523839338627624,0.00010719133963658136,1.10200661896414,0.08436572010322409
sum_square,log_improvement_movement_cost3,log_improvement_movement_cost3,31,0.00028523839338627624,0.00010719133963658136,1.133580479273386,0.09453914265602106
sum_square,log_improvement_movement_cost3,log_improvement_movement_cost3,32,0.00028523839338627624,0.00010719133963658136,1.1670215665464945,0.10970511403139302
sum_square,log_improvement_movement_cost3,log_improvement_movement_cost3,33,0.00028523839338627624,0.00010719133963658136,1.1904414717021021,0.1160970852207682
sum_square,log_improvement_movement_cost3,log_improvement_movement_cost3,34,0.00028523839338627624,0.00010719133963658136,1.21270348442287,0.12338644846633998
sum_square,log_improvement_movement_cost3,log_improvement_movement_cost3,35,0.00028523839338627624,0.00010719133963658136,1.240698937088147,0.10937017760895372
sum_square,log_improvement_movement_cost3,log_improvement_movement_cost3,36,0.00028523839338627624,0.00010719133963658136,1.268944626373856,0.1077439621161418
sum_square,log_improvement_movement_cost3,log_improvement_movement_cost3,37,0.0002805752432487644,0.00010089747417900752,1.2931229370987618,0.11316077749882668
sum_square,log_improvement_movement_cost3,log_improvement_movement_cost3,38,0.0002805752432487644,0.00010089747417900752,1.3160825637357167,0.12016519783903111
sum_square,log_improvement_movement_cost3,log_improvement_movement_cost3,39,0.0002805752432487644,0.00010089747417900752,1.3531890749812148,0.12941016201520159
sum_square,log_improvement_movement_cost3,log_improvement_movement_cost3,40,0.0002805752432487644,0.00010089747417900752,1.3751630310304268,0.14127180476309842
sum_square,log_improvement_movement_cost3,log_improvement_movement_cost3,41,0.0002805752432487644,0.00010089747417900752,1.3970525079185425,0.14713118859720797
sum_square,log_improvement_movement_cost3,log_improvement_movement_cost3,42,0.0002805752432487644,0.00010089747417900752,1.4145814856222056,0.14594919837503362
sum_square,log_improvement_movement_cost3,log_improvement_movement_cost3,43,0.0002805752432487644,0.00010089747417900752,1.4318464304712668,0.1460792216626188
sum_square,log_improvement_movement_cost3,log_improvement_movement_cost3,44,0.0002805752432487644,0.00010089747417900752,1.4482579429059754,0.15670826174328387
sum_square,log_improvement_movement_cost3,log_improvement_movement_cost3,45,0.0002805752432487644,0.00010089747417900752,1.481470978867321,0.16509235973513814
sum_square,log_improvement_movement_cost3,log_improvement_movement_cost3,46,0.0002805752432487644,0.00010089747417900752,1.5136024088260775,0.17076965893218793
sum_square,log_improvement_movement_cost3,log_improvement_movement_cost3,47,0.0002805752432487644,0.00010089747417900752,1.5296612174062012,0.1697579783491186
sum_square,log_improvement_movement_cost3,log_improvement_movement_cost3,48,0.0002805752432487644,0.00010089747417900752,1.5435467808443406,0.16777456927245799
sum_square,log_improvement_movement_cost3,log_improvement_movement_cost3,49,0.0002805752432487644,0.00010089747417900752,1.5626817608298627,0.1652658339978299
sum_square,optimistic_selected,optimistic_improvement_movement_cost2,0,0.0741153646543078,0.03073108780230339,0.3557044744159337,0.07859040044327081
sum_square,optimistic_selected,optimistic_improvement_movement_cost2,1,0.021852211049223424,0.0164215095964777,0.4350497632996939,0.0788933142345374
sum_square,optimistic_selected,optimistic_improvement_movement_cost2,2,0.015521098905893633,0.018465349903285282,0.4960040808612334,0.0743412124360656
sum_square,optimistic_selected,optimistic_improvement_movement_cost2,3,0.008438433628965831,0.008473878635711076,0.5652837920789923,0.05370377968871349
sum_square,optimistic_selected,optimistic_improvement_movement_cost2,4,0.00415406377733741,0.0025276228435638054,0.6187627401481236,0.04740431830003337
sum_square,optimistic_selected,optimistic_improvement_movement_cost2,5,0.0023012407346655567,0.0010065194461897225,0.6474662619190894,0.04527821427523697
sum_square,optimistic_selected,optimistic_improvement_movement_cost2,6,0.0020251606505526307,0.0012012667143456973,0.6777451724734354,0.06297766329697292
sum_square,optimistic_selected,optimistic_improvement_movement_cost2,7,0.001717972516754241,0.0011389546139834031,0.7024810310325664,0.06662180167692665
sum_square,optimistic_selected,optimistic_improvement_movement_cost2,8,0.0016536280572133554,0.0011603956915575775,0.7162566400189596,0.061413018288711776
sum_square,optimistic_selected,optimistic_improvement_movement_cost2,9,0.0016536280572133554,0.0011603956915575775,0.7367195575323052,0.05778665232556013
sum_square,optimistic_selected,optimistic_improvement_movement_cost2,10,0.0010075369671798276,0.0003541779450541997,0.7538496264308726,0.05000626945593982
sum_square,optimistic_selected,optimistic_improvement_movement_cost2,11,0.0010075369671798276,0.0003541779450541997,0.7763048674177918,0.050492193260997714
sum_square,optimistic_selected,optimistic_improvement_movement_cost2,12,0.0010075369671798276,0.0003541779450541997,0.7931090591192933,0.05429883386227975
sum_square,optimistic_selected,optimistic_improvement_movement_cost2,13,0.0010075369671798276,0.0003541779450541997,0.8217863877365522,0.06354481530232976
sum_square,optimistic_selected,optimistic_improvement_movement_cost2,14,0.0010075369671798276,0.0003541779450541997,0.8421878458093345,0.07088833996175273
sum_square,optimistic_selected,optimistic_improvement_movement_cost2,15,0.0007731639050586576,0.00037707824089349437,0.8612614643105921,0.06740145238086026
sum_square,optimistic_selected,optimistic_improvement_movement_cost2,16,0.0007731639050586576,0.00037707824089349437,0.8868574535160652,0.05498538423362233
sum_square,optimistic_selected,optimistic_improvement_movement_cost2,17,0.0006512743787553872,0.00020470938846908553,0.9083340576669371,0.050620199686208116
sum_square,optimistic_selected,optimistic_improvement_movement_cost2,18,0.00046608443129980394,5.727852483837471e-05,0.9275016186906789,0.0617366753591747
sum_square,optimistic_selected,optimistic_improvement_movement_cost2,19,0.0003562007979120252,0.00021262617997301893,0.9452731718110283,0.0670865783997448
sum_square,optimistic_selected,optimistic_improvement_movement_cost2,20,0.0003562007979120252,0.00021262617997301893,0.9657257043995218,0.06866066250619929
sum_square,optimistic_selected,optimistic_improvement_movement_cost2,21,0.0003562007979120252,0.00021262617997301893,0.9831555927560712,0.07592274951678
sum_square,optimistic_selected,optimistic_improvement_movement_cost2,22,0.0003562007979120252,0.00021262617997301893,1.0022614266129635,0.0824542797655012
sum_square,optimistic_selected,optimistic_improvement_movement_cost2,23,0.0003562007979120252,0.00021262617997301893,1.0180258276091676,0.08118164026307154
sum_square,optimistic_selected,optimistic_improvement_movement_cost2,24,0.0003562007979120252,0.00021262617997301893,1.042443635366272,0.0844428254099751
sum_square,optimistic_selected,optimistic_improvement_movement_cost2,25,0.0003562007979120252,0.00021262617997301893,1.065251666646196,0.08316496987180716
sum_square,optimistic_selected,optimistic_improvement_movement_cost2,26,0.0003562007979120252,0.00021262617997301893,1.0837801450174216,0.08717507221456271
sum_square,optimistic_selected,optimistic_improvement_movement_cost2,27,0.00027096128405564387,0.00018629020867890047,1.100693153182741,0.08475131473360721
sum_square,optimistic_selected,optimistic_improvement_movement_cost2,28,0.00027096128405564387,0.00018629020867890047,1.1319652088371703,0.0892044809247294
sum_square,optimistic_selected,optimistic_improvement_movement_cost2,29,0.00027096128405564387,0.00018629020867890047,1.1524787058824686,0.08614268885803193
sum_square,optimistic_selected,optimistic_improvement_movement_cost2,30,0.00027096128405564387,0.00018629020867890047,1.1721670300519167,0.08943363827088903
sum_square,optimistic_selected,optimistic_improvement_movement_cost2,31,0.00027096128405564387,0.00018629020867890047,1.1966423829070905,0.09344399249494253
sum_square,optimistic_selected,optimistic_improvement_movement_cost2,32,0.00027096128405564387,0.00018629020867890047,1.2299839141893354,0.1023910528856706
sum_square,optimistic_selected,optimistic_improvement_movement_cost2,33,0.00027096128405564387,0.00018629020867890047,1.250689247266776,0.10603257154811217
sum_square,optimistic_selected,optimistic_improvement_movement_cost2,34,0.00027096128405564387,0.00018629020867890047,1.2757828222775316,0.1119856938348018
sum_square,optimistic_selected,optimistic_improvement_movement_cost2,35,0.00027096128405564387,0.00018629020867890047,1.303431419126122,0.09924707839939048
sum_square,optimistic_selected,optimistic_improvement_movement_cost2,36,0.00027096128405564387,0.00018629020867890047,1.3377286063037592,0.09604893248851809
sum_square,optimistic_selected,optimistic_improvement_movement_cost2,37,0.00010672995004856017,0.00010064793128330893,1.3625373721624257,0.10268162445292703
sum_square,optimistic_selected,optimistic_improvement_movement_cost2,38,0.00010672995004856017,0.00010064793128330893,1.386031935179309,0.11195249413450618
sum_square,optimistic_selected,optimistic_improvement_movement_cost2,39,0.00010672995004856017,0.00010064793128330893,1.4277932332331602,0.12140468132963715
sum_square,optimistic_selected,optimistic_improvement_movement_cost2,40,0.00010672995004856017,0.00010064793128330893,1.441800446612367,0.12482286605959317
sum_square,optimistic_selected,optimistic_improvement_movement_cost2,41,0.00010672995004856017,0.00010064793128330893,1.4676472309234807,0.1366254689203757
sum_square,optimistic_selected,optimistic_improvement_movement_cost2,42,0.00010672995004856017,0.00010064793128330893,1.4884400308350887,0.13476444186762065
sum_square,optimistic_selected,optimistic_improvement_movement_cost2,43,0.00010672995004856017,0.00010064793128330893,1.5077815280591242,0.1341563644662427
sum_square,optimistic_selected,optimistic_improvement_movement_cost2,44,9.558103635313297e-05,8.51066537630892e-05,1.5283472581292763,0.14529382294932924
sum_square,optimistic_selected,optimistic_improvement_movement_cost2,45,9.558103635313297e-05,8.51066537630892e-05,1.5539908825862725,0.1521253469125342
sum_square,optimistic_selected,optimistic_improvement_movement_cost2,46,9.558103635313297e-05,8.51066537630892e-05,1.579050881975679,0.1533394417311971
sum_square,optimistic_selected,optimistic_improvement_movement_cost2,47,9.558103635313297e-05,8.51066537630892e-05,1.598183667827792,0.15199321800423085
sum_square,optimistic_selected,optimistic_improvement_movement_cost2,48,9.558103635313297e-05,8.51066537630892e-05,1.6140111083253181,0.15133592955995973
sum_square,optimistic_selected,optimistic_improvement_movement_cost2,49,9.558103635313297e-05,8.51066537630892e-05,1.630894931953699,0.1479870515417351
sum_square,budgeted_exploration,budgeted_exploration,0,0.07764424886821476,0.026462992543539354,0.36286676460729295,0.0820809470896846
sum_square,budgeted_exploration,budgeted_exploration,1,0.04060636546227323,0.03829313831876581,0.44515906477083256,0.0922710702539997
sum_square,budgeted_exploration,budgeted_exploration,2,0.016648468615273217,0.010048688402243884,0.526360547337564,0.09186742735553398
sum_square,budgeted_exploration,budgeted_exploration,3,0.013234608090603388,0.0052972461181636,0.6006173822430604,0.07843909395916568
sum_square,budgeted_exploration,budgeted_exploration,4,0.011201303835357978,0.00260456263920914,0.6650342671123863,0.06990518115887422
sum_square,budgeted_exploration,budgeted_exploration,5,0.0067677758209507,0.003996033969857831,0.7261846828511209,0.07899067245088323
sum_square,budgeted_exploration,budgeted_exploration,6,0.0031951747025997395,0.002440230744005984,0.7545241306774777,0.07419520810833684
sum_square,budgeted_exploration,budgeted_exploration,7,0.0031951747025997395,0.002440230744005984,0.8072001798074401,0.07507514948196697
sum_square,budgeted_exploration,budgeted_exploration,8,0.002521856466171935,0.0014889168509422453,0.8623056128693527,0.11191304681452095
sum_square,budgeted_exploration,budgeted_exploration,9,0.001977114271408465,0.0007210092788571945,0.8951256519426631,0.11427412685599911
sum_square,budgeted_exploration,budgeted_exploration,10,0.001977114271408465,0.0007210092788571945,0.9530755796284026,0.11261454645013139
sum_square,budgeted_exploration,budgeted_exploration,11,0.001977114271408465,0.0007210092788571945,1.0226978410181784,0.11524661958130508
sum_square,budgeted_exploration,budgeted_exploration,12,0.0014756821585585444,8.323915277387494e-05,1.0633314550539938,0.10941623102090615
sum_square,budgeted_exploration,budgeted_exploration,13,0.0012622615562478425,0.00023834617526559545,1.0977094983927442,0.12039442147497108
sum_square,budgeted_exploration,budgeted_exploration,14,0.0012622615562478425,0.00023834617526559545,1.1218268681478587,0.12368460284602711
sum_square,budgeted_exploration,budgeted_exploration,15,0.0012622615562478425,0.00023834617526559545,1.1520782817852415,0.11445553965734392
sum_square,budgeted_exploration,budgeted_exploration,16,0.0012622615562478425,0.00023834617526559545,1.1743720724708544,0.10493353295497687
sum_square,budgeted_exploration,budgeted_exploration,17,0.0012622615562478425,0.00023834617526559545,1.201503034839455,0.1001268704396625
sum_square,budgeted_exploration,budgeted_exploration,18,0.000853090798150527,0.0004569382690975511,1.2334441500470328,0.10275879336230456
sum_square,budgeted_exploration,budgeted_exploration,19,0.000853090798150527,0.0004569382690975511,1.2477969265381992,0.10379627644745872
sum_square,budgeted_exploration,budgeted_exploration,20,0.0004546832047241632,0.0003392527022503037,1.2714337617211802,0.10775724115789298
sum_square,budgeted_exploration,budgeted_exploration,21,0.0004546832047241632,0.0003392527022503037,1.2881362560061185,0.11292355703731553
sum_square,budgeted_exploration,budgeted_exploration,22,0.0004546832047241632,0.0003392527022503037,1.3085530810940382,0.11700001299489156
sum_square,budgeted_exploration,budgeted_exploration,23,0.00034094457037688795,0.00017997412079035177,1.3252486487572173,0.12139135207005415
sum_square,budgeted_exploration,budgeted_exploration,24,0.00034094457037688795,0.00017997412079035177,1.344474725544119,0.1193940628611281
sum_square,budgeted_exploration,budgeted_exploration,25,0.00034094457037688795,0.00017997412079035177,1.364488809812679,0.11620330647308381
sum_square,budgeted_exploration,budgeted_exploration,26,0.00034094457037688795,0.00017997412079035177,1.387391033036322,0.12058047458595891
sum_square,budgeted_exploration,budgeted_exploration,27,0.00034094457037688795,0.00017997412079035177,1.4091529107735967,0.11774707585613356
sum_square,budgeted_exploration,budgeted_exploration,28,0.00034094457037688795,0.00017997412079035177,1.4283752648988397,0.12245156827709289
sum_square,budgeted_exploration,budgeted_exploration,29,0.00034094457037688795,0.00017997412079035177,1.4480144213303856,0.12372091894387169
sum_square,budgeted_exploration,budgeted_exploration,30,0.00034094457037688795,0.00017997412079035177,1.4706385134155397,0.12146247435851827
sum_square,budgeted_exploration,budgeted_exploration,31,0.00034094457037688795,0.00017997412079035177,1.4947119430236933,0.12080063150787573
sum_square,budgeted_exploration,budgeted_exploration,32,0.00034094457037688795,0.00017997412079035177,1.5283136507509447,0.11635217321980237
sum_square,budgeted_exploration,budgeted_exploration,33,0.00034094457037688795,0.00017997412079035177,1.5542945233656402,0.11013219980122982
sum_square,budgeted_exploration,budgeted_exploration,34,0.00034094457037688795,0.00017997412079035177,1.5772426616684736,0.10954438488228323
sum_square,budgeted_exploration,budgeted_exploration,35,0.00034094457037688795,0.00017997412079035177,1.6002948362770582,0.10793825815416068
sum_square,budgeted_exploration,budgeted_exploration,36,0.00034094457037688795,0.00017997412079035177,1.6281439273364933,0.10802220838237434
sum_square,budgeted_exploration,budgeted_exploration,37,0.00034094457037688795,0.00017997412079035177,1.6482173023572415,0.10359301388521902
sum_square,budgeted_exploration,budgeted_exploration,38,0.00034094457037688795,0.00017997412079035177,1.6735840542444471,0.10837918666205988
sum_square,budgeted_exploration,budgeted_exploration,39,0.000331825875026574,0.000184569928690556,1.7073703939913771,0.10436502307143744
sum_square,budgeted_exploration,budgeted_exploration,40,0.000331825875026574,0.000184569928690556,1.7219138228762862,0.10982769040962354
sum_square,budgeted_exploration,budgeted_exploration,41,0.000331825875026574,0.000184569928690556,1.7439414522190584,0.1219113784767332
sum_square,budgeted_exploration,budgeted_exploration,42,0.000331825875026574,0.000184569928690556,1.7666714649727762,0.12649022315949
sum_square,budgeted_exploration,budgeted_exploration,43,0.000331825875026574,0.000184569928690556,1.7867731375931175,0.12825262551525693
sum_square,budgeted_exploration,budgeted_exploration,44,0.0003308808945760602,0.00018324425592718347,1.8044521594494356,0.1326464946495947
sum_square,budgeted_exploration,budgeted_exploration,45,0.0003308808945760602,0.00018324425592718347,1.826950250792607,0.1347772241740581
sum_square,budgeted_exploration,budgeted_exploration,46,0.0003308808945760602,0.00018324425592718347,1.8474022501740788,0.13388911921296529
sum_square,budgeted_exploration,budgeted_exploration,47,0.0003308808945760602,0.00018324425592718347,1.8688856451327502,0.13090579286171317
sum_square,budgeted_exploration,budgeted_exploration,48,0.0002633772570355002,8.937707087930195e-05,1.8806838986044638,0.13033711376348706
sum_square,budgeted_exploration,budgeted_exploration,49,0.0002633772570355002,8.937707087930195e-05,1.9021810953380456,0.13181540451992524
sum_square,lookahead_budgeted_exploration,lookahead_budgeted_exploration,0,0.07266738977095054,0.029114632285188048,0.35393996708376774,0.06625045914332887
sum_square,lookahead_budgeted_exploration,lookahead_budgeted_exploration,1,0.052527938806716044,0.021884977332088842,0.4272465645967443,0.08153423740193251
sum_square,lookahead_budgeted_exploration,lookahead_budgeted_exploration,2,0.04022488436779615,0.009569813796399323,0.5444719335393425,0.09306223341686586
sum_square,lookahead_budgeted_exploration,lookahead_budgeted_exploration,3,0.011491277116054589,0.006340990568132833,0.6148416389593626,0.07128395694978422
sum_square,lookahead_budgeted_exploration,lookahead_budgeted_exploration,4,0.00731450202967113,0.003247475498934773,0.6814487596936383,0.07368568707854808
sum_square,lookahead_budgeted_exploration,lookahead_budgeted_exploration,5,0.00731450202967113,0.003247475498934773,0.7628984798743472,0.07434995908539253
sum_square,lookahead_budgeted_exploration,lookahead_budgeted_exploration,6,0.006053048621339838,0.0036048136504816465,0.8408715264333031,0.11281873747895857
sum_square,lookahead_budgeted_exploration,lookahead_budgeted_exploration,7,0.004436842901072372,0.0013345470897929937,0.8977841528480974,0.10702889357808482
sum_square,lookahead_budgeted_exploration,lookahead_budgeted_exploration,8,0.004365673734754879,0.0014025827259997634,0.9463960108951177,0.09734917889385533
sum_square,lookahead_budgeted_exploration,lookahead_budgeted_exploration,9,0.0031816929294832923,0.0024618077426151,0.9931395875050439,0.09990855310149589
sum_square,lookahead_budgeted_exploration,lookahead_budgeted_exploration,10,0.001991307201687858,0.001222665892499043,1.026987205843913,0.10265722474304358
sum_square,lookahead_budgeted_exploration,lookahead_budgeted_exploration,11,0.001748964920805684,0.0011224337431443578,1.0492818298774156,0.09128329848948527
sum_square,lookahead_budgeted_exploration,lookahead_budgeted_exploration,12,0.001748964920805684,0.0011224337431443578,1.082939576400716,0.0883701943420912
sum_square,lookahead_budgeted_exploration,lookahead_budgeted_exploration,13,0.000617610910730986,0.0004903554642743097,1.1166753396144589,0.08484793021598983
sum_square,lookahead_budgeted_exploration,lookahead_budgeted_exploration,14,0.000617610910730986,0.0004903554642743097,1.1446501118908563,0.083525181094448
sum_square,lookahead_budgeted_exploration,lookahead_budgeted_exploration,15,0.00019384361678487097,0.00010895366368782734,1.1817642859483215,0.0724838801065646
sum_square,lookahead_budgeted_exploration,lookahead_budgeted_exploration,16,0.00019384361678487097,0.00010895366368782734,1.219821565821409,0.05853156450132178
sum_square,lookahead_budgeted_exploration,lookahead_budgeted_exploration,17,0.00019384361678487097,0.00010895366368782734,1.2339658969594207,0.05918343444213112
sum_square,lookahead_budgeted_exploration,lookahead_budgeted_exploration,18,0.00019384361678487097,0.00010895366368782734,1.2621612635634911,0.07177761738167217
sum_square,lookahead_budgeted_exploration,lookahead_budgeted_exploration,19,0.00019384361678487097,0.00010895366368782734,1.2948604564542456,0.07325524601603911
sum_square,lookahead_budgeted_exploration,lookahead_budgeted_exploration,20,0.00019384361678487097,0.00010895366368782734,1.3213700820929881,0.08002977649648099
sum_square,lookahead_budgeted_exploration,lookahead_budgeted_exploration,21,0.00019384361678487097,0.00010895366368782734,1.3378387639405644,0.07421743352135904
sum_square,lookahead_budgeted_exploration,lookahead_budgeted_exploration,22,0.00019384361678487097,0.00010895366368782734,1.361454039623789,0.07234227719999599
sum_square,lookahead_budgeted_exploration,lookahead_budgeted_exploration,23,0.00019384361678487097,0.00010895366368782734,1.3792475213956565,0.07351223504021544
sum_square,lookahead_budgeted_exploration,lookahead_budgeted_exploration,24,0.00019384361678487097,0.00010895366368782734,1.3907592134523281,0.0778801822669056
sum_square,lookahead_budgeted_exploration,lookahead_budgeted_exploration,25,0.00019384361678487097,0.00010895366368782734,1.41132431367848,0.0728592373596612
sum_square,lookahead_budgeted_exploration,lookahead_budgeted_exploration,26,0.00019384361678487097,0.00010895366368782734,1.4317057336649242,0.06872633842252315
sum_square,lookahead_budgeted_exploration,lookahead_budgeted_exploration,27,0.00019384361678487097,0.00010895366368782734,1.463358508033313,0.06667241292470881
sum_square,lookahead_budgeted_exploration,lookahead_budgeted_exploration,28,0.00019384361678487097,0.00010895366368782734,1.5142479349521192,0.06214887738925935
sum_square,lookahead_budgeted_exploration,lookahead_budgeted_exploration,29,0.00019384361678487097,0.00010895366368782734,1.5482768464046464,0.0662518021795433
sum_square,lookahead_budgeted_exploration,lookahead_budgeted_exploration,30,0.00019384361678487097,0.00010895366368782734,1.567196946249056,0.07118318568682801
sum_square,lookahead_budgeted_exploration,lookahead_budgeted_exploration,31,0.00019384361678487097,0.00010895366368782734,1.599380678289185,0.0796377009599708
sum_square,lookahead_budgeted_exploration,lookahead_budgeted_exploration,32,0.00019384361678487097,0.00010895366368782734,1.6272685929422972,0.08045650105681096
sum_square,lookahead_budgeted_exploration,lookahead_budgeted_exploration,33,0.00019384361678487097,0.00010895366368782734,1.6512132142021698,0.07816512781880425
sum_square,lookahead_budgeted_exploration,lookahead_budgeted_exploration,34,0.00019384361678487097,0.00010895366368782734,1.6804404988720953,0.0715459572099981
sum_square,lookahead_budgeted_exploration,lookahead_budgeted_exploration,35,0.00019384361678487097,0.00010895366368782734,1.7063067504147351,0.07321831340396184
sum_square,lookahead_budgeted_exploration,lookahead_budgeted_exploration,36,0.00019384361678487097,0.00010895366368782734,1.758962600380447,0.08555953442672894
sum_square,lookahead_budgeted_exploration,lookahead_budgeted_exploration,37,0.00019384361678487097,0.00010895366368782734,1.7850723694704165,0.08555619846737418
sum_square,lookahead_budgeted_exploration,lookahead_budgeted_exploration,38,0.00019384361678487097,0.00010895366368782734,1.8037899966554363,0.0857092133243482
sum_square,lookahead_budgeted_exploration,lookahead_budgeted_exploration,39,0.00019384361678487097,0.00010895366368782734,1.8264464575018116,0.08494537188849864
sum_square,lookahead_budgeted_exploration,lookahead_budgeted_exploration,40,0.00019384361678487097,0.00010895366368782734,1.8483396695360634,0.0884018655441351
sum_square,lookahead_budgeted_exploration,lookahead_budgeted_exploration,41,0.00019384361678487097,0.00010895366368782734,1.8670612820081383,0.08660720981207688
sum_square,lookahead_budgeted_exploration,lookahead_budgeted_exploration,42,0.00019384361678487097,0.00010895366368782734,1.887562816004305,0.08973580085634501
sum_square,lookahead_budgeted_exploration,lookahead_budgeted_exploration,43,0.00018015708610783673,0.00010044148164753014,1.9151650576588353,0.10048891870117033
sum_square,lookahead_budgeted_exploration,lookahead_budgeted_exploration,44,0.00018015708610783673,0.00010044148164753014,1.938092932378557,0.095910702005621
sum_square,lookahead_budgeted_exploration,lookahead_budgeted_exploration,45,0.00018015708610783673,0.00010044148164753014,1.9535220028599884,0.09628366158075481
sum_square,lookahead_budgeted_exploration,lookahead_budgeted_exploration,46,0.0001533682552700615,8.220574922497876e-05,1.9849950124983031,0.0930673538387393
sum_square,lookahead_budgeted_exploration,lookahead_budgeted_exploration,47,0.0001533682552700615,8.220574922497876e-05,2.009426769651991,0.08956743802635228
sum_square,lookahead_budgeted_exploration,lookahead_budgeted_exploration,48,0.0001533682552700615,8.220574922497876e-05,2.034576688457217,0.08340611099270254
sum_square,lookahead_budgeted_exploration,lookahead_budgeted_exploration,49,0.0001533682552700615,8.220574922497876e-05,2.06074297066428,0.08546497628495403
