function,method,reward_dir,iteration,best_regret_mean,best_regret_std,cum_scaled_move_cost_mean,cum_scaled_move_cost_std
ackley,pure_bo,pure_bo,0,2.43405595800599,0.7221982611428939,1.103773889960182,0.32738536908595733
ackley,pure_bo,pure_bo,1,2.3151071055994112,0.8745746938853063,1.5807745382476839,0.7829389417628441
ackley,pure_bo,pure_bo,2,2.035831809337436,0.6363325742773919,2.0344339834433125,0.7265506344166613
ackley,pure_bo,pure_bo,3,1.9196021032000505,0.5291089047750196,2.3794360741748624,0.638115066022927
ackley,pure_bo,pure_bo,4,1.7925735108629706,0.4378430739728199,2.845716598857083,0.7508843017179168
ackley,pure_bo,pure_bo,5,1.7925735108629706,0.4378430739728199,3.159744904725033,0.9008817703900788
ackley,pure_bo,pure_bo,6,1.7594802173399469,0.4168769660025821,3.642485659016552,1.1282116011147925
ackley,pure_bo,pure_bo,7,1.7594802173399469,0.4168769660025821,4.147199922007729,1.429326216960491
ackley,pure_bo,pure_bo,8,1.6099256298298226,0.3380903632792482,4.722542509626625,1.772491561873506
ackley,pure_bo,pure_bo,9,1.4805065460619702,0.21718311761587134,5.235676618886781,2.2287107783329807
ackley,pure_bo,pure_bo,10,1.4805065460619702,0.21718311761587134,5.610818259134034,2.5836142918438076
ackley,pure_bo,pure_bo,11,1.3140756456307412,0.2235835490842418,6.033724733616178,2.8861721286516073
ackley,pure_bo,pure_bo,12,1.3140756456307412,0.2235835490842418,6.548165014926774,3.4136556117146246
ackley,pure_bo,pure_bo,13,1.2826592155192025,0.17926242044779594,7.059773380070552,3.887204218744101
ackley,pure_bo,pure_bo,14,1.2826592155192025,0.17926242044779594,7.6520204251230055,4.490474390100244
ackley,pure_bo,pure_bo,15,1.1784252988375863,0.19696144209198935,8.279938292812467,5.03998664931391
ackley,pure_bo,pure_bo,16,1.1784252988375863,0.19696144209198935,8.630538063162541,5.341418916398044
ackley,pure_bo,pure_bo,17,1.0367731565508607,0.38280944680399026,9.319230451728787,5.974356989251489
ackley,pure_bo,pure_bo,18,1.0367731565508607,0.38280944680399026,9.771099158997508,6.427660730863623
ackley,pure_bo,pure_bo,19,0.9984015941830747,0.3462872049973198,10.261870607008904,6.878165148755952
ackley,pure_bo,pure_bo,20,0.9984015941830747,0.3462872049973198,11.048624095720621,7.1087400536005285
ackley,pure_bo,pure_bo,21,0.9984015941830747,0.3462872049973198,11.8222842866543,7.579953286348417
ackley,pure_bo,pure_bo,22,0.9984015941830747,0.3462872049973198,12.456730936132677,7.8780201777426795
ackley,pure_bo,pure_bo,23,0.9984015941830747,0.3462872049973198,13.220547248925506,8.095552631601077
ackley,pure_bo,pure_bo,24,0.9984015941830747,0.3462872049973198,13.896124927331298,8.27522393476765
ackley,pure_bo,pure_bo,25,0.914676406636807,0.4635897979075443,15.111451138332713,8.443188367285103
ackley,pure_bo,pure_bo,26,0.914676406636807,0.4635897979075443,16.383467567666738,8.7957006004136
ackley,pure_bo,pure_bo,27,0.914676406636807,0.4635897979075443,17.332681375313513,8.950651102929546
ackley,pure_bo,pure_bo,28,0.914676406636807,0.4635897979075443,18.779432568258162,8.915144938212775
ackley,pure_bo,pure_bo,29,0.914676406636807,0.4635897979075443,19.9871331456023,8.661048295361004
ackley,pure_bo,pure_bo,30,0.914676406636807,0.4635897979075443,21.31385019801194,9.154885427557858
ackley,pure_bo,pure_bo,31,0.914676406636807,0.4635897979075443,22.94482991820605,8.894588774351428
ackley,pure_bo,pure_bo,32,0.914676406636807,0.4635897979075443,24.69254864102473,8.392151682679156
ackley,pure_bo,pure_bo,33,0.914676406636807,0.4635897979075443,26.36307176545537,8.244075172741406
ackley,pure_bo,pure_bo,34,0.914676406636807,0.4635897979075443,28.209488060804357,8.171396702534318
ackley,pure_bo,pure_bo,35,0.9101671190359485,0.45980200932926957,30.017489071387946,7.515654889395625
ackley,pure_bo,pure_bo,36,0.9101671190359485,0.45980200932926957,31.165348760275787,7.375555439704523
ackley,pure_bo,pure_bo,37,0.9101671190359485,0.45980200932926957,32.86044761982822,7.08084816392852
ackley,pure_bo,pure_bo,38,0.9101671190359485,0.45980200932926957,34.616065316057906,6.959427056717591
ackley,pure_bo,pure_bo,39,0.9101671190359485,0.45980200932926957,35.80671293701088,7.42377683801787
ackley,pure_bo,pure_bo,40,0.9101671190359485,0.45980200932926957,37.35392149163706,7.359622901082717
ackley,pure_bo,pure_bo,41,0.9101671190359485,0.45980200932926957,39.003305795472606,7.248914727062395
ackley,pure_bo,pure_bo,42,0.9101671190359485,0.45980200932926957,40.51286174069007,7.164980795855639
ackley,pure_bo,pure_bo,43,0.9101671190359485,0.45980200932926957,42.36811606764939,6.77539402694297
ackley,pure_bo,pure_bo,44,0.9101671190359485,0.45980200932926957,44.50491753368734,6.58373419434298
ackley,pure_bo,pure_bo,45,0.9101671190359485,0.45980200932926957,46.455046493815786,6.063928941690197
ackley,pure_bo,pure_bo,46,0.9101671190359485,0.45980200932926957,48.25142533198016,5.811607898496644
ackley,pure_bo,pure_bo,47,0.9101671190359485,0.45980200932926957,50.13767927651662,5.545767480099857
ackley,pure_bo,pure_bo,48,0.9101671190359485,0.45980200932926957,51.996507599536095,4.96073531727464
ackley,pure_bo,pure_bo,49,0.9101671190359485,0.45980200932926957,53.73927022686707,4.546237840112749
ackley,earlbo,earlbo,0,2.535557077970999,0.4347972374259198,0.9509766507795941,0.1445440933759616
ackley,earlbo,earlbo,1,2.2810778531540206,0.15115938349196764,1.1224987446634047,0.21405264758379616
ackley,earlbo,earlbo,2,2.171752561717423,0.1020225129843038,1.3027658174848056,0.1876505205966369
ackley,earlbo,earlbo,3,1.9476697479948235,0.1167752952659892,1.468526113125859,0.09843414725663639
ackley,earlbo,earlbo,4,1.8746329573651608,0.18228958745206283,1.5920734535573555,0.0787714527779742
ackley,earlbo,earlbo,5,1.8533061871584942,0.20730558126589688,1.7706655934047635,0.0825938436595979
ackley,earlbo,earlbo,6,1.6229802582434452,0.22371279699349664,2.01184806093694,0.22392988426918853
ackley,earlbo,earlbo,7,1.5445435916750625,0.3091181219029624,2.161379219342835,0.21324546225784843
ackley,earlbo,earlbo,8,1.4199591500368427,0.2578116777781191,2.2831068006363617,0.1885430788565441
ackley,earlbo,earlbo,9,1.315105671240453,0.4057402315029082,2.4250869386247413,0.16420192500020378
ackley,earlbo,earlbo,10,1.2291048135668672,0.34460175429255835,2.5990255341448694,0.2011633623645424
ackley,earlbo,earlbo,11,1.116967750899977,0.2755949118094537,2.737967435663124,0.21224324439006917
ackley,earlbo,earlbo,12,1.0503234976883633,0.23022423073320022,2.852820558693271,0.19117268923832348
ackley,earlbo,earlbo,13,0.9809893124638435,0.3245729439990618,2.9688551536212686,0.17962964181633914
ackley,earlbo,earlbo,14,0.9809893124638435,0.3245729439990618,3.140204221655551,0.19207390543418093
ackley,earlbo,earlbo,15,0.9809893124638435,0.3245729439990618,3.39674270899582,0.2837435613592778
ackley,earlbo,earlbo,16,0.909111108138227,0.2654723747879376,3.7016456077642474,0.3951718975394197
ackley,earlbo,earlbo,17,0.909111108138227,0.2654723747879376,3.845026623038238,0.42655826977845857
ackley,earlbo,earlbo,18,0.8372002794536889,0.23720817179951242,4.156556592712044,0.328188611005503
ackley,earlbo,earlbo,19,0.7659939216660985,0.2501614390413185,4.431214686187857,0.31824774713758247
ackley,earlbo,earlbo,20,0.7290877848643645,0.19916309033752436,4.652154299338508,0.3887909878914567
ackley,earlbo,earlbo,21,0.67944701084101,0.2289121907260523,4.9186911740263435,0.5397465444580068
ackley,earlbo,earlbo,22,0.6614269796390192,0.24142453536780578,5.06589085575522,0.581672160058569
ackley,earlbo,earlbo,23,0.6453707219153361,0.2187340047820124,5.219418232181934,0.5507786654244432
ackley,earlbo,earlbo,24,0.5972724001228605,0.21300807239086206,5.349871698846255,0.5158040447945338
ackley,earlbo,earlbo,25,0.5939351058118381,0.2145546880679169,5.4959129488416,0.49579530539496974
ackley,earlbo,earlbo,26,0.5939351058118381,0.2145546880679169,5.666187623491403,0.5407441086403207
ackley,earlbo,earlbo,27,0.5939351058118381,0.2145546880679169,5.987290683911872,0.6692478480395798
ackley,earlbo,earlbo,28,0.5603628930684678,0.23487064355771314,6.254492314264337,0.7888308564158256
ackley,earlbo,earlbo,29,0.4074429138543422,0.018808829113128523,6.498510044905718,0.9177323755040852
ackley,earlbo,earlbo,30,0.4074429138543422,0.018808829113128523,6.687875113944941,0.9098737447363138
ackley,earlbo,earlbo,31,0.4074429138543422,0.018808829113128523,6.828087697958071,0.9059751814317826
ackley,earlbo,earlbo,32,0.40663538646097824,0.019252889069273905,7.005850745177416,0.8922940058877048
ackley,earlbo,earlbo,33,0.40663538646097824,0.019252889069273905,7.149291865845321,0.8804007284546675
ackley,earlbo,earlbo,34,0.37745719506112413,0.052261231351360043,7.433336940999452,0.7444727714205904
ackley,earlbo,earlbo,35,0.37745719506112413,0.052261231351360043,7.9133778280395966,0.7703873423706148
ackley,earlbo,earlbo,36,0.37745719506112413,0.052261231351360043,8.403838598389912,0.8686637576943828
ackley,earlbo,earlbo,37,0.37745719506112413,0.052261231351360043,8.67852168132243,0.8552054669317779
ackley,earlbo,earlbo,38,0.36169115086841847,0.0736472689104755,8.99231625998471,0.9519965331771523
ackley,earlbo,earlbo,39,0.3533097961840584,0.07124846428889292,9.349545402436346,1.046665873630844
ackley,earlbo,earlbo,40,0.3533097961840584,0.07124846428889292,9.642912846198753,1.103029128683528
ackley,earlbo,earlbo,41,0.3533097961840584,0.07124846428889292,10.075657009502796,1.166882171473985
ackley,earlbo,earlbo,42,0.3533097961840584,0.07124846428889292,10.497577304799476,1.1568322759681606
ackley,earlbo,earlbo,43,0.34019420533777306,0.057538792906748536,10.859101518737567,1.2104787594809767
ackley,earlbo,earlbo,44,0.34019420533777306,0.057538792906748536,11.224499893540914,1.211165752745582
ackley,earlbo,earlbo,45,0.34019420533777306,0.057538792906748536,11.60193750384285,1.2447777722514073
ackley,earlbo,earlbo,46,0.34019420533777306,0.057538792906748536,11.902180820194795,1.3424069489045047
ackley,earlbo,earlbo,47,0.32556240654763896,0.04639996847013005,12.335243138075109,1.3196701403450348
ackley,earlbo,earlbo,48,0.32556240654763896,0.04639996847013005,12.861394998149136,1.2132623031650496
ackley,earlbo,earlbo,49,0.32556240654763896,0.04639996847013005,13.446194788122291,1.0688465845214083
ackley,snake,snake,0,2.126302945514048,0.461782211014425,0.9428429005417751,0.13719321371207313
ackley,snake,snake,1,1.9059560077099693,0.3116945515051247,1.0632652402691476,0.1756327208273233
ackley,snake,snake,2,1.812056073371047,0.30040693978934235,1.1800196224519486,0.21162591242874562
ackley,snake,snake,3,1.7690106827839365,0.2903189035944511,1.2566322034427644,0.23554045042177257
ackley,snake,snake,4,1.6806360187036298,0.2639942993119269,1.3708235287325812,0.23162071312216206
ackley,snake,snake,5,1.5975009415476926,0.290659604017427,1.490668194210939,0.2235181503723783
ackley,snake,snake,6,1.5277815209415657,0.34380253559080015,1.602374772550313,0.2259156293816351
ackley,snake,snake,7,1.4683341985859613,0.40287328183636734,1.7038135509189292,0.23646367259642775
ackley,snake,snake,8,1.4683341985859613,0.40287328183636734,1.8233487984677257,0.21766506315716866
ackley,snake,snake,9,1.1910053605562507,0.1092691772891711,2.0168877968368517,0.2125740670028576
ackley,snake,snake,10,1.0805705309611662,0.10778255792377926,2.117870135130653,0.22354819677188936
ackley,snake,snake,11,0.9793296055635463,0.07746302651975909,2.207097093863661,0.21830612233131935
ackley,snake,snake,12,0.9344905549105419,0.12889201701141081,2.3373658233865684,0.24411832159248492
ackley,snake,snake,13,0.7880242978221786,0.023170954803753224,2.4476654507867295,0.23189393893873578
ackley,snake,snake,14,0.6865874015958385,0.11140844923446556,2.544363005680204,0.2366148474486801
ackley,snake,snake,15,0.6865874015958385,0.11140844923446556,2.6421658778006814,0.20016006449171692
ackley,snake,snake,16,0.6753380364484175,0.1266547949771966,2.7276601838127914,0.1925175024107841
ackley,snake,snake,17,0.531665021979327,0.13823453125040935,2.8316698449017554,0.2201752523616615
ackley,snake,snake,18,0.5105574005140222,0.14856397304457797,2.9001316714418643,0.2297174435776998
ackley,snake,snake,19,0.3883408328815527,0.0466750588578704,3.008534697809417,0.2295377833483594
ackley,snake,snake,20,0.3883408328815527,0.0466750588578704,3.114886959203559,0.2259013397663719
ackley,snake,snake,21,0.38504211087393064,0.05089103249570133,3.2171742747546968,0.24785335148938367
ackley,snake,snake,22,0.38504211087393064,0.05089103249570133,3.3982183371411736,0.1067693439380559
ackley,snake,snake,23,0.38504211087393064,0.05089103249570133,3.6017759559024234,0.06391242495880314
ackley,snake,snake,24,0.3832041015370078,0.048806521525223655,3.6938412729471497,0.06940987657062984
ackley,snake,snake,25,0.36049918504696804,0.04933630551570443,3.778948211032535,0.0629063066825938
ackley,snake,snake,26,0.36049918504696804,0.04933630551570443,3.8702979320218063,0.06086988304151219
ackley,snake,snake,27,0.33035636612695685,0.07717368953794511,3.944206674126233,0.06060539585646752
ackley,snake,snake,28,0.33035636612695685,0.07717368953794511,4.126370256692382,0.17270760620394054
ackley,snake,snake,29,0.30795422970038117,0.050005412615837457,4.3018709950721945,0.28087990454968986
ackley,snake,snake,30,0.30795422970038117,0.050005412615837457,4.379905768681788,0.2888329172660824
ackley,snake,snake,31,0.30059189156490423,0.042464915012132974,4.642150863415248,0.31422204621202454
ackley,snake,snake,32,0.30059189156490423,0.042464915012132974,4.875551076818479,0.485419565909082
ackley,snake,snake,33,0.25566140178687197,0.036685647577812064,4.9606994106866145,0.487949379325405
ackley,snake,snake,34,0.1914680002329677,0.0245619503022836,5.049465114802863,0.4852256512443945
ackley,snake,snake,35,0.1914680002329677,0.0245619503022836,5.2487750244126445,0.31863760144040476
ackley,snake,snake,36,0.1914680002329677,0.0245619503022836,5.722332387162467,0.1357673719059005
ackley,snake,snake,37,0.1559206655319696,0.035668775204113705,6.11726430466202,0.29839482560944003
ackley,snake,snake,38,0.14650633022805856,0.025558406651684358,6.185107045053603,0.30058540347532703
ackley,snake,snake,39,0.14650633022805856,0.025558406651684358,6.582430450595603,0.0947912802189048
ackley,snake,snake,40,0.14650633022805856,0.025558406651684358,7.1913185033313525,0.10214230470721376
ackley,snake,snake,41,0.14650633022805856,0.025558406651684358,7.670324604662466,0.243091140781109
ackley,snake,snake,42,0.14650633022805856,0.025558406651684358,8.146544042131119,0.3380783578957119
ackley,snake,snake,43,0.14650633022805856,0.025558406651684358,8.45725049250259,0.4399061204628919
ackley,snake,snake,44,0.14650633022805856,0.025558406651684358,8.612202046043437,0.352276124325063
ackley,snake,snake,45,0.14311861082288546,0.022742380826480692,8.75355608481074,0.24949552302218567
ackley,snake,snake,46,0.14311861082288546,0.022742380826480692,9.028881624576366,0.355760869932061
ackley,snake,snake,47,0.14311861082288546,0.022742380826480692,9.529628882011874,0.35271876349804826
ackley,snake,snake,48,0.14311861082288546,0.022742380826480692,10.14100822093318,0.18385747843156283
ackley,snake,snake,49,0.14311861082288546,0.022742380826480692,10.667544661753794,0.24171579006362726
ackley,log_improvement_movement_cost3,log_improvement_movement_cost3,0,2.1336071581269134,0.45888454651471317,0.943580180142721,0.1366459609687033
ackley,log_improvement_movement_cost3,log_improvement_movement_cost3,1,1.9342290498300627,0.3207778750045266,1.0598712301036093,0.1708202455570075
ackley,log_improvement_movement_cost3,log_improvement_movement_cost3,2,1.8377258078958334,0.2824263411560585,1.1841254483959993,0.20430438538723925
ackley,log_improvement_movement_cost3,log_improvement_movement_cost3,3,1.809697330359733,0.2677287155418139,1.2977134491492215,0.24281162361905936
ackley,log_improvement_movement_cost3,log_improvement_movement_cost3,4,1.7176815970900463,0.21997979154608455,1.391531549902302,0.2556075762537293
ackley,log_improvement_movement_cost3,log_improvement_movement_cost3,5,1.624543593727062,0.13812968538552137,1.5187986603901706,0.22261422198296538
ackley,log_improvement_movement_cost3,log_improvement_movement_cost3,6,1.3361204509331543,0.17343347829961966,1.6398274391960799,0.20876350033747915
ackley,log_improvement_movement_cost3,log_improvement_movement_cost3,7,1.2544635604582273,0.1834525773774244,1.7181246019012049,0.2160578351176615
ackley,log_improvement_movement_cost3,log_improvement_movement_cost3,8,1.2217476429261862,0.2286660958966302,1.8156326725621834,0.21131346675209312
ackley,log_improvement_movement_cost3,log_improvement_movement_cost3,9,1.1997139942784654,0.22876009331221772,1.9143665832933199,0.20360604771146817
ackley,log_improvement_movement_cost3,log_improvement_movement_cost3,10,1.1941518153306292,0.22339899285574025,2.0193961284604884,0.18589979182919994
ackley,log_improvement_movement_cost3,log_improvement_movement_cost3,11,1.1941518153306292,0.22339899285574025,2.1411051874323737,0.15018224532297053
ackley,log_improvement_movement_cost3,log_improvement_movement_cost3,12,1.0640543171876489,0.13345064261650336,2.2722025003309936,0.17035011840420428
ackley,log_improvement_movement_cost3,log_improvement_movement_cost3,13,0.9366035568672951,0.19820688808739503,2.351429423630926,0.18188122620617303
ackley,log_improvement_movement_cost3,log_improvement_movement_cost3,14,0.8327817839591364,0.27371105981908367,2.432957952735373,0.18283966316394593
ackley,log_improvement_movement_cost3,log_improvement_movement_cost3,15,0.7142850080522666,0.17106392755948263,2.5715595224814005,0.18119134069760556
ackley,log_improvement_movement_cost3,log_improvement_movement_cost3,16,0.6991244743054404,0.15002902581814392,2.665991425332214,0.1759686393613272
ackley,log_improvement_movement_cost3,log_improvement_movement_cost3,17,0.6594907963536992,0.1138788159269202,2.7985425492651745,0.17312076604051357
ackley,log_improvement_movement_cost3,log_improvement_movement_cost3,18,0.6280411129637575,0.15092588446550165,2.885291139892102,0.19627269799237074
ackley,log_improvement_movement_cost3,log_improvement_movement_cost3,19,0.5408292602689504,0.22591782756018008,2.962508445921651,0.20102399264534124
ackley,log_improvement_movement_cost3,log_improvement_movement_cost3,20,0.526339918966796,0.24428127296099358,3.0575194387778963,0.21046900770178895
ackley,log_improvement_movement_cost3,log_improvement_movement_cost3,21,0.4404719053457093,0.16021969495264696,3.126546904649686,0.2098783222428732
ackley,log_improvement_movement_cost3,log_improvement_movement_cost3,22,0.3958560612026874,0.1359193413876354,3.2217949301032967,0.18932743565516827
ackley,log_improvement_movement_cost3,log_improvement_movement_cost3,23,0.38927165241111245,0.13442123237911321,3.30223599621514,0.1890587874771653
ackley,log_improvement_movement_cost3,log_improvement_movement_cost3,24,0.38023045081676604,0.12449218178483294,3.4170493969727587,0.214588296926276
ackley,log_improvement_movement_cost3,log_improvement_movement_cost3,25,0.38023045081676604,0.12449218178483294,3.5279027036719217,0.21827221274812766
ackley,log_improvement_movement_cost3,log_improvement_movement_cost3,26,0.38023045081676604,0.12449218178483294,3.6664421371344744,0.24552344172239693
ackley,log_improvement_movement_cost3,log_improvement_movement_cost3,27,0.38023045081676604,0.12449218178483294,3.7574715671387295,0.26263885669195425
ackley,log_improvement_movement_cost3,log_improvement_movement_cost3,28,0.38023045081676604,0.12449218178483294,3.851916171366419,0.2752477631387343
ackley,log_improvement_movement_cost3,log_improvement_movement_cost3,29,0.3624791088575899,0.13696655058087814,3.9157351856068376,0.28286619564096915
ackley,log_improvement_movement_cost3,log_improvement_movement_cost3,30,0.2910909462459898,0.08608338607457407,4.008200084642625,0.2689564412544359
ackley,log_improvement_movement_cost3,log_improvement_movement_cost3,31,0.24231714270825622,0.10666615235956735,4.129819323807751,0.23700052372627992
ackley,log_improvement_movement_cost3,log_improvement_movement_cost3,32,0.2142535733461798,0.06736687167475881,4.245954204519655,0.21406248726330296
ackley,log_improvement_movement_cost3,log_improvement_movement_cost3,33,0.2142535733461798,0.06736687167475881,4.344240496995888,0.226835176069242
ackley,log_improvement_movement_cost3,log_improvement_movement_cost3,34,0.16948524655205496,0.012203706822963232,4.437579828289993,0.24441385571250648
ackley,log_improvement_movement_cost3,log_improvement_movement_cost3,35,0.16948524655205496,0.012203706822963232,4.519899793227213,0.2584824217521991
ackley,log_improvement_movement_cost3,log_improvement_movement_cost3,36,0.16948524655205496,0.012203706822963232,4.625541926204691,0.26158246867900403
ackley,log_improvement_movement_cost3,log_improvement_movement_cost3,37,0.1466554954494931,0.02504153202210903,4.7083809890957635,0.258812862819518
ackley,log_improvement_movement_cost3,log_improvement_movement_cost3,38,0.1466554954494931,0.02504153202210903,4.80012062846559,0.27758501300465893
ackley,log_improvement_movement_cost3,log_improvement_movement_cost3,39,0.1466554954494931,0.02504153202210903,4.8888228722399605,0.2851940011099467
ackley,log_improvement_movement_cost3,log_improvement_movement_cost3,40,0.1466554954494931,0.02504153202210903,4.966398390858105,0.30289124285797814
ackley,log_improvement_movement_cost3,log_improvement_movement_cost3,41,0.12226498529191969,0.01681002721390986,5.041305370479642,0.2999895854961816
ackley,log_improvement_movement_cost3,log_improvement_movement_cost3,42,0.12226498529191969,0.01681002721390986,5.123584967241005,0.27417991301141537
ackley,log_improvement_movement_cost3,log_improvement_movement_cost3,43,0.12226498529191969,0.01681002721390986,5.218047092990385,0.2804361315748379
ackley,log_improvement_movement_cost3,log_improvement_movement_cost3,44,0.12226498529191969,0.01681002721390986,5.301588628156186,0.28233973768289694
ackley,log_improvement_movement_cost3,log_improvement_movement_cost3,45,0.12226498529191969,0.01681002721390986,5.397590816941366,0.29803899699106484
ackley,log_improvement_movement_cost3,log_improvement_movement_cost3,46,0.1122043795620719,0.0033623579695209265,5.50307031011313,0.3341831439635048
ackley,log_improvement_movement_cost3,log_improvement_movement_cost3,47,0.1122043795620719,0.0033623579695209265,5.585091210253651,0.33495634628561366
ackley,log_improvement_movement_cost3,log_improvement_movement_cost3,48,0.1122043795620719,0.0033623579695209265,5.67153322052129,0.3330498527370718
ackley,log_improvement_movement_cost3,log_improvement_movement_cost3,49,0.1122043795620719,0.0033623579695209265,5.768929253767364,0.34324004648106643
ackley,optimistic_selected,optimistic_improvement_movement_cost3,0,2.128916323971304,0.48457174679307574,0.9345477450930758,0.13290281346543584
ackley,optimistic_selected,optimistic_improvement_movement_cost3,1,1.8554587061376626,0.4330235449748932,1.059372085438574,0.1559909396622703
ackley,optimistic_selected,optimistic_improvement_movement_cost3,2,1.72504841143206,0.4430061195470119,1.177579356556872,0.18973152083203026
ackley,optimistic_selected,optimistic_improvement_movement_cost3,3,1.72504841143206,0.4430061195470119,1.2929422643251602,0.18341501855845624
ackley,optimistic_selected,optimistic_improvement_movement_cost3,4,1.5290332060564495,0.5769602594330899,1.4010973619365155,0.15789692308299152
ackley,optimistic_selected,optimistic_improvement_movement_cost3,5,1.4392287017175505,0.5480857589117974,1.5069848510368038,0.16586204619203382
ackley,optimistic_selected,optimistic_improvement_movement_cost3,6,1.248185495562092,0.5950547193146972,1.576000635758884,0.1661890861265411
ackley,optimistic_selected,optimistic_improvement_movement_cost3,7,1.1461915143126824,0.6549065259532562,1.6800231324446386,0.19025825219538825
ackley,optimistic_selected,optimistic_improvement_movement_cost3,8,1.1064849313474576,0.6855093017248044,1.795874812052965,0.20392685462251717
ackley,optimistic_selected,optimistic_improvement_movement_cost3,9,1.0961214496813299,0.694511311750628,1.928065396615196,0.2771675069167161
ackley,optimistic_selected,optimistic_improvement_movement_cost3,10,1.041164885334245,0.660149002132122,2.0347227188020924,0.2973662154864438
ackley,optimistic_selected,optimistic_improvement_movement_cost3,11,1.041164885334245,0.660149002132122,2.1246976784956875,0.3270484594514026
ackley,optimistic_selected,optimistic_improvement_movement_cost3,12,0.9514740110801255,0.6613918507080961,2.232210251779148,0.3046064612888336
ackley,optimistic_selected,optimistic_improvement_movement_cost3,13,0.9242232392059772,0.6229434039117484,2.3458617754087414,0.26774651287747286
ackley,optimistic_selected,optimistic_improvement_movement_cost3,14,0.9163863178300891,0.6118882915426775,2.4529734772667275,0.2758421464201327
ackley,optimistic_selected,optimistic_improvement_movement_cost3,15,0.801831658896421,0.45270632561345936,2.5623681368118554,0.2573818418223754
ackley,optimistic_selected,optimistic_improvement_movement_cost3,16,0.6737390576691339,0.2730523686636813,2.662757214424557,0.2667690545256917
ackley,optimistic_selected,optimistic_improvement_movement_cost3,17,0.6101585569356615,0.32491879445194766,2.7764385027297904,0.2775211362260736
ackley,optimistic_selected,optimistic_improvement_movement_cost3,18,0.5940028108737955,0.3316757750373784,2.862620139332899,0.31160086874930065
ackley,optimistic_selected,optimistic_improvement_movement_cost3,19,0.4675543690146691,0.17141336592734635,2.9802893231146315,0.35058730616242395
ackley,optimistic_selected,optimistic_improvement_movement_cost3,20,0.45909798055950474,0.18050318897214696,3.090834138485734,0.35487355010164173
ackley,optimistic_selected,optimistic_improvement_movement_cost3,21,0.40925587922101103,0.20409136760343424,3.2008935202609057,0.40990554055051365
ackley,optimistic_selected,optimistic_improvement_movement_cost3,22,0.3832903462536656,0.16737482957223718,3.3017136564944587,0.4173691028572741
ackley,optimistic_selected,optimistic_improvement_movement_cost3,23,0.3002586621046703,0.12471685906006028,3.371745936038071,0.4224162198220622
ackley,optimistic_selected,optimistic_improvement_movement_cost3,24,0.3002586621046703,0.12471685906006028,3.4465765783949514,0.41394632285651684
ackley,optimistic_selected,optimistic_improvement_movement_cost3,25,0.3002586621046703,0.12471685906006028,3.5292767068062965,0.42203400661505985
ackley,optimistic_selected,optimistic_improvement_movement_cost3,26,0.3002586621046703,0.12471685906006028,3.638782650663609,0.43860907539296784
ackley,optimistic_selected,optimistic_improvement_movement_cost3,27,0.3002586621046703,0.12471685906006028,3.733082424256645,0.4373603910286236
ackley,optimistic_selected,optimistic_improvement_movement_cost3,28,0.2596218311455722,0.07191133851780732,3.8027839054990777,0.4358459299758816
ackley,optimistic_selected,optimistic_improvement_movement_cost3,29,0.2303151337650514,0.09612795041683586,3.8830142821891815,0.43270727822795085
ackley,optimistic_selected,optimistic_improvement_movement_cost3,30,0.2303151337650514,0.09612795041683586,3.9621930824316034,0.4431771912338008
ackley,optimistic_selected,optimistic_improvement_movement_cost3,31,0.2303151337650514,0.09612795041683586,4.052294373249658,0.41966381735388786
ackley,optimistic_selected,optimistic_improvement_movement_cost3,32,0.2303151337650514,0.09612795041683586,4.143589808577374,0.38940537203772707
ackley,optimistic_selected,optimistic_improvement_movement_cost3,33,0.22720791375766605,0.0961451839574044,4.243891402430924,0.38780776432231207
ackley,optimistic_selected,optimistic_improvement_movement_cost3,34,0.1952642656356578,0.10731852764968954,4.325273145965695,0.38984776271074273
ackley,optimistic_selected,optimistic_improvement_movement_cost3,35,0.1449268414844309,0.03654120353978213,4.405411415912455,0.3866629060646377
ackley,optimistic_selected,optimistic_improvement_movement_cost3,36,0.1449268414844309,0.03654120353978213,4.486203807654928,0.37591050488577
ackley,optimistic_selected,optimistic_improvement_movement_cost3,37,0.1449268414844309,0.03654120353978213,4.603285538984772,0.36948872264827914
ackley,optimistic_selected,optimistic_improvement_movement_cost3,38,0.1449268414844309,0.03654120353978213,4.707444326478558,0.3846868099155711
ackley,optimistic_selected,optimistic_improvement_movement_cost3,39,0.1449268414844309,0.03654120353978213,4.778041948835204,0.38955567689047754
ackley,optimistic_selected,optimistic_improvement_movement_cost3,40,0.1449268414844309,0.03654120353978213,4.857038968366733,0.3894848267685534
ackley,optimistic_selected,optimistic_improvement_movement_cost3,41,0.1449268414844309,0.03654120353978213,4.931636875009597,0.37645135492325515
ackley,optimistic_selected,optimistic_improvement_movement_cost3,42,0.1449268414844309,0.03654120353978213,5.03599011317069,0.3779459691874415
ackley,optimistic_selected,optimistic_improvement_movement_cost3,43,0.1449268414844309,0.03654120353978213,5.122403619460607,0.3668614940833456
ackley,optimistic_selected,optimistic_improvement_movement_cost3,44,0.1449268414844309,0.03654120353978213,5.197651553926967,0.3586217985367357
ackley,optimistic_selected,optimistic_improvement_movement_cost3,45,0.1449268414844309,0.03654120353978213,5.301998388740599,0.34934435491245636
ackley,optimistic_selected,optimistic_improvement_movement_cost3,46,0.1449268414844309,0.03654120353978213,5.4084799112122015,0.34771883403536913
ackley,optimistic_selected,optimistic_improvement_movement_cost3,47,0.11705397036484581,0.00756062841543309,5.493479141728495,0.352428461526944
ackley,optimistic_selected,optimistic_improvement_movement_cost3,48,0.11705397036484581,0.00756062841543309,5.583710849288592,0.3347711404316984
ackley,optimistic_selected,optimistic_improvement_movement_cost3,49,0.11705397036484581,0.00756062841543309,5.666391151784079,0.3390699551034339
ackley,budgeted_exploration,budgeted_exploration,0,2.0716160150038743,0.5362925171312485,0.9337578218990291,0.14769152339330557
ackley,budgeted_exploration,budgeted_exploration,1,1.8200023912411805,0.38434407745255406,1.0439258005490863,0.18978758781033886
ackley,budgeted_exploration,budgeted_exploration,2,1.7425312358688476,0.32833249010904086,1.1849707123826139,0.22838382158859352
ackley,budgeted_exploration,budgeted_exploration,3,1.687067150240571,0.29992798469326754,1.3153144598713402,0.20894966022077988
ackley,budgeted_exploration,budgeted_exploration,4,1.5591319543442246,0.37503136976469137,1.4669196586051099,0.24692077963405543
ackley,budgeted_exploration,budgeted_exploration,5,1.5118764827688402,0.4403428321359953,1.5691850903059479,0.2423956839131915
ackley,budgeted_exploration,budgeted_exploration,6,1.3398998958289052,0.41173364260271056,1.674164481266362,0.25138413382341734
ackley,budgeted_exploration,budgeted_exploration,7,1.2862388868241028,0.37496678849181747,1.7691859049016667,0.25268186025256345
ackley,budgeted_exploration,budgeted_exploration,8,1.2705257821903158,0.36276449199348754,1.9111920410761833,0.25069104481992344
ackley,budgeted_exploration,budgeted_exploration,9,1.2705257821903158,0.36276449199348754,2.0779361449309515,0.24927260396300868
ackley,budgeted_exploration,budgeted_exploration,10,1.0776145796697592,0.28958861649727424,2.2271870039035284,0.27016606145793304
ackley,budgeted_exploration,budgeted_exploration,11,1.0740893555759976,0.2849511535902237,2.3337726508873864,0.2619036425536936
ackley,budgeted_exploration,budgeted_exploration,12,1.0342054584724274,0.29834514205446416,2.4340582821459416,0.2667191564104722
ackley,budgeted_exploration,budgeted_exploration,13,0.8846235462727899,0.4057478902415195,2.528546929561045,0.24798187512722975
ackley,budgeted_exploration,budgeted_exploration,14,0.8578567757006389,0.368618453912498,2.6217329332502906,0.26475961574979434
ackley,budgeted_exploration,budgeted_exploration,15,0.7514063437584709,0.301022478834738,2.7307120616738687,0.2612762671404759
ackley,budgeted_exploration,budgeted_exploration,16,0.7514063437584709,0.301022478834738,2.8548072529219133,0.2866693221712609
ackley,budgeted_exploration,budgeted_exploration,17,0.7500343657623394,0.29922920300889033,2.995020615469354,0.27828078474675083
ackley,budgeted_exploration,budgeted_exploration,18,0.6615228436749843,0.18975199686155791,3.098857465974422,0.23645985429055486
ackley,budgeted_exploration,budgeted_exploration,19,0.6339941368863641,0.18648803384464538,3.1896182781380236,0.23274854077154045
ackley,budgeted_exploration,budgeted_exploration,20,0.5827619236894633,0.14275459735513937,3.2791275885362303,0.2356108132125621
ackley,budgeted_exploration,budgeted_exploration,21,0.5827619236894633,0.14275459735513937,3.3970732051149657,0.21983587859738668
ackley,budgeted_exploration,budgeted_exploration,22,0.5671043729916533,0.16485668347961627,3.505725124877527,0.19521861345803954
ackley,budgeted_exploration,budgeted_exploration,23,0.4935103344634825,0.13855224402609134,3.607445005364337,0.19859851907653023
ackley,budgeted_exploration,budgeted_exploration,24,0.44743050873342866,0.19522522072232337,3.698236234190618,0.2150479593675952
ackley,budgeted_exploration,budgeted_exploration,25,0.44743050873342866,0.19522522072232337,3.801136508353648,0.2243219988718571
ackley,budgeted_exploration,budgeted_exploration,26,0.39628845842648674,0.20152420549460406,3.918265866466418,0.24280277505359418
ackley,budgeted_exploration,budgeted_exploration,27,0.2717217019625425,0.054248550084244666,4.041358844040128,0.2802869868199189
ackley,budgeted_exploration,budgeted_exploration,28,0.2717217019625425,0.054248550084244666,4.130665071007176,0.2942108988702431
ackley,budgeted_exploration,budgeted_exploration,29,0.2717217019625425,0.054248550084244666,4.25540677188319,0.3188972848232204
ackley,budgeted_exploration,budgeted_exploration,30,0.2717217019625425,0.054248550084244666,4.337266614939824,0.3312499038437989
ackley,budgeted_exploration,budgeted_exploration,31,0.2717217019625425,0.054248550084244666,4.460956800479919,0.32954390860107086
ackley,budgeted_exploration,budgeted_exploration,32,0.2717217019625425,0.054248550084244666,4.607535533665381,0.3311353928693723
ackley,budgeted_exploration,budgeted_exploration,33,0.2357165089561192,0.044807914712922454,4.73293270635449,0.3098942045640503
ackley,budgeted_exploration,budgeted_exploration,34,0.2204447635894534,0.02368525420974947,4.820058805464476,0.3293959699788956
ackley,budgeted_exploration,budgeted_exploration,35,0.2204447635894534,0.02368525420974947,4.912044738227864,0.3311519625839355
ackley,budgeted_exploration,budgeted_exploration,36,0.2204447635894534,0.02368525420974947,5.0173588344124225,0.31877092212503677
ackley,budgeted_exploration,budgeted_exploration,37,0.2063975052034377,0.04049317842408769,5.113502257077086,0.30849347905153296
ackley,budgeted_exploration,budgeted_exploration,38,0.2063975052034377,0.04049317842408769,5.176025328681668,0.33063965447876337
ackley,budgeted_exploration,budgeted_exploration,39,0.2063975052034377,0.04049317842408769,5.25456580262571,0.33118937833572754
ackley,budgeted_exploration,budgeted_exploration,40,0.2063975052034377,0.04049317842408769,5.341903917187426,0.3518501434688445
ackley,budgeted_exploration,budgeted_exploration,41,0.2063975052034377,0.04049317842408769,5.450611571776857,0.35781994165507297
ackley,budgeted_exploration,budgeted_exploration,42,0.18895099741876273,0.025266623883284732,5.567273207993336,0.3425223932329672
ackley,budgeted_exploration,budgeted_exploration,43,0.17993952027136872,0.024455345668403905,5.670220816088616,0.32128026975805546
ackley,budgeted_exploration,budgeted_exploration,44,0.17993952027136872,0.024455345668403905,5.7590374885916775,0.30093739626479316
ackley,budgeted_exploration,budgeted_exploration,45,0.17993952027136872,0.024455345668403905,5.884912806899923,0.321090111091594
ackley,budgeted_exploration,budgeted_exploration,46,0.17993952027136872,0.024455345668403905,6.020330086249024,0.34866661254245795
ackley,budgeted_exploration,budgeted_exploration,47,0.17993952027136872,0.024455345668403905,6.141268776921055,0.33439681718869635
ackley,budgeted_exploration,budgeted_exploration,48,0.17993952027136872,0.024455345668403905,6.242435835366659,0.3197247229434005
ackley,budgeted_exploration,budgeted_exploration,49,0.17993952027136872,0.024455345668403905,6.321094852222312,0.30749721314023704
ackley,lookahead_budgeted_exploration,lookahead_budgeted_exploration,0,2.150407444311171,0.3435754303458327,0.9328806429040016,0.14762735184084716
ackley,lookahead_budgeted_exploration,lookahead_budgeted_exploration,1,2.0324024955061977,0.27847814886330463,1.06092227721674,0.1601998171722168
ackley,lookahead_budgeted_exploration,lookahead_budgeted_exploration,2,1.7668377131443318,0.08325560458466646,1.1835870253440166,0.19044369047919832
ackley,lookahead_budgeted_exploration,lookahead_budgeted_exploration,3,1.6923443849684556,0.1347922918386371,1.2938386397164567,0.18258706279304038
ackley,lookahead_budgeted_exploration,lookahead_budgeted_exploration,4,1.6414687151050575,0.11616410557429047,1.365498305567497,0.18466768059143665
ackley,lookahead_budgeted_exploration,lookahead_budgeted_exploration,5,1.570111211463848,0.06923113696569799,1.4696893388657373,0.1977878625387936
ackley,lookahead_budgeted_exploration,lookahead_budgeted_exploration,6,1.5680525001039605,0.06666762497186084,1.5699910593094646,0.21557751804565234
ackley,lookahead_budgeted_exploration,lookahead_budgeted_exploration,7,1.5680525001039605,0.06666762497186084,1.7303760294262645,0.19470564702074025
ackley,lookahead_budgeted_exploration,lookahead_budgeted_exploration,8,1.4823652454183236,0.016865185225704887,1.853742923768862,0.19490028760704411
ackley,lookahead_budgeted_exploration,lookahead_budgeted_exploration,9,1.3357079345753882,0.19474775927067145,1.9704299163155667,0.20275641666897842
ackley,lookahead_budgeted_exploration,lookahead_budgeted_exploration,10,1.223808693706396,0.33647309740808096,2.0883488934750356,0.2030609894612116
ackley,lookahead_budgeted_exploration,lookahead_budgeted_exploration,11,1.223808693706396,0.33647309740808096,2.2024148507610826,0.18225743938560676
ackley,lookahead_budgeted_exploration,lookahead_budgeted_exploration,12,1.1555247637019008,0.3563685629014841,2.334990110686118,0.17155187751644715
ackley,lookahead_budgeted_exploration,lookahead_budgeted_exploration,13,1.0681806434013532,0.2979119329810094,2.428107715934202,0.17679824370752117
ackley,lookahead_budgeted_exploration,lookahead_budgeted_exploration,14,1.0230571308131424,0.3401518385966912,2.568984372314508,0.15994366134733784
ackley,lookahead_budgeted_exploration,lookahead_budgeted_exploration,15,0.9028508030674426,0.27099557360154,2.687868643456253,0.1320559546084587
ackley,lookahead_budgeted_exploration,lookahead_budgeted_exploration,16,0.7574038512864397,0.171128067291262,2.8202722753839495,0.14032853894597103
ackley,lookahead_budgeted_exploration,lookahead_budgeted_exploration,17,0.7574038512864397,0.171128067291262,2.9262745909469374,0.15066838349688214
ackley,lookahead_budgeted_exploration,lookahead_budgeted_exploration,18,0.6900597046178913,0.20928291905405386,3.055666666659428,0.18931416050678973
ackley,lookahead_budgeted_exploration,lookahead_budgeted_exploration,19,0.6893484297138959,0.21008049295956244,3.138099123924047,0.1810924046409429
ackley,lookahead_budgeted_exploration,lookahead_budgeted_exploration,20,0.6568382357486932,0.22080616270425765,3.253076993785125,0.17535806394208095
ackley,lookahead_budgeted_exploration,lookahead_budgeted_exploration,21,0.6568382357486932,0.22080616270425765,3.388860113903089,0.19250651822179018
ackley,lookahead_budgeted_exploration,lookahead_budgeted_exploration,22,0.6442355018201416,0.22858651147620115,3.5072625178253074,0.19483242436604073
ackley,lookahead_budgeted_exploration,lookahead_budgeted_exploration,23,0.42242840473973614,0.15446517150494432,3.614995699701902,0.19723141151182152
ackley,lookahead_budgeted_exploration,lookahead_budgeted_exploration,24,0.42242840473973614,0.15446517150494432,3.6960579366444244,0.17264339455196026
ackley,lookahead_budgeted_exploration,lookahead_budgeted_exploration,25,0.42242840473973614,0.15446517150494432,3.803364412803584,0.16700901612114186
ackley,lookahead_budgeted_exploration,lookahead_budgeted_exploration,26,0.4179587721650357,0.15502539075333371,3.911089571878031,0.1654677549592756
ackley,lookahead_budgeted_exploration,lookahead_budgeted_exploration,27,0.3777935745704129,0.1055432775309697,4.0202760837636164,0.20084791412972772
ackley,lookahead_budgeted_exploration,lookahead_budgeted_exploration,28,0.3301460188707144,0.06490068230359275,4.125524571057152,0.1749019603451747
ackley,lookahead_budgeted_exploration,lookahead_budgeted_exploration,29,0.3153909544409304,0.052539731294141724,4.214815291328505,0.172642036979702
ackley,lookahead_budgeted_exploration,lookahead_budgeted_exploration,30,0.3153909544409304,0.052539731294141724,4.2942836119431265,0.175777793100876
ackley,lookahead_budgeted_exploration,lookahead_budgeted_exploration,31,0.2803476505229452,0.05294233591533883,4.3901610620406695,0.18251797107239845
ackley,lookahead_budgeted_exploration,lookahead_budgeted_exploration,32,0.2803476505229452,0.05294233591533883,4.495250547183541,0.18342229158489912
ackley,lookahead_budgeted_exploration,lookahead_budgeted_exploration,33,0.2803476505229452,0.05294233591533883,4.635775045546023,0.18456195829477431
ackley,lookahead_budgeted_exploration,lookahead_budgeted_exploration,34,0.2584458801134268,0.07238890516413009,4.758101686632647,0.19667474418168904
ackley,lookahead_budgeted_exploration,lookahead_budgeted_exploration,35,0.2584458801134268,0.07238890516413009,4.840169982715639,0.22907028621138503
ackley,lookahead_budgeted_exploration,lookahead_budgeted_exploration,36,0.2584458801134268,0.07238890516413009,4.9285050378957775,0.24723258183260888
ackley,lookahead_budgeted_exploration,lookahead_budgeted_exploration,37,0.2584458801134268,0.07238890516413009,5.029716644571487,0.26287962904186435
ackley,lookahead_budgeted_exploration,lookahead_budgeted_exploration,38,0.2584458801134268,0.07238890516413009,5.138083231607731,0.2645277843200132
ackley,lookahead_budgeted_exploration,lookahead_budgeted_exploration,39,0.2584458801134268,0.07238890516413009,5.230164991406681,0.26834803455241174
ackley,lookahead_budgeted_exploration,lookahead_budgeted_exploration,40,0.21616820226667524,0.02519132501566157,5.336877324430002,0.27895462807663723
ackley,lookahead_budgeted_exploration,lookahead_budgeted_exploration,41,0.21616820226667524,0.02519132501566157,5.421433057777708,0.2636708571134333
ackley,lookahead_budgeted_exploration,lookahead_budgeted_exploration,42,0.21616820226667524,0.02519132501566157,5.526996527966678,0.26169182349757136
ackley,lookahead_budgeted_exploration,lookahead_budgeted_exploration,43,0.21616820226667524,0.02519132501566157,5.630664416354141,0.26179359432001476
ackley,lookahead_budgeted_exploration,lookahead_budgeted_exploration,44,0.20052093798646378,0.020193400960603316,5.713660649455277,0.2529511326071765
ackley,lookahead_budgeted_exploration,lookahead_budgeted_exploration,45,0.20052093798646378,0.020193400960603316,5.829765284860913,0.257541207285916
ackley,lookahead_budgeted_exploration,lookahead_budgeted_exploration,46,0.20052093798646378,0.020193400960603316,5.943094926804682,0.27601497876927894
ackley,lookahead_budgeted_exploration,lookahead_budgeted_exploration,47,0.20052093798646378,0.020193400960603316,6.067263939021128,0.27741444620664046
ackley,lookahead_budgeted_exploration,lookahead_budgeted_exploration,48,0.20052093798646378,0.020193400960603316,6.203105613504653,0.2716228442670851
ackley,lookahead_budgeted_exploration,lookahead_budgeted_exploration,49,0.20052093798646378,0.020193400960603316,6.313148566851862,0.26705463674590163
levy,pure_bo,pure_bo,0,0.5898596010730494,0.12629803255768718,1.217013271619427,0.15336542635034645
levy,pure_bo,pure_bo,1,0.5674338861131837,0.09483231243936423,1.3315943787999924,0.08806918684926406
levy,pure_bo,pure_bo,2,0.5674338861131837,0.09483231243936423,1.8587182237175695,0.06583182007160791
levy,pure_bo,pure_bo,3,0.5225261663379349,0.0872539454939088,2.7512462215966837,0.2094817103102985
levy,pure_bo,pure_bo,4,0.5225261663379349,0.0872539454939088,3.0097507510564108,0.20942929060001989
levy,pure_bo,pure_bo,5,0.48507770357143015,0.1288317001734259,3.6636171014500216,0.14236486812288304
levy,pure_bo,pure_bo,6,0.45921917920647787,0.13406798188717337,4.172445965071037,0.38360188419655095
levy,pure_bo,pure_bo,7,0.45921917920647787,0.13406798188717337,4.693425214462116,0.4359705904908143
levy,pure_bo,pure_bo,8,0.43782222049697156,0.14538077506168087,5.5803660793726175,0.385100459478839
levy,pure_bo,pure_bo,9,0.432093473900578,0.14987742035816853,6.744519197686685,0.9140694739867471
levy,pure_bo,pure_bo,10,0.4292995397934889,0.15217876242347889,7.2065951691768495,0.955469057145866
levy,pure_bo,pure_bo,11,0.4285008346954582,0.1526375567587593,8.516885492625631,1.1455802810248163
levy,pure_bo,pure_bo,12,0.41426251986837365,0.13520958590037951,9.605478928924304,1.6497911082128047
levy,pure_bo,pure_bo,13,0.41426251986837365,0.13520958590037951,10.041164512794786,1.6304549931861008
levy,pure_bo,pure_bo,14,0.3466192149709843,0.1913077684276325,10.723642100831237,1.805555336649933
levy,pure_bo,pure_bo,15,0.3426380928642962,0.18596037897907347,11.5881531113615,1.4891031392928036
levy,pure_bo,pure_bo,16,0.29523642889654494,0.12422613367338103,12.617975978450893,0.8804668516589335
levy,pure_bo,pure_bo,17,0.2691766413283651,0.09345258462966981,14.078298963383205,0.6105895494741769
levy,pure_bo,pure_bo,18,0.20363255389349086,0.12068748345557684,15.13591422817723,1.1466633671294626
levy,pure_bo,pure_bo,19,0.1543670690139539,0.053529219672008285,16.271291599895104,2.0041483660746207
levy,pure_bo,pure_bo,20,0.1543670690139539,0.053529219672008285,16.854656875393456,2.1482666906520707
levy,pure_bo,pure_bo,21,0.11483169699620362,0.0817330415285077,17.47796947822745,2.117683918071408
levy,pure_bo,pure_bo,22,0.11483169699620362,0.0817330415285077,18.77990653305572,2.448351328672546
levy,pure_bo,pure_bo,23,0.09731370040820432,0.058945691231468575,20.058308553214143,2.9114009938273124
levy,pure_bo,pure_bo,24,0.09731370040820432,0.058945691231468575,21.407411622441575,3.3604885292023603
levy,pure_bo,pure_bo,25,0.09731370040820432,0.058945691231468575,21.998088479734562,3.438827836379258
levy,pure_bo,pure_bo,26,0.09731370040820432,0.058945691231468575,22.5395323786579,3.6369670337313402
levy,pure_bo,pure_bo,27,0.09731370040820432,0.058945691231468575,23.209302858871197,4.084970189919149
levy,pure_bo,pure_bo,28,0.09731370040820432,0.058945691231468575,24.64628384223443,4.400467695392862
levy,pure_bo,pure_bo,29,0.09731370040820432,0.058945691231468575,26.196616500061833,4.380113768885906
levy,pure_bo,pure_bo,30,0.09731370040820432,0.058945691231468575,27.48776849130127,3.742434474632726
levy,pure_bo,pure_bo,31,0.09731370040820432,0.058945691231468575,28.844918481816347,3.745717308600883
levy,pure_bo,pure_bo,32,0.09731370040820432,0.058945691231468575,30.225067113018877,3.691846718992744
levy,pure_bo,pure_bo,33,0.09731370040820432,0.058945691231468575,31.505747539310647,3.7015080399200344
levy,pure_bo,pure_bo,34,0.09731370040820432,0.058945691231468575,32.58507098143508,4.183692847071644
levy,pure_bo,pure_bo,35,0.09731370040820432,0.058945691231468575,34.31031310715519,4.392381604182306
levy,pure_bo,pure_bo,36,0.09165482236815022,0.051974624999841665,35.62847109679162,4.712522745660323
levy,pure_bo,pure_bo,37,0.0712021525468235,0.031221738064166872,36.61278562925906,5.1847997570283
levy,pure_bo,pure_bo,38,0.0712021525468235,0.031221738064166872,37.746364130161204,5.620064597970066
levy,pure_bo,pure_bo,39,0.0712021525468235,0.031221738064166872,38.77302484359302,5.921779165363743
levy,pure_bo,pure_bo,40,0.0712021525468235,0.031221738064166872,40.5280631385462,5.984957633919982
levy,pure_bo,pure_bo,41,0.0712021525468235,0.031221738064166872,42.15357738055305,5.9515184866826925
levy,pure_bo,pure_bo,42,0.0712021525468235,0.031221738064166872,43.988503257591255,6.159485340230617
levy,pure_bo,pure_bo,43,0.0712021525468235,0.031221738064166872,45.58685091455999,5.985521344879014
levy,pure_bo,pure_bo,44,0.0712021525468235,0.031221738064166872,47.18473009571409,5.954125285601762
levy,pure_bo,pure_bo,45,0.0712021525468235,0.031221738064166872,48.686577944612374,5.914975475616184
levy,pure_bo,pure_bo,46,0.0712021525468235,0.031221738064166872,50.10766057242872,5.9415274395389615
levy,pure_bo,pure_bo,47,0.0712021525468235,0.031221738064166872,51.401230203247735,5.97775411414902
levy,pure_bo,pure_bo,48,0.0712021525468235,0.031221738064166872,52.643173087542635,6.220535074830361
levy,pure_bo,pure_bo,49,0.0712021525468235,0.031221738064166872,53.92448911100564,6.366485299056191
levy,earlbo,earlbo,0,0.7088458512667012,0.10048277991278183,1.0979933741979027,0.20135570454593768
levy,earlbo,earlbo,1,0.7088458512667012,0.10048277991278183,1.3289248579101285,0.14991663359311744
levy,earlbo,earlbo,2,0.7088458512667012,0.10048277991278183,1.529795277664322,0.1760728671783405
levy,earlbo,earlbo,3,0.7088458512667012,0.10048277991278183,1.7019077983823852,0.17520735418542197
levy,earlbo,earlbo,4,0.7088458512667012,0.10048277991278183,1.865058717023863,0.1854239507443773
levy,earlbo,earlbo,5,0.6770420398140183,0.07708081122569113,2.086183885123929,0.20105375202066944
levy,earlbo,earlbo,6,0.6743521911787839,0.07833201134359216,2.3041749852532143,0.1662452867208317
levy,earlbo,earlbo,7,0.6480086652242579,0.06589371206570346,2.5500989722489416,0.11006824783484405
levy,earlbo,earlbo,8,0.6461524479014807,0.06589858381638472,2.6988884711107146,0.08594231129795492
levy,earlbo,earlbo,9,0.6461524479014807,0.06589858381638472,2.852967819582141,0.08213076770130928
levy,earlbo,earlbo,10,0.6461524479014807,0.06589858381638472,2.992783415308969,0.09641718111949298
levy,earlbo,earlbo,11,0.6325565188726198,0.06543617995337606,3.1471628687047866,0.12014500213077067
levy,earlbo,earlbo,12,0.6027650932800143,0.05889246044056227,3.2791173553210604,0.10565812812425521
levy,earlbo,earlbo,13,0.5735108442469411,0.09536858705161164,3.423029435274163,0.10757137163267007
levy,earlbo,earlbo,14,0.5435496947185657,0.10715414066473153,3.608759546738795,0.11731923985764593
levy,earlbo,earlbo,15,0.542550098865029,0.10854287510639883,3.7452414118127284,0.12545183575697347
levy,earlbo,earlbo,16,0.5326808405668642,0.12187783511776895,3.921913991410643,0.14057576847604739
levy,earlbo,earlbo,17,0.524447120586535,0.11828719825653194,4.093694885022785,0.1655715002588397
levy,earlbo,earlbo,18,0.49729301863820025,0.09526786582830105,4.307411916421798,0.12148266695201719
levy,earlbo,earlbo,19,0.48243446889542696,0.08769329659948871,4.530500000740049,0.10713272919611418
levy,earlbo,earlbo,20,0.45770170838161556,0.12192597071674958,4.737624589872755,0.19511935518492565
levy,earlbo,earlbo,21,0.45770170838161556,0.12192597071674958,4.9185084731208875,0.23362807818989914
levy,earlbo,earlbo,22,0.4446435787823182,0.11199825103643031,5.097739434853334,0.21354670632015946
levy,earlbo,earlbo,23,0.43551801817242497,0.10449713493950177,5.2479374439900885,0.22128831025404366
levy,earlbo,earlbo,24,0.4137746474731432,0.11000522035097628,5.43119734413763,0.20477126475892118
levy,earlbo,earlbo,25,0.4080001621045974,0.10551837070642615,5.726690176057343,0.14087149363365156
levy,earlbo,earlbo,26,0.37711903009289144,0.08703311533271922,5.9768114394633995,0.1931398210927276
levy,earlbo,earlbo,27,0.34796180701925117,0.06648127612655347,6.156118076688084,0.22761801897736733
levy,earlbo,earlbo,28,0.34796180701925117,0.06648127612655347,6.296357278470314,0.24871096375256194
levy,earlbo,earlbo,29,0.32533450824918614,0.05132168236841772,6.454595111502701,0.296805169981237
levy,earlbo,earlbo,30,0.32533450824918614,0.05132168236841772,6.709365823447275,0.3953892512279615
levy,earlbo,earlbo,31,0.32533450824918614,0.05132168236841772,6.989549365372053,0.4403838228334573
levy,earlbo,earlbo,32,0.31927983548351263,0.04917313141697998,7.158235047676576,0.4066344959842495
levy,earlbo,earlbo,33,0.29466606466163053,0.055226505601328635,7.369682900293069,0.4333061955200384
levy,earlbo,earlbo,34,0.27688007608655946,0.039339256121681716,7.5496707712334645,0.4004926433216346
levy,earlbo,earlbo,35,0.27688007608655946,0.039339256121681716,7.774411921032278,0.332566543312235
levy,earlbo,earlbo,36,0.25732330811109977,0.04031640113406613,7.959420789212884,0.3448923367865592
levy,earlbo,earlbo,37,0.23238597313566947,0.05784183953636361,8.118520280652039,0.3560164768347482
levy,earlbo,earlbo,38,0.23170358896122592,0.058305088691450714,8.383457722290947,0.35936832826424875
levy,earlbo,earlbo,39,0.2171225493119819,0.07067028796295874,8.721930363651898,0.3653832042449783
levy,earlbo,earlbo,40,0.1979007861324682,0.04475700120795421,8.99529431194917,0.20757947370439264
levy,earlbo,earlbo,41,0.1979007861324682,0.04475700120795421,9.405097834741676,0.21826215040386782
levy,earlbo,earlbo,42,0.18442652198502216,0.028063631556644847,9.757196272460696,0.3307926766485618
levy,earlbo,earlbo,43,0.15508116543910386,0.04711747921959454,10.081408980784733,0.23774040134099472
levy,earlbo,earlbo,44,0.1535347535391344,0.045124703656586676,10.568252677387662,0.3082447498299455
levy,earlbo,earlbo,45,0.1535347535391344,0.045124703656586676,10.963870892045094,0.2917781405756662
levy,earlbo,earlbo,46,0.1535347535391344,0.045124703656586676,11.307402164235635,0.3062325416838096
levy,earlbo,earlbo,47,0.14226213937895812,0.031389494564971254,11.6723263778998,0.33702448044893923
levy,earlbo,earlbo,48,0.14226213937895812,0.031389494564971254,12.10043023068363,0.25881878112896495
levy,earlbo,earlbo,49,0.14226213937895812,0.031389494564971254,12.547799526713808,0.17625578293962826
levy,snake,snake,0,0.7663329378666713,0.15357876240402651,0.9983436623487161,0.1273061537676231
levy,snake,snake,1,0.7663329378666713,0.15357876240402651,1.2847189274958142,0.0882474188182808
levy,snake,snake,2,0.740643657514052,0.12529763779054112,1.5217898805579422,0.06566036744654066
levy,snake,snake,3,0.740643657514052,0.12529763779054112,1.6978065992241207,0.046033553774370656
levy,snake,snake,4,0.740643657514052,0.12529763779054112,1.8777560450572501,0.03400680294631266
levy,snake,snake,5,0.740643657514052,0.12529763779054112,2.2274197233582584,0.27870208814896663
levy,snake,snake,6,0.7054634302770882,0.12326080028427543,2.5512136630152127,0.4973827081541799
levy,snake,snake,7,0.7054634302770882,0.12326080028427543,2.9281599463833317,0.5344764940896866
levy,snake,snake,8,0.7054634302770882,0.12326080028427543,3.4231218727628274,0.3699590587949694
levy,snake,snake,9,0.7054634302770882,0.12326080028427543,4.063076852692472,0.4158089782478152
levy,snake,snake,10,0.5621839394994179,0.1408313447061733,4.6924374676164,0.38598189491166907
levy,snake,snake,11,0.5621839394994179,0.1408313447061733,5.2684650453014505,0.2757471244963305
levy,snake,snake,12,0.5460253929048322,0.1303122970858215,5.8718788127700074,0.3922953426483053
levy,snake,snake,13,0.5041192959675764,0.12207290736283741,6.260534694789816,0.4376389495411387
levy,snake,snake,14,0.4814973983780015,0.14923020490665978,6.7753974077281525,0.29584815193726416
levy,snake,snake,15,0.4814973983780015,0.14923020490665978,7.404361286682314,0.31495472927017754
levy,snake,snake,16,0.4814973983780015,0.14923020490665978,8.051495694136475,0.3679576924150887
levy,snake,snake,17,0.4814973983780015,0.14923020490665978,8.76287120200836,0.2967194250428141
levy,snake,snake,18,0.4067591968105388,0.08089546165518004,9.484731881580702,0.2955400829794923
levy,snake,snake,19,0.4067591968105388,0.08089546165518004,10.095174882335375,0.4686834117789408
levy,snake,snake,20,0.4067591968105388,0.08089546165518004,10.765477567618582,0.6273105548714946
levy,snake,snake,21,0.39713168692020195,0.07837618238647452,11.436681495193056,0.8086162181138447
levy,snake,snake,22,0.39713168692020195,0.07837618238647452,12.04483825870207,0.8311611754442271
levy,snake,snake,23,0.3647249973879772,0.04916246469538918,12.575775672198558,0.9680192676030189
levy,snake,snake,24,0.3537937774225373,0.0644811980216891,13.04310789474622,1.0487787512572535
levy,snake,snake,25,0.3498913454890215,0.0613395018140903,13.554415431813583,1.1405598216032258
levy,snake,snake,26,0.33283959191986917,0.08543642221546213,14.162949156773763,1.153863953900028
levy,snake,snake,27,0.33283959191986917,0.08543642221546213,14.76296439652747,1.351456791453
levy,snake,snake,28,0.3068723890237106,0.06711000152642138,15.378173252581965,1.4905106782439512
levy,snake,snake,29,0.3068723890237106,0.06711000152642138,15.883961798884874,1.4943436709721265
levy,snake,snake,30,0.3068723890237106,0.06711000152642138,16.458557196841806,1.6498175717440302
levy,snake,snake,31,0.3068723890237106,0.06711000152642138,16.97432022446763,1.6619852848621899
levy,snake,snake,32,0.3068723890237106,0.06711000152642138,17.601073594044113,1.8364642794692598
levy,snake,snake,33,0.3068723890237106,0.06711000152642138,18.21780842654302,1.9516629576612543
levy,snake,snake,34,0.3068723890237106,0.06711000152642138,18.835071816719935,2.158934152305419
levy,snake,snake,35,0.3068723890237106,0.06711000152642138,19.47556435565764,2.08788944524694
levy,snake,snake,36,0.3068723890237106,0.06711000152642138,20.04125739597477,2.08721667026063
levy,snake,snake,37,0.28659663259278884,0.05373426096787863,20.5210124584306,2.1454178416555947
levy,snake,snake,38,0.28659663259278884,0.05373426096787863,21.080738248004817,2.1943932689125623
levy,snake,snake,39,0.28659663259278884,0.05373426096787863,21.81703599586074,2.208186095051943
levy,snake,snake,40,0.26281156030471503,0.086969318320901,22.410941771501896,2.35462058709655
levy,snake,snake,41,0.26281156030471503,0.086969318320901,22.97059658305265,2.5235966988139698
levy,snake,snake,42,0.2581800315121679,0.0846202335836037,23.472848812387827,2.63083697690006
levy,snake,snake,43,0.2581800315121679,0.0846202335836037,23.97142495401954,2.580843516550026
levy,snake,snake,44,0.2569419674886881,0.08348108415237257,24.664144585187298,2.642420433116535
levy,snake,snake,45,0.252362712698079,0.08150816283389122,25.219582905818452,2.7042538551888766
levy,snake,snake,46,0.252362712698079,0.08150816283389122,25.81553964094195,2.936862452525733
levy,snake,snake,47,0.252362712698079,0.08150816283389122,26.384699743327882,2.9082699454230876
levy,snake,snake,48,0.19121531899356392,0.03596245791132132,26.90221676960824,2.843257226448944
levy,snake,snake,49,0.19121531899356392,0.03596245791132132,27.284482059392037,2.8547616543131746
levy,log_improvement_movement_cost3,log_improvement_movement_cost3,0,0.7661588454873689,0.15356004343124954,0.9970189530508663,0.12166715719229781
levy,log_improvement_movement_cost3,log_improvement_movement_cost3,1,0.7661588454873689,0.15356004343124954,1.2769891288066193,0.08595186203936502
levy,log_improvement_movement_cost3,log_improvement_movement_cost3,2,0.7411400875964232,0.12592595154162953,1.5109390551264272,0.06653692553993165
levy,log_improvement_movement_cost3,log_improvement_movement_cost3,3,0.7411400875964232,0.12592595154162953,1.6723922659888801,0.048925723126767434
levy,log_improvement_movement_cost3,log_improvement_movement_cost3,4,0.7411400875964232,0.12592595154162953,1.8371122634117178,0.0282117936570877
levy,log_improvement_movement_cost3,log_improvement_movement_cost3,5,0.7411400875964232,0.12592595154162953,2.0099199370505567,0.022654443839904184
levy,log_improvement_movement_cost3,log_improvement_movement_cost3,6,0.7411400875964232,0.12592595154162953,2.1966171375167396,0.04252408360571125
levy,log_improvement_movement_cost3,log_improvement_movement_cost3,7,0.7411400875964232,0.12592595154162953,2.3705505249339383,0.030894202997118068
levy,log_improvement_movement_cost3,log_improvement_movement_cost3,8,0.7411400875964232,0.12592595154162953,2.571905722575499,0.06509067525486224
levy,log_improvement_movement_cost3,log_improvement_movement_cost3,9,0.7411400875964232,0.12592595154162953,2.767364594623203,0.13052026796589203
levy,log_improvement_movement_cost3,log_improvement_movement_cost3,10,0.7411400875964232,0.12592595154162953,2.951443954357242,0.1895640027856801
levy,log_improvement_movement_cost3,log_improvement_movement_cost3,11,0.7411400875964232,0.12592595154162953,3.106815247715246,0.24127711478793204
levy,log_improvement_movement_cost3,log_improvement_movement_cost3,12,0.7411400875964232,0.12592595154162953,3.265411009996592,0.26244135168380917
levy,log_improvement_movement_cost3,log_improvement_movement_cost3,13,0.7411400875964232,0.12592595154162953,3.539763174397546,0.2218605501993453
levy,log_improvement_movement_cost3,log_improvement_movement_cost3,14,0.7411400875964232,0.12592595154162953,3.7782792858178698,0.2067978248855841
levy,log_improvement_movement_cost3,log_improvement_movement_cost3,15,0.7224541041712113,0.108269460892603,3.975910085811369,0.20666185583508329
levy,log_improvement_movement_cost3,log_improvement_movement_cost3,16,0.7160372979684811,0.10307494439603854,4.127087342948867,0.21360450388526322
levy,log_improvement_movement_cost3,log_improvement_movement_cost3,17,0.7118630746909164,0.09999353753119128,4.23869395405958,0.18072006791822046
levy,log_improvement_movement_cost3,log_improvement_movement_cost3,18,0.7048028781875635,0.09538859347619867,4.348714011258303,0.18852850155055498
levy,log_improvement_movement_cost3,log_improvement_movement_cost3,19,0.7048028781875635,0.09538859347619867,4.511833682799465,0.17631009092381938
levy,log_improvement_movement_cost3,log_improvement_movement_cost3,20,0.7048028781875635,0.09538859347619867,4.6779051092656045,0.22569927183078575
levy,log_improvement_movement_cost3,log_improvement_movement_cost3,21,0.7048028781875635,0.09538859347619867,4.842240541073591,0.27056919218613545
levy,log_improvement_movement_cost3,log_improvement_movement_cost3,22,0.7048028781875635,0.09538859347619867,4.992725843305448,0.2751461172254924
levy,log_improvement_movement_cost3,log_improvement_movement_cost3,23,0.7009855722416946,0.0923848619836717,5.143284301832943,0.26672508321486554
levy,log_improvement_movement_cost3,log_improvement_movement_cost3,24,0.7009855722416946,0.0923848619836717,5.290287242967415,0.25056031786009597
levy,log_improvement_movement_cost3,log_improvement_movement_cost3,25,0.6959572677382333,0.0893160426349742,5.451138558828905,0.201487959477006
levy,log_improvement_movement_cost3,log_improvement_movement_cost3,26,0.6959572677382333,0.0893160426349742,5.61407981107033,0.14861296405803348
levy,log_improvement_movement_cost3,log_improvement_movement_cost3,27,0.6959572677382333,0.0893160426349742,5.782245255593558,0.1487198260292074
levy,log_improvement_movement_cost3,log_improvement_movement_cost3,28,0.6828341924833556,0.08365699641610633,5.952815850712042,0.2183105362485942
levy,log_improvement_movement_cost3,log_improvement_movement_cost3,29,0.6828341924833556,0.08365699641610633,6.125516857931811,0.25092894791368064
levy,log_improvement_movement_cost3,log_improvement_movement_cost3,30,0.6828341924833556,0.08365699641610633,6.309598990216976,0.2398533906774961
levy,log_improvement_movement_cost3,log_improvement_movement_cost3,31,0.6828341924833556,0.08365699641610633,6.502957558177838,0.2730011814952062
levy,log_improvement_movement_cost3,log_improvement_movement_cost3,32,0.6828341924833556,0.08365699641610633,6.644682462628457,0.3060525262173509
levy,log_improvement_movement_cost3,log_improvement_movement_cost3,33,0.6828341924833556,0.08365699641610633,6.812650218886875,0.35862861575975
levy,log_improvement_movement_cost3,log_improvement_movement_cost3,34,0.6828341924833556,0.08365699641610633,6.980278524154328,0.3725836607656007
levy,log_improvement_movement_cost3,log_improvement_movement_cost3,35,0.6828341924833556,0.08365699641610633,7.160063869973587,0.40595775754219854
levy,log_improvement_movement_cost3,log_improvement_movement_cost3,36,0.6828341924833556,0.08365699641610633,7.363863179261575,0.4455263005705198
levy,log_improvement_movement_cost3,log_improvement_movement_cost3,37,0.6828341924833556,0.08365699641610633,7.51256047777704,0.4696191240120279
levy,log_improvement_movement_cost3,log_improvement_movement_cost3,38,0.6724602683116992,0.07337263033927571,7.713910799882798,0.5088677150418403
levy,log_improvement_movement_cost3,log_improvement_movement_cost3,39,0.6724602683116992,0.07337263033927571,7.864764314371712,0.5147557628621232
levy,log_improvement_movement_cost3,log_improvement_movement_cost3,40,0.6724602683116992,0.07337263033927571,8.006871948320102,0.5322017367226486
levy,log_improvement_movement_cost3,log_improvement_movement_cost3,41,0.6724602683116992,0.07337263033927571,8.202360327991611,0.5917628254680039
levy,log_improvement_movement_cost3,log_improvement_movement_cost3,42,0.6724602683116992,0.07337263033927571,8.424454751587055,0.6879996070529951
levy,log_improvement_movement_cost3,log_improvement_movement_cost3,43,0.6724602683116992,0.07337263033927571,8.610272041032351,0.6417325974976418
levy,log_improvement_movement_cost3,log_improvement_movement_cost3,44,0.6724602683116992,0.07337263033927571,8.792779689278218,0.6572780639211205
levy,log_improvement_movement_cost3,log_improvement_movement_cost3,45,0.6724602683116992,0.07337263033927571,8.961391343728478,0.6849661402430482
levy,log_improvement_movement_cost3,log_improvement_movement_cost3,46,0.6629063412037838,0.07004278673679488,9.154661669590013,0.6779693862438062
levy,log_improvement_movement_cost3,log_improvement_movement_cost3,47,0.6629063412037838,0.07004278673679488,9.361016182505317,0.6610953671615423
levy,log_improvement_movement_cost3,log_improvement_movement_cost3,48,0.6629063412037838,0.07004278673679488,9.536546071465981,0.7139625061157552
levy,log_improvement_movement_cost3,log_improvement_movement_cost3,49,0.6629063412037838,0.07004278673679488,9.687790513040525,0.7173687975028858
levy,optimistic_selected,optimistic_improvement_movement_cost3,0,0.765411323435328,0.1534841301616195,1.0078227717297292,0.13328693907443076
levy,optimistic_selected,optimistic_improvement_movement_cost3,1,0.765411323435328,0.1534841301616195,1.2864544479814555,0.10874306423659219
levy,optimistic_selected,optimistic_improvement_movement_cost3,2,0.7372375317419663,0.12245704811899501,1.517969659769797,0.09255609092053559
levy,optimistic_selected,optimistic_improvement_movement_cost3,3,0.7372375317419663,0.12245704811899501,1.6857385188059142,0.07403589518682857
levy,optimistic_selected,optimistic_improvement_movement_cost3,4,0.7372375317419663,0.12245704811899501,1.8440034075534424,0.06458869707367315
levy,optimistic_selected,optimistic_improvement_movement_cost3,5,0.7372375317419663,0.12245704811899501,2.005410803532729,0.055978430349522344
levy,optimistic_selected,optimistic_improvement_movement_cost3,6,0.7372375317419663,0.12245704811899501,2.189856661728014,0.09442084302429296
levy,optimistic_selected,optimistic_improvement_movement_cost3,7,0.7372375317419663,0.12245704811899501,2.347904291016334,0.0937157192860748
levy,optimistic_selected,optimistic_improvement_movement_cost3,8,0.7372375317419663,0.12245704811899501,2.5567905905067767,0.11137765810739966
levy,optimistic_selected,optimistic_improvement_movement_cost3,9,0.7372375317419663,0.12245704811899501,2.8007185605455587,0.12550824267309693
levy,optimistic_selected,optimistic_improvement_movement_cost3,10,0.7372375317419663,0.12245704811899501,3.019925736201259,0.17339545900459613
levy,optimistic_selected,optimistic_improvement_movement_cost3,11,0.7372375317419663,0.12245704811899501,3.1959044826801413,0.23334776619260814
levy,optimistic_selected,optimistic_improvement_movement_cost3,12,0.7316943480339259,0.1207488339371633,3.332393846079516,0.2477939077631292
levy,optimistic_selected,optimistic_improvement_movement_cost3,13,0.7316943480339259,0.1207488339371633,3.602124867079914,0.19359206975380167
levy,optimistic_selected,optimistic_improvement_movement_cost3,14,0.7316943480339259,0.1207488339371633,3.8274073172581686,0.11956762435655394
levy,optimistic_selected,optimistic_improvement_movement_cost3,15,0.7048215618679237,0.09526058084251962,4.037108729062321,0.12319321823038
levy,optimistic_selected,optimistic_improvement_movement_cost3,16,0.7048215618679237,0.09526058084251962,4.207188474059162,0.12009856609601606
levy,optimistic_selected,optimistic_improvement_movement_cost3,17,0.7048215618679237,0.09526058084251962,4.342917406662963,0.11287787850111203
levy,optimistic_selected,optimistic_improvement_movement_cost3,18,0.6891205031166585,0.08482128624750232,4.452971238489963,0.09740813913581706
levy,optimistic_selected,optimistic_improvement_movement_cost3,19,0.6891205031166585,0.08482128624750232,4.6306745719754465,0.042106432725735506
levy,optimistic_selected,optimistic_improvement_movement_cost3,20,0.6891205031166585,0.08482128624750232,4.807241064046448,0.1094190270018449
levy,optimistic_selected,optimistic_improvement_movement_cost3,21,0.6891205031166585,0.08482128624750232,4.975268860039281,0.15881608056212682
levy,optimistic_selected,optimistic_improvement_movement_cost3,22,0.6891205031166585,0.08482128624750232,5.1318577728409736,0.18507574495651435
levy,optimistic_selected,optimistic_improvement_movement_cost3,23,0.6891205031166585,0.08482128624750232,5.27359996521344,0.18379056740284844
levy,optimistic_selected,optimistic_improvement_movement_cost3,24,0.6891205031166585,0.08482128624750232,5.407172284968109,0.1899011417419382
levy,optimistic_selected,optimistic_improvement_movement_cost3,25,0.6891205031166585,0.08482128624750232,5.5446137297487565,0.1746396481205503
levy,optimistic_selected,optimistic_improvement_movement_cost3,26,0.6891205031166585,0.08482128624750232,5.713101676857612,0.1490333516648943
levy,optimistic_selected,optimistic_improvement_movement_cost3,27,0.6891205031166585,0.08482128624750232,5.897098420955541,0.12053832368049944
levy,optimistic_selected,optimistic_improvement_movement_cost3,28,0.6728181169265124,0.07928549371943788,6.097477914799078,0.1695013132530772
levy,optimistic_selected,optimistic_improvement_movement_cost3,29,0.6728181169265124,0.07928549371943788,6.258543619604011,0.18963650884867417
levy,optimistic_selected,optimistic_improvement_movement_cost3,30,0.6728181169265124,0.07928549371943788,6.449899193466069,0.19505955445777332
levy,optimistic_selected,optimistic_improvement_movement_cost3,31,0.6728181169265124,0.07928549371943788,6.657352209972007,0.226073850510136
levy,optimistic_selected,optimistic_improvement_movement_cost3,32,0.6728181169265124,0.07928549371943788,6.8069153556325235,0.23496860127842298
levy,optimistic_selected,optimistic_improvement_movement_cost3,33,0.6728181169265124,0.07928549371943788,6.9614963259490885,0.2811531650893413
levy,optimistic_selected,optimistic_improvement_movement_cost3,34,0.6728181169265124,0.07928549371943788,7.106223385695959,0.2830975169102495
levy,optimistic_selected,optimistic_improvement_movement_cost3,35,0.6728181169265124,0.07928549371943788,7.265886632168829,0.32543603926732834
levy,optimistic_selected,optimistic_improvement_movement_cost3,36,0.6728181169265124,0.07928549371943788,7.447900920249438,0.4014953675780932
levy,optimistic_selected,optimistic_improvement_movement_cost3,37,0.6728181169265124,0.07928549371943788,7.5769623659355325,0.44759053455302
levy,optimistic_selected,optimistic_improvement_movement_cost3,38,0.6728181169265124,0.07928549371943788,7.762022063037566,0.4772654807800485
levy,optimistic_selected,optimistic_improvement_movement_cost3,39,0.6728181169265124,0.07928549371943788,7.906942392304568,0.48905799522753346
levy,optimistic_selected,optimistic_improvement_movement_cost3,40,0.6728181169265124,0.07928549371943788,8.045457366762516,0.5263856874574959
levy,optimistic_selected,optimistic_improvement_movement_cost3,41,0.6728181169265124,0.07928549371943788,8.225174008501325,0.5831479675482214
levy,optimistic_selected,optimistic_improvement_movement_cost3,42,0.6728181169265124,0.07928549371943788,8.4560884420884,0.6926487717314536
levy,optimistic_selected,optimistic_improvement_movement_cost3,43,0.6728181169265124,0.07928549371943788,8.636615917704225,0.6630335637903988
levy,optimistic_selected,optimistic_improvement_movement_cost3,44,0.6728181169265124,0.07928549371943788,8.803570998380591,0.6999484449440764
levy,optimistic_selected,optimistic_improvement_movement_cost3,45,0.6728181169265124,0.07928549371943788,8.964522437935997,0.7394299726927351
levy,optimistic_selected,optimistic_improvement_movement_cost3,46,0.6660780983438475,0.07887464778064301,9.156738144599283,0.7428812694536446
levy,optimistic_selected,optimistic_improvement_movement_cost3,47,0.6660780983438475,0.07887464778064301,9.344673037104767,0.7508864411528031
levy,optimistic_selected,optimistic_improvement_movement_cost3,48,0.6660780983438475,0.07887464778064301,9.530089083835044,0.7983884271224092
levy,optimistic_selected,optimistic_improvement_movement_cost3,49,0.6660780983438475,0.07887464778064301,9.680386765151239,0.7953748892973483
levy,budgeted_exploration,budgeted_exploration,0,0.7669499946235337,0.15364826928001504,1.0038135286673233,0.13456557965533752
levy,budgeted_exploration,budgeted_exploration,1,0.7669499946235337,0.15364826928001504,1.2879236548055373,0.09822019677458438
levy,budgeted_exploration,budgeted_exploration,2,0.7398622690541504,0.12409956710606412,1.5153645938507159,0.08520288864852503
levy,budgeted_exploration,budgeted_exploration,3,0.7398622690541504,0.12409956710606412,1.696927911376063,0.07844708690904718
levy,budgeted_exploration,budgeted_exploration,4,0.7398622690541504,0.12409956710606412,1.885646087543086,0.06079787366303844
levy,budgeted_exploration,budgeted_exploration,5,0.7398622690541504,0.12409956710606412,2.0541278747662144,0.04369625731154763
levy,budgeted_exploration,budgeted_exploration,6,0.7398622690541504,0.12409956710606412,2.2411318288598276,0.10586823507385719
levy,budgeted_exploration,budgeted_exploration,7,0.7398622690541504,0.12409956710606412,2.3975286910842812,0.10476424320435801
levy,budgeted_exploration,budgeted_exploration,8,0.7398622690541504,0.12409956710606412,2.591141879253927,0.12552589876904455
levy,budgeted_exploration,budgeted_exploration,9,0.7398622690541504,0.12409956710606412,2.7907917523349,0.15900007459260979
levy,budgeted_exploration,budgeted_exploration,10,0.7398622690541504,0.12409956710606412,2.966881047022561,0.19586196492090263
levy,budgeted_exploration,budgeted_exploration,11,0.7398622690541504,0.12409956710606412,3.1232035090419408,0.22137382925990834
levy,budgeted_exploration,budgeted_exploration,12,0.7398622690541504,0.12409956710606412,3.2915015191208687,0.21926247315728187
levy,budgeted_exploration,budgeted_exploration,13,0.7398622690541504,0.12409956710606412,3.556285553314602,0.15860791366851518
levy,budgeted_exploration,budgeted_exploration,14,0.7398622690541504,0.12409956710606412,3.8264868315498517,0.1399990140564336
levy,budgeted_exploration,budgeted_exploration,15,0.7243318109631254,0.10963127335840041,4.037021144900899,0.1418306321694752
levy,budgeted_exploration,budgeted_exploration,16,0.7243318109631254,0.10963127335840041,4.209358015978148,0.15259019733189538
levy,budgeted_exploration,budgeted_exploration,17,0.7232303956531273,0.10870062159410998,4.3618431770365005,0.15808272427832276
levy,budgeted_exploration,budgeted_exploration,18,0.7185201133954701,0.10488857779669704,4.5337730492321455,0.2070259650707865
levy,budgeted_exploration,budgeted_exploration,19,0.7185201133954701,0.10488857779669704,4.705341900817042,0.21562219922700618
levy,budgeted_exploration,budgeted_exploration,20,0.7185201133954701,0.10488857779669704,4.881273857526925,0.30744950098465446
levy,budgeted_exploration,budgeted_exploration,21,0.7185201133954701,0.10488857779669704,5.051038962825712,0.3636627342471675
levy,budgeted_exploration,budgeted_exploration,22,0.7185201133954701,0.10488857779669704,5.230859242469578,0.3996796877302686
levy,budgeted_exploration,budgeted_exploration,23,0.7160104798707655,0.10334979477543442,5.419994294960826,0.4052313180898851
levy,budgeted_exploration,budgeted_exploration,24,0.7160104798707655,0.10334979477543442,5.5921884940592115,0.4047202617734039
levy,budgeted_exploration,budgeted_exploration,25,0.7058351549987689,0.09578178233206809,5.768336742068886,0.36398438942542877
levy,budgeted_exploration,budgeted_exploration,26,0.7058351549987689,0.09578178233206809,5.951097924833181,0.3232002331192604
levy,budgeted_exploration,budgeted_exploration,27,0.7058351549987689,0.09578178233206809,6.130082744675781,0.3012073242641473
levy,budgeted_exploration,budgeted_exploration,28,0.6814613693732583,0.08513766830283417,6.323466367360678,0.3451006275025184
levy,budgeted_exploration,budgeted_exploration,29,0.6814613693732583,0.08513766830283417,6.4959584325543505,0.35902326611289387
levy,budgeted_exploration,budgeted_exploration,30,0.6814613693732583,0.08513766830283417,6.70930522184712,0.3445155909694973
levy,budgeted_exploration,budgeted_exploration,31,0.6814613693732583,0.08513766830283417,6.916756686896786,0.39070867821412064
levy,budgeted_exploration,budgeted_exploration,32,0.6814613693732583,0.08513766830283417,7.081968704817489,0.433713967616984
levy,budgeted_exploration,budgeted_exploration,33,0.6814613693732583,0.08513766830283417,7.274147993340208,0.4878822675634207
levy,budgeted_exploration,budgeted_exploration,34,0.6814613693732583,0.08513766830283417,7.4651994930988606,0.49909537648103647
levy,budgeted_exploration,budgeted_exploration,35,0.6814613693732583,0.08513766830283417,7.668305257949233,0.5191821643115846
levy,budgeted_exploration,budgeted_exploration,36,0.6814613693732583,0.08513766830283417,7.9196828860629,0.5363502806305519
levy,budgeted_exploration,budgeted_exploration,37,0.6814613693732583,0.08513766830283417,8.119741238370313,0.540294837468855
levy,budgeted_exploration,budgeted_exploration,38,0.6706890999009113,0.0735854013498709,8.38471435615059,0.5848257767953557
levy,budgeted_exploration,budgeted_exploration,39,0.6706890999009113,0.0735854013498709,8.590708979684237,0.5490495203704833
levy,budgeted_exploration,budgeted_exploration,40,0.6706890999009113,0.0735854013498709,8.799465707852002,0.5659594951782696
levy,budgeted_exploration,budgeted_exploration,41,0.6706890999009113,0.0735854013498709,9.044414858578806,0.6383361576129334
levy,budgeted_exploration,budgeted_exploration,42,0.6706890999009113,0.0735854013498709,9.316973327092803,0.7235649797224807
levy,budgeted_exploration,budgeted_exploration,43,0.6706890999009113,0.0735854013498709,9.574099469292321,0.6533432678237864
levy,budgeted_exploration,budgeted_exploration,44,0.6706890999009113,0.0735854013498709,9.804179822869537,0.6598226008113086
levy,budgeted_exploration,budgeted_exploration,45,0.6706890999009113,0.0735854013498709,10.02135849819227,0.6663967600788269
levy,budgeted_exploration,budgeted_exploration,46,0.6603742328447165,0.07136694994456584,10.228773209009452,0.660995284576952
levy,budgeted_exploration,budgeted_exploration,47,0.6603742328447165,0.07136694994456584,10.435343205521947,0.6446727908936597
levy,budgeted_exploration,budgeted_exploration,48,0.6603742328447165,0.07136694994456584,10.607674371305334,0.6909936704639836
levy,budgeted_exploration,budgeted_exploration,49,0.6603742328447165,0.07136694994456584,10.775158475447817,0.6893168889844696
levy,lookahead_budgeted_exploration,lookahead_budgeted_exploration,0,0.7699039864533544,0.15404907239027543,1.0032772855254328,0.12098106543563297
levy,lookahead_budgeted_exploration,lookahead_budgeted_exploration,1,0.7699039864533544,0.15404907239027543,1.2861178066145964,0.0969361319807792
levy,lookahead_budgeted_exploration,lookahead_budgeted_exploration,2,0.75455911209446,0.1371574679886472,1.544024413825354,0.14408214385276422
levy,lookahead_budgeted_exploration,lookahead_budgeted_exploration,3,0.75455911209446,0.1371574679886472,1.7444059567236072,0.15233656460291645
levy,lookahead_budgeted_exploration,lookahead_budgeted_exploration,4,0.75455911209446,0.1371574679886472,1.9049614205966676,0.16140604044335313
levy,lookahead_budgeted_exploration,lookahead_budgeted_exploration,5,0.75455911209446,0.1371574679886472,2.0576303171277277,0.17053824770525672
levy,lookahead_budgeted_exploration,lookahead_budgeted_exploration,6,0.75455911209446,0.1371574679886472,2.2147017099646438,0.1993176911251418
levy,lookahead_budgeted_exploration,lookahead_budgeted_exploration,7,0.75455911209446,0.1371574679886472,2.3726020396044176,0.21487173313922475
levy,lookahead_budgeted_exploration,lookahead_budgeted_exploration,8,0.75455911209446,0.1371574679886472,2.5360963106918057,0.21197843976339073
levy,lookahead_budgeted_exploration,lookahead_budgeted_exploration,9,0.75455911209446,0.1371574679886472,2.7284446688426,0.23117303317521043
levy,lookahead_budgeted_exploration,lookahead_budgeted_exploration,10,0.75455911209446,0.1371574679886472,2.9155260669879155,0.2717232058524762
levy,lookahead_budgeted_exploration,lookahead_budgeted_exploration,11,0.75455911209446,0.1371574679886472,3.0686055697955865,0.30921249298701864
levy,lookahead_budgeted_exploration,lookahead_budgeted_exploration,12,0.75455911209446,0.1371574679886472,3.2245501568886894,0.29541934129784037
levy,lookahead_budgeted_exploration,lookahead_budgeted_exploration,13,0.75455911209446,0.1371574679886472,3.464306451653178,0.19549089820669302
levy,lookahead_budgeted_exploration,lookahead_budgeted_exploration,14,0.75455911209446,0.1371574679886472,3.721012982647635,0.11079575479096578
levy,lookahead_budgeted_exploration,lookahead_budgeted_exploration,15,0.7492377518469789,0.13162941637513229,3.9178297822961903,0.12480994838959122
levy,lookahead_budgeted_exploration,lookahead_budgeted_exploration,16,0.7333943975486577,0.11650343419013941,4.124876547871645,0.123599004855732
levy,lookahead_budgeted_exploration,lookahead_budgeted_exploration,17,0.7333943975486577,0.11650343419013941,4.31191718615784,0.1427288093562919
levy,lookahead_budgeted_exploration,lookahead_budgeted_exploration,18,0.7178800665921696,0.10426278801577034,4.447330890695123,0.1608413036603059
levy,lookahead_budgeted_exploration,lookahead_budgeted_exploration,19,0.7088423131559924,0.09830066439000117,4.659972336920024,0.1688315299575298
levy,lookahead_budgeted_exploration,lookahead_budgeted_exploration,20,0.7088423131559924,0.09830066439000117,4.859582402470828,0.14468704878147898
levy,lookahead_budgeted_exploration,lookahead_budgeted_exploration,21,0.7088423131559924,0.09830066439000117,5.068659792679004,0.14894749904551874
levy,lookahead_budgeted_exploration,lookahead_budgeted_exploration,22,0.7088423131559924,0.09830066439000117,5.268063533230713,0.14980698906252982
levy,lookahead_budgeted_exploration,lookahead_budgeted_exploration,23,0.679849550838922,0.07787576993891793,5.429155492003432,0.1371099916123488
levy,lookahead_budgeted_exploration,lookahead_budgeted_exploration,24,0.679849550838922,0.07787576993891793,5.60441207171804,0.1288395682026193
levy,lookahead_budgeted_exploration,lookahead_budgeted_exploration,25,0.679849550838922,0.07787576993891793,5.7750011778247385,0.11756657606213247
levy,lookahead_budgeted_exploration,lookahead_budgeted_exploration,26,0.679849550838922,0.07787576993891793,5.972903632383139,0.06234338228822302
levy,lookahead_budgeted_exploration,lookahead_budgeted_exploration,27,0.679849550838922,0.07787576993891793,6.171022450116425,0.07828988334557131
levy,lookahead_budgeted_exploration,lookahead_budgeted_exploration,28,0.6576270379618622,0.0643181139788738,6.390043142987394,0.08035450719506648
levy,lookahead_budgeted_exploration,lookahead_budgeted_exploration,29,0.6576270379618622,0.0643181139788738,6.5710501634548315,0.08471640346517653
levy,lookahead_budgeted_exploration,lookahead_budgeted_exploration,30,0.6576270379618622,0.0643181139788738,6.782387180452463,0.10101403558666687
levy,lookahead_budgeted_exploration,lookahead_budgeted_exploration,31,0.6576270379618622,0.0643181139788738,7.002607591784096,0.11058611974754165
levy,lookahead_budgeted_exploration,lookahead_budgeted_exploration,32,0.6576270379618622,0.0643181139788738,7.185552077479154,0.1494630951890825
levy,lookahead_budgeted_exploration,lookahead_budgeted_exploration,33,0.6576270379618622,0.0643181139788738,7.344287459999452,0.18834935368223185
levy,lookahead_budgeted_exploration,lookahead_budgeted_exploration,34,0.6576270379618622,0.0643181139788738,7.502762246486644,0.2098619133657856
levy,lookahead_budgeted_exploration,lookahead_budgeted_exploration,35,0.6576270379618622,0.0643181139788738,7.704251549590732,0.24971681921466868
levy,lookahead_budgeted_exploration,lookahead_budgeted_exploration,36,0.6576270379618622,0.0643181139788738,7.91217627565106,0.28886031816337043
levy,lookahead_budgeted_exploration,lookahead_budgeted_exploration,37,0.6576270379618622,0.0643181139788738,8.074028230398058,0.32684571303549725
levy,lookahead_budgeted_exploration,lookahead_budgeted_exploration,38,0.6377661590632085,0.04797170674263061,8.317612052722964,0.360427269310478
levy,lookahead_budgeted_exploration,lookahead_budgeted_exploration,39,0.6377661590632085,0.04797170674263061,8.484618992493559,0.3634988603516703
levy,lookahead_budgeted_exploration,lookahead_budgeted_exploration,40,0.6377661590632085,0.04797170674263061,8.640859379769035,0.37516797760699644
levy,lookahead_budgeted_exploration,lookahead_budgeted_exploration,41,0.6377661590632085,0.04797170674263061,8.83598078701484,0.4400970970442389
levy,lookahead_budgeted_exploration,lookahead_budgeted_exploration,42,0.6377661590632085,0.04797170674263061,9.083296506903604,0.5204124828120086
levy,lookahead_budgeted_exploration,lookahead_budgeted_exploration,43,0.6377661590632085,0.04797170674263061,9.267111844483622,0.4874760532574433
levy,lookahead_budgeted_exploration,lookahead_budgeted_exploration,44,0.6377661590632085,0.04797170674263061,9.445925056950825,0.5266543477427492
levy,lookahead_budgeted_exploration,lookahead_budgeted_exploration,45,0.6377661590632085,0.04797170674263061,9.606522558358565,0.5580079386843663
levy,lookahead_budgeted_exploration,lookahead_budgeted_exploration,46,0.6377661590632085,0.04797170674263061,9.796467695096203,0.5560758306278258
levy,lookahead_budgeted_exploration,lookahead_budgeted_exploration,47,0.6377661590632085,0.04797170674263061,9.969565597839612,0.5496219407021108
levy,lookahead_budgeted_exploration,lookahead_budgeted_exploration,48,0.6377661590632085,0.04797170674263061,10.1507461424502,0.6015210765483747
levy,lookahead_budgeted_exploration,lookahead_budgeted_exploration,49,0.6377661590632085,0.04797170674263061,10.295439860831314,0.6203454480027315
rosenbrock,pure_bo,pure_bo,0,40.8351425498691,11.863700289727783,0.8882581264580806,0.11448427695906649
rosenbrock,pure_bo,pure_bo,1,40.8351425498691,11.863700289727783,1.2967710993026813,0.18438563041999184
rosenbrock,pure_bo,pure_bo,2,40.8351425498691,11.863700289727783,2.055376319638326,0.48913433937105355
rosenbrock,pure_bo,pure_bo,3,40.8351425498691,11.863700289727783,2.5995002524225725,0.6048953033593695
rosenbrock,pure_bo,pure_bo,4,39.230852150432845,12.940187908690312,3.1507412169693745,0.8297412266878638
rosenbrock,pure_bo,pure_bo,5,39.230852150432845,12.940187908690312,3.7541539399201977,1.073340098624636
rosenbrock,pure_bo,pure_bo,6,37.527339602208144,14.389951965135612,4.180753519441701,1.0247799544253766
rosenbrock,pure_bo,pure_bo,7,37.527339602208144,14.389951965135612,4.514878366516451,1.0725552868116242
rosenbrock,pure_bo,pure_bo,8,37.527339602208144,14.389951965135612,5.130242549181054,1.1299911749531606
rosenbrock,pure_bo,pure_bo,9,37.527339602208144,14.389951965135612,6.121210108114717,0.9872246959713465
rosenbrock,pure_bo,pure_bo,10,36.75259109890974,13.315799595069983,6.875739276676384,0.815916303576711
rosenbrock,pure_bo,pure_bo,11,36.75259109890974,13.315799595069983,7.116226504382745,0.8914046638104924
rosenbrock,pure_bo,pure_bo,12,36.75259109890974,13.315799595069983,8.255817591953935,0.9129781212237305
rosenbrock,pure_bo,pure_bo,13,36.22712037662756,13.822475790037126,9.384873347622866,0.8563807377202987
rosenbrock,pure_bo,pure_bo,14,36.22712037662756,13.822475790037126,10.367081502642536,0.876885782550014
rosenbrock,pure_bo,pure_bo,15,30.50065310114535,9.411871703268307,11.20834253926334,0.7637128648273646
rosenbrock,pure_bo,pure_bo,16,30.50065310114535,9.411871703268307,12.266131715983676,0.6894765623514887
rosenbrock,pure_bo,pure_bo,17,30.50065310114535,9.411871703268307,13.450452469989807,0.5008424371752741
rosenbrock,pure_bo,pure_bo,18,30.50065310114535,9.411871703268307,14.589468548302643,0.4646292799263456
rosenbrock,pure_bo,pure_bo,19,30.50065310114535,9.411871703268307,15.749209962662016,0.3646459482767539
rosenbrock,pure_bo,pure_bo,20,30.50065310114535,9.411871703268307,16.785575374687706,0.3907875645212537
rosenbrock,pure_bo,pure_bo,21,30.50065310114535,9.411871703268307,17.820780978449662,0.5062227283760395
rosenbrock,pure_bo,pure_bo,22,30.50065310114535,9.411871703268307,18.82335569900915,0.43774687432374904
rosenbrock,pure_bo,pure_bo,23,30.50065310114535,9.411871703268307,19.80255804046753,0.6731760375564895
rosenbrock,pure_bo,pure_bo,24,30.50065310114535,9.411871703268307,21.178177043279682,0.7519964084644772
rosenbrock,pure_bo,pure_bo,25,30.50065310114535,9.411871703268307,22.75961820172222,0.7781014419916632
rosenbrock,pure_bo,pure_bo,26,30.50065310114535,9.411871703268307,23.75391593307924,0.7954688842043436
rosenbrock,pure_bo,pure_bo,27,30.50065310114535,9.411871703268307,24.894026012400115,0.8279977729595419
rosenbrock,pure_bo,pure_bo,28,30.50065310114535,9.411871703268307,25.81258221604905,0.8072789742602777
rosenbrock,pure_bo,pure_bo,29,30.50065310114535,9.411871703268307,27.053459603371937,1.2478603265217587
rosenbrock,pure_bo,pure_bo,30,30.50065310114535,9.411871703268307,28.223631305034132,1.4673270081688963
rosenbrock,pure_bo,pure_bo,31,30.50065310114535,9.411871703268307,29.452541048202715,1.9309705588687038
rosenbrock,pure_bo,pure_bo,32,30.50065310114535,9.411871703268307,30.924302373778985,1.8995456619801154
rosenbrock,pure_bo,pure_bo,33,30.50065310114535,9.411871703268307,31.905614174240355,1.8659450119119982
rosenbrock,pure_bo,pure_bo,34,30.50065310114535,9.411871703268307,33.14368113394952,1.4275272716610934
rosenbrock,pure_bo,pure_bo,35,30.50065310114535,9.411871703268307,34.133545515563725,1.5592360266269747
rosenbrock,pure_bo,pure_bo,36,30.50065310114535,9.411871703268307,34.91798289782472,1.6503253433957141
rosenbrock,pure_bo,pure_bo,37,30.50065310114535,9.411871703268307,35.96292831386629,1.2923755142043407
rosenbrock,pure_bo,pure_bo,38,29.920781704889965,9.770197170494352,36.98933295194063,1.4932160463925688
rosenbrock,pure_bo,pure_bo,39,29.920781704889965,9.770197170494352,38.19324778405894,1.5464789452108678
rosenbrock,pure_bo,pure_bo,40,29.920781704889965,9.770197170494352,39.09669449758393,1.3878194022040233
rosenbrock,pure_bo,pure_bo,41,29.920781704889965,9.770197170494352,40.06871351908173,1.0469822446054162
rosenbrock,pure_bo,pure_bo,42,29.920781704889965,9.770197170494352,41.093911079470786,0.8316182944328635
rosenbrock,pure_bo,pure_bo,43,29.920781704889965,9.770197170494352,41.91437782502238,0.8035256991220076
rosenbrock,pure_bo,pure_bo,44,29.920781704889965,9.770197170494352,43.29056323555338,0.900974908669937
rosenbrock,pure_bo,pure_bo,45,29.920781704889965,9.770197170494352,44.52216167349329,1.1640850178946316
rosenbrock,pure_bo,pure_bo,46,29.920781704889965,9.770197170494352,45.49256889752035,1.227935940156658
rosenbrock,pure_bo,pure_bo,47,29.920781704889965,9.770197170494352,46.82238214380334,1.336043700577644
rosenbrock,pure_bo,pure_bo,48,29.920781704889965,9.770197170494352,48.103691880376026,1.822652978022494
rosenbrock,pure_bo,pure_bo,49,29.920781704889965,9.770197170494352,49.14341786868223,2.0926907718783156
rosenbrock,earlbo,earlbo,0,91.58867916193253,49.38830686598691,1.4720206276974845,0.5237068092386719
rosenbrock,earlbo,earlbo,1,46.61209705661876,22.01519524650473,2.6372099047528414,1.028366095182826
rosenbrock,earlbo,earlbo,2,46.61209705661876,22.01519524650473,3.4017017531497427,1.5579149584214924
rosenbrock,earlbo,earlbo,3,42.744687383241,16.910133044627695,4.463942923398461,2.1001066988668784
rosenbrock,earlbo,earlbo,4,38.61701127618726,18.44438057723386,5.150941247167789,2.176023661283398
rosenbrock,earlbo,earlbo,5,38.097695128864316,18.757561760031106,5.585583826622918,2.088488951559479
rosenbrock,earlbo,earlbo,6,36.224583710203916,16.115149429715533,6.288147544140117,2.1886602467414025
rosenbrock,earlbo,earlbo,7,36.224583710203916,16.115149429715533,7.343779606578699,2.479786954143577
rosenbrock,earlbo,earlbo,8,36.224583710203916,16.115149429715533,8.384730591142988,2.5987383561814417
rosenbrock,earlbo,earlbo,9,36.224583710203916,16.115149429715533,9.243225432907067,2.8339664615351845
rosenbrock,earlbo,earlbo,10,36.224583710203916,16.115149429715533,10.605397481674457,3.1034604010223634
rosenbrock,earlbo,earlbo,11,34.251450575367535,13.33445448410563,11.44251518416695,3.1506706958464012
rosenbrock,earlbo,earlbo,12,34.251450575367535,13.33445448410563,12.294954811787804,2.785178281539553
rosenbrock,earlbo,earlbo,13,30.354512925115714,7.8628759232381045,13.230407823121581,2.545422316637147
rosenbrock,earlbo,earlbo,14,30.354512925115714,7.8628759232381045,13.783653718515062,2.9671012928897262
rosenbrock,earlbo,earlbo,15,30.354512925115714,7.8628759232381045,14.482904762856057,2.984731656687932
rosenbrock,earlbo,earlbo,16,30.354512925115714,7.8628759232381045,15.246908128573624,2.930861082273103
rosenbrock,earlbo,earlbo,17,30.354512925115714,7.8628759232381045,16.042394468574447,3.3281211747768413
rosenbrock,earlbo,earlbo,18,29.344475620280956,8.481319656733126,16.81824450000983,3.6041989186516776
rosenbrock,earlbo,earlbo,19,29.200278342729302,8.584820169132856,17.420923526238642,3.677358680799662
rosenbrock,earlbo,earlbo,20,29.200278342729302,8.584820169132856,18.131782191078045,3.8869094908488075
rosenbrock,earlbo,earlbo,21,27.89746475264661,6.742786652855039,19.11267128945595,4.335821452115588
rosenbrock,earlbo,earlbo,22,27.57866526380593,6.292077366629601,20.20493347431568,5.035869539524305
rosenbrock,earlbo,earlbo,23,25.757583630913683,3.718142814606605,21.14349645131991,5.663867977091631
rosenbrock,earlbo,earlbo,24,23.414390926781184,5.042503804991086,21.84635425941936,6.187700726578843
rosenbrock,earlbo,earlbo,25,23.414390926781184,5.042503804991086,22.61257434558338,6.446766107487081
rosenbrock,earlbo,earlbo,26,23.414390926781184,5.042503804991086,23.29497616602252,6.645609905790687
rosenbrock,earlbo,earlbo,27,23.414390926781184,5.042503804991086,23.887699774445622,6.898172585728465
rosenbrock,earlbo,earlbo,28,23.414390926781184,5.042503804991086,24.57482834456067,7.2355909303675014
rosenbrock,earlbo,earlbo,29,23.414390926781184,5.042503804991086,25.029511467832478,7.417003795079981
rosenbrock,earlbo,earlbo,30,23.414390926781184,5.042503804991086,25.64331782748704,7.551180161075275
rosenbrock,earlbo,earlbo,31,21.881005889031808,3.2392014038385515,26.41453725885351,7.8565169151920005
rosenbrock,earlbo,earlbo,32,21.881005889031808,3.2392014038385515,27.18231318399111,8.121308658750724
rosenbrock,earlbo,earlbo,33,21.881005889031808,3.2392014038385515,28.07494109636207,8.536151306706127
rosenbrock,earlbo,earlbo,34,19.78231948006014,2.301609536531314,28.847708042219008,8.899083911914639
rosenbrock,earlbo,earlbo,35,19.78231948006014,2.301609536531314,29.60580777267707,9.177463290849094
rosenbrock,earlbo,earlbo,36,19.78231948006014,2.301609536531314,30.30726029703027,9.495990059245154
rosenbrock,earlbo,earlbo,37,19.78231948006014,2.301609536531314,30.814018366775297,9.564222215352997
rosenbrock,earlbo,earlbo,38,19.78231948006014,2.301609536531314,31.47865953731961,9.648134551482718
rosenbrock,earlbo,earlbo,39,19.78231948006014,2.301609536531314,32.4351492970564,9.992061577481543
rosenbrock,earlbo,earlbo,40,19.78231948006014,2.301609536531314,33.28221340135058,10.296744216875519
rosenbrock,earlbo,earlbo,41,19.78231948006014,2.301609536531314,34.021760234384544,10.474297617534075
rosenbrock,earlbo,earlbo,42,19.78231948006014,2.301609536531314,34.68792223455991,10.387840319667802
rosenbrock,earlbo,earlbo,43,19.78231948006014,2.301609536531314,35.41442412499067,10.331746734881822
rosenbrock,earlbo,earlbo,44,19.78231948006014,2.301609536531314,36.39569191217597,10.549956344587288
rosenbrock,earlbo,earlbo,45,19.78231948006014,2.301609536531314,37.17594132063062,10.614984158876808
rosenbrock,earlbo,earlbo,46,19.78231948006014,2.301609536531314,37.977365298251875,10.74634425841499
rosenbrock,earlbo,earlbo,47,19.78231948006014,2.301609536531314,38.8214617387367,10.685469953183748
rosenbrock,earlbo,earlbo,48,19.78231948006014,2.301609536531314,39.45832217757572,10.867591449882102
rosenbrock,earlbo,earlbo,49,18.829364639852187,3.3873775125263306,39.834585533359935,10.988565255457631
rosenbrock,snake,snake,0,66.98508518489827,18.927361847502986,0.9358957319608171,0.22671101866254376
rosenbrock,snake,snake,1,59.74174695761061,21.550840540527425,1.2885336446870503,0.19918660715416334
rosenbrock,snake,snake,2,44.42076283471133,12.359897048470788,1.4922719822768444,0.17061555603814288
rosenbrock,snake,snake,3,41.99057445239205,13.283404081832682,1.6564378725340274,0.16820083172257108
rosenbrock,snake,snake,4,38.28651647509698,10.975257964830915,1.8694234326646895,0.21059586840702554
rosenbrock,snake,snake,5,36.29443084043156,11.946979364105387,2.0528674226298325,0.2835230950613176
rosenbrock,snake,snake,6,36.29443084043156,11.946979364105387,2.23020256290374,0.2571854147844596
rosenbrock,snake,snake,7,36.29443084043156,11.946979364105387,2.4352017465222153,0.3152515690160258
rosenbrock,snake,snake,8,36.29443084043156,11.946979364105387,2.667167539340484,0.36046408771907235
rosenbrock,snake,snake,9,36.29443084043156,11.946979364105387,2.8075898463920415,0.35184758518662934
rosenbrock,snake,snake,10,35.316683901794285,12.759218052538802,2.9696426917222216,0.34065233011601104
rosenbrock,snake,snake,11,31.776205056843594,7.842815973066208,3.1310630053963684,0.3741333555930323
rosenbrock,snake,snake,12,31.59188161229635,7.590103886808172,3.3208144836356865,0.4141222400285109
rosenbrock,snake,snake,13,31.59188161229635,7.590103886808172,3.683126662476512,0.366536699503815
rosenbrock,snake,snake,14,31.59188161229635,7.590103886808172,4.023370396403364,0.38631165342269147
rosenbrock,snake,snake,15,30.25661448661701,8.29862261990031,4.203797195972172,0.4074141744978997
rosenbrock,snake,snake,16,29.468059042724022,8.88058824880568,4.358894480338819,0.42073985145061027
rosenbrock,snake,snake,17,29.259879747914482,8.587150185817709,4.528942876999079,0.45030662302735264
rosenbrock,snake,snake,18,26.289937462229656,6.984551781725841,4.709354313188258,0.5290748626793458
rosenbrock,snake,snake,19,26.289937462229656,6.984551781725841,4.829773000342022,0.5374695244787391
rosenbrock,snake,snake,20,25.476169528046103,5.847470576395761,5.068247800224795,0.6210047050946231
rosenbrock,snake,snake,21,25.476169528046103,5.847470576395761,5.280037427560365,0.6922175233842491
rosenbrock,snake,snake,22,25.476169528046103,5.847470576395761,5.737323840782864,0.676076223882033
rosenbrock,snake,snake,23,25.476169528046103,5.847470576395761,6.290548499798509,0.7352399478646306
rosenbrock,snake,snake,24,25.25155136537008,5.534612555145033,6.8367711549929675,0.46974068379683964
rosenbrock,snake,snake,25,24.5065718046325,5.973440847112013,7.183039774050684,0.49904375086821695
rosenbrock,snake,snake,26,24.5065718046325,5.973440847112013,7.362054630467409,0.4946758637635905
rosenbrock,snake,snake,27,24.24827043828259,5.608176455387588,7.527535256510322,0.46521479442031616
rosenbrock,snake,snake,28,24.098550122165403,5.714641650410034,7.831880036733986,0.5527840177239794
rosenbrock,snake,snake,29,24.098550122165403,5.714641650410034,8.228151814754847,0.7546764710119965
rosenbrock,snake,snake,30,24.098550122165403,5.714641650410034,8.40426846087492,0.7745307791295416
rosenbrock,snake,snake,31,24.098550122165403,5.714641650410034,8.841942846854092,0.7900141054034093
rosenbrock,snake,snake,32,23.62557935256322,5.045901759954718,9.325933021364603,0.8291081835217773
rosenbrock,snake,snake,33,23.14490384748642,4.366312541531741,9.621996099451147,1.075851377244558
rosenbrock,snake,snake,34,23.14490384748642,4.366312541531741,10.066260657991961,1.1636828581169223
rosenbrock,snake,snake,35,22.85136654465209,4.5792467538073955,10.61530416506478,1.051644388429547
rosenbrock,snake,snake,36,21.17124180994475,2.2104828093390836,11.118187698918234,0.9321230988544913
rosenbrock,snake,snake,37,20.5420436981123,2.692350533572909,11.56750202568881,0.8543666682685669
rosenbrock,snake,snake,38,18.786491456819526,4.210360430149264,11.990134519146784,1.0279870062901109
rosenbrock,snake,snake,39,18.1298786301684,3.3732107137775804,12.24237009448911,1.071789820174815
rosenbrock,snake,snake,40,18.1298786301684,3.3732107137775804,12.58660201086804,1.144282585245744
rosenbrock,snake,snake,41,17.711211035095847,2.8689639913144487,13.160028842893341,1.225583476925606
rosenbrock,snake,snake,42,17.711211035095847,2.8689639913144487,13.700068094023138,1.1848753768018194
rosenbrock,snake,snake,43,17.711211035095847,2.8689639913144487,14.233153894509433,1.3342157916956363
rosenbrock,snake,snake,44,17.711211035095847,2.8689639913144487,14.909439952373669,1.353602870890846
rosenbrock,snake,snake,45,16.94101923660848,2.066846429615303,15.549187134687115,1.3925018946940237
rosenbrock,snake,snake,46,16.94101923660848,2.066846429615303,16.175186032981557,1.7362941078990495
rosenbrock,snake,snake,47,16.94101923660848,2.066846429615303,16.825001252014317,2.113651198501799
rosenbrock,snake,snake,48,16.94101923660848,2.066846429615303,17.322298978060143,2.38147146148326
rosenbrock,snake,snake,49,16.94101923660848,2.066846429615303,17.90125082684166,2.2265668221142434
rosenbrock,log_improvement_movement_cost3,log_improvement_movement_cost3,0,52.08402257758065,19.600680831778263,0.9709537668900753,0.12650941811962219
rosenbrock,log_improvement_movement_cost3,log_improvement_movement_cost3,1,51.58804048537985,20.086457184320473,1.2737862646448825,0.11671125050276698
rosenbrock,log_improvement_movement_cost3,log_improvement_movement_cost3,2,45.237813259397264,14.61536596628051,1.4791533184668457,0.14415439311338277
rosenbrock,log_improvement_movement_cost3,log_improvement_movement_cost3,3,41.4225787654361,16.817034975011445,1.5943822045992908,0.12764040366821439
rosenbrock,log_improvement_movement_cost3,log_improvement_movement_cost3,4,39.19573685380101,15.105067979821465,1.711336426711233,0.1646434173022231
rosenbrock,log_improvement_movement_cost3,log_improvement_movement_cost3,5,37.40199679220448,13.876201896719085,1.8347860253688968,0.2180190121698907
rosenbrock,log_improvement_movement_cost3,log_improvement_movement_cost3,6,36.43256800795566,12.742501816033517,1.9450462182537815,0.23927317071472795
rosenbrock,log_improvement_movement_cost3,log_improvement_movement_cost3,7,35.48668544768466,13.97436630660797,2.060337139873265,0.2654867993296157
rosenbrock,log_improvement_movement_cost3,log_improvement_movement_cost3,8,35.48668544768466,13.97436630660797,2.247472890642476,0.24714696640481515
rosenbrock,log_improvement_movement_cost3,log_improvement_movement_cost3,9,35.48668544768466,13.97436630660797,2.4652375185447815,0.25666430762118203
rosenbrock,log_improvement_movement_cost3,log_improvement_movement_cost3,10,35.48668544768466,13.97436630660797,2.638604210192756,0.28166529971468596
rosenbrock,log_improvement_movement_cost3,log_improvement_movement_cost3,11,30.678697747626057,12.022822864409445,2.8141776268807543,0.33018953100215215
rosenbrock,log_improvement_movement_cost3,log_improvement_movement_cost3,12,28.89054726284218,9.740057266234738,3.0098389701732273,0.2969220647895866
rosenbrock,log_improvement_movement_cost3,log_improvement_movement_cost3,13,28.880016555702998,9.74045370648411,3.165569142281966,0.2739578359159859
rosenbrock,log_improvement_movement_cost3,log_improvement_movement_cost3,14,26.92495449498821,7.426633705316928,3.323849620564376,0.2551857598267366
rosenbrock,log_improvement_movement_cost3,log_improvement_movement_cost3,15,25.86026907195465,7.352698389749838,3.4765467530790226,0.19877316701291128
rosenbrock,log_improvement_movement_cost3,log_improvement_movement_cost3,16,25.86026907195465,7.352698389749838,3.68032326782221,0.16303995886820175
rosenbrock,log_improvement_movement_cost3,log_improvement_movement_cost3,17,25.86026907195465,7.352698389749838,3.8550331883070386,0.21648405224391526
rosenbrock,log_improvement_movement_cost3,log_improvement_movement_cost3,18,23.35532456701887,4.492069449917704,4.031034826697156,0.28817680680935215
rosenbrock,log_improvement_movement_cost3,log_improvement_movement_cost3,19,23.35532456701887,4.492069449917704,4.205576095436365,0.34608946232247734
rosenbrock,log_improvement_movement_cost3,log_improvement_movement_cost3,20,22.772939069861966,4.310654725168773,4.363567593190643,0.327702405093809
rosenbrock,log_improvement_movement_cost3,log_improvement_movement_cost3,21,22.581077200108776,4.098518142458298,4.525849727945052,0.29860030857853476
rosenbrock,log_improvement_movement_cost3,log_improvement_movement_cost3,22,22.581077200108776,4.098518142458298,4.69828534066632,0.33247332760985343
rosenbrock,log_improvement_movement_cost3,log_improvement_movement_cost3,23,22.581077200108776,4.098518142458298,5.020983775558153,0.3289485172217823
rosenbrock,log_improvement_movement_cost3,log_improvement_movement_cost3,24,22.581077200108776,4.098518142458298,5.274875801035479,0.361880469461137
rosenbrock,log_improvement_movement_cost3,log_improvement_movement_cost3,25,22.22814264576628,4.044114572184338,5.571948783569404,0.4380161661890885
rosenbrock,log_improvement_movement_cost3,log_improvement_movement_cost3,26,20.87044933992476,2.6420806487964987,5.814970316354149,0.4493525084008825
rosenbrock,log_improvement_movement_cost3,log_improvement_movement_cost3,27,20.582348736543466,2.4371481680250757,6.017782300683045,0.5330033353264292
rosenbrock,log_improvement_movement_cost3,log_improvement_movement_cost3,28,19.441079162089313,2.528846827745246,6.150173519740193,0.5820019925565599
rosenbrock,log_improvement_movement_cost3,log_improvement_movement_cost3,29,19.441079162089313,2.528846827745246,6.300489676422937,0.633256057130034
rosenbrock,log_improvement_movement_cost3,log_improvement_movement_cost3,30,18.34633712715925,2.939248651644689,6.503542882704623,0.6859794471556718
rosenbrock,log_improvement_movement_cost3,log_improvement_movement_cost3,31,17.632218715107445,3.545149052003627,6.693515607565673,0.7056110687513502
rosenbrock,log_improvement_movement_cost3,log_improvement_movement_cost3,32,17.632218715107445,3.545149052003627,6.852045986527507,0.6731313459707976
rosenbrock,log_improvement_movement_cost3,log_improvement_movement_cost3,33,17.632218715107445,3.545149052003627,6.99106965202457,0.6894795006347547
rosenbrock,log_improvement_movement_cost3,log_improvement_movement_cost3,34,17.632218715107445,3.545149052003627,7.210562686205755,0.6963988958087197
rosenbrock,log_improvement_movement_cost3,log_improvement_movement_cost3,35,17.632218715107445,3.545149052003627,7.457784908983732,0.8004058136997161
rosenbrock,log_improvement_movement_cost3,log_improvement_movement_cost3,36,17.632218715107445,3.545149052003627,7.567642771838588,0.8102736141498251
rosenbrock,log_improvement_movement_cost3,log_improvement_movement_cost3,37,17.632218715107445,3.545149052003627,7.661426828568445,0.8317479355097894
rosenbrock,log_improvement_movement_cost3,log_improvement_movement_cost3,38,17.632218715107445,3.545149052003627,7.7926312545005905,0.8646666286854107
rosenbrock,log_improvement_movement_cost3,log_improvement_movement_cost3,39,17.632218715107445,3.545149052003627,8.032548919964297,0.951386440585411
rosenbrock,log_improvement_movement_cost3,log_improvement_movement_cost3,40,17.632218715107445,3.545149052003627,8.232234786231274,1.0224855025220987
rosenbrock,log_improvement_movement_cost3,log_improvement_movement_cost3,41,17.51575666679528,3.594801952885968,8.404011045382907,1.0119354264857603
rosenbrock,log_improvement_movement_cost3,log_improvement_movement_cost3,42,17.51575666679528,3.594801952885968,8.61881751213383,1.0434122118359779
rosenbrock,log_improvement_movement_cost3,log_improvement_movement_cost3,43,17.51575666679528,3.594801952885968,8.820193124661929,1.0682626924494183
rosenbrock,log_improvement_movement_cost3,log_improvement_movement_cost3,44,17.51575666679528,3.594801952885968,9.031442462453763,1.1029664086900832
rosenbrock,log_improvement_movement_cost3,log_improvement_movement_cost3,45,17.51575666679528,3.594801952885968,9.269228848814443,1.1438665408736908
rosenbrock,log_improvement_movement_cost3,log_improvement_movement_cost3,46,17.51575666679528,3.594801952885968,9.423302297171366,1.1231765671447562
rosenbrock,log_improvement_movement_cost3,log_improvement_movement_cost3,47,17.51575666679528,3.594801952885968,9.774751358557209,1.2862961561434274
rosenbrock,log_improvement_movement_cost3,log_improvement_movement_cost3,48,17.51575666679528,3.594801952885968,10.147616680156519,1.4766386420124848
rosenbrock,log_improvement_movement_cost3,log_improvement_movement_cost3,49,17.51575666679528,3.594801952885968,10.284065387797446,1.4840756840175042
rosenbrock,optimistic_selected,optimistic_improvement_movement_cost3,0,57.149851473427816,18.012265545150747,1.0037206312395088,0.07077564641010557
rosenbrock,optimistic_selected,optimistic_improvement_movement_cost3,1,52.140944792958635,18.40161082565759,1.3767869796960686,0.1464324594408252
rosenbrock,optimistic_selected,optimistic_improvement_movement_cost3,2,47.62996944637314,14.641084373719101,1.566161065053007,0.16184483348962414
rosenbrock,optimistic_selected,optimistic_improvement_movement_cost3,3,41.73291465358217,17.514763655090025,1.721552267204218,0.21519570078548025
rosenbrock,optimistic_selected,optimistic_improvement_movement_cost3,4,39.88863556728367,19.021644299647292,1.8686011078129585,0.1926308889472664
rosenbrock,optimistic_selected,optimistic_improvement_movement_cost3,5,38.72533961271253,19.37666025279883,2.0038967040743354,0.17930278318297677
rosenbrock,optimistic_selected,optimistic_improvement_movement_cost3,6,35.186923849209606,14.605205848985717,2.142260062387503,0.15856186449815093
rosenbrock,optimistic_selected,optimistic_improvement_movement_cost3,7,32.62720494742718,12.343561613323129,2.2678798921427563,0.19768663108656934
rosenbrock,optimistic_selected,optimistic_improvement_movement_cost3,8,31.011717808079798,12.801899034904197,2.418248715960955,0.18545174524559307
rosenbrock,optimistic_selected,optimistic_improvement_movement_cost3,9,27.543652442193878,8.10981179964213,2.6223431012973233,0.13966809267110414
rosenbrock,optimistic_selected,optimistic_improvement_movement_cost3,10,27.543652442193878,8.10981179964213,2.782168594124338,0.18434008764007806
rosenbrock,optimistic_selected,optimistic_improvement_movement_cost3,11,26.787887972272387,7.12538895369678,3.0177507182456487,0.26006958178493683
rosenbrock,optimistic_selected,optimistic_improvement_movement_cost3,12,26.787887972272387,7.12538895369678,3.2541339478482314,0.34103835793936876
rosenbrock,optimistic_selected,optimistic_improvement_movement_cost3,13,26.787887972272387,7.12538895369678,3.433545063784262,0.3562955721537891
rosenbrock,optimistic_selected,optimistic_improvement_movement_cost3,14,26.19766350005447,7.820283016719452,3.6246202685684104,0.36971904284082296
rosenbrock,optimistic_selected,optimistic_improvement_movement_cost3,15,23.31234864451456,6.625502763099521,3.8075724849472192,0.39664918707266994
rosenbrock,optimistic_selected,optimistic_improvement_movement_cost3,16,23.31234864451456,6.625502763099521,3.942318447593282,0.4224972337816836
rosenbrock,optimistic_selected,optimistic_improvement_movement_cost3,17,23.036638984684412,6.247797300949798,4.1210931904519,0.46320207664627766
rosenbrock,optimistic_selected,optimistic_improvement_movement_cost3,18,21.211140790016795,3.8095469675554887,4.2789170935510965,0.5360082447602202
rosenbrock,optimistic_selected,optimistic_improvement_movement_cost3,19,21.211140790016795,3.8095469675554887,4.45540438246837,0.6096834324578493
rosenbrock,optimistic_selected,optimistic_improvement_movement_cost3,20,21.211140790016795,3.8095469675554887,4.610055550695212,0.6323600083007468
rosenbrock,optimistic_selected,optimistic_improvement_movement_cost3,21,20.127694893291586,3.6446221657994644,4.728837814075374,0.6311072443579543
rosenbrock,optimistic_selected,optimistic_improvement_movement_cost3,22,20.127694893291586,3.6446221657994644,4.901061670699407,0.6140774553872869
rosenbrock,optimistic_selected,optimistic_improvement_movement_cost3,23,20.127694893291586,3.6446221657994644,5.109211218699235,0.6021647288439943
rosenbrock,optimistic_selected,optimistic_improvement_movement_cost3,24,19.27859304994173,2.471275720317922,5.29712858239736,0.6246046807332609
rosenbrock,optimistic_selected,optimistic_improvement_movement_cost3,25,18.57760508263293,1.5349557757868355,5.4788965708158495,0.6679735206690149
rosenbrock,optimistic_selected,optimistic_improvement_movement_cost3,26,17.49150975002082,0.6527485731323316,5.622426849384571,0.6974168640392701
rosenbrock,optimistic_selected,optimistic_improvement_movement_cost3,27,17.49150975002082,0.6527485731323316,5.8023554982030445,0.7578128193941103
rosenbrock,optimistic_selected,optimistic_improvement_movement_cost3,28,17.49150975002082,0.6527485731323316,5.938387509027941,0.787982784500084
rosenbrock,optimistic_selected,optimistic_improvement_movement_cost3,29,17.49150975002082,0.6527485731323316,6.0830271598851695,0.83386206183386
rosenbrock,optimistic_selected,optimistic_improvement_movement_cost3,30,17.49150975002082,0.6527485731323316,6.30399393630621,0.8569835468336723
rosenbrock,optimistic_selected,optimistic_improvement_movement_cost3,31,17.49150975002082,0.6527485731323316,6.482392441193734,0.8462104741484572
rosenbrock,optimistic_selected,optimistic_improvement_movement_cost3,32,17.13797065730583,0.23244806466801218,6.633398941186056,0.8391851020329218
rosenbrock,optimistic_selected,optimistic_improvement_movement_cost3,33,17.13797065730583,0.23244806466801218,6.771629795419116,0.835276130985033
rosenbrock,optimistic_selected,optimistic_improvement_movement_cost3,34,16.280729034933152,1.444687009552344,7.013508826594269,0.9253057657729319
rosenbrock,optimistic_selected,optimistic_improvement_movement_cost3,35,16.280729034933152,1.444687009552344,7.241851729676751,0.9749374322492189
rosenbrock,optimistic_selected,optimistic_improvement_movement_cost3,36,15.14343787131959,3.053051136126401,7.411237019074168,1.0327500695915446
rosenbrock,optimistic_selected,optimistic_improvement_movement_cost3,37,15.14343787131959,3.053051136126401,7.549760274933907,1.0836341412460377
rosenbrock,optimistic_selected,optimistic_improvement_movement_cost3,38,15.14343787131959,3.053051136126401,7.668100714348974,1.0891448365992222
rosenbrock,optimistic_selected,optimistic_improvement_movement_cost3,39,15.14343787131959,3.053051136126401,7.881947209810978,1.1683390281345487
rosenbrock,optimistic_selected,optimistic_improvement_movement_cost3,40,15.14343787131959,3.053051136126401,8.096727439391344,1.2728340491950374
rosenbrock,optimistic_selected,optimistic_improvement_movement_cost3,41,15.14343787131959,3.053051136126401,8.228057229760195,1.275700439871642
rosenbrock,optimistic_selected,optimistic_improvement_movement_cost3,42,15.14343787131959,3.053051136126401,8.475330770926842,1.318787341886933
rosenbrock,optimistic_selected,optimistic_improvement_movement_cost3,43,15.14343787131959,3.053051136126401,8.655259487185896,1.3139539415616237
rosenbrock,optimistic_selected,optimistic_improvement_movement_cost3,44,14.364688330536246,2.6804188866504584,8.85239771502701,1.3016285967691805
rosenbrock,optimistic_selected,optimistic_improvement_movement_cost3,45,14.364688330536246,2.6804188866504584,9.087229483345476,1.3264983440872884
rosenbrock,optimistic_selected,optimistic_improvement_movement_cost3,46,14.364688330536246,2.6804188866504584,9.278266663175838,1.3528714397935482
rosenbrock,optimistic_selected,optimistic_improvement_movement_cost3,47,14.364688330536246,2.6804188866504584,9.471264788960022,1.4015126761155932
rosenbrock,optimistic_selected,optimistic_improvement_movement_cost3,48,14.364688330536246,2.6804188866504584,9.76510955553402,1.4028329751039972
rosenbrock,optimistic_selected,optimistic_improvement_movement_cost3,49,14.364688330536246,2.6804188866504584,9.991888489699965,1.3271760615555626
rosenbrock,budgeted_exploration,budgeted_exploration,0,79.82192037927562,29.704830787186452,1.01777084381294,0.23092481083140076
rosenbrock,budgeted_exploration,budgeted_exploration,1,49.266916077220735,27.562673661530383,1.3987915926423646,0.29145446256699825
rosenbrock,budgeted_exploration,budgeted_exploration,2,49.266916077220735,27.562673661530383,1.5956519359109678,0.26634072246893503
rosenbrock,budgeted_exploration,budgeted_exploration,3,41.41172520463698,19.042365697526147,1.83894207667763,0.27194755480365534
rosenbrock,budgeted_exploration,budgeted_exploration,4,37.754206380934356,14.398399712094054,1.9837030238134823,0.30128151526533625
rosenbrock,budgeted_exploration,budgeted_exploration,5,33.576025014375396,12.615211128840807,2.101021109856504,0.32582420583277394
rosenbrock,budgeted_exploration,budgeted_exploration,6,33.576025014375396,12.615211128840807,2.223382620693607,0.3553239286842619
rosenbrock,budgeted_exploration,budgeted_exploration,7,32.696890638999754,13.79815341388488,2.369430010039833,0.3930419868411905
rosenbrock,budgeted_exploration,budgeted_exploration,8,32.696890638999754,13.79815341388488,2.5417416862662,0.438518889716395
rosenbrock,budgeted_exploration,budgeted_exploration,9,32.530510270821026,13.62669633249814,2.764777901038952,0.4370201506662998
rosenbrock,budgeted_exploration,budgeted_exploration,10,32.530510270821026,13.62669633249814,2.97486200129165,0.5269108289556796
rosenbrock,budgeted_exploration,budgeted_exploration,11,32.530510270821026,13.62669633249814,3.220096229778227,0.6655713141813306
rosenbrock,budgeted_exploration,budgeted_exploration,12,29.25453638025174,10.75437268403062,3.451515306097805,0.8031057521482119
rosenbrock,budgeted_exploration,budgeted_exploration,13,28.556925565177238,10.283689594531893,3.613145851817811,0.8195282559241209
rosenbrock,budgeted_exploration,budgeted_exploration,14,28.233344095422495,10.090691821406637,3.7519495059251113,0.792448789644801
rosenbrock,budgeted_exploration,budgeted_exploration,15,28.233344095422495,10.090691821406637,3.9229985198197745,0.7600119753476823
rosenbrock,budgeted_exploration,budgeted_exploration,16,28.233344095422495,10.090691821406637,4.103858684963356,0.7278578903049221
rosenbrock,budgeted_exploration,budgeted_exploration,17,28.233344095422495,10.090691821406637,4.295100131896512,0.755120826476551
rosenbrock,budgeted_exploration,budgeted_exploration,18,27.573745244235397,9.56903838309545,4.4498414358689455,0.805563565666665
rosenbrock,budgeted_exploration,budgeted_exploration,19,24.84402787441356,8.453568014557662,4.622471604346871,0.8620114354635197
rosenbrock,budgeted_exploration,budgeted_exploration,20,24.84402787441356,8.453568014557662,4.747250139266646,0.8708995776651475
rosenbrock,budgeted_exploration,budgeted_exploration,21,24.84402787441356,8.453568014557662,4.870341421956614,0.9017835895711648
rosenbrock,budgeted_exploration,budgeted_exploration,22,24.84402787441356,8.453568014557662,5.038023238700978,0.9249646173810085
rosenbrock,budgeted_exploration,budgeted_exploration,23,24.84402787441356,8.453568014557662,5.289269895171696,0.9173198103104865
rosenbrock,budgeted_exploration,budgeted_exploration,24,24.84402787441356,8.453568014557662,5.479872962400137,0.9144233304817696
rosenbrock,budgeted_exploration,budgeted_exploration,25,24.84402787441356,8.453568014557662,5.643048176868514,0.9405617628574349
rosenbrock,budgeted_exploration,budgeted_exploration,26,24.48973390537475,8.046015842774127,5.783946037527914,0.9266837758198374
rosenbrock,budgeted_exploration,budgeted_exploration,27,24.124098863215238,7.637089796160325,5.928623502703804,0.9169858936000845
rosenbrock,budgeted_exploration,budgeted_exploration,28,23.186368424469247,6.65746053618919,6.069506574935651,0.9492574721266539
rosenbrock,budgeted_exploration,budgeted_exploration,29,23.083877996071198,6.557780975870822,6.178752892215623,0.9879341230709453
rosenbrock,budgeted_exploration,budgeted_exploration,30,23.083877996071198,6.557780975870822,6.343410525335099,1.0067516007658823
rosenbrock,budgeted_exploration,budgeted_exploration,31,23.083877996071198,6.557780975870822,6.520470709768214,1.0328472248819547
rosenbrock,budgeted_exploration,budgeted_exploration,32,23.083877996071198,6.557780975870822,6.704459230669195,1.0545207982535467
rosenbrock,budgeted_exploration,budgeted_exploration,33,23.083877996071198,6.557780975870822,6.91087183709335,1.083329273657642
rosenbrock,budgeted_exploration,budgeted_exploration,34,23.083877996071198,6.557780975870822,7.15855260338303,1.1611267097950826
rosenbrock,budgeted_exploration,budgeted_exploration,35,23.083877996071198,6.557780975870822,7.391270053517154,1.2625920425515156
rosenbrock,budgeted_exploration,budgeted_exploration,36,20.80142710708853,4.955362609724509,7.560212360154087,1.2710439403105072
rosenbrock,budgeted_exploration,budgeted_exploration,37,20.80142710708853,4.955362609724509,7.723820691923276,1.2995827663155088
rosenbrock,budgeted_exploration,budgeted_exploration,38,20.80142710708853,4.955362609724509,7.886150150141945,1.3121248841107398
rosenbrock,budgeted_exploration,budgeted_exploration,39,20.80142710708853,4.955362609724509,8.146272593837692,1.3180328192866013
rosenbrock,budgeted_exploration,budgeted_exploration,40,20.80142710708853,4.955362609724509,8.398812953036822,1.360176733935569
rosenbrock,budgeted_exploration,budgeted_exploration,41,20.80142710708853,4.955362609724509,8.55088583746774,1.3751479368891868
rosenbrock,budgeted_exploration,budgeted_exploration,42,20.80142710708853,4.955362609724509,8.756912615266932,1.391633228496129
rosenbrock,budgeted_exploration,budgeted_exploration,43,20.314817765006538,4.49084820007174,8.97117569066046,1.4267583310119014
rosenbrock,budgeted_exploration,budgeted_exploration,44,20.112140079194543,4.39768122042215,9.123746172444024,1.424236962665259
rosenbrock,budgeted_exploration,budgeted_exploration,45,19.55219108391428,3.9032593916139424,9.324723013420007,1.466427226094286
rosenbrock,budgeted_exploration,budgeted_exploration,46,19.55219108391428,3.9032593916139424,9.471647450706199,1.4945357160501678
rosenbrock,budgeted_exploration,budgeted_exploration,47,19.55219108391428,3.9032593916139424,9.714104271815268,1.5663037854034432
rosenbrock,budgeted_exploration,budgeted_exploration,48,19.55219108391428,3.9032593916139424,9.984706764131282,1.6429584402102704
rosenbrock,budgeted_exploration,budgeted_exploration,49,19.22307748203886,3.66174673072646,10.145584434838048,1.6336288008313198
rosenbrock,lookahead_budgeted_exploration,lookahead_budgeted_exploration,0,58.72950926419276,13.036618310554621,0.861654135138398,0.08587722934604974
rosenbrock,lookahead_budgeted_exploration,lookahead_budgeted_exploration,1,53.81051076128323,11.083402556388403,1.2307069312014558,0.08113607141018425
rosenbrock,lookahead_budgeted_exploration,lookahead_budgeted_exploration,2,51.39754113031268,11.623909806922391,1.4749152827000753,0.1495552136989324
rosenbrock,lookahead_budgeted_exploration,lookahead_budgeted_exploration,3,44.3435055052692,16.34806960924652,1.7044528436055524,0.2107414041067289
rosenbrock,lookahead_budgeted_exploration,lookahead_budgeted_exploration,4,42.42643267568666,17.7839116095264,1.9186484067477583,0.215941396929859
rosenbrock,lookahead_budgeted_exploration,lookahead_budgeted_exploration,5,42.2462594222982,17.53041521835316,2.1029729012680582,0.16833167823891407
rosenbrock,lookahead_budgeted_exploration,lookahead_budgeted_exploration,6,38.19852386282486,13.240319928889038,2.256897537782093,0.20158147521699848
rosenbrock,lookahead_budgeted_exploration,lookahead_budgeted_exploration,7,37.930965003828526,13.455577438185161,2.3772494591412086,0.20967163343803616
rosenbrock,lookahead_budgeted_exploration,lookahead_budgeted_exploration,8,36.989510516260616,12.940498240428397,2.5341403254380896,0.17965531847121538
rosenbrock,lookahead_budgeted_exploration,lookahead_budgeted_exploration,9,36.78752128849571,13.11641281807593,2.7331531513648506,0.1595968570440193
rosenbrock,lookahead_budgeted_exploration,lookahead_budgeted_exploration,10,36.11254715281998,12.173171876632585,2.9166211726904017,0.14380317052231556
rosenbrock,lookahead_budgeted_exploration,lookahead_budgeted_exploration,11,35.01286317411647,13.210596143343276,3.119328879518722,0.1350376843977722
rosenbrock,lookahead_budgeted_exploration,lookahead_budgeted_exploration,12,31.98350101430292,9.12361952764349,3.3662761662185186,0.22606134481465873
rosenbrock,lookahead_budgeted_exploration,lookahead_budgeted_exploration,13,31.88385237353661,9.146444560191982,3.540279362108658,0.28741202087809137
rosenbrock,lookahead_budgeted_exploration,lookahead_budgeted_exploration,14,29.53119188917729,6.133789639018077,3.6694674044634894,0.29645505641891184
rosenbrock,lookahead_budgeted_exploration,lookahead_budgeted_exploration,15,29.53119188917729,6.133789639018077,3.823152262012975,0.3334030067481182
rosenbrock,lookahead_budgeted_exploration,lookahead_budgeted_exploration,16,28.474635712328467,4.914671280357497,3.9730674861563373,0.3562507719990679
rosenbrock,lookahead_budgeted_exploration,lookahead_budgeted_exploration,17,27.697905053763275,4.135199509131839,4.126333401245133,0.37951596558858575
rosenbrock,lookahead_budgeted_exploration,lookahead_budgeted_exploration,18,27.6443878522994,4.086894555611685,4.308382614854977,0.4145795842625233
rosenbrock,lookahead_budgeted_exploration,lookahead_budgeted_exploration,19,26.670096916718474,3.822523498773779,4.476376374518716,0.4643349268304231
rosenbrock,lookahead_budgeted_exploration,lookahead_budgeted_exploration,20,26.609819090457943,3.749747681197031,4.650005953757504,0.4849661741414109
rosenbrock,lookahead_budgeted_exploration,lookahead_budgeted_exploration,21,26.356623812593153,3.450298426520015,4.8150567799952455,0.5219259486916039
rosenbrock,lookahead_budgeted_exploration,lookahead_budgeted_exploration,22,24.478388967480083,1.9792346322734469,5.019956715593884,0.589471906753587
rosenbrock,lookahead_budgeted_exploration,lookahead_budgeted_exploration,23,23.249679741169384,1.1437072164510176,5.267608275969898,0.681900399881893
rosenbrock,lookahead_budgeted_exploration,lookahead_budgeted_exploration,24,23.249679741169384,1.1437072164510176,5.510587770104114,0.6982568527851647
rosenbrock,lookahead_budgeted_exploration,lookahead_budgeted_exploration,25,21.06050003275747,3.5395596686840816,5.709376069985815,0.7643051994103621
rosenbrock,lookahead_budgeted_exploration,lookahead_budgeted_exploration,26,21.06050003275747,3.5395596686840816,5.8269424688769265,0.7597420245600933
rosenbrock,lookahead_budgeted_exploration,lookahead_budgeted_exploration,27,21.06050003275747,3.5395596686840816,5.940998124640596,0.7742872850836083
rosenbrock,lookahead_budgeted_exploration,lookahead_budgeted_exploration,28,21.06050003275747,3.5395596686840816,6.05195966384501,0.7720211440807428
rosenbrock,lookahead_budgeted_exploration,lookahead_budgeted_exploration,29,20.718432270741587,3.2773909348261143,6.219550440635479,0.7879621243993332
rosenbrock,lookahead_budgeted_exploration,lookahead_budgeted_exploration,30,20.718432270741587,3.2773909348261143,6.450148560912804,0.8880930013857918
rosenbrock,lookahead_budgeted_exploration,lookahead_budgeted_exploration,31,20.718432270741587,3.2773909348261143,6.65896923622195,0.9429415519710712
rosenbrock,lookahead_budgeted_exploration,lookahead_budgeted_exploration,32,20.718432270741587,3.2773909348261143,6.873530191609099,0.931477815478183
rosenbrock,lookahead_budgeted_exploration,lookahead_budgeted_exploration,33,20.372050763886207,3.056684619591725,7.08756181525617,0.9374446840297143
rosenbrock,lookahead_budgeted_exploration,lookahead_budgeted_exploration,34,20.372050763886207,3.056684619591725,7.285606880183213,0.9738920439286176
rosenbrock,lookahead_budgeted_exploration,lookahead_budgeted_exploration,35,20.372050763886207,3.056684619591725,7.45402087891723,1.0018794942736298
rosenbrock,lookahead_budgeted_exploration,lookahead_budgeted_exploration,36,20.372050763886207,3.056684619591725,7.601424168215146,1.035002991495674
rosenbrock,lookahead_budgeted_exploration,lookahead_budgeted_exploration,37,20.372050763886207,3.056684619591725,7.742517550248302,1.0580203039897875
rosenbrock,lookahead_budgeted_exploration,lookahead_budgeted_exploration,38,20.372050763886207,3.056684619591725,7.902166455321601,1.132563504157593
rosenbrock,lookahead_budgeted_exploration,lookahead_budgeted_exploration,39,20.372050763886207,3.056684619591725,8.114189522070058,1.1413015315743655
rosenbrock,lookahead_budgeted_exploration,lookahead_budgeted_exploration,40,20.372050763886207,3.056684619591725,8.390697810235656,1.1766456931595695
rosenbrock,lookahead_budgeted_exploration,lookahead_budgeted_exploration,41,20.372050763886207,3.056684619591725,8.567000432990746,1.1858989200424739
rosenbrock,lookahead_budgeted_exploration,lookahead_budgeted_exploration,42,20.372050763886207,3.056684619591725,8.734243538009187,1.1916608455651332
rosenbrock,lookahead_budgeted_exploration,lookahead_budgeted_exploration,43,20.372050763886207,3.056684619591725,8.879770455003461,1.2277446980393003
rosenbrock,lookahead_budgeted_exploration,lookahead_budgeted_exploration,44,20.372050763886207,3.056684619591725,9.104953003021405,1.2774261039214103
rosenbrock,lookahead_budgeted_exploration,lookahead_budgeted_exploration,45,20.372050763886207,3.056684619591725,9.351638608878027,1.3273699651979802
rosenbrock,lookahead_budgeted_exploration,lookahead_budgeted_exploration,46,19.600907308578815,2.8203876138669157,9.55535972577809,1.320205153231373
rosenbrock,lookahead_budgeted_exploration,lookahead_budgeted_exploration,47,19.600907308578815,2.8203876138669157,9.772360311428091,1.3429930808523478
rosenbrock,lookahead_budgeted_exploration,lookahead_budgeted_exploration,48,19.600907308578815,2.8203876138669157,10.005450459809369,1.3602413124360948
rosenbrock,lookahead_budgeted_exploration,lookahead_budgeted_exploration,49,19.600907308578815,2.8203876138669157,10.1814357765503,1.3446992164218148
sphere,pure_bo,pure_bo,0,0.8255259259143873,0.8298680757718694,1.1122343337548666,0.30824501574769914
sphere,pure_bo,pure_bo,1,0.6918171814186508,0.7535471712200954,1.6549872159239243,0.720419324542059
sphere,pure_bo,pure_bo,2,0.2752840284809917,0.16516784293217324,2.0085414408734894,0.7649630756426395
sphere,pure_bo,pure_bo,3,0.1910166312764705,0.06913456852047621,2.2434151264344178,0.7280608538041663
sphere,pure_bo,pure_bo,4,0.18180492639795143,0.0769493939255228,2.415441007799803,0.7458564578397375
sphere,pure_bo,pure_bo,5,0.1269226996559264,0.06072800677971573,2.6425534778290953,0.8316188201901352
sphere,pure_bo,pure_bo,6,0.0648863627986636,0.007004081440102352,2.7828015774921764,0.8461785848209227
sphere,pure_bo,pure_bo,7,0.05631881739337852,0.0133763743219683,2.942486228261339,0.8608329047401276
sphere,pure_bo,pure_bo,8,0.05631881739337852,0.0133763743219683,3.83068317326592,0.49997630591883135
sphere,pure_bo,pure_bo,9,0.05631881739337852,0.0133763743219683,5.133586214140597,0.6582007269676615
sphere,pure_bo,pure_bo,10,0.05631881739337852,0.0133763743219683,6.557827679916478,1.4105315915261867
sphere,pure_bo,pure_bo,11,0.05631881739337852,0.0133763743219683,8.010250954459087,1.7338326485287783
sphere,pure_bo,pure_bo,12,0.05631881739337852,0.0133763743219683,9.799244096711211,1.7360019024067337
sphere,pure_bo,pure_bo,13,0.05631881739337852,0.0133763743219683,11.800023843205812,1.9571054602785627
sphere,pure_bo,pure_bo,14,0.05631881739337852,0.0133763743219683,13.746477524474523,2.5423667579973643
sphere,pure_bo,pure_bo,15,0.05631881739337852,0.0133763743219683,15.582094732253386,2.7305932234038814
sphere,pure_bo,pure_bo,16,0.05631881739337852,0.0133763743219683,17.707969986725534,3.107121374456282
sphere,pure_bo,pure_bo,17,0.05631881739337852,0.0133763743219683,20.0418974624292,3.1677289651529676
sphere,pure_bo,pure_bo,18,0.05631881739337852,0.0133763743219683,22.141509170645136,3.27507256313515
sphere,pure_bo,pure_bo,19,0.05631881739337852,0.0133763743219683,24.24657044724106,3.265228827040881
sphere,pure_bo,pure_bo,20,0.03916624587191277,0.014056401275555616,26.112825399780363,3.003673396175542
sphere,pure_bo,pure_bo,21,0.03916624587191277,0.014056401275555616,27.998662194261996,2.7228175175910074
sphere,pure_bo,pure_bo,22,0.03916624587191277,0.014056401275555616,29.988706130732073,2.8981701287453756
sphere,pure_bo,pure_bo,23,0.03916624587191277,0.014056401275555616,32.02147261349632,3.2093971855172594
sphere,pure_bo,pure_bo,24,0.03916624587191277,0.014056401275555616,34.459264878222825,3.347824247334664
sphere,pure_bo,pure_bo,25,0.03916624587191277,0.014056401275555616,36.5782395360088,3.4884213841330753
sphere,pure_bo,pure_bo,26,0.03916624587191277,0.014056401275555616,38.885957982949805,3.7663446386933335
sphere,pure_bo,pure_bo,27,0.03349645288644201,0.008521250776940197,40.68601344340963,3.7866487924712278
sphere,pure_bo,pure_bo,28,0.03349645288644201,0.008521250776940197,42.16987044020323,3.6636801183524867
sphere,pure_bo,pure_bo,29,0.03349645288644201,0.008521250776940197,44.537425683267394,3.6239315341991025
sphere,pure_bo,pure_bo,30,0.03349645288644201,0.008521250776940197,46.61051807542486,3.6097752971435426
sphere,pure_bo,pure_bo,31,0.03349645288644201,0.008521250776940197,48.71382518034536,3.57954032897984
sphere,pure_bo,pure_bo,32,0.03349645288644201,0.008521250776940197,50.74319075705501,3.668505972956111
sphere,pure_bo,pure_bo,33,0.03349645288644201,0.008521250776940197,52.63853455172137,3.6516099060914784
sphere,pure_bo,pure_bo,34,0.03349645288644201,0.008521250776940197,54.269616545488816,3.5376229716754
sphere,pure_bo,pure_bo,35,0.03349645288644201,0.008521250776940197,56.117393054055015,3.4473580919745324
sphere,pure_bo,pure_bo,36,0.03349645288644201,0.008521250776940197,58.17209556004448,3.330109671773314
sphere,pure_bo,pure_bo,37,0.03349645288644201,0.008521250776940197,60.27573152045471,3.3969592274194307
sphere,pure_bo,pure_bo,38,0.03349645288644201,0.008521250776940197,62.192317493626966,3.3463625536510917
sphere,pure_bo,pure_bo,39,0.03349645288644201,0.008521250776940197,64.19040628308775,3.5652143893800172
sphere,pure_bo,pure_bo,40,0.03349645288644201,0.008521250776940197,66.21255574795164,3.4383322986348297
sphere,pure_bo,pure_bo,41,0.03349645288644201,0.008521250776940197,67.88954539297802,3.1124952793121925
sphere,pure_bo,pure_bo,42,0.03349645288644201,0.008521250776940197,69.36452226755462,2.828868886859966
sphere,pure_bo,pure_bo,43,0.03349645288644201,0.008521250776940197,71.06413437139095,2.772798717547457
sphere,pure_bo,pure_bo,44,0.02543283263375759,0.009746604478894673,72.55210482369527,2.5287567795047656
sphere,pure_bo,pure_bo,45,0.02543283263375759,0.009746604478894673,74.36424889386386,2.14344434469287
sphere,pure_bo,pure_bo,46,0.023261476389419763,0.006794868495112548,76.43171244000506,2.3384630062886584
sphere,pure_bo,pure_bo,47,0.023261476389419763,0.006794868495112548,78.37327703606566,2.6180024515571465
sphere,pure_bo,pure_bo,48,0.023261476389419763,0.006794868495112548,80.33305696850663,2.6514352723114127
sphere,pure_bo,pure_bo,49,0.023261476389419763,0.006794868495112548,82.25482162976972,2.638824956542666
sphere,earlbo,earlbo,0,0.6016590619885598,0.5908084193715815,0.9299632926551925,0.09430096165353516
sphere,earlbo,earlbo,1,0.30246369751720664,0.21474754776977767,1.148239611357172,0.16694246485320238
sphere,earlbo,earlbo,2,0.1811002993233721,0.11092316086490704,1.3005786504529506,0.17060651418319578
sphere,earlbo,earlbo,3,0.13631973898720962,0.04794044776207475,1.4135409410982547,0.18850959032270972
sphere,earlbo,earlbo,4,0.06475464296159839,0.007366131194352133,1.5816986256026624,0.16425563125349066
sphere,earlbo,earlbo,5,0.06328795674992703,0.007857657651241403,1.7043102766535532,0.1725006126338382
sphere,earlbo,earlbo,6,0.051638957923434724,0.008791775756196175,1.8037040179390633,0.19091102538241156
sphere,earlbo,earlbo,7,0.04667996822881452,0.008944880472081175,1.9648842234587172,0.15313041203580613
sphere,earlbo,earlbo,8,0.04667996822881452,0.008944880472081175,2.111173811434403,0.14041369973456203
sphere,earlbo,earlbo,9,0.04470591824625969,0.010414615656660508,2.3362558762700085,0.05191635160507498
sphere,earlbo,earlbo,10,0.04459210122413634,0.010255475355987564,2.5701111516216506,0.058113191780322176
sphere,earlbo,earlbo,11,0.03932900607953447,0.008388097297857701,2.7756388223862767,0.1611517173689441
sphere,earlbo,earlbo,12,0.036986615512837405,0.005180434888301376,2.9946488610863304,0.2572206627287108
sphere,earlbo,earlbo,13,0.035088167802408095,0.007407853835989495,3.142319986037053,0.22393461415287266
sphere,earlbo,earlbo,14,0.03412286004423006,0.007476398253945785,3.4236619372717207,0.1583363824352535
sphere,earlbo,earlbo,15,0.022595950602453497,0.0037137679290953924,3.7534296492089028,0.37431690145897567
sphere,earlbo,earlbo,16,0.022595950602453497,0.0037137679290953924,4.21805069442629,0.46859503695057225
sphere,earlbo,earlbo,17,0.022595950602453497,0.0037137679290953924,4.79514135370153,0.5166315127813524
sphere,earlbo,earlbo,18,0.022595950602453497,0.0037137679290953924,5.3144317593527,0.6081161361100088
sphere,earlbo,earlbo,19,0.022595950602453497,0.0037137679290953924,5.761013967539017,0.6072981450105074
sphere,earlbo,earlbo,20,0.022595950602453497,0.0037137679290953924,6.149063109112827,0.6365831529149587
sphere,earlbo,earlbo,21,0.021831212924869624,0.0034508737988568293,6.35349249884453,0.7553276692673381
sphere,earlbo,earlbo,22,0.021831212924869624,0.0034508737988568293,6.756017085617564,0.7934766240589283
sphere,earlbo,earlbo,23,0.021831212924869624,0.0034508737988568293,7.21167994774185,0.8683286118306598
sphere,earlbo,earlbo,24,0.021831212924869624,0.0034508737988568293,7.554685477059209,0.8965498361236884
sphere,earlbo,earlbo,25,0.019719776245786167,0.004342096250001541,7.844332902127834,0.853134699575574
sphere,earlbo,earlbo,26,0.019719776245786167,0.004342096250001541,8.236174006379096,0.7135971947392031
sphere,earlbo,earlbo,27,0.019069090585939443,0.004041765780768138,8.564918348108522,0.5301686464270231
sphere,earlbo,earlbo,28,0.019069090585939443,0.004041765780768138,8.790668883164331,0.40289229400919824
sphere,earlbo,earlbo,29,0.019069090585939443,0.004041765780768138,9.367955020397773,0.4836425130588164
sphere,earlbo,earlbo,30,0.019069090585939443,0.004041765780768138,9.88344373992402,0.5975577410758367
sphere,earlbo,earlbo,31,0.019069090585939443,0.004041765780768138,10.396985431406184,0.583190351482223
sphere,earlbo,earlbo,32,0.019069090585939443,0.004041765780768138,10.909453492581635,0.46419822485833073
sphere,earlbo,earlbo,33,0.019069090585939443,0.004041765780768138,11.366156803787609,0.4376634907287193
sphere,earlbo,earlbo,34,0.018333659135879345,0.003003511724694336,11.902833695034671,0.27716691346216704
sphere,earlbo,earlbo,35,0.018333659135879345,0.003003511724694336,12.480604188356585,0.17316226643494895
sphere,earlbo,earlbo,36,0.018333659135879345,0.003003511724694336,13.030293931195532,0.23504786069212802
sphere,earlbo,earlbo,37,0.018333659135879345,0.003003511724694336,13.471272833567616,0.30508361338491097
sphere,earlbo,earlbo,38,0.018333659135879345,0.003003511724694336,13.9262377796082,0.3413884600471924
sphere,earlbo,earlbo,39,0.018333659135879345,0.003003511724694336,14.45616417505255,0.3196669507141412
sphere,earlbo,earlbo,40,0.018333659135879345,0.003003511724694336,14.91775304943589,0.3598034907610583
sphere,earlbo,earlbo,41,0.018333659135879345,0.003003511724694336,15.34335373586097,0.5015859180259414
sphere,earlbo,earlbo,42,0.018333659135879345,0.003003511724694336,15.765831362782643,0.6758755752743996
sphere,earlbo,earlbo,43,0.018333659135879345,0.003003511724694336,16.178819461604224,0.7967780089833773
sphere,earlbo,earlbo,44,0.01710540075731626,0.004077542095639966,16.505883412491702,0.8984682578421443
sphere,earlbo,earlbo,45,0.01710540075731626,0.004077542095639966,16.775358428886317,0.9181158512598959
sphere,earlbo,earlbo,46,0.01710540075731626,0.004077542095639966,17.186618168507625,0.985169028930179
sphere,earlbo,earlbo,47,0.01710540075731626,0.004077542095639966,17.58024881714498,1.1371285401236406
sphere,earlbo,earlbo,48,0.01710540075731626,0.004077542095639966,18.06888651729231,1.2258438566055683
sphere,earlbo,earlbo,49,0.01710540075731626,0.004077542095639966,18.68780596146799,1.203449879098587
sphere,snake,snake,0,0.41731446140507317,0.3695996360793497,0.9047560911967268,0.08950618562745856
sphere,snake,snake,1,0.1587505678369876,0.05333205822092891,1.0601995730878906,0.1317923753274677
sphere,snake,snake,2,0.09419644821102086,0.025275780065601793,1.1574366539796153,0.1624508535480814
sphere,snake,snake,3,0.08241624813127289,0.022740375519200925,1.2537843877175459,0.16976791738770716
sphere,snake,snake,4,0.06324036943546764,0.01664843008351291,1.3611097751429557,0.1748127608508218
sphere,snake,snake,5,0.056636043239324946,0.017458592774637776,1.4505237825212713,0.16226726592832044
sphere,snake,snake,6,0.050145668793640796,0.011990878225595714,1.5268167801178267,0.16650848295475967
sphere,snake,snake,7,0.04495131128283703,0.009245429945515554,1.6018724061406697,0.16181974376673433
sphere,snake,snake,8,0.035639500352922966,0.007014508873392622,1.6806875264325825,0.15469049668787646
sphere,snake,snake,9,0.034473514412988814,0.008195926950542595,1.7632586358859312,0.15291904667332865
sphere,snake,snake,10,0.029906270884405926,0.01128620866221492,1.832423474810838,0.15583919275118302
sphere,snake,snake,11,0.028093070050011926,0.01320674551430773,1.911732263795173,0.14741187065946149
sphere,snake,snake,12,0.019776183050262013,0.005473896081238207,2.0079630647305926,0.16279889909310472
sphere,snake,snake,13,0.01671044894543546,0.007177788121103279,2.080710811852299,0.17710098337385316
sphere,snake,snake,14,0.013432211648308589,0.0027490663586197876,2.15684327392593,0.18377225540006023
sphere,snake,snake,15,0.013432211648308589,0.0027490663586197876,2.464270740638404,0.3584011816319765
sphere,snake,snake,16,0.013432211648308589,0.0027490663586197876,3.0448731062025742,0.5401103816113758
sphere,snake,snake,17,0.013432211648308589,0.0027490663586197876,3.6149907382266426,0.7366754829746779
sphere,snake,snake,18,0.013432211648308589,0.0027490663586197876,4.1871003667623015,0.8088296259251101
sphere,snake,snake,19,0.013432211648308589,0.0027490663586197876,4.679236395597204,0.841677518044635
sphere,snake,snake,20,0.013432211648308589,0.0027490663586197876,5.213759640835004,0.7837704408324032
sphere,snake,snake,21,0.013432211648308589,0.0027490663586197876,5.754874401093921,0.7487412390159617
sphere,snake,snake,22,0.013432211648308589,0.0027490663586197876,6.353251412518563,0.6668422010762671
sphere,snake,snake,23,0.013432211648308589,0.0027490663586197876,6.796687358620485,0.6008838371144524
sphere,snake,snake,24,0.012199675147655306,0.0014654839284896253,7.138867847012967,0.3890747668153099
sphere,snake,snake,25,0.012199675147655306,0.0014654839284896253,7.44773146886179,0.3440524158924323
sphere,snake,snake,26,0.012199675147655306,0.0014654839284896253,7.964849954892482,0.28545569210158284
sphere,snake,snake,27,0.012199675147655306,0.0014654839284896253,8.521686065180399,0.1966582665532583
sphere,snake,snake,28,0.012199675147655306,0.0014654839284896253,9.119492646917044,0.30356865229424246
sphere,snake,snake,29,0.012199675147655306,0.0014654839284896253,9.695311498170701,0.4848329491778
sphere,snake,snake,30,0.012199675147655306,0.0014654839284896253,10.179633829505663,0.5738665410849523
sphere,snake,snake,31,0.012133202685738932,0.0015594163337450215,10.716711942646684,0.5701339449672105
sphere,snake,snake,32,0.012133202685738932,0.0015594163337450215,11.397304152474135,0.6865850001023147
sphere,snake,snake,33,0.012133202685738932,0.0015594163337450215,11.855447100883788,0.6311691208308803
sphere,snake,snake,34,0.011227142308126534,0.001394274888588277,12.447668344632431,0.6539079179256603
sphere,snake,snake,35,0.011227142308126534,0.001394274888588277,12.918718369530268,0.6436328382637072
sphere,snake,snake,36,0.011227142308126534,0.001394274888588277,13.46117776581775,0.6580416983264354
sphere,snake,snake,37,0.011227142308126534,0.001394274888588277,14.18204599104269,0.8173678416876665
sphere,snake,snake,38,0.011227142308126534,0.001394274888588277,14.718043184182944,0.8310505344910072
sphere,snake,snake,39,0.011227142308126534,0.001394274888588277,15.181048058748537,0.7480396199472968
sphere,snake,snake,40,0.011227142308126534,0.001394274888588277,15.731629417584807,0.7373125668371009
sphere,snake,snake,41,0.011227142308126534,0.001394274888588277,16.12294481121141,0.748841760110919
sphere,snake,snake,42,0.011227142308126534,0.001394274888588277,16.523393926960313,0.7276160588722735
sphere,snake,snake,43,0.011227142308126534,0.001394274888588277,16.971197444922783,0.7120400250242451
sphere,snake,snake,44,0.011227142308126534,0.001394274888588277,17.427897574883875,0.7626152540861824
sphere,snake,snake,45,0.011227142308126534,0.001394274888588277,18.030328087763852,0.8353122429793953
sphere,snake,snake,46,0.011227142308126534,0.001394274888588277,18.58718050252912,0.947464772098129
sphere,snake,snake,47,0.011227142308126534,0.001394274888588277,19.141728337435033,0.9673989631100242
sphere,snake,snake,48,0.011227142308126534,0.001394274888588277,19.656099504823356,1.0174879694914438
sphere,snake,snake,49,0.011227142308126534,0.001394274888588277,20.179708312003218,0.966566988367747
sphere,log_improvement_movement_cost3,log_improvement_movement_cost3,0,0.4243829292834885,0.387309167303386,0.9061050184035672,0.08898822115550806
sphere,log_improvement_movement_cost3,log_improvement_movement_cost3,1,0.17564268111318096,0.08268128132988017,1.0729892965175356,0.14622424504762527
sphere,log_improvement_movement_cost3,log_improvement_movement_cost3,2,0.12098027963510348,0.03413187086742531,1.157617638688338,0.16552976791969837
sphere,log_improvement_movement_cost3,log_improvement_movement_cost3,3,0.08797624010986975,0.04224225078252609,1.2689448618986463,0.17824513721239976
sphere,log_improvement_movement_cost3,log_improvement_movement_cost3,4,0.05981151875566624,0.01277382505513075,1.3779054327955074,0.15291168732612934
sphere,log_improvement_movement_cost3,log_improvement_movement_cost3,5,0.045658991296519874,0.013624831363771961,1.4682967865357466,0.1625769474056312
sphere,log_improvement_movement_cost3,log_improvement_movement_cost3,6,0.04476026727899285,0.013928123037659617,1.5472257300342427,0.158041227066708
sphere,log_improvement_movement_cost3,log_improvement_movement_cost3,7,0.037409032586680595,0.004543481332020761,1.6092600158546186,0.14624554064828196
sphere,log_improvement_movement_cost3,log_improvement_movement_cost3,8,0.02943890822596122,0.010906088110696653,1.6905961163101104,0.14633955735857299
sphere,log_improvement_movement_cost3,log_improvement_movement_cost3,9,0.02571024698434692,0.010397150446551226,1.7721579319868113,0.14284255637190957
sphere,log_improvement_movement_cost3,log_improvement_movement_cost3,10,0.02389262636303267,0.012350894458311642,1.8407563802859237,0.1462168993545152
sphere,log_improvement_movement_cost3,log_improvement_movement_cost3,11,0.02389262636303267,0.012350894458311642,1.917926393210782,0.13203024575375247
sphere,log_improvement_movement_cost3,log_improvement_movement_cost3,12,0.020459694166122606,0.01144603944789661,1.9769004981251161,0.12725481057025342
sphere,log_improvement_movement_cost3,log_improvement_movement_cost3,13,0.02006845194810818,0.011638328141150754,2.0422320528870217,0.13452646053929035
sphere,log_improvement_movement_cost3,log_improvement_movement_cost3,14,0.014070794482285936,0.0034743513150274643,2.1198914923099994,0.13093965539252844
sphere,log_improvement_movement_cost3,log_improvement_movement_cost3,15,0.014069903836131844,0.00347436855610079,2.1974413139459124,0.1468558508432987
sphere,log_improvement_movement_cost3,log_improvement_movement_cost3,16,0.014069903836131844,0.00347436855610079,2.276525603053394,0.17207264455789048
sphere,log_improvement_movement_cost3,log_improvement_movement_cost3,17,0.014069903836131844,0.00347436855610079,2.358367011766859,0.19199926744623877
sphere,log_improvement_movement_cost3,log_improvement_movement_cost3,18,0.013073506828553329,0.0023473384487848717,2.4263865493558954,0.21479006817810128
sphere,log_improvement_movement_cost3,log_improvement_movement_cost3,19,0.01070870744142379,0.002415571935849306,2.494586211357649,0.2093479799439791
sphere,log_improvement_movement_cost3,log_improvement_movement_cost3,20,0.010203250835246255,0.0017369437207910114,2.5749611651967346,0.21584402354452
sphere,log_improvement_movement_cost3,log_improvement_movement_cost3,21,0.010203250835246255,0.0017369437207910114,2.656758231361873,0.2239453319697231
sphere,log_improvement_movement_cost3,log_improvement_movement_cost3,22,0.010203250835246255,0.0017369437207910114,2.7432577090440513,0.23061286980776485
sphere,log_improvement_movement_cost3,log_improvement_movement_cost3,23,0.00911372976347003,0.003097160466555951,2.8304451321033217,0.2370909804991646
sphere,log_improvement_movement_cost3,log_improvement_movement_cost3,24,0.008832069447789241,0.0030556142533111077,2.906657896885393,0.2302828184386146
sphere,log_improvement_movement_cost3,log_improvement_movement_cost3,25,0.008832069447789241,0.0030556142533111077,2.977723927348123,0.22698125038179712
sphere,log_improvement_movement_cost3,log_improvement_movement_cost3,26,0.008832069447789241,0.0030556142533111077,3.0818134916963906,0.234886484379933
sphere,log_improvement_movement_cost3,log_improvement_movement_cost3,27,0.008832069447789241,0.0030556142533111077,3.164146356041916,0.2498926776562569
sphere,log_improvement_movement_cost3,log_improvement_movement_cost3,28,0.007416726278423314,0.0017325631770148508,3.238964295163985,0.24665965259801537
sphere,log_improvement_movement_cost3,log_improvement_movement_cost3,29,0.006123402338660309,0.0016473393901990042,3.308139097572962,0.24540623304759704
sphere,log_improvement_movement_cost3,log_improvement_movement_cost3,30,0.006123402338660309,0.0016473393901990042,3.37340873763918,0.22756105612630126
sphere,log_improvement_movement_cost3,log_improvement_movement_cost3,31,0.005890954968830225,0.0013557633422731853,3.4424876939253117,0.206752886627053
sphere,log_improvement_movement_cost3,log_improvement_movement_cost3,32,0.005890954968830225,0.0013557633422731853,3.52415260000409,0.20008455891357957
sphere,log_improvement_movement_cost3,log_improvement_movement_cost3,33,0.005890954968830225,0.0013557633422731853,3.622639735805325,0.18645740834720978
sphere,log_improvement_movement_cost3,log_improvement_movement_cost3,34,0.005890954968830225,0.0013557633422731853,3.7205928134355433,0.1730435988526245
sphere,log_improvement_movement_cost3,log_improvement_movement_cost3,35,0.005890954968830225,0.0013557633422731853,3.803384181795266,0.17694035009894277
sphere,log_improvement_movement_cost3,log_improvement_movement_cost3,36,0.005890954968830225,0.0013557633422731853,3.8980029146922988,0.16653058861290126
sphere,log_improvement_movement_cost3,log_improvement_movement_cost3,37,0.005890954968830225,0.0013557633422731853,4.001584065978074,0.14423334885317765
sphere,log_improvement_movement_cost3,log_improvement_movement_cost3,38,0.005890954968830225,0.0013557633422731853,4.087730529795098,0.13185323048240172
sphere,log_improvement_movement_cost3,log_improvement_movement_cost3,39,0.005890954968830225,0.0013557633422731853,4.178163398005275,0.13055551841186516
sphere,log_improvement_movement_cost3,log_improvement_movement_cost3,40,0.005890954968830225,0.0013557633422731853,4.246010111382674,0.12095355546611891
sphere,log_improvement_movement_cost3,log_improvement_movement_cost3,41,0.005890954968830225,0.0013557633422731853,4.330714454725557,0.12320907490968712
sphere,log_improvement_movement_cost3,log_improvement_movement_cost3,42,0.005890954968830225,0.0013557633422731853,4.414501004873744,0.12093191620187127
sphere,log_improvement_movement_cost3,log_improvement_movement_cost3,43,0.005890954968830225,0.0013557633422731853,4.487644280214031,0.11092805442144239
sphere,log_improvement_movement_cost3,log_improvement_movement_cost3,44,0.005890954968830225,0.0013557633422731853,4.559234811829094,0.1115539529663606
sphere,log_improvement_movement_cost3,log_improvement_movement_cost3,45,0.005890954968830225,0.0013557633422731853,4.648706058590053,0.10607877576769412
sphere,log_improvement_movement_cost3,log_improvement_movement_cost3,46,0.005890954968830225,0.0013557633422731853,4.7520805174672,0.10009404067248631
sphere,log_improvement_movement_cost3,log_improvement_movement_cost3,47,0.005890954968830225,0.0013557633422731853,4.835017531615305,0.0927749094563876
sphere,log_improvement_movement_cost3,log_improvement_movement_cost3,48,0.005890954968830225,0.0013557633422731853,4.903499630027832,0.09830246165907339
sphere,log_improvement_movement_cost3,log_improvement_movement_cost3,49,0.005890954968830225,0.0013557633422731853,5.004283388172404,0.11252020236795567
sphere,optimistic_selected,optimistic_improvement_movement_cost2,0,0.43069455716204935,0.4005572103301604,0.8947267124539146,0.07762325443361226
sphere,optimistic_selected,optimistic_improvement_movement_cost2,1,0.19172281837807045,0.09220064294449454,1.0639087388012651,0.1392484913482635
sphere,optimistic_selected,optimistic_improvement_movement_cost2,2,0.12970133710842877,0.05359890260767377,1.166181831425017,0.1624937887530285
sphere,optimistic_selected,optimistic_improvement_movement_cost2,3,0.09395066164359363,0.04363809544123316,1.2867631338936485,0.17077050045807354
sphere,optimistic_selected,optimistic_improvement_movement_cost2,4,0.06486397267785127,0.021996562222471247,1.3785379541614358,0.18227108790761185
sphere,optimistic_selected,optimistic_improvement_movement_cost2,5,0.05510595724145837,0.02978781490474168,1.455477505951768,0.19030787057045076
sphere,optimistic_selected,optimistic_improvement_movement_cost2,6,0.05358107012558284,0.030372637217417352,1.5235859065413848,0.1864296696596499
sphere,optimistic_selected,optimistic_improvement_movement_cost2,7,0.0473185789291102,0.02424734939485347,1.6036092285621126,0.16759182247998647
sphere,optimistic_selected,optimistic_improvement_movement_cost2,8,0.027363287427850713,0.009383050186749562,1.6853218811117017,0.17792880429846436
sphere,optimistic_selected,optimistic_improvement_movement_cost2,9,0.023589288344029874,0.006410253465505692,1.7605923302801754,0.16345837842460217
sphere,optimistic_selected,optimistic_improvement_movement_cost2,10,0.019341827358038823,0.003989820846344183,1.8149892937957732,0.16988471424353527
sphere,optimistic_selected,optimistic_improvement_movement_cost2,11,0.019341827358038823,0.003989820846344183,1.8780023970601902,0.18386376374986305
sphere,optimistic_selected,optimistic_improvement_movement_cost2,12,0.018034044605969458,0.0058316913117794494,1.9549592369679019,0.1930737659522188
sphere,optimistic_selected,optimistic_improvement_movement_cost2,13,0.013803959411070396,0.005520661728470714,2.0113726276114083,0.19040083961076423
sphere,optimistic_selected,optimistic_improvement_movement_cost2,14,0.013803959411070396,0.005520661728470714,2.085046857295566,0.19543686229202334
sphere,optimistic_selected,optimistic_improvement_movement_cost2,15,0.012468732685557211,0.0036326237430928817,2.168250323852979,0.20061277490318485
sphere,optimistic_selected,optimistic_improvement_movement_cost2,16,0.012468732685557211,0.0036326237430928817,2.24065560357251,0.2183548196796798
sphere,optimistic_selected,optimistic_improvement_movement_cost2,17,0.012468732685557211,0.0036326237430928817,2.326333625461774,0.24785204512360542
sphere,optimistic_selected,optimistic_improvement_movement_cost2,18,0.00975482840288733,0.00021904493130869978,2.412852105202695,0.2641916157377797
sphere,optimistic_selected,optimistic_improvement_movement_cost2,19,0.00975482840288733,0.00021904493130869978,2.4917259267646283,0.2657193444605809
sphere,optimistic_selected,optimistic_improvement_movement_cost2,20,0.009503895866444213,0.00023510055007511748,2.57680419048326,0.2724594042438921
sphere,optimistic_selected,optimistic_improvement_movement_cost2,21,0.009503895866444213,0.00023510055007511748,2.661304828672201,0.27865769433980164
sphere,optimistic_selected,optimistic_improvement_movement_cost2,22,0.009503895866444213,0.00023510055007511748,2.743853001340881,0.298118573187829
sphere,optimistic_selected,optimistic_improvement_movement_cost2,23,0.00865134670991053,0.001256280547718205,2.8213637605190716,0.3124045498792871
sphere,optimistic_selected,optimistic_improvement_movement_cost2,24,0.006458775517460598,0.0024722756615728606,2.893011704549244,0.30180068910437685
sphere,optimistic_selected,optimistic_improvement_movement_cost2,25,0.006458775517460598,0.0024722756615728606,2.9580150917557475,0.29740513827313225
sphere,optimistic_selected,optimistic_improvement_movement_cost2,26,0.006458775517460598,0.0024722756615728606,3.0512517499428555,0.30807669829569145
sphere,optimistic_selected,optimistic_improvement_movement_cost2,27,0.006458775517460598,0.0024722756615728606,3.13642393632783,0.32566279912787005
sphere,optimistic_selected,optimistic_improvement_movement_cost2,28,0.006458775517460598,0.0024722756615728606,3.2190428370740563,0.3179502228738839
sphere,optimistic_selected,optimistic_improvement_movement_cost2,29,0.006455037538885322,0.002477154826669084,3.285655000636055,0.31947551761337123
sphere,optimistic_selected,optimistic_improvement_movement_cost2,30,0.006455037538885322,0.002477154826669084,3.353230894449999,0.3119977262479898
sphere,optimistic_selected,optimistic_improvement_movement_cost2,31,0.006455037538885322,0.002477154826669084,3.4220784350201376,0.30871549100286844
sphere,optimistic_selected,optimistic_improvement_movement_cost2,32,0.006455037538885322,0.002477154826669084,3.500741165922363,0.3147043735632464
sphere,optimistic_selected,optimistic_improvement_movement_cost2,33,0.006455037538885322,0.002477154826669084,3.5925499106971124,0.32282641585570626
sphere,optimistic_selected,optimistic_improvement_movement_cost2,34,0.004599575252178131,0.001640975624297606,3.681579904351756,0.3261979338926645
sphere,optimistic_selected,optimistic_improvement_movement_cost2,35,0.004599575252178131,0.001640975624297606,3.7732742670219666,0.3227742401412485
sphere,optimistic_selected,optimistic_improvement_movement_cost2,36,0.004599575252178131,0.001640975624297606,3.853058082985466,0.31451458754122
sphere,optimistic_selected,optimistic_improvement_movement_cost2,37,0.004599575252178131,0.001640975624297606,3.9447677534255163,0.3077171440147156
sphere,optimistic_selected,optimistic_improvement_movement_cost2,38,0.004599575252178131,0.001640975624297606,4.032524555702927,0.30736793147576347
sphere,optimistic_selected,optimistic_improvement_movement_cost2,39,0.004599575252178131,0.001640975624297606,4.1112391344900985,0.30164194675564404
sphere,optimistic_selected,optimistic_improvement_movement_cost2,40,0.004599575252178131,0.001640975624297606,4.18483193093572,0.30508813941740864
sphere,optimistic_selected,optimistic_improvement_movement_cost2,41,0.004599575252178131,0.001640975624297606,4.275866317563522,0.30350954495197713
sphere,optimistic_selected,optimistic_improvement_movement_cost2,42,0.004599575252178131,0.001640975624297606,4.363541063118069,0.3041457818629605
sphere,optimistic_selected,optimistic_improvement_movement_cost2,43,0.004599575252178131,0.001640975624297606,4.449642056972869,0.2967078828533713
sphere,optimistic_selected,optimistic_improvement_movement_cost2,44,0.004599575252178131,0.001640975624297606,4.533759836327499,0.278982400587263
sphere,optimistic_selected,optimistic_improvement_movement_cost2,45,0.004599575252178131,0.001640975624297606,4.6190538889876835,0.2627263997968791
sphere,optimistic_selected,optimistic_improvement_movement_cost2,46,0.004599575252178131,0.001640975624297606,4.723931496774651,0.24213291858608718
sphere,optimistic_selected,optimistic_improvement_movement_cost2,47,0.004599575252178131,0.001640975624297606,4.810796428710275,0.23237708280584493
sphere,optimistic_selected,optimistic_improvement_movement_cost2,48,0.004599575252178131,0.001640975624297606,4.892752486660356,0.24356751639121219
sphere,optimistic_selected,optimistic_improvement_movement_cost2,49,0.004599575252178131,0.001640975624297606,4.99069054611164,0.2497967659656678
sphere,budgeted_exploration,budgeted_exploration,0,0.41801493318666355,0.38270012989114527,0.8984792957504414,0.08464420607384938
sphere,budgeted_exploration,budgeted_exploration,1,0.15135217594469824,0.05980816624121376,1.0722853605183353,0.13834453029770738
sphere,budgeted_exploration,budgeted_exploration,2,0.10980857600791312,0.04287423880434295,1.1639425743213165,0.17225258182572736
sphere,budgeted_exploration,budgeted_exploration,3,0.08950675828001471,0.035609849180498976,1.2665410881520647,0.17741184924430062
sphere,budgeted_exploration,budgeted_exploration,4,0.051570779458954774,0.011201446530143752,1.3853992638642743,0.18160719130770184
sphere,budgeted_exploration,budgeted_exploration,5,0.04223761863355784,0.006380461094890705,1.5005407315599395,0.20114274096094467
sphere,budgeted_exploration,budgeted_exploration,6,0.04223761863355784,0.006380461094890705,1.578253533367758,0.1999684380565267
sphere,budgeted_exploration,budgeted_exploration,7,0.03877459171217398,0.007493650185592599,1.6716495157214954,0.17824319460092566
sphere,budgeted_exploration,budgeted_exploration,8,0.03539394896724261,0.010588032473746262,1.7848260397019597,0.18488776690544664
sphere,budgeted_exploration,budgeted_exploration,9,0.02879492494649249,0.015156467248632283,1.8940781363904045,0.17433676338022566
sphere,budgeted_exploration,budgeted_exploration,10,0.0255407757246916,0.010818484043476757,1.9883530857107246,0.17971013527147275
sphere,budgeted_exploration,budgeted_exploration,11,0.0255407757246916,0.010818484043476757,2.087629733300427,0.17813266878567593
sphere,budgeted_exploration,budgeted_exploration,12,0.0255407757246916,0.010818484043476757,2.1961217858419695,0.20214831090353172
sphere,budgeted_exploration,budgeted_exploration,13,0.0255407757246916,0.010818484043476757,2.3058946062071084,0.2397400508150744
sphere,budgeted_exploration,budgeted_exploration,14,0.02221743986220076,0.006758950103173968,2.4297799723182165,0.23614082181074217
sphere,budgeted_exploration,budgeted_exploration,15,0.02221743986220076,0.006758950103173968,2.5268586602277634,0.2325448947264681
sphere,budgeted_exploration,budgeted_exploration,16,0.021473446117963178,0.0066729206621350245,2.6099249841424315,0.24435375300051737
sphere,budgeted_exploration,budgeted_exploration,17,0.021473446117963178,0.0066729206621350245,2.722571163492488,0.24965376782752638
sphere,budgeted_exploration,budgeted_exploration,18,0.018347540435716306,0.0036164743007677616,2.832775560155815,0.24828363000533626
sphere,budgeted_exploration,budgeted_exploration,19,0.018347540435716306,0.0036164743007677616,2.9333972494356146,0.24566311658938317
sphere,budgeted_exploration,budgeted_exploration,20,0.018347540435716306,0.0036164743007677616,3.0396972328105156,0.26328862856949015
sphere,budgeted_exploration,budgeted_exploration,21,0.016546485091893093,0.0028616885895492794,3.1478345403296086,0.2565781331930277
sphere,budgeted_exploration,budgeted_exploration,22,0.016546485091893093,0.0028616885895492794,3.2657257684152765,0.2470889071257861
sphere,budgeted_exploration,budgeted_exploration,23,0.016546485091893093,0.0028616885895492794,3.3870327070180113,0.2553312162476254
sphere,budgeted_exploration,budgeted_exploration,24,0.016360080099111416,0.0026224600948088622,3.504639077255224,0.23267483289780333
sphere,budgeted_exploration,budgeted_exploration,25,0.015357082954142816,0.0014845497079044253,3.6144847243664273,0.23995508373545385
sphere,budgeted_exploration,budgeted_exploration,26,0.015357082954142816,0.0014845497079044253,3.7147397743086454,0.22504409172926212
sphere,budgeted_exploration,budgeted_exploration,27,0.015357082954142816,0.0014845497079044253,3.8194503952790986,0.2410960345652159
sphere,budgeted_exploration,budgeted_exploration,28,0.013285438122314322,0.0027744061967122685,3.926628423132025,0.24499284380998046
sphere,budgeted_exploration,budgeted_exploration,29,0.013285438122314322,0.0027744061967122685,4.049100535937318,0.23912030156889266
sphere,budgeted_exploration,budgeted_exploration,30,0.013003363043990454,0.0024370620896951955,4.16081348033342,0.23460268554849945
sphere,budgeted_exploration,budgeted_exploration,31,0.013003363043990454,0.0024370620896951955,4.259488849719683,0.24656024321733847
sphere,budgeted_exploration,budgeted_exploration,32,0.012895516744745752,0.0023132689193662848,4.387454656940545,0.2573927212432372
sphere,budgeted_exploration,budgeted_exploration,33,0.012895516744745752,0.0023132689193662848,4.50014332716033,0.2656199768472488
sphere,budgeted_exploration,budgeted_exploration,34,0.012579410149836157,0.0019737255536772234,4.633414155538989,0.2841146947573383
sphere,budgeted_exploration,budgeted_exploration,35,0.012579410149836157,0.0019737255536772234,4.733523458277915,0.2785579323944393
sphere,budgeted_exploration,budgeted_exploration,36,0.012579410149836157,0.0019737255536772234,4.864505633459168,0.2769641829339636
sphere,budgeted_exploration,budgeted_exploration,37,0.012579410149836157,0.0019737255536772234,4.987102992204036,0.27032226379010427
sphere,budgeted_exploration,budgeted_exploration,38,0.012549968924237195,0.0019443166173020012,5.092180853248759,0.2568151948435711
sphere,budgeted_exploration,budgeted_exploration,39,0.012549968924237195,0.0019443166173020012,5.19708966506082,0.2469969280036401
sphere,budgeted_exploration,budgeted_exploration,40,0.012549968924237195,0.0019443166173020012,5.277360113268828,0.23813956127066793
sphere,budgeted_exploration,budgeted_exploration,41,0.012549968924237195,0.0019443166173020012,5.3912201851966755,0.24012546543960728
sphere,budgeted_exploration,budgeted_exploration,42,0.012549968924237195,0.0019443166173020012,5.5018220929667185,0.23074781653313525
sphere,budgeted_exploration,budgeted_exploration,43,0.012549968924237195,0.0019443166173020012,5.609499686091112,0.2541889047041936
sphere,budgeted_exploration,budgeted_exploration,44,0.012549968924237195,0.0019443166173020012,5.73179455375472,0.2568351117829034
sphere,budgeted_exploration,budgeted_exploration,45,0.012549968924237195,0.0019443166173020012,5.844664207196029,0.277620092846045
sphere,budgeted_exploration,budgeted_exploration,46,0.012549968924237195,0.0019443166173020012,5.983080100132894,0.25094059147865266
sphere,budgeted_exploration,budgeted_exploration,47,0.012549968924237195,0.0019443166173020012,6.139084418788499,0.2521398193905019
sphere,budgeted_exploration,budgeted_exploration,48,0.012549968924237195,0.0019443166173020012,6.258426515669399,0.2684636202812947
sphere,budgeted_exploration,budgeted_exploration,49,0.012549968924237195,0.0019443166173020012,6.396573944171543,0.2911286441660377
sphere,lookahead_budgeted_exploration,lookahead_budgeted_exploration,0,0.4009657764906936,0.3424864642113622,0.9218445802892455,0.10780618738915006
sphere,lookahead_budgeted_exploration,lookahead_budgeted_exploration,1,0.1824391402431186,0.10717078487964862,1.0843902371730652,0.14635184454646694
sphere,lookahead_budgeted_exploration,lookahead_budgeted_exploration,2,0.11885162103382747,0.031093588931169126,1.1946409697238691,0.16404016878718605
sphere,lookahead_budgeted_exploration,lookahead_budgeted_exploration,3,0.057974633394906015,0.020079002845410098,1.3064640086429664,0.18671354163407378
sphere,lookahead_budgeted_exploration,lookahead_budgeted_exploration,4,0.048829079180460144,0.01389513553421752,1.392860771996445,0.1826182114395635
sphere,lookahead_budgeted_exploration,lookahead_budgeted_exploration,5,0.04451982632176545,0.018797712027658828,1.4837691665549018,0.19027786700200652
sphere,lookahead_budgeted_exploration,lookahead_budgeted_exploration,6,0.04325070114970408,0.018898679386707994,1.5884749293720895,0.17405193257704185
sphere,lookahead_budgeted_exploration,lookahead_budgeted_exploration,7,0.04325070114970408,0.018898679386707994,1.7002066920218895,0.1708195784996363
sphere,lookahead_budgeted_exploration,lookahead_budgeted_exploration,8,0.04271379174974372,0.01899235707270296,1.7924305972189007,0.16666853150568547
sphere,lookahead_budgeted_exploration,lookahead_budgeted_exploration,9,0.023451324679077193,0.01092464288025333,1.905674591865578,0.14921906874322685
sphere,lookahead_budgeted_exploration,lookahead_budgeted_exploration,10,0.02287675318176857,0.011393935780407162,1.9797227141959428,0.1571018773614571
sphere,lookahead_budgeted_exploration,lookahead_budgeted_exploration,11,0.02287675318176857,0.011393935780407162,2.0878250304905515,0.1506727869060172
sphere,lookahead_budgeted_exploration,lookahead_budgeted_exploration,12,0.02287675318176857,0.011393935780407162,2.200877156363252,0.1526762055150022
sphere,lookahead_budgeted_exploration,lookahead_budgeted_exploration,13,0.016983121595301392,0.003280100184153003,2.3302136399067925,0.16775737337488683
sphere,lookahead_budgeted_exploration,lookahead_budgeted_exploration,14,0.016983121595301392,0.003280100184153003,2.437262892300493,0.16965873141357363
sphere,lookahead_budgeted_exploration,lookahead_budgeted_exploration,15,0.016637019888377017,0.0033591205475839046,2.5613745648691206,0.17042057695050683
sphere,lookahead_budgeted_exploration,lookahead_budgeted_exploration,16,0.016637019888377017,0.0033591205475839046,2.667263863892305,0.18218448042036378
sphere,lookahead_budgeted_exploration,lookahead_budgeted_exploration,17,0.016637019888377017,0.0033591205475839046,2.7850778892398815,0.19017984891710518
sphere,lookahead_budgeted_exploration,lookahead_budgeted_exploration,18,0.016637019888377017,0.0033591205475839046,2.920588815640746,0.18630186145685684
sphere,lookahead_budgeted_exploration,lookahead_budgeted_exploration,19,0.016637019888377017,0.0033591205475839046,3.033331260485966,0.19625754340562326
sphere,lookahead_budgeted_exploration,lookahead_budgeted_exploration,20,0.016637019888377017,0.0033591205475839046,3.174944142605062,0.17294182429576913
sphere,lookahead_budgeted_exploration,lookahead_budgeted_exploration,21,0.012918328193575973,0.002252863721364859,3.2852909416991802,0.16326481669504006
sphere,lookahead_budgeted_exploration,lookahead_budgeted_exploration,22,0.012918328193575973,0.002252863721364859,3.419403182776458,0.1681649604212581
sphere,lookahead_budgeted_exploration,lookahead_budgeted_exploration,23,0.012918328193575973,0.002252863721364859,3.5467910821897797,0.17446866297836247
sphere,lookahead_budgeted_exploration,lookahead_budgeted_exploration,24,0.012918328193575973,0.002252863721364859,3.668838439527311,0.18079124356862325
sphere,lookahead_budgeted_exploration,lookahead_budgeted_exploration,25,0.012918328193575973,0.002252863721364859,3.7957106902214135,0.16244249115232337
sphere,lookahead_budgeted_exploration,lookahead_budgeted_exploration,26,0.012918328193575973,0.002252863721364859,3.898417410062571,0.14635690181911817
sphere,lookahead_budgeted_exploration,lookahead_budgeted_exploration,27,0.012918328193575973,0.002252863721364859,4.00884423457635,0.1600700398275952
sphere,lookahead_budgeted_exploration,lookahead_budgeted_exploration,28,0.012918328193575973,0.002252863721364859,4.143337584094362,0.17072522758130754
sphere,lookahead_budgeted_exploration,lookahead_budgeted_exploration,29,0.012918328193575973,0.002252863721364859,4.2522347225129815,0.16363436453155164
sphere,lookahead_budgeted_exploration,lookahead_budgeted_exploration,30,0.012918328193575973,0.002252863721364859,4.386682303406485,0.16799927701428236
sphere,lookahead_budgeted_exploration,lookahead_budgeted_exploration,31,0.012918328193575973,0.002252863721364859,4.524207613291483,0.16942674713531153
sphere,lookahead_budgeted_exploration,lookahead_budgeted_exploration,32,0.012918328193575973,0.002252863721364859,4.661194023331935,0.17584579458412591
sphere,lookahead_budgeted_exploration,lookahead_budgeted_exploration,33,0.012918328193575973,0.002252863721364859,4.820505503167052,0.158533925512164
sphere,lookahead_budgeted_exploration,lookahead_budgeted_exploration,34,0.012918328193575973,0.002252863721364859,4.962452378017674,0.16277206430853944
sphere,lookahead_budgeted_exploration,lookahead_budgeted_exploration,35,0.012918328193575973,0.002252863721364859,5.096371663868259,0.15802164816148143
sphere,lookahead_budgeted_exploration,lookahead_budgeted_exploration,36,0.012918328193575973,0.002252863721364859,5.222741732884017,0.1581468007626249
sphere,lookahead_budgeted_exploration,lookahead_budgeted_exploration,37,0.012918328193575973,0.002252863721364859,5.378214017483811,0.1582362159353064
sphere,lookahead_budgeted_exploration,lookahead_budgeted_exploration,38,0.012918328193575973,0.002252863721364859,5.502863045257442,0.14969161377200618
sphere,lookahead_budgeted_exploration,lookahead_budgeted_exploration,39,0.012444447856582655,0.0017454045645833242,5.633051833980869,0.146524852791388
sphere,lookahead_budgeted_exploration,lookahead_budgeted_exploration,40,0.012444447856582655,0.0017454045645833242,5.77519844970477,0.14381731055654587
sphere,lookahead_budgeted_exploration,lookahead_budgeted_exploration,41,0.012444447856582655,0.0017454045645833242,5.881343375565493,0.13335892525707974
sphere,lookahead_budgeted_exploration,lookahead_budgeted_exploration,42,0.012444447856582655,0.0017454045645833242,5.9926286020169774,0.14450239737960127
sphere,lookahead_budgeted_exploration,lookahead_budgeted_exploration,43,0.01188954042095654,0.0016844920240893268,6.130267538305243,0.12608575827458726
sphere,lookahead_budgeted_exploration,lookahead_budgeted_exploration,44,0.01188954042095654,0.0016844920240893268,6.247715714927735,0.11119190415662011
sphere,lookahead_budgeted_exploration,lookahead_budgeted_exploration,45,0.01188954042095654,0.0016844920240893268,6.347145057591857,0.10465855878212857
sphere,lookahead_budgeted_exploration,lookahead_budgeted_exploration,46,0.01188954042095654,0.0016844920240893268,6.495215707285244,0.12223242918746288
sphere,lookahead_budgeted_exploration,lookahead_budgeted_exploration,47,0.01188954042095654,0.0016844920240893268,6.627806736792362,0.13977791517642446
sphere,lookahead_budgeted_exploration,lookahead_budgeted_exploration,48,0.01188954042095654,0.0016844920240893268,6.778004915112568,0.15932280528662077
sphere,lookahead_budgeted_exploration,lookahead_budgeted_exploration,49,0.011176466918540138,0.0020922158238448675,6.884205162866231,0.16645524185153374
sum_square,pure_bo,pure_bo,0,1.7825499140246943,0.3863392997281339,0.9675886352334988,0.08827199047136235
sum_square,pure_bo,pure_bo,1,1.7825499140246943,0.3863392997281339,1.2051701251896265,0.07133151253121417
sum_square,pure_bo,pure_bo,2,1.6381599451613313,0.4012448759318346,1.5537234617910956,0.01930497664949443
sum_square,pure_bo,pure_bo,3,1.6381599451613313,0.4012448759318346,1.77892563001968,0.04755568112343071
sum_square,pure_bo,pure_bo,4,1.1256523584079734,0.339572291037258,2.0205588026496897,0.1154189142262223
sum_square,pure_bo,pure_bo,5,0.700766490318706,0.12737216687118144,2.217386039407804,0.13821499385318997
sum_square,pure_bo,pure_bo,6,0.700766490318706,0.12737216687118144,2.519690035606916,0.16194461945577335
sum_square,pure_bo,pure_bo,7,0.6336360250782959,0.04482413405488669,2.856256685714019,0.17116163426365225
sum_square,pure_bo,pure_bo,8,0.5167584630518377,0.15395023757614085,3.5482807918193124,0.40512729561053834
sum_square,pure_bo,pure_bo,9,0.5167584630518377,0.15395023757614085,4.719222489223609,0.5879575985010465
sum_square,pure_bo,pure_bo,10,0.4578431272417193,0.15579943213359526,5.79679106918568,0.7014207214746048
sum_square,pure_bo,pure_bo,11,0.4578431272417193,0.15579943213359526,7.152900235550775,1.1173957501524396
sum_square,pure_bo,pure_bo,12,0.4578431272417193,0.15579943213359526,8.619199383509619,1.2632214079262658
sum_square,pure_bo,pure_bo,13,0.4578431272417193,0.15579943213359526,10.143092099500857,1.7240923718994938
sum_square,pure_bo,pure_bo,14,0.4578431272417193,0.15579943213359526,11.51792284939134,2.2596128969375564
sum_square,pure_bo,pure_bo,15,0.4578431272417193,0.15579943213359526,12.910103445672311,2.5802400129628564
sum_square,pure_bo,pure_bo,16,0.2895749511577082,0.09329096546181397,14.250981613740331,2.7351047322351256
sum_square,pure_bo,pure_bo,17,0.2895749511577082,0.09329096546181397,15.482855474428163,2.9416807039052855
sum_square,pure_bo,pure_bo,18,0.2895749511577082,0.09329096546181397,17.080677662012693,2.8179112309077765
sum_square,pure_bo,pure_bo,19,0.2895749511577082,0.09329096546181397,18.584046778095058,2.7131889704079253
sum_square,pure_bo,pure_bo,20,0.2895749511577082,0.09329096546181397,20.44200751087726,2.7965805225012903
sum_square,pure_bo,pure_bo,21,0.2895749511577082,0.09329096546181397,21.96965395198472,3.3219098076273244
sum_square,pure_bo,pure_bo,22,0.2895749511577082,0.09329096546181397,23.55135465334108,3.4137116199350843
sum_square,pure_bo,pure_bo,23,0.2895749511577082,0.09329096546181397,25.41173581152259,3.5908663689347495
sum_square,pure_bo,pure_bo,24,0.2895749511577082,0.09329096546181397,27.447786388303722,3.6256389208431097
sum_square,pure_bo,pure_bo,25,0.2895749511577082,0.09329096546181397,29.491985742469538,3.481951187593509
sum_square,pure_bo,pure_bo,26,0.2895749511577082,0.09329096546181397,31.236247357242885,3.559306726533504
sum_square,pure_bo,pure_bo,27,0.2895749511577082,0.09329096546181397,32.736464833229824,3.6579864049196944
sum_square,pure_bo,pure_bo,28,0.2895749511577082,0.09329096546181397,34.329511558272976,3.6924734287708274
sum_square,pure_bo,pure_bo,29,0.2895749511577082,0.09329096546181397,35.860630024949586,4.054240171914053
sum_square,pure_bo,pure_bo,30,0.2895749511577082,0.09329096546181397,37.31056257015924,4.433743319642317
sum_square,pure_bo,pure_bo,31,0.2895749511577082,0.09329096546181397,39.16288882068989,4.451760410554826
sum_square,pure_bo,pure_bo,32,0.2895749511577082,0.09329096546181397,41.05902250731332,4.682822951682032
sum_square,pure_bo,pure_bo,33,0.2895749511577082,0.09329096546181397,42.82016590824977,4.646827569123744
sum_square,pure_bo,pure_bo,34,0.2895749511577082,0.09329096546181397,44.603356299651004,4.585952674738851
sum_square,pure_bo,pure_bo,35,0.2895749511577082,0.09329096546181397,46.758960497064,4.77105101686336
sum_square,pure_bo,pure_bo,36,0.2895749511577082,0.09329096546181397,48.721625639596276,4.532648931020863
sum_square,pure_bo,pure_bo,37,0.2156845536263551,0.0646599906150259,50.611100804685435,4.785730308328846
sum_square,pure_bo,pure_bo,38,0.2156845536263551,0.0646599906150259,52.36268998175859,4.838952096769113
sum_square,pure_bo,pure_bo,39,0.2156845536263551,0.0646599906150259,54.32151820470329,4.549318199639105
sum_square,pure_bo,pure_bo,40,0.2156845536263551,0.0646599906150259,56.20097040697133,4.0166555911203154
sum_square,pure_bo,pure_bo,41,0.2156845536263551,0.0646599906150259,57.708366021402846,3.804345802355427
sum_square,pure_bo,pure_bo,42,0.2156845536263551,0.0646599906150259,59.554340219927376,3.770841395063238
sum_square,pure_bo,pure_bo,43,0.2156845536263551,0.0646599906150259,61.09631356604566,3.9993641672697926
sum_square,pure_bo,pure_bo,44,0.2156845536263551,0.0646599906150259,62.65479672231927,4.110632467691328
sum_square,pure_bo,pure_bo,45,0.2156845536263551,0.0646599906150259,64.2768864770068,4.0351194686568705
sum_square,pure_bo,pure_bo,46,0.15412068801040532,0.02252066483986745,66.18535416084107,4.344862035739901
sum_square,pure_bo,pure_bo,47,0.15412068801040532,0.02252066483986745,67.93399111692072,4.5265910383512
sum_square,pure_bo,pure_bo,48,0.15412068801040532,0.02252066483986745,69.82927952817685,4.383522260242363
sum_square,pure_bo,pure_bo,49,0.15412068801040532,0.02252066483986745,71.7540387994829,4.629676344656602
sum_square,earlbo,earlbo,0,1.2617553686460856,0.26237615607840314,0.9248615172515081,0.10663373855558557
sum_square,earlbo,earlbo,1,1.2617553686460856,0.26237615607840314,1.1724772105349304,0.20777689227142884
sum_square,earlbo,earlbo,2,1.025444553239357,0.24549934100816154,1.4002102887393384,0.24423690744097262
sum_square,earlbo,earlbo,3,0.7938644638171558,0.3725394595599549,1.554608613568752,0.2667343844757465
sum_square,earlbo,earlbo,4,0.6991596163239242,0.24096307505268091,1.7310050713156204,0.3014751336453232
sum_square,earlbo,earlbo,5,0.6944440764520848,0.24559422373849174,1.9977259654216386,0.16609999094285843
sum_square,earlbo,earlbo,6,0.6944440764520848,0.24559422373849174,2.349787732965147,0.20366437907740195
sum_square,earlbo,earlbo,7,0.5687403062419594,0.20030705037792454,2.6152912384198856,0.21234754839728123
sum_square,earlbo,earlbo,8,0.476697011633705,0.12356301423579708,2.8531289890071316,0.25723984799035726
sum_square,earlbo,earlbo,9,0.437526802254901,0.09295188859308488,3.0636943223100856,0.3759025855823035
sum_square,earlbo,earlbo,10,0.330451942064932,0.14994749404566082,3.1997932598071386,0.4273825699670954
sum_square,earlbo,earlbo,11,0.3199491163895009,0.16222394815365154,3.631702922653138,0.3747211455386969
sum_square,earlbo,earlbo,12,0.24946731921260898,0.08660794877123358,4.087601941324855,0.5091324696917662
sum_square,earlbo,earlbo,13,0.1643888557115092,0.10610478197302026,4.305697935656465,0.4814569258496221
sum_square,earlbo,earlbo,14,0.1643888557115092,0.10610478197302026,4.713459265122777,0.08265876017564672
sum_square,earlbo,earlbo,15,0.1643888557115092,0.10610478197302026,5.129512457452957,0.2387879158912999
sum_square,earlbo,earlbo,16,0.1643888557115092,0.10610478197302026,5.294670446054112,0.24017571748118427
sum_square,earlbo,earlbo,17,0.1643888557115092,0.10610478197302026,5.730859184937486,0.12241533003160303
sum_square,earlbo,earlbo,18,0.1643888557115092,0.10610478197302026,6.144063002245094,0.15027812358574844
sum_square,earlbo,earlbo,19,0.1643888557115092,0.10610478197302026,6.341054639635143,0.1289491308991825
sum_square,earlbo,earlbo,20,0.12321494932628252,0.05239959892091654,6.538372705105385,0.14828874012685012
sum_square,earlbo,earlbo,21,0.12321494932628252,0.05239959892091654,6.854960700381983,0.2802375069197918
sum_square,earlbo,earlbo,22,0.11569672990180284,0.04385793533825468,7.349810132060187,0.4456467630779294
sum_square,earlbo,earlbo,23,0.11569672990180284,0.04385793533825468,7.796132715097966,0.5200204686016267
sum_square,earlbo,earlbo,24,0.09735145047845868,0.02943140980848987,8.215667014565966,0.4882270209490025
sum_square,earlbo,earlbo,25,0.09735145047845868,0.02943140980848987,8.53023976489015,0.41030792186472226
sum_square,earlbo,earlbo,26,0.09735145047845868,0.02943140980848987,8.764512214595143,0.3880695619089434
sum_square,earlbo,earlbo,27,0.09735145047845868,0.02943140980848987,8.909237008177236,0.3446333388014461
sum_square,earlbo,earlbo,28,0.09735145047845868,0.02943140980848987,9.258263856832412,0.45755947726960344
sum_square,earlbo,earlbo,29,0.09735145047845868,0.02943140980848987,9.652159824070607,0.5694227012218857
sum_square,earlbo,earlbo,30,0.09735145047845868,0.02943140980848987,9.988669768394763,0.6767705264840935
sum_square,earlbo,earlbo,31,0.09735145047845868,0.02943140980848987,10.40059452745799,0.6708800093590395
sum_square,earlbo,earlbo,32,0.09735145047845868,0.02943140980848987,11.019340202185303,0.716732530425247
sum_square,earlbo,earlbo,33,0.09735145047845868,0.02943140980848987,11.495473967830913,0.5984958497742204
sum_square,earlbo,earlbo,34,0.09735145047845868,0.02943140980848987,11.931513718121607,0.5443418568042286
sum_square,earlbo,earlbo,35,0.09735145047845868,0.02943140980848987,12.55775273062016,0.4361989503965862
sum_square,earlbo,earlbo,36,0.09735145047845868,0.02943140980848987,13.062991883752476,0.41863635505991853
sum_square,earlbo,earlbo,37,0.09735145047845868,0.02943140980848987,13.381671107210328,0.5581807949663345
sum_square,earlbo,earlbo,38,0.09735145047845868,0.02943140980848987,13.75974355395046,0.7613967293298374
sum_square,earlbo,earlbo,39,0.09735145047845868,0.02943140980848987,14.171309385098334,0.8285311591295385
sum_square,earlbo,earlbo,40,0.07475690030949877,0.037603579024591625,14.485222806738582,0.7067912948286993
sum_square,earlbo,earlbo,41,0.07475690030949877,0.037603579024591625,15.014447150559489,0.6653403163707357
sum_square,earlbo,earlbo,42,0.07475690030949877,0.037603579024591625,15.666346823426549,0.5647984343691063
sum_square,earlbo,earlbo,43,0.07475690030949877,0.037603579024591625,16.329813334406616,0.5279067701485676
sum_square,earlbo,earlbo,44,0.07475690030949877,0.037603579024591625,16.872908137768736,0.6289724920845421
sum_square,earlbo,earlbo,45,0.07475690030949877,0.037603579024591625,17.45007570018598,0.7650551117225529
sum_square,earlbo,earlbo,46,0.07475690030949877,0.037603579024591625,17.924443579457908,0.8128891453362651
sum_square,earlbo,earlbo,47,0.07475690030949877,0.037603579024591625,18.358063207836093,0.8987350925637035
sum_square,earlbo,earlbo,48,0.07475690030949877,0.037603579024591625,18.825076217344648,0.7651330121183857
sum_square,earlbo,earlbo,49,0.07475690030949877,0.037603579024591625,19.1594641524874,0.7241434281897973
sum_square,snake,snake,0,1.4367536524801263,0.43825219503990887,0.9313267142998355,0.11022294231868372
sum_square,snake,snake,1,1.1629212664775748,0.6327233526436127,1.0785786131968045,0.15500282925694625
sum_square,snake,snake,2,0.8922871854567275,0.5426992337928677,1.1835174344282662,0.178098117750534
sum_square,snake,snake,3,0.5402159591257957,0.2243281686840664,1.3141698508938136,0.1927200778345565
sum_square,snake,snake,4,0.369003203713217,0.20570892896986476,1.4528161533686423,0.1837778257426652
sum_square,snake,snake,5,0.35168262068418005,0.18179012154891322,1.5831354692096475,0.1933846080020671
sum_square,snake,snake,6,0.3074432305556377,0.20830266579792153,1.6975714194495606,0.19139815872813054
sum_square,snake,snake,7,0.28617901880069785,0.2254650143428285,1.7708337436685893,0.20095121652095083
sum_square,snake,snake,8,0.26023586038231983,0.18920952996320337,1.865849939712053,0.18921889574857442
sum_square,snake,snake,9,0.20652418997680808,0.1158270101853058,1.9480813561728934,0.1941388260195213
sum_square,snake,snake,10,0.18211148959588533,0.08308709617772607,2.224528919509877,0.41021261556851474
sum_square,snake,snake,11,0.15055099897421417,0.06010182281368069,2.5188550998294885,0.6935315345478564
sum_square,snake,snake,12,0.13054505239218003,0.0724125516845173,2.6136133615472588,0.7037948672613271
sum_square,snake,snake,13,0.1278876642969943,0.07470421723786722,2.7017014945140976,0.7075330021852126
sum_square,snake,snake,14,0.1278876642969943,0.07470421723786722,2.8142011461631804,0.7343011299204923
sum_square,snake,snake,15,0.11454529942039382,0.05612669085711683,2.9134801983484935,0.7174524340414712
sum_square,snake,snake,16,0.09636726505865438,0.03138085169190725,3.1178080942842805,0.8779353735515628
sum_square,snake,snake,17,0.09412935947067065,0.02845253183454585,3.418596066830746,0.9634966043627663
sum_square,snake,snake,18,0.07009032794147445,0.013813553740569065,3.6349114818921637,0.8808959902827787
sum_square,snake,snake,19,0.07009032794147445,0.013813553740569065,4.07202785354754,0.8285902278185215
sum_square,snake,snake,20,0.07009032794147445,0.013813553740569065,4.665407124063304,0.6877089685349331
sum_square,snake,snake,21,0.07009032794147445,0.013813553740569065,5.330587791270365,0.7909427027427759
sum_square,snake,snake,22,0.07009032794147445,0.013813553740569065,5.793999231805558,1.068858059319399
sum_square,snake,snake,23,0.07009032794147445,0.013813553740569065,6.155054921909532,1.0891193748743404
sum_square,snake,snake,24,0.07009032794147445,0.013813553740569065,6.568078228576485,1.114921035010608
sum_square,snake,snake,25,0.07009032794147445,0.013813553740569065,7.100286792328919,1.2866715771539492
sum_square,snake,snake,26,0.07009032794147445,0.013813553740569065,7.477078368679518,1.4092898386718757
sum_square,snake,snake,27,0.07009032794147445,0.013813553740569065,7.891996492092798,1.6472124132399217
sum_square,snake,snake,28,0.07009032794147445,0.013813553740569065,8.256277100918455,1.692011290701408
sum_square,snake,snake,29,0.07009032794147445,0.013813553740569065,8.76122641621245,1.9461264950642467
sum_square,snake,snake,30,0.07009032794147445,0.013813553740569065,9.440073844320027,1.9746472492949765
sum_square,snake,snake,31,0.06374335770112578,0.019408201274583033,10.100559403394813,1.9575545405583112
sum_square,snake,snake,32,0.06139060936751145,0.016318470586672795,10.565231998440412,1.8449241476856915
sum_square,snake,snake,33,0.06139060936751145,0.016318470586672795,11.043317725099726,1.5896567052067057
sum_square,snake,snake,34,0.058916373463602865,0.01319442885420086,11.4927765932066,1.3488122951177197
sum_square,snake,snake,35,0.058916373463602865,0.01319442885420086,12.039927014056595,1.274057661675938
sum_square,snake,snake,36,0.058916373463602865,0.01319442885420086,12.531548319371185,1.4287116667421769
sum_square,snake,snake,37,0.058916373463602865,0.01319442885420086,13.287960708410312,1.5347321991411038
sum_square,snake,snake,38,0.0461974047795464,0.00930694001428463,14.014905349273684,1.5581627689918836
sum_square,snake,snake,39,0.0461974047795464,0.00930694001428463,14.605811904207208,1.6804477987919306
sum_square,snake,snake,40,0.0461974047795464,0.00930694001428463,15.104077227905428,1.8137896375717182
sum_square,snake,snake,41,0.0461974047795464,0.00930694001428463,15.740002580271794,1.8402244168041517
sum_square,snake,snake,42,0.0461974047795464,0.00930694001428463,16.227058516095553,1.8694351965426295
sum_square,snake,snake,43,0.0461974047795464,0.00930694001428463,16.667925560951332,1.930680536160427
sum_square,snake,snake,44,0.0461974047795464,0.00930694001428463,17.223094756331545,2.1227854771933057
sum_square,snake,snake,45,0.0461974047795464,0.00930694001428463,17.646396739888633,2.2908811222383503
sum_square,snake,snake,46,0.0461974047795464,0.00930694001428463,18.18574262032266,2.259891163008623
sum_square,snake,snake,47,0.0461974047795464,0.00930694001428463,18.87235539444173,2.1381753769283773
sum_square,snake,snake,48,0.03948633088170999,0.002433770980481187,19.402432941045603,2.0825122353922585
sum_square,snake,snake,49,0.03948633088170999,0.002433770980481187,19.74021165061021,2.054717185217709
sum_square,log_improvement_movement_cost3,log_improvement_movement_cost3,0,1.460933046351582,0.4448239651075673,0.932867843030813,0.10559817963528863
sum_square,log_improvement_movement_cost3,log_improvement_movement_cost3,1,1.1127832542501752,0.6833618295280741,1.0677137200447249,0.15821092018912625
sum_square,log_improvement_movement_cost3,log_improvement_movement_cost3,2,0.9007978146988392,0.5910750033775753,1.178078293493563,0.1900525804510327
sum_square,log_improvement_movement_cost3,log_improvement_movement_cost3,3,0.6379117471907252,0.2598542548314554,1.2915049702540973,0.21082907280132168
sum_square,log_improvement_movement_cost3,log_improvement_movement_cost3,4,0.47401413416647276,0.34212695346993444,1.4234719605191113,0.18869467404234405
sum_square,log_improvement_movement_cost3,log_improvement_movement_cost3,5,0.4497601038285815,0.3084943898658462,1.5365089109122405,0.20151188190512231
sum_square,log_improvement_movement_cost3,log_improvement_movement_cost3,6,0.39217478885114865,0.3452014734479569,1.6268986562106378,0.2007510950039081
sum_square,log_improvement_movement_cost3,log_improvement_movement_cost3,7,0.3667003259736425,0.36074348064990247,1.7076824403398565,0.204324345577497
sum_square,log_improvement_movement_cost3,log_improvement_movement_cost3,8,0.31218247980419034,0.2836937599411545,1.8080371869791374,0.2223828395547204
sum_square,log_improvement_movement_cost3,log_improvement_movement_cost3,9,0.20322649221193792,0.1454359429404563,1.903534961575711,0.2386395225956818
sum_square,log_improvement_movement_cost3,log_improvement_movement_cost3,10,0.12773982685816967,0.08325812780699023,1.9759148401127693,0.2516833863708385
sum_square,log_improvement_movement_cost3,log_improvement_movement_cost3,11,0.08300100389847137,0.0345677949079772,2.0484397988000804,0.26522265413901713
sum_square,log_improvement_movement_cost3,log_improvement_movement_cost3,12,0.08300100389847137,0.0345677949079772,2.1479209794747325,0.27599618605567344
sum_square,log_improvement_movement_cost3,log_improvement_movement_cost3,13,0.08300100389847137,0.0345677949079772,2.2467751651414525,0.2845819450624065
sum_square,log_improvement_movement_cost3,log_improvement_movement_cost3,14,0.08300100389847137,0.0345677949079772,2.339418168626258,0.2810224121563585
sum_square,log_improvement_movement_cost3,log_improvement_movement_cost3,15,0.07457845846791254,0.02538143015728807,2.4294120654034184,0.27544881548289457
sum_square,log_improvement_movement_cost3,log_improvement_movement_cost3,16,0.07457845846791254,0.02538143015728807,2.508565397607821,0.2920084714658588
sum_square,log_improvement_movement_cost3,log_improvement_movement_cost3,17,0.058505214252672987,0.032620949702081355,2.5915701794420523,0.30719503160175704
sum_square,log_improvement_movement_cost3,log_improvement_movement_cost3,18,0.058505214252672987,0.032620949702081355,2.6959043544459274,0.31713160648491445
sum_square,log_improvement_movement_cost3,log_improvement_movement_cost3,19,0.058505214252672987,0.032620949702081355,2.7892653076678564,0.3088283177714336
sum_square,log_improvement_movement_cost3,log_improvement_movement_cost3,20,0.058505214252672987,0.032620949702081355,2.882761186813225,0.3045999446671167
sum_square,log_improvement_movement_cost3,log_improvement_movement_cost3,21,0.058505214252672987,0.032620949702081355,2.9794965610010844,0.29342391983543953
sum_square,log_improvement_movement_cost3,log_improvement_movement_cost3,22,0.058505214252672987,0.032620949702081355,3.072430882848643,0.2933106428506782
sum_square,log_improvement_movement_cost3,log_improvement_movement_cost3,23,0.05394741520834667,0.03341831722896048,3.2054369726791876,0.29959246075031887
sum_square,log_improvement_movement_cost3,log_improvement_movement_cost3,24,0.052326191358654024,0.031237606484187396,3.2989073445760666,0.28909729786258265
sum_square,log_improvement_movement_cost3,log_improvement_movement_cost3,25,0.052326191358654024,0.031237606484187396,3.394230484077989,0.2971796201220578
sum_square,log_improvement_movement_cost3,log_improvement_movement_cost3,26,0.052326191358654024,0.031237606484187396,3.4980885061003035,0.3181026273058769
sum_square,log_improvement_movement_cost3,log_improvement_movement_cost3,27,0.052326191358654024,0.031237606484187396,3.5759697112998077,0.32323916777596895
sum_square,log_improvement_movement_cost3,log_improvement_movement_cost3,28,0.04009406837842483,0.022296411541310047,3.660961423826271,0.3159478231619215
sum_square,log_improvement_movement_cost3,log_improvement_movement_cost3,29,0.04009406837842483,0.022296411541310047,3.7390382243521536,0.3144030682444759
sum_square,log_improvement_movement_cost3,log_improvement_movement_cost3,30,0.04009406837842483,0.022296411541310047,3.817423650886886,0.3200629615852463
sum_square,log_improvement_movement_cost3,log_improvement_movement_cost3,31,0.04009406837842483,0.022296411541310047,3.896419793181457,0.3022366038217097
sum_square,log_improvement_movement_cost3,log_improvement_movement_cost3,32,0.04009406837842483,0.022296411541310047,3.967613636024717,0.28907838603658914
sum_square,log_improvement_movement_cost3,log_improvement_movement_cost3,33,0.04009406837842483,0.022296411541310047,4.056948149633764,0.2926757677882778
sum_square,log_improvement_movement_cost3,log_improvement_movement_cost3,34,0.04009406837842483,0.022296411541310047,4.161161404690879,0.2918121919015288
sum_square,log_improvement_movement_cost3,log_improvement_movement_cost3,35,0.04009406837842483,0.022296411541310047,4.258533173733842,0.30430735798314257
sum_square,log_improvement_movement_cost3,log_improvement_movement_cost3,36,0.04009406837842483,0.022296411541310047,4.366781364482866,0.31748446777742634
sum_square,log_improvement_movement_cost3,log_improvement_movement_cost3,37,0.04009406837842483,0.022296411541310047,4.488643654525919,0.3250799428076828
sum_square,log_improvement_movement_cost3,log_improvement_movement_cost3,38,0.04009406837842483,0.022296411541310047,4.570789171056041,0.34328902440655984
sum_square,log_improvement_movement_cost3,log_improvement_movement_cost3,39,0.04009406837842483,0.022296411541310047,4.664031859140789,0.36621008334760446
sum_square,log_improvement_movement_cost3,log_improvement_movement_cost3,40,0.04009406837842483,0.022296411541310047,4.746969893032613,0.3876985922000161
sum_square,log_improvement_movement_cost3,log_improvement_movement_cost3,41,0.04009406837842483,0.022296411541310047,4.8343894484591745,0.39173918689563636
sum_square,log_improvement_movement_cost3,log_improvement_movement_cost3,42,0.04009406837842483,0.022296411541310047,4.9317047669367335,0.3854311375253687
sum_square,log_improvement_movement_cost3,log_improvement_movement_cost3,43,0.04009406837842483,0.022296411541310047,5.03463404180235,0.39115348846041376
sum_square,log_improvement_movement_cost3,log_improvement_movement_cost3,44,0.04009406837842483,0.022296411541310047,5.137516944671911,0.3905030372456559
sum_square,log_improvement_movement_cost3,log_improvement_movement_cost3,45,0.04009406837842483,0.022296411541310047,5.2475052140450265,0.37659778028253293
sum_square,log_improvement_movement_cost3,log_improvement_movement_cost3,46,0.04009406837842483,0.022296411541310047,5.362820611364683,0.37713130615628576
sum_square,log_improvement_movement_cost3,log_improvement_movement_cost3,47,0.04009406837842483,0.022296411541310047,5.4595932804502345,0.3752698346529117
sum_square,log_improvement_movement_cost3,log_improvement_movement_cost3,48,0.04009406837842483,0.022296411541310047,5.550942511064311,0.3948434491749917
sum_square,log_improvement_movement_cost3,log_improvement_movement_cost3,49,0.04009406837842483,0.022296411541310047,5.663463250549288,0.41038451416655347
sum_square,optimistic_selected,optimistic_improvement_movement_cost2,0,1.4094927517225324,0.6343903691458248,0.9293292643178571,0.11083697878959771
sum_square,optimistic_selected,optimistic_improvement_movement_cost2,1,1.1522810129095493,0.7634958369350465,1.0617973095816036,0.17028657143787843
sum_square,optimistic_selected,optimistic_improvement_movement_cost2,2,0.9597271209784952,0.6019999481733236,1.1913436160200517,0.20578819982698104
sum_square,optimistic_selected,optimistic_improvement_movement_cost2,3,0.8053781469451851,0.39934746933034143,1.320468218550448,0.219383558286292
sum_square,optimistic_selected,optimistic_improvement_movement_cost2,4,0.7217031167311149,0.4223215942691818,1.461592074858954,0.23217919091986683
sum_square,optimistic_selected,optimistic_improvement_movement_cost2,5,0.5513015302917103,0.313648006848944,1.5660746052378893,0.23898952540061175
sum_square,optimistic_selected,optimistic_improvement_movement_cost2,6,0.42721836360255144,0.296746512136584,1.6651777767949953,0.24663184017827794
sum_square,optimistic_selected,optimistic_improvement_movement_cost2,7,0.3813494739207266,0.2655363880749026,1.7541241677656478,0.24064640629023196
sum_square,optimistic_selected,optimistic_improvement_movement_cost2,8,0.3233053065456497,0.22015690554815842,1.8557373828766721,0.22283121551086438
sum_square,optimistic_selected,optimistic_improvement_movement_cost2,9,0.17347981648343577,0.09732441824486386,1.9364495907888948,0.22326708894004013
sum_square,optimistic_selected,optimistic_improvement_movement_cost2,10,0.1263703917393589,0.06925372697100936,2.012441733643285,0.23052458126759282
sum_square,optimistic_selected,optimistic_improvement_movement_cost2,11,0.09805285406198037,0.04989278069144784,2.088201552394871,0.2413314743594214
sum_square,optimistic_selected,optimistic_improvement_movement_cost2,12,0.09805285406198037,0.04989278069144784,2.1851462903559185,0.23831519996823847
sum_square,optimistic_selected,optimistic_improvement_movement_cost2,13,0.09805285406198037,0.04989278069144784,2.2565385063726153,0.2534883921072144
sum_square,optimistic_selected,optimistic_improvement_movement_cost2,14,0.09805285406198037,0.04989278069144784,2.3480023670568855,0.2568124775803369
sum_square,optimistic_selected,optimistic_improvement_movement_cost2,15,0.08491995576800926,0.040809062531538445,2.417884624493474,0.267239901681102
sum_square,optimistic_selected,optimistic_improvement_movement_cost2,16,0.07712750101420192,0.03982445112055945,2.4879321641666223,0.28603158704495774
sum_square,optimistic_selected,optimistic_improvement_movement_cost2,17,0.06514219306553697,0.03109656892389276,2.5718452717152043,0.29359244221599434
sum_square,optimistic_selected,optimistic_improvement_movement_cost2,18,0.06514219306553697,0.03109656892389276,2.661700998192107,0.306695689265778
sum_square,optimistic_selected,optimistic_improvement_movement_cost2,19,0.05825733378731291,0.025676476749197798,2.7532008411127804,0.31681223335041175
sum_square,optimistic_selected,optimistic_improvement_movement_cost2,20,0.05825733378731291,0.025676476749197798,2.835994136333723,0.3317905257977018
sum_square,optimistic_selected,optimistic_improvement_movement_cost2,21,0.05825733378731291,0.025676476749197798,2.932228674595826,0.3529059062703201
sum_square,optimistic_selected,optimistic_improvement_movement_cost2,22,0.05825733378731291,0.025676476749197798,3.0224043849839766,0.3558059774308767
sum_square,optimistic_selected,optimistic_improvement_movement_cost2,23,0.04561167981604775,0.024249595326548922,3.158775309122772,0.34736505348929253
sum_square,optimistic_selected,optimistic_improvement_movement_cost2,24,0.045237354809001616,0.023734828740014372,3.2701628612529756,0.348028864622801
sum_square,optimistic_selected,optimistic_improvement_movement_cost2,25,0.045237354809001616,0.023734828740014372,3.356482262267228,0.34559117718046006
sum_square,optimistic_selected,optimistic_improvement_movement_cost2,26,0.045237354809001616,0.023734828740014372,3.445618005210093,0.35298538559454884
sum_square,optimistic_selected,optimistic_improvement_movement_cost2,27,0.045237354809001616,0.023734828740014372,3.5146876915391494,0.36020816859397986
sum_square,optimistic_selected,optimistic_improvement_movement_cost2,28,0.029704790474647098,0.005704058996254371,3.5912620012341114,0.36448540095613474
sum_square,optimistic_selected,optimistic_improvement_movement_cost2,29,0.029704790474647098,0.005704058996254371,3.6596362743000435,0.36612625557908746
sum_square,optimistic_selected,optimistic_improvement_movement_cost2,30,0.029704790474647098,0.005704058996254371,3.736851360623118,0.3576960605587171
sum_square,optimistic_selected,optimistic_improvement_movement_cost2,31,0.029704790474647098,0.005704058996254371,3.8056358521428684,0.3601836484064991
sum_square,optimistic_selected,optimistic_improvement_movement_cost2,32,0.029704790474647098,0.005704058996254371,3.8731430830771534,0.36917317070278527
sum_square,optimistic_selected,optimistic_improvement_movement_cost2,33,0.029704790474647098,0.005704058996254371,3.960986388749474,0.39026939792832455
sum_square,optimistic_selected,optimistic_improvement_movement_cost2,34,0.029704790474647098,0.005704058996254371,4.055910309676246,0.41272740650949796
sum_square,optimistic_selected,optimistic_improvement_movement_cost2,35,0.029704790474647098,0.005704058996254371,4.156684088107949,0.4360922605036033
sum_square,optimistic_selected,optimistic_improvement_movement_cost2,36,0.029704790474647098,0.005704058996254371,4.2803155013555365,0.45114127003964993
sum_square,optimistic_selected,optimistic_improvement_movement_cost2,37,0.029704790474647098,0.005704058996254371,4.402814652556993,0.4568692785527404
sum_square,optimistic_selected,optimistic_improvement_movement_cost2,38,0.029704790474647098,0.005704058996254371,4.497833804137613,0.47302444728718795
sum_square,optimistic_selected,optimistic_improvement_movement_cost2,39,0.029704790474647098,0.005704058996254371,4.585608028155787,0.4910339865204728
sum_square,optimistic_selected,optimistic_improvement_movement_cost2,40,0.029704790474647098,0.005704058996254371,4.673904572665538,0.5196822010049453
sum_square,optimistic_selected,optimistic_improvement_movement_cost2,41,0.029704790474647098,0.005704058996254371,4.778272550061882,0.5231777554389005
sum_square,optimistic_selected,optimistic_improvement_movement_cost2,42,0.029704790474647098,0.005704058996254371,4.878090390832995,0.5284109817716887
sum_square,optimistic_selected,optimistic_improvement_movement_cost2,43,0.029704790474647098,0.005704058996254371,4.980904452149308,0.5354283743932069
sum_square,optimistic_selected,optimistic_improvement_movement_cost2,44,0.029704790474647098,0.005704058996254371,5.089676801554286,0.5320905802652826
sum_square,optimistic_selected,optimistic_improvement_movement_cost2,45,0.029704790474647098,0.005704058996254371,5.214951029306401,0.5004076433769171
sum_square,optimistic_selected,optimistic_improvement_movement_cost2,46,0.029704790474647098,0.005704058996254371,5.334625703019533,0.49674949895045284
sum_square,optimistic_selected,optimistic_improvement_movement_cost2,47,0.029704790474647098,0.005704058996254371,5.4419657040733185,0.515803888071378
sum_square,optimistic_selected,optimistic_improvement_movement_cost2,48,0.029704790474647098,0.005704058996254371,5.532660406083052,0.5425302817642597
sum_square,optimistic_selected,optimistic_improvement_movement_cost2,49,0.029704790474647098,0.005704058996254371,5.645610006334948,0.5704210454569799
sum_square,budgeted_exploration,budgeted_exploration,0,1.4279791485873623,0.5796803860664994,0.9324375204102132,0.11694045074148306
sum_square,budgeted_exploration,budgeted_exploration,1,1.0831673727429294,0.7686410624351756,1.0803035963568595,0.16673794435959785
sum_square,budgeted_exploration,budgeted_exploration,2,0.9688156488195618,0.7419620025104481,1.2096327377416516,0.21532842658708498
sum_square,budgeted_exploration,budgeted_exploration,3,0.7062934267989437,0.38421334572505994,1.3363360853088089,0.23371053619951052
sum_square,budgeted_exploration,budgeted_exploration,4,0.5768241697112027,0.44881011441141866,1.4853794276436432,0.25425099535875706
sum_square,budgeted_exploration,budgeted_exploration,5,0.3832886330644533,0.2619818910644675,1.6276127316485176,0.2935086705118719
sum_square,budgeted_exploration,budgeted_exploration,6,0.3675268039426527,0.27140888725072504,1.732214746072896,0.32140971202851265
sum_square,budgeted_exploration,budgeted_exploration,7,0.3593557510667096,0.27751045020248877,1.8303080492462513,0.32048468520187523
sum_square,budgeted_exploration,budgeted_exploration,8,0.32056892599999703,0.2228188359659178,1.9519662370864406,0.3392420778347279
sum_square,budgeted_exploration,budgeted_exploration,9,0.24207190709102008,0.13618362703937348,2.0483670800384153,0.352207516412181
sum_square,budgeted_exploration,budgeted_exploration,10,0.1795754476331677,0.1376525586848337,2.1325220335398805,0.3372468288714742
sum_square,budgeted_exploration,budgeted_exploration,11,0.12892547741607366,0.09142439964952209,2.2314128629035523,0.35098729409127793
sum_square,budgeted_exploration,budgeted_exploration,12,0.12892547741607366,0.09142439964952209,2.338504132399859,0.3554500766124406
sum_square,budgeted_exploration,budgeted_exploration,13,0.1255801698274588,0.0933164819959577,2.440187466925,0.37783837823472705
sum_square,budgeted_exploration,budgeted_exploration,14,0.1255801698274588,0.0933164819959577,2.550056177572985,0.39220554368457444
sum_square,budgeted_exploration,budgeted_exploration,15,0.1255801698274588,0.0933164819959577,2.680694557100409,0.3888128526220833
sum_square,budgeted_exploration,budgeted_exploration,16,0.09174152435908411,0.04584680318778124,2.7888432592008408,0.403586152898794
sum_square,budgeted_exploration,budgeted_exploration,17,0.07070236541309668,0.017429732757367464,2.903018436768248,0.4097072067250898
sum_square,budgeted_exploration,budgeted_exploration,18,0.07070236541309668,0.017429732757367464,3.032108835995635,0.3809616789652027
sum_square,budgeted_exploration,budgeted_exploration,19,0.07070236541309668,0.017429732757367464,3.149724258197306,0.38811428352387545
sum_square,budgeted_exploration,budgeted_exploration,20,0.07070236541309668,0.017429732757367464,3.244936287967447,0.38432912054078044
sum_square,budgeted_exploration,budgeted_exploration,21,0.07070236541309668,0.017429732757367464,3.3593793989301464,0.37855970732714733
sum_square,budgeted_exploration,budgeted_exploration,22,0.07070236541309668,0.017429732757367464,3.470483055931299,0.37799980982824
sum_square,budgeted_exploration,budgeted_exploration,23,0.07070236541309668,0.017429732757367464,3.6153285162196283,0.3624601509499298
sum_square,budgeted_exploration,budgeted_exploration,24,0.07070236541309668,0.017429732757367464,3.7292035321120394,0.3632485624060005
sum_square,budgeted_exploration,budgeted_exploration,25,0.07070236541309668,0.017429732757367464,3.8486241915498933,0.3932407798847586
sum_square,budgeted_exploration,budgeted_exploration,26,0.07001700714159466,0.017484575477686233,3.9747662576019898,0.3966060934627077
sum_square,budgeted_exploration,budgeted_exploration,27,0.07001700714159466,0.017484575477686233,4.092175176319041,0.4240786034974066
sum_square,budgeted_exploration,budgeted_exploration,28,0.05387649213434542,0.010213639965507375,4.194022448350343,0.41744600209518146
sum_square,budgeted_exploration,budgeted_exploration,29,0.05387649213434542,0.010213639965507375,4.283258844565652,0.39200608100184353
sum_square,budgeted_exploration,budgeted_exploration,30,0.05387649213434542,0.010213639965507375,4.406268032239322,0.36900378787613625
sum_square,budgeted_exploration,budgeted_exploration,31,0.05134358063313865,0.0067774063230651126,4.5101351115275925,0.38296552128817174
sum_square,budgeted_exploration,budgeted_exploration,32,0.05134358063313865,0.0067774063230651126,4.638302108355581,0.3999816384678495
sum_square,budgeted_exploration,budgeted_exploration,33,0.05134358063313865,0.0067774063230651126,4.762664488526812,0.4050430772150298
sum_square,budgeted_exploration,budgeted_exploration,34,0.05134358063313865,0.0067774063230651126,4.918369079838321,0.4171340188439902
sum_square,budgeted_exploration,budgeted_exploration,35,0.05134358063313865,0.0067774063230651126,5.064175566556355,0.4142364029655314
sum_square,budgeted_exploration,budgeted_exploration,36,0.05134358063313865,0.0067774063230651126,5.239996644804037,0.4430096321946873
sum_square,budgeted_exploration,budgeted_exploration,37,0.05134358063313865,0.0067774063230651126,5.377713659795634,0.471145472493942
sum_square,budgeted_exploration,budgeted_exploration,38,0.05134358063313865,0.0067774063230651126,5.520290018859602,0.48458724495076855
sum_square,budgeted_exploration,budgeted_exploration,39,0.05134358063313865,0.0067774063230651126,5.663314887985986,0.48154928628645727
sum_square,budgeted_exploration,budgeted_exploration,40,0.05134358063313865,0.0067774063230651126,5.765588178315595,0.4748272220634513
sum_square,budgeted_exploration,budgeted_exploration,41,0.05134358063313865,0.0067774063230651126,5.883405407278874,0.47835644476342176
sum_square,budgeted_exploration,budgeted_exploration,42,0.05134358063313865,0.0067774063230651126,5.995782164323529,0.45801499423135605
sum_square,budgeted_exploration,budgeted_exploration,43,0.05134358063313865,0.0067774063230651126,6.122820516570513,0.4866249427502722
sum_square,budgeted_exploration,budgeted_exploration,44,0.05134358063313865,0.0067774063230651126,6.238466459472977,0.5042940860204951
sum_square,budgeted_exploration,budgeted_exploration,45,0.05134358063313865,0.0067774063230651126,6.354370958491157,0.5135359895103896
sum_square,budgeted_exploration,budgeted_exploration,46,0.05134358063313865,0.0067774063230651126,6.525435969250854,0.5018556972137003
sum_square,budgeted_exploration,budgeted_exploration,47,0.05134358063313865,0.0067774063230651126,6.675519023852814,0.49821703426622305
sum_square,budgeted_exploration,budgeted_exploration,48,0.05134358063313865,0.0067774063230651126,6.797783378321353,0.5337067311498975
sum_square,budgeted_exploration,budgeted_exploration,49,0.05134358063313865,0.0067774063230651126,6.930646363091223,0.554815521123459
sum_square,lookahead_budgeted_exploration,lookahead_budgeted_exploration,0,1.3038783999775336,0.5218187099855867,0.9216140220007253,0.13677394662094056
sum_square,lookahead_budgeted_exploration,lookahead_budgeted_exploration,1,1.058062908154047,0.5527277003760191,1.0682905962241953,0.1847237896840709
sum_square,lookahead_budgeted_exploration,lookahead_budgeted_exploration,2,0.8589906889520099,0.43642855021496196,1.2123401289050284,0.2240177378976601
sum_square,lookahead_budgeted_exploration,lookahead_budgeted_exploration,3,0.8121973168429949,0.4531525435841422,1.3292385352912992,0.2370089497137991
sum_square,lookahead_budgeted_exploration,lookahead_budgeted_exploration,4,0.6498525425337198,0.5626332578360426,1.4654776925327466,0.2174303925662977
sum_square,lookahead_budgeted_exploration,lookahead_budgeted_exploration,5,0.564772926987176,0.4445897429526972,1.6027910797435456,0.2643155609352522
sum_square,lookahead_budgeted_exploration,lookahead_budgeted_exploration,6,0.5646329029457137,0.4446700545124019,1.6886623998059562,0.2664613193793323
sum_square,lookahead_budgeted_exploration,lookahead_budgeted_exploration,7,0.5425588875056645,0.45981837136408027,1.7997489100996844,0.2727963659035605
sum_square,lookahead_budgeted_exploration,lookahead_budgeted_exploration,8,0.5425588875056645,0.45981837136408027,1.9014456466660228,0.26282260414388003
sum_square,lookahead_budgeted_exploration,lookahead_budgeted_exploration,9,0.3751300757809665,0.2780453651566576,2.0305365837150906,0.27549090024845563
sum_square,lookahead_budgeted_exploration,lookahead_budgeted_exploration,10,0.28662089819753517,0.16019472847961827,2.146668291114581,0.3180931956212121
sum_square,lookahead_budgeted_exploration,lookahead_budgeted_exploration,11,0.2374303057380164,0.10249743292334158,2.280233572749583,0.33198444347838163
sum_square,lookahead_budgeted_exploration,lookahead_budgeted_exploration,12,0.20198882882521238,0.0747291854358291,2.3823075632287583,0.34413326711870595
sum_square,lookahead_budgeted_exploration,lookahead_budgeted_exploration,13,0.14633100930425974,0.06344123833111755,2.4862778777566383,0.3543083392953474
sum_square,lookahead_budgeted_exploration,lookahead_budgeted_exploration,14,0.1287229980782182,0.07959376533324018,2.5838542540690317,0.3565395150040884
sum_square,lookahead_budgeted_exploration,lookahead_budgeted_exploration,15,0.1287229980782182,0.07959376533324018,2.6878579167592807,0.3708509615368631
sum_square,lookahead_budgeted_exploration,lookahead_budgeted_exploration,16,0.08155916058470905,0.025829110692122143,2.815051111517112,0.37970041921542
sum_square,lookahead_budgeted_exploration,lookahead_budgeted_exploration,17,0.08155916058470905,0.025829110692122143,2.9335945239114665,0.3736083365871494
sum_square,lookahead_budgeted_exploration,lookahead_budgeted_exploration,18,0.08155916058470905,0.025829110692122143,3.086756834416707,0.3808685475393369
sum_square,lookahead_budgeted_exploration,lookahead_budgeted_exploration,19,0.08155916058470905,0.025829110692122143,3.1879142655719526,0.3806484893824553
sum_square,lookahead_budgeted_exploration,lookahead_budgeted_exploration,20,0.08155916058470905,0.025829110692122143,3.3038323101024503,0.36358855247505567
sum_square,lookahead_budgeted_exploration,lookahead_budgeted_exploration,21,0.08155916058470905,0.025829110692122143,3.411015084286745,0.37206029841457233
sum_square,lookahead_budgeted_exploration,lookahead_budgeted_exploration,22,0.07702534711534575,0.022328532518957035,3.5305630822021876,0.34985008027825726
sum_square,lookahead_budgeted_exploration,lookahead_budgeted_exploration,23,0.07702534711534575,0.022328532518957035,3.6484450333167735,0.35195017548183266
sum_square,lookahead_budgeted_exploration,lookahead_budgeted_exploration,24,0.07702534711534575,0.022328532518957035,3.7603158559714225,0.35932679200548373
sum_square,lookahead_budgeted_exploration,lookahead_budgeted_exploration,25,0.07702534711534575,0.022328532518957035,3.8589472966241374,0.3409170535712525
sum_square,lookahead_budgeted_exploration,lookahead_budgeted_exploration,26,0.07702534711534575,0.022328532518957035,3.9759793629966786,0.3390736543869691
sum_square,lookahead_budgeted_exploration,lookahead_budgeted_exploration,27,0.07702534711534575,0.022328532518957035,4.073141866849624,0.31954708128871073
sum_square,lookahead_budgeted_exploration,lookahead_budgeted_exploration,28,0.07702534711534575,0.022328532518957035,4.193283328828778,0.29160938895600025
sum_square,lookahead_budgeted_exploration,lookahead_budgeted_exploration,29,0.07702534711534575,0.022328532518957035,4.3369983873453375,0.2920297450522611
sum_square,lookahead_budgeted_exploration,lookahead_budgeted_exploration,30,0.07702534711534575,0.022328532518957035,4.452084145599385,0.28669507850615084
sum_square,lookahead_budgeted_exploration,lookahead_budgeted_exploration,31,0.07702534711534575,0.022328532518957035,4.597274763282081,0.280962595241112
sum_square,lookahead_budgeted_exploration,lookahead_budgeted_exploration,32,0.07702534711534575,0.022328532518957035,4.753535737481138,0.2858916486989952
sum_square,lookahead_budgeted_exploration,lookahead_budgeted_exploration,33,0.07702534711534575,0.022328532518957035,4.889278184734388,0.30025766636243156
sum_square,lookahead_budgeted_exploration,lookahead_budgeted_exploration,34,0.07702534711534575,0.022328532518957035,5.006444667394846,0.30272165775594423
sum_square,lookahead_budgeted_exploration,lookahead_budgeted_exploration,35,0.07390950328608613,0.02074555463717915,5.130098984448604,0.2917101698412025
sum_square,lookahead_budgeted_exploration,lookahead_budgeted_exploration,36,0.06706339166220948,0.020419671923817564,5.243762283247776,0.2690431630263906
sum_square,lookahead_budgeted_exploration,lookahead_budgeted_exploration,37,0.06706339166220948,0.020419671923817564,5.362089830275955,0.251878587930337
sum_square,lookahead_budgeted_exploration,lookahead_budgeted_exploration,38,0.06706339166220948,0.020419671923817564,5.4922804330226755,0.2408751782153672
sum_square,lookahead_budgeted_exploration,lookahead_budgeted_exploration,39,0.06706339166220948,0.020419671923817564,5.609591399341632,0.21876915828851815
sum_square,lookahead_budgeted_exploration,lookahead_budgeted_exploration,40,0.06706339166220948,0.020419671923817564,5.751367225917368,0.2303832342043961
sum_square,lookahead_budgeted_exploration,lookahead_budgeted_exploration,41,0.06706339166220948,0.020419671923817564,5.88546140534417,0.21599637023162593
sum_square,lookahead_budgeted_exploration,lookahead_budgeted_exploration,42,0.06706339166220948,0.020419671923817564,6.0034313525066985,0.1955161443117865
sum_square,lookahead_budgeted_exploration,lookahead_budgeted_exploration,43,0.06540848580139079,0.018212177265179846,6.136182860004053,0.19621561700404952
sum_square,lookahead_budgeted_exploration,lookahead_budgeted_exploration,44,0.06540848580139079,0.018212177265179846,6.264782221312156,0.20488359379929078
sum_square,lookahead_budgeted_exploration,lookahead_budgeted_exploration,45,0.05952218644050824,0.010822836534439434,6.337228777257401,0.19830048859312796
sum_square,lookahead_budgeted_exploration,lookahead_budgeted_exploration,46,0.05952218644050824,0.010822836534439434,6.436380610323755,0.21370577385359163
sum_square,lookahead_budgeted_exploration,lookahead_budgeted_exploration,47,0.05952218644050824,0.010822836534439434,6.545052690504774,0.20897702278977254
sum_square,lookahead_budgeted_exploration,lookahead_budgeted_exploration,48,0.05952218644050824,0.010822836534439434,6.67208781360782,0.20809087761857714
sum_square,lookahead_budgeted_exploration,lookahead_budgeted_exploration,49,0.05952218644050824,0.010822836534439434,6.79075594807021,0.22808085860747937
