function,method,reward_dir,iteration,best_regret_mean,best_regret_std,cum_scaled_move_cost_mean,cum_scaled_move_cost_std
ackley,pure_bo,pure_bo,0,2.038680484865532,0.6206666533085303,0.6053877623293992,0.1025090975191663
ackley,pure_bo,pure_bo,1,1.5743252940671812,0.704830756713905,0.6984511839184958,0.09011151640245371
ackley,pure_bo,pure_bo,2,1.2910193588658438,0.8251541371937907,0.8031002378099469,0.11536408282869051
ackley,pure_bo,pure_bo,3,1.2284278484456803,0.8135745238036974,0.9165610320638377,0.11992508759352602
ackley,pure_bo,pure_bo,4,1.2284278484456803,0.8135745238036974,1.055684182012424,0.09538566359233264
ackley,pure_bo,pure_bo,5,1.0416423292032353,0.5495164497310671,1.2453749069643167,0.1242926298259086
ackley,pure_bo,pure_bo,6,0.8770716290253747,0.7008894056437814,1.3642381471417562,0.09171223327495757
ackley,pure_bo,pure_bo,7,0.8770716290253747,0.7008894056437814,1.4859973756059988,0.09269111263877068
ackley,pure_bo,pure_bo,8,0.7824769612606102,0.7397918421476212,1.6213347111835714,0.11569509854006083
ackley,pure_bo,pure_bo,9,0.7824769612606102,0.7397918421476212,1.7565066204638031,0.15482451869699765
ackley,pure_bo,pure_bo,10,0.7824769612606102,0.7397918421476212,2.5067532978279625,0.24453095753668586
ackley,pure_bo,pure_bo,11,0.7824769612606102,0.7397918421476212,3.5284247574842946,0.866209987286996
ackley,pure_bo,pure_bo,12,0.7824769612606102,0.7397918421476212,4.960057407937341,1.291028777881686
ackley,pure_bo,pure_bo,13,0.7824769612606102,0.7397918421476212,6.270151310391042,1.4382685649480416
ackley,pure_bo,pure_bo,14,0.7824769612606102,0.7397918421476212,8.151788206718367,1.775943716991086
ackley,pure_bo,pure_bo,15,0.7824769612606102,0.7397918421476212,9.497661468465205,2.3212752731890114
ackley,pure_bo,pure_bo,16,0.7824769612606102,0.7397918421476212,10.897602425097041,2.5636585052274343
ackley,pure_bo,pure_bo,17,0.7450868089796742,0.6874770613368274,12.351622849705853,2.956842987834631
ackley,pure_bo,pure_bo,18,0.7450868089796742,0.6874770613368274,13.294953782960599,3.565520181197697
ackley,pure_bo,pure_bo,19,0.7450868089796742,0.6874770613368274,14.463817893658577,3.9016730747867494
ackley,pure_bo,pure_bo,20,0.7450868089796742,0.6874770613368274,15.860607207353445,3.9723945949551114
ackley,pure_bo,pure_bo,21,0.7450868089796742,0.6874770613368274,16.89772124098599,4.4324151730568575
ackley,pure_bo,pure_bo,22,0.7450868089796742,0.6874770613368274,17.847610450551144,4.627079568966416
ackley,pure_bo,pure_bo,23,0.7450868089796742,0.6874770613368274,18.761695563407645,4.89427131387944
ackley,pure_bo,pure_bo,24,0.7450868089796742,0.6874770613368274,20.069050835995412,5.460535720831231
ackley,pure_bo,pure_bo,25,0.7450868089796742,0.6874770613368274,21.207755353761957,5.859684275915142
ackley,pure_bo,pure_bo,26,0.6588304551655537,0.7405938224431113,22.149919655890496,6.0555937854694415
ackley,pure_bo,pure_bo,27,0.6588304551655537,0.7405938224431113,22.77341695320311,6.231549830757499
ackley,pure_bo,pure_bo,28,0.6588304551655537,0.7405938224431113,23.81669641236701,6.2031086053767375
ackley,pure_bo,pure_bo,29,0.6588304551655537,0.7405938224431113,24.88126833569199,6.244243004660853
ackley,pure_bo,pure_bo,30,0.6588304551655537,0.7405938224431113,26.062824366414706,6.543417933047975
ackley,pure_bo,pure_bo,31,0.6588304551655537,0.7405938224431113,27.36720673820064,6.323733854024928
ackley,pure_bo,pure_bo,32,0.6588304551655537,0.7405938224431113,28.598048580758924,6.232515032632756
ackley,pure_bo,pure_bo,33,0.6588304551655537,0.7405938224431113,29.920286989699992,6.195441348596178
ackley,pure_bo,pure_bo,34,0.6588304551655537,0.7405938224431113,31.15011437074435,6.106484114154725
ackley,pure_bo,pure_bo,35,0.6588304551655537,0.7405938224431113,32.25879233677184,6.214716535467889
ackley,pure_bo,pure_bo,36,0.6588304551655537,0.7405938224431113,33.49644020337357,6.057262547719918
ackley,pure_bo,pure_bo,37,0.6588304551655537,0.7405938224431113,34.70820678651523,5.780813755536803
ackley,pure_bo,pure_bo,38,0.6588304551655537,0.7405938224431113,36.09365504129709,5.832658563279838
ackley,pure_bo,pure_bo,39,0.6588304551655537,0.7405938224431113,37.41313494050709,5.739879699379373
ackley,pure_bo,pure_bo,40,0.6588304551655537,0.7405938224431113,38.434459980568086,5.462522336136584
ackley,pure_bo,pure_bo,41,0.6588304551655537,0.7405938224431113,39.72419582247814,5.3569301961358695
ackley,pure_bo,pure_bo,42,0.6588304551655537,0.7405938224431113,41.041579122680425,5.028292448494833
ackley,pure_bo,pure_bo,43,0.6588304551655537,0.7405938224431113,41.84971793535979,4.84702368384813
ackley,pure_bo,pure_bo,44,0.6588304551655537,0.7405938224431113,43.184326537559826,4.566059504737531
ackley,pure_bo,pure_bo,45,0.6540641276709652,0.7338532390040872,44.259218441326574,4.614521626228161
ackley,pure_bo,pure_bo,46,0.6322631327964227,0.749678031853352,45.04082289297136,4.661984961394403
ackley,pure_bo,pure_bo,47,0.6322631327964227,0.749678031853352,45.50638813962164,4.5090228342045435
ackley,pure_bo,pure_bo,48,0.6322631327964227,0.749678031853352,46.07183656049335,4.3409141045821285
ackley,pure_bo,pure_bo,49,0.6322631327964227,0.749678031853352,46.73278946950751,4.264002176915995
ackley,earlbo,earlbo,0,1.6286340817003602,0.6921339324460686,0.569376597285765,0.06675101117097053
ackley,earlbo,earlbo,1,1.4178055654339203,0.8410788121639541,0.6466921831904576,0.10706887912907823
ackley,earlbo,earlbo,2,1.0495580243001215,0.40308320653173235,0.737805130941319,0.14530389426691775
ackley,earlbo,earlbo,3,0.94317496874031,0.4780425044496777,0.8283624607375556,0.19432109460119099
ackley,earlbo,earlbo,4,0.8462587544601002,0.34812440301488806,0.925751994146914,0.20384538445881611
ackley,earlbo,earlbo,5,0.8243725684272948,0.3689866766825373,0.9896982808243001,0.21815325000842628
ackley,earlbo,earlbo,6,0.8243725684272948,0.3689866766825373,1.065514183679794,0.21524457720043563
ackley,earlbo,earlbo,7,0.7960408028773789,0.3302861630746168,1.1648359957975496,0.2088900634811131
ackley,earlbo,earlbo,8,0.6185111294410549,0.1802111103884185,1.2361308131661195,0.1926276182161586
ackley,earlbo,earlbo,9,0.558933689761515,0.1337809886986538,1.3349596921183087,0.2032828238028661
ackley,earlbo,earlbo,10,0.3772860594213789,0.19987746647731636,1.4370875714440328,0.17592842223667152
ackley,earlbo,earlbo,11,0.31905072019897956,0.17606047271075115,1.4981402271769326,0.16172305655229527
ackley,earlbo,earlbo,12,0.3150123529648205,0.1757252324747107,1.5655565327835974,0.15915146307719166
ackley,earlbo,earlbo,13,0.24410123927409724,0.10578271551246826,1.6530406747630317,0.14194816878378627
ackley,earlbo,earlbo,14,0.24410123927409724,0.10578271551246826,1.7186492151675974,0.15422826390424224
ackley,earlbo,earlbo,15,0.23469162583410652,0.09902343428653053,1.7707016459360052,0.18151744749047527
ackley,earlbo,earlbo,16,0.15059206534029146,0.05495756022713606,1.8306137787715249,0.1570766851113081
ackley,earlbo,earlbo,17,0.15059206534029146,0.05495756022713606,1.9247556651310902,0.11045507409117959
ackley,earlbo,earlbo,18,0.15059206534029146,0.05495756022713606,2.0243179128695132,0.07962878205437436
ackley,earlbo,earlbo,19,0.15059206534029146,0.05495756022713606,2.1462525497393963,0.11383478274486881
ackley,earlbo,earlbo,20,0.14984784094699485,0.05571914995328297,2.2966813018081815,0.1359790777693786
ackley,earlbo,earlbo,21,0.14984784094699485,0.05571914995328297,2.515319730890415,0.11261199366847767
ackley,earlbo,earlbo,22,0.14984784094699485,0.05571914995328297,2.753045892205764,0.09124881920974384
ackley,earlbo,earlbo,23,0.14984784094699485,0.05571914995328297,2.9794143630964545,0.1050149853920689
ackley,earlbo,earlbo,24,0.14515490620865443,0.04940013531126058,3.2590138702168177,0.1305428223537139
ackley,earlbo,earlbo,25,0.14512468394913988,0.04935971150414878,3.47927040193494,0.21768561662971028
ackley,earlbo,earlbo,26,0.14512468394913988,0.04935971150414878,3.710553290489423,0.2758612774020061
ackley,earlbo,earlbo,27,0.14512468394913988,0.04935971150414878,3.9148559500435596,0.31764751296923927
ackley,earlbo,earlbo,28,0.10852782473241544,0.016820918651503727,4.13306841093469,0.3915683018240302
ackley,earlbo,earlbo,29,0.10852782473241544,0.016820918651503727,4.351204586068216,0.4982989731001828
ackley,earlbo,earlbo,30,0.10852782473241544,0.016820918651503727,4.578533012980812,0.5092463840792182
ackley,earlbo,earlbo,31,0.10852782473241544,0.016820918651503727,4.850835951798914,0.4165341960104795
ackley,earlbo,earlbo,32,0.10852782473241544,0.016820918651503727,5.072440392876206,0.2771215560075245
ackley,earlbo,earlbo,33,0.10852782473241544,0.016820918651503727,5.3083282486760055,0.316327715266476
ackley,earlbo,earlbo,34,0.10852782473241544,0.016820918651503727,5.6180226686757715,0.4061032081863733
ackley,earlbo,earlbo,35,0.10852782473241544,0.016820918651503727,5.897050900328076,0.5472670054301917
ackley,earlbo,earlbo,36,0.10852782473241544,0.016820918651503727,6.0324929860905785,0.5116669169758266
ackley,earlbo,earlbo,37,0.10852782473241544,0.016820918651503727,6.283758867249788,0.4396819398055417
ackley,earlbo,earlbo,38,0.10852782473241544,0.016820918651503727,6.532133760978688,0.48708838642070024
ackley,earlbo,earlbo,39,0.10852782473241544,0.016820918651503727,6.831109783590843,0.5605481432850895
ackley,earlbo,earlbo,40,0.10852782473241544,0.016820918651503727,7.085484741350818,0.6000455950573117
ackley,earlbo,earlbo,41,0.10852782473241544,0.016820918651503727,7.410710402819753,0.62044684566685
ackley,earlbo,earlbo,42,0.10852782473241544,0.016820918651503727,7.66619337710803,0.5844592210653333
ackley,earlbo,earlbo,43,0.10852782473241544,0.016820918651503727,7.855855166061496,0.5758398844425757
ackley,earlbo,earlbo,44,0.10852782473241544,0.016820918651503727,8.098620017370402,0.6077072894890815
ackley,earlbo,earlbo,45,0.10852782473241544,0.016820918651503727,8.307753479338418,0.5773220530048211
ackley,earlbo,earlbo,46,0.10852782473241544,0.016820918651503727,8.550573607863292,0.49797913451943904
ackley,earlbo,earlbo,47,0.10852782473241544,0.016820918651503727,8.707708806579765,0.5181035217750273
ackley,earlbo,earlbo,48,0.10852782473241544,0.016820918651503727,8.897814575716831,0.5230089828855972
ackley,earlbo,earlbo,49,0.10852782473241544,0.016820918651503727,9.086944867931157,0.5588387283584645
ackley,snake,snake,0,1.542657763665149,0.5441785573902581,0.5621379090267996,0.046977298045745956
ackley,snake,snake,1,1.2052373860418162,0.39924204216018294,0.6253958981372658,0.08066886823833844
ackley,snake,snake,2,0.9612301463892234,0.5157009254126718,0.6886270749863703,0.08626803357153269
ackley,snake,snake,3,0.8328705399864735,0.5485119356823973,0.7601271721136853,0.0850216132925568
ackley,snake,snake,4,0.6688713153414416,0.31659099139175517,0.8050425303686999,0.0781212303853061
ackley,snake,snake,5,0.5886051840573695,0.2490005327219781,0.8812057083993755,0.0905424254425298
ackley,snake,snake,6,0.5386500610793902,0.28440966590313166,0.964760575928306,0.10180055876943042
ackley,snake,snake,7,0.47960308243469685,0.20165296138671768,1.0066706337200542,0.11050030747403299
ackley,snake,snake,8,0.47960308243469685,0.20165296138671768,1.1131579709104786,0.12171761338899383
ackley,snake,snake,9,0.454466160412305,0.16664928171182605,1.217687650613123,0.13974554519854454
ackley,snake,snake,10,0.366397835346527,0.22590397675945098,1.2516283780312978,0.1301738229073866
ackley,snake,snake,11,0.31878003184568177,0.15859551894884355,1.3154101817109798,0.12993418490188935
ackley,snake,snake,12,0.30377569943943,0.13739343591247355,1.3810973533582198,0.13194834134619485
ackley,snake,snake,13,0.25968326023724275,0.07514436302173802,1.4413776640794123,0.11707563143261274
ackley,snake,snake,14,0.25968326023724275,0.07514436302173802,1.4891792907512376,0.12012940950844234
ackley,snake,snake,15,0.25968326023724275,0.07514436302173802,1.5219993131134826,0.12262809068211562
ackley,snake,snake,16,0.24090109437670812,0.08602420231123871,1.565141903063149,0.12107813439531227
ackley,snake,snake,17,0.2099421923895363,0.0435930243206781,1.6029097634229306,0.10960120884228643
ackley,snake,snake,18,0.18443773131869814,0.07494403330611257,1.641633930687196,0.11493512281618783
ackley,snake,snake,19,0.15521060941267276,0.08030476784910426,1.7048430881222287,0.10147396928644432
ackley,snake,snake,20,0.11376056892009645,0.02346828823108755,1.7977575552263645,0.07449153832881392
ackley,snake,snake,21,0.11376056892009645,0.02346828823108755,1.8987964298771178,0.03548541133549013
ackley,snake,snake,22,0.10828054692568445,0.016892052537720633,2.009750119626297,0.0310601345819031
ackley,snake,snake,23,0.10828054692568445,0.016892052537720633,2.2051117948054997,0.09443215205127925
ackley,snake,snake,24,0.10828054692568445,0.016892052537720633,2.4330588697598583,0.1634494727311424
ackley,snake,snake,25,0.10828054692568445,0.016892052537720633,2.6058740255315596,0.2487149365026723
ackley,snake,snake,26,0.09072742730201282,0.015613503568595413,2.8620182062258706,0.3502452628396449
ackley,snake,snake,27,0.09072742730201282,0.015613503568595413,3.0993339141517926,0.3977712011624302
ackley,snake,snake,28,0.09072742730201282,0.015613503568595413,3.3051370387704373,0.3678095253738658
ackley,snake,snake,29,0.07788545929802308,0.005811777533855215,3.448962441600606,0.36958237416124956
ackley,snake,snake,30,0.07788545929802308,0.005811777533855215,3.598495724347981,0.34187903299604383
ackley,snake,snake,31,0.07788545929802308,0.005811777533855215,3.811251621457894,0.2982562412081363
ackley,snake,snake,32,0.07788545929802308,0.005811777533855215,4.026394068983714,0.3183295655477542
ackley,snake,snake,33,0.07788545929802308,0.005811777533855215,4.226743296786045,0.3295714421671866
ackley,snake,snake,34,0.07788545929802308,0.005811777533855215,4.546444012995234,0.3816988043029288
ackley,snake,snake,35,0.07788545929802308,0.005811777533855215,4.815369565864628,0.46469119234817774
ackley,snake,snake,36,0.07788545929802308,0.005811777533855215,4.984616520957048,0.428629510480263
ackley,snake,snake,37,0.07788545929802308,0.005811777533855215,5.224967012466473,0.44819928458153174
ackley,snake,snake,38,0.07788545929802308,0.005811777533855215,5.425390479019452,0.432323066336123
ackley,snake,snake,39,0.07788545929802308,0.005811777533855215,5.631055872649921,0.42073321415159504
ackley,snake,snake,40,0.07788545929802308,0.005811777533855215,5.771440772557733,0.432411149126225
ackley,snake,snake,41,0.07788545929802308,0.005811777533855215,5.914892026836202,0.4977438603494038
ackley,snake,snake,42,0.07788545929802308,0.005811777533855215,6.098127072394245,0.4855392423710756
ackley,snake,snake,43,0.07788545929802308,0.005811777533855215,6.301731604050263,0.4604290884732591
ackley,snake,snake,44,0.07788545929802308,0.005811777533855215,6.472485779686548,0.4542758659791343
ackley,snake,snake,45,0.07788545929802308,0.005811777533855215,6.708689628211888,0.36919155837370965
ackley,snake,snake,46,0.07788545929802308,0.005811777533855215,6.973885169288572,0.34761010403671183
ackley,snake,snake,47,0.07788545929802308,0.005811777533855215,7.175473987544717,0.4236789987677861
ackley,snake,snake,48,0.07788545929802308,0.005811777533855215,7.377751426851961,0.45937343938015657
ackley,snake,snake,49,0.07788545929802308,0.005811777533855215,7.525306263143258,0.4694570640826991
ackley,log_improvement_movement_cost3,log_improvement_movement_cost3,0,1.5230370742253883,0.5620299845891455,0.5637405780078925,0.04788728514478614
ackley,log_improvement_movement_cost3,log_improvement_movement_cost3,1,1.2574254068016935,0.5012244438164977,0.6264368756326589,0.07573982426358958
ackley,log_improvement_movement_cost3,log_improvement_movement_cost3,2,1.069253311605631,0.6095073119860756,0.6936958314658824,0.08404382738658764
ackley,log_improvement_movement_cost3,log_improvement_movement_cost3,3,1.0227671601129065,0.5509934527859633,0.7660674233294856,0.0764468524565305
ackley,log_improvement_movement_cost3,log_improvement_movement_cost3,4,1.0189690421931255,0.5462852694133209,0.839035680663773,0.07221200834652215
ackley,log_improvement_movement_cost3,log_improvement_movement_cost3,5,0.7970468692005359,0.5635406893504721,0.9428771294869641,0.08325779200533033
ackley,log_improvement_movement_cost3,log_improvement_movement_cost3,6,0.7732092598845802,0.5828166042727096,1.0061768001862188,0.09010380026018189
ackley,log_improvement_movement_cost3,log_improvement_movement_cost3,7,0.647113446043237,0.5016284100464342,1.1009206874543536,0.07983694890266059
ackley,log_improvement_movement_cost3,log_improvement_movement_cost3,8,0.5771166612712458,0.4026450150788117,1.1858854757423227,0.05430177777471516
ackley,log_improvement_movement_cost3,log_improvement_movement_cost3,9,0.5771166612712458,0.4026450150788117,1.2486556294530906,0.07582889213693461
ackley,log_improvement_movement_cost3,log_improvement_movement_cost3,10,0.4533607013799572,0.2699987685476836,1.3293515152415425,0.07676663667456231
ackley,log_improvement_movement_cost3,log_improvement_movement_cost3,11,0.2687655320185442,0.11510943625610585,1.3797562277939839,0.06779288757103095
ackley,log_improvement_movement_cost3,log_improvement_movement_cost3,12,0.1924331142020598,0.11547621207949114,1.4531060208980744,0.06628196602824442
ackley,log_improvement_movement_cost3,log_improvement_movement_cost3,13,0.17056888460819808,0.08457514976958888,1.5298381802262337,0.0842100308925157
ackley,log_improvement_movement_cost3,log_improvement_movement_cost3,14,0.15417441343666546,0.06141754639844753,1.5958154435352814,0.09276543518711007
ackley,log_improvement_movement_cost3,log_improvement_movement_cost3,15,0.1405973192102062,0.042262541806473417,1.6322076616189392,0.0922187750963781
ackley,log_improvement_movement_cost3,log_improvement_movement_cost3,16,0.11213189963979812,0.004158499687402147,1.6731462619884285,0.09779839191589532
ackley,log_improvement_movement_cost3,log_improvement_movement_cost3,17,0.10573698824736673,0.006636322183626426,1.7243624934997044,0.08701919402497195
ackley,log_improvement_movement_cost3,log_improvement_movement_cost3,18,0.10325081609563276,0.008567165432251443,1.7713578185772019,0.0675818213847899
ackley,log_improvement_movement_cost3,log_improvement_movement_cost3,19,0.10094897278550308,0.009976459900029235,1.8242923363875614,0.06940078824365674
ackley,log_improvement_movement_cost3,log_improvement_movement_cost3,20,0.09746381182388619,0.012894123420365448,1.854098247782973,0.08291190919464524
ackley,log_improvement_movement_cost3,log_improvement_movement_cost3,21,0.09746381182388619,0.012894123420365448,1.8885970668636318,0.0909581644649114
ackley,log_improvement_movement_cost3,log_improvement_movement_cost3,22,0.09746381182388619,0.012894123420365448,1.9305098452562879,0.08628015984186047
ackley,log_improvement_movement_cost3,log_improvement_movement_cost3,23,0.09746381182388619,0.012894123420365448,1.9776521649027556,0.08758868810991856
ackley,log_improvement_movement_cost3,log_improvement_movement_cost3,24,0.09746381182388619,0.012894123420365448,2.0149507878604322,0.09249543314863158
ackley,log_improvement_movement_cost3,log_improvement_movement_cost3,25,0.09491728494243572,0.009478191795723146,2.039071144919651,0.08970635594254127
ackley,log_improvement_movement_cost3,log_improvement_movement_cost3,26,0.08648815727514192,0.020227422231939903,2.081413091723396,0.09021855360139097
ackley,log_improvement_movement_cost3,log_improvement_movement_cost3,27,0.07805664607538931,0.014110205204253,2.1017116070651127,0.0891189569510246
ackley,log_improvement_movement_cost3,log_improvement_movement_cost3,28,0.0678837772610632,0.014265471162038178,2.1350243194591543,0.09684933634614795
ackley,log_improvement_movement_cost3,log_improvement_movement_cost3,29,0.0678837772610632,0.014265471162038178,2.2017526978889013,0.114646309075395
ackley,log_improvement_movement_cost3,log_improvement_movement_cost3,30,0.0678837772610632,0.014265471162038178,2.2745110408356286,0.1526248149389331
ackley,log_improvement_movement_cost3,log_improvement_movement_cost3,31,0.0678837772610632,0.014265471162038178,2.3053704493399025,0.16317645969068187
ackley,log_improvement_movement_cost3,log_improvement_movement_cost3,32,0.06392032271035382,0.00868561127258434,2.3478099228045135,0.1651417752996298
ackley,log_improvement_movement_cost3,log_improvement_movement_cost3,33,0.06150156877734192,0.005306700989612387,2.3953064829812383,0.15194301659960635
ackley,log_improvement_movement_cost3,log_improvement_movement_cost3,34,0.06150156877734192,0.005306700989612387,2.4329687780799585,0.14213278660301062
ackley,log_improvement_movement_cost3,log_improvement_movement_cost3,35,0.06150156877734192,0.005306700989612387,2.488154969030399,0.1370496353581066
ackley,log_improvement_movement_cost3,log_improvement_movement_cost3,36,0.06150156877734192,0.005306700989612387,2.5385891408143757,0.1267559133817012
ackley,log_improvement_movement_cost3,log_improvement_movement_cost3,37,0.06150156877734192,0.005306700989612387,2.599250083047453,0.12416919253786392
ackley,log_improvement_movement_cost3,log_improvement_movement_cost3,38,0.06140732532997406,0.005395907647064049,2.637220761761846,0.13632538168983319
ackley,log_improvement_movement_cost3,log_improvement_movement_cost3,39,0.06140732532997406,0.005395907647064049,2.6783725633181312,0.14015695643927345
ackley,log_improvement_movement_cost3,log_improvement_movement_cost3,40,0.06140732532997406,0.005395907647064049,2.7162260252252843,0.1358224456907304
ackley,log_improvement_movement_cost3,log_improvement_movement_cost3,41,0.06140732532997406,0.005395907647064049,2.743971810304993,0.1463787131746581
ackley,log_improvement_movement_cost3,log_improvement_movement_cost3,42,0.06140732532997406,0.005395907647064049,2.7758707536323115,0.14812061385992395
ackley,log_improvement_movement_cost3,log_improvement_movement_cost3,43,0.060355899406963655,0.006011729905703162,2.8141113926042074,0.16073235773139777
ackley,log_improvement_movement_cost3,log_improvement_movement_cost3,44,0.060355899406963655,0.006011729905703162,2.856574410752637,0.16913609729929352
ackley,log_improvement_movement_cost3,log_improvement_movement_cost3,45,0.060355899406963655,0.006011729905703162,2.888880761195298,0.17605785020867462
ackley,log_improvement_movement_cost3,log_improvement_movement_cost3,46,0.060355899406963655,0.006011729905703162,2.935957773108163,0.1710608285692059
ackley,log_improvement_movement_cost3,log_improvement_movement_cost3,47,0.0500560525403313,0.010302484629936999,2.962689855375538,0.17425928563374696
ackley,log_improvement_movement_cost3,log_improvement_movement_cost3,48,0.0500560525403313,0.010302484629936999,2.993604757542221,0.1749901552791152
ackley,log_improvement_movement_cost3,log_improvement_movement_cost3,49,0.0500560525403313,0.010302484629936999,3.0260764231045614,0.18262661016238668
ackley,optimistic_selected,optimistic_improvement_movement_cost3,0,1.6449690782769324,0.5490626227042131,0.56750610442405,0.05216562046379209
ackley,optimistic_selected,optimistic_improvement_movement_cost3,1,1.2290425247734835,0.5452030317598978,0.6328114609933112,0.07120282798728302
ackley,optimistic_selected,optimistic_improvement_movement_cost3,2,1.1198104541264045,0.6715271678868291,0.7159178732521774,0.09343283473453064
ackley,optimistic_selected,optimistic_improvement_movement_cost3,3,0.8936779833690811,0.5992656316778733,0.8047101320406931,0.10107890907161109
ackley,optimistic_selected,optimistic_improvement_movement_cost3,4,0.8147806738686723,0.4985050681444072,0.8504956354720528,0.09134605242839809
ackley,optimistic_selected,optimistic_improvement_movement_cost3,5,0.8147806738686723,0.4985050681444072,0.9415943014360479,0.1042156711093341
ackley,optimistic_selected,optimistic_improvement_movement_cost3,6,0.6823141860988137,0.3446591666601282,1.0382397868749786,0.09990512910587375
ackley,optimistic_selected,optimistic_improvement_movement_cost3,7,0.577653110510806,0.3222243002062445,1.1135783620172985,0.13380932167065201
ackley,optimistic_selected,optimistic_improvement_movement_cost3,8,0.4330539844908417,0.2209468432638587,1.1645297692240828,0.12925878976056138
ackley,optimistic_selected,optimistic_improvement_movement_cost3,9,0.3375803986990336,0.15419782942834243,1.2223420916811005,0.12196880079907339
ackley,optimistic_selected,optimistic_improvement_movement_cost3,10,0.26480049174494197,0.11573865748903488,1.2954638802170881,0.11913870453519343
ackley,optimistic_selected,optimistic_improvement_movement_cost3,11,0.26480049174494197,0.11573865748903488,1.3942262662059957,0.11466803947425842
ackley,optimistic_selected,optimistic_improvement_movement_cost3,12,0.26480049174494197,0.11573865748903488,1.4594658017550843,0.08232994139184982
ackley,optimistic_selected,optimistic_improvement_movement_cost3,13,0.23212411381917683,0.08041824542411465,1.546877893983111,0.102294761615943
ackley,optimistic_selected,optimistic_improvement_movement_cost3,14,0.23212411381917683,0.08041824542411465,1.6073650344775505,0.1021272613746538
ackley,optimistic_selected,optimistic_improvement_movement_cost3,15,0.1891940600891767,0.057979019427193884,1.6547517438937616,0.09333924825089417
ackley,optimistic_selected,optimistic_improvement_movement_cost3,16,0.12552422201631255,0.005974593582403201,1.6995712051197278,0.08586951349571442
ackley,optimistic_selected,optimistic_improvement_movement_cost3,17,0.12552422201631255,0.005974593582403201,1.7665430396234953,0.08862132031989245
ackley,optimistic_selected,optimistic_improvement_movement_cost3,18,0.12552422201631255,0.005974593582403201,1.8517741215528922,0.10754619129757668
ackley,optimistic_selected,optimistic_improvement_movement_cost3,19,0.10892224167519797,0.013928304121417039,1.9198364985492624,0.12003433690908678
ackley,optimistic_selected,optimistic_improvement_movement_cost3,20,0.08916590015245562,0.012182108814041172,1.9639303036866067,0.13448123546390697
ackley,optimistic_selected,optimistic_improvement_movement_cost3,21,0.08916590015245562,0.012182108814041172,1.9964752110418917,0.1319751309964334
ackley,optimistic_selected,optimistic_improvement_movement_cost3,22,0.07076645815069608,0.01738998279823998,2.033549129524572,0.1460100000897293
ackley,optimistic_selected,optimistic_improvement_movement_cost3,23,0.07076645815069608,0.01738998279823998,2.0745426278096617,0.13334922696934287
ackley,optimistic_selected,optimistic_improvement_movement_cost3,24,0.07076645815069608,0.01738998279823998,2.1195468756643514,0.13907996674750137
ackley,optimistic_selected,optimistic_improvement_movement_cost3,25,0.07076645815069608,0.01738998279823998,2.1588019102642355,0.1393104036793585
ackley,optimistic_selected,optimistic_improvement_movement_cost3,26,0.06729709942845401,0.01740878472630025,2.198191849434943,0.1338158036418958
ackley,optimistic_selected,optimistic_improvement_movement_cost3,27,0.055468745361288985,0.006453935096242281,2.223644041658035,0.13054129059500758
ackley,optimistic_selected,optimistic_improvement_movement_cost3,28,0.055468745361288985,0.006453935096242281,2.255080623878435,0.12864454856162788
ackley,optimistic_selected,optimistic_improvement_movement_cost3,29,0.055468745361288985,0.006453935096242281,2.2913172492121285,0.1339681881236947
ackley,optimistic_selected,optimistic_improvement_movement_cost3,30,0.053971410954934594,0.008279925863707032,2.336994325588548,0.1383281388514946
ackley,optimistic_selected,optimistic_improvement_movement_cost3,31,0.053971410954934594,0.008279925863707032,2.36101895896538,0.1401022838391837
ackley,optimistic_selected,optimistic_improvement_movement_cost3,32,0.053971410954934594,0.008279925863707032,2.4020402046169096,0.1504437815818489
ackley,optimistic_selected,optimistic_improvement_movement_cost3,33,0.053971410954934594,0.008279925863707032,2.449947295036968,0.1536299189760892
ackley,optimistic_selected,optimistic_improvement_movement_cost3,34,0.053971410954934594,0.008279925863707032,2.494493801325632,0.146098169051473
ackley,optimistic_selected,optimistic_improvement_movement_cost3,35,0.053971410954934594,0.008279925863707032,2.549530861831745,0.15890217258976494
ackley,optimistic_selected,optimistic_improvement_movement_cost3,36,0.053971410954934594,0.008279925863707032,2.6270082344838754,0.17422302227530537
ackley,optimistic_selected,optimistic_improvement_movement_cost3,37,0.053971410954934594,0.008279925863707032,2.6801824472991362,0.1796543036753765
ackley,optimistic_selected,optimistic_improvement_movement_cost3,38,0.053971410954934594,0.008279925863707032,2.7164463566151533,0.16096001928439974
ackley,optimistic_selected,optimistic_improvement_movement_cost3,39,0.053971410954934594,0.008279925863707032,2.760070545732201,0.16445064985107277
ackley,optimistic_selected,optimistic_improvement_movement_cost3,40,0.053971410954934594,0.008279925863707032,2.802776669324506,0.17354884739455145
ackley,optimistic_selected,optimistic_improvement_movement_cost3,41,0.053971410954934594,0.008279925863707032,2.831033658134134,0.17074431674488608
ackley,optimistic_selected,optimistic_improvement_movement_cost3,42,0.053971410954934594,0.008279925863707032,2.8676248757692213,0.16853558847473724
ackley,optimistic_selected,optimistic_improvement_movement_cost3,43,0.053971410954934594,0.008279925863707032,2.9068108475487953,0.14478348243168696
ackley,optimistic_selected,optimistic_improvement_movement_cost3,44,0.053971410954934594,0.008279925863707032,2.949443250740778,0.13036648776924667
ackley,optimistic_selected,optimistic_improvement_movement_cost3,45,0.053971410954934594,0.008279925863707032,2.974994644657391,0.1271492184429024
ackley,optimistic_selected,optimistic_improvement_movement_cost3,46,0.053971410954934594,0.008279925863707032,3.0170656768631035,0.13233758655422392
ackley,optimistic_selected,optimistic_improvement_movement_cost3,47,0.04444494343084715,0.015374033817766301,3.0554167545589994,0.12448517760780264
ackley,optimistic_selected,optimistic_improvement_movement_cost3,48,0.04444494343084715,0.015374033817766301,3.0931858594825314,0.11536953794079065
ackley,optimistic_selected,optimistic_improvement_movement_cost3,49,0.04444494343084715,0.015374033817766301,3.1337997386970464,0.10772154709752256
ackley,budgeted_exploration,budgeted_exploration,0,1.483201428936941,0.5308186962924756,0.5544196600583321,0.04182512445433969
ackley,budgeted_exploration,budgeted_exploration,1,1.0668778461397932,0.3905168297573951,0.61313140141397,0.06875215779752225
ackley,budgeted_exploration,budgeted_exploration,2,1.0668778461397932,0.3905168297573951,0.6732336585210987,0.0755659736146749
ackley,budgeted_exploration,budgeted_exploration,3,0.9583350338059344,0.41265105884027725,0.7325370410547819,0.09816055259029423
ackley,budgeted_exploration,budgeted_exploration,4,0.7079247155593179,0.22957708026294224,0.7983993248014394,0.08979481671731213
ackley,budgeted_exploration,budgeted_exploration,5,0.7079247155593179,0.22957708026294224,0.8806114800809484,0.10723169987326633
ackley,budgeted_exploration,budgeted_exploration,6,0.5302421142574786,0.1998702940365718,0.9934937900430972,0.06937922955947129
ackley,budgeted_exploration,budgeted_exploration,7,0.47917627577360306,0.15872104277248492,1.0700601391614921,0.06142127832702597
ackley,budgeted_exploration,budgeted_exploration,8,0.45477923564926853,0.17175910630742947,1.1382918013068728,0.051726839918317134
ackley,budgeted_exploration,budgeted_exploration,9,0.40092864424232194,0.16896640487163933,1.1957177092042428,0.057234627864893486
ackley,budgeted_exploration,budgeted_exploration,10,0.3104568156373273,0.06382112157306932,1.2687659632193078,0.06077165243872951
ackley,budgeted_exploration,budgeted_exploration,11,0.2693954342635026,0.06092794344665791,1.3711274893976348,0.0440388158718047
ackley,budgeted_exploration,budgeted_exploration,12,0.2693954342635026,0.06092794344665791,1.4582226828479359,0.026097832513440646
ackley,budgeted_exploration,budgeted_exploration,13,0.2693954342635026,0.06092794344665791,1.5005985775933983,0.03598429675059895
ackley,budgeted_exploration,budgeted_exploration,14,0.21559555505933212,0.016200167219139628,1.5556175056877228,0.03972407070404762
ackley,budgeted_exploration,budgeted_exploration,15,0.21559555505933212,0.016200167219139628,1.6326781175960001,0.06117651946087133
ackley,budgeted_exploration,budgeted_exploration,16,0.21559555505933212,0.016200167219139628,1.7023634735090798,0.06951052339465241
ackley,budgeted_exploration,budgeted_exploration,17,0.17815292649273143,0.04007528367473159,1.7823066473118683,0.0369256515100457
ackley,budgeted_exploration,budgeted_exploration,18,0.17526904796686718,0.041276175800354156,1.850535903236322,0.024934648814843315
ackley,budgeted_exploration,budgeted_exploration,19,0.17526904796686718,0.041276175800354156,1.9267253046219304,0.020899332770325567
ackley,budgeted_exploration,budgeted_exploration,20,0.17526904796686718,0.041276175800354156,2.0098389816396716,0.035177409244326954
ackley,budgeted_exploration,budgeted_exploration,21,0.17526904796686718,0.041276175800354156,2.071527277471847,0.02816368424905145
ackley,budgeted_exploration,budgeted_exploration,22,0.169390367838033,0.033124970270182755,2.130873221378676,0.05367661952769722
ackley,budgeted_exploration,budgeted_exploration,23,0.169390367838033,0.033124970270182755,2.1917156250547802,0.08581589149499
ackley,budgeted_exploration,budgeted_exploration,24,0.169390367838033,0.033124970270182755,2.283658978613103,0.07495454899303548
ackley,budgeted_exploration,budgeted_exploration,25,0.169390367838033,0.033124970270182755,2.3912747315642626,0.06397506272791112
ackley,budgeted_exploration,budgeted_exploration,26,0.15441416955177845,0.013301727959301832,2.4973499775842503,0.09605782297087408
ackley,budgeted_exploration,budgeted_exploration,27,0.14517228453666955,0.00752587158013254,2.595524283052555,0.13166618430490537
ackley,budgeted_exploration,budgeted_exploration,28,0.14517228453666955,0.00752587158013254,2.6661378320895834,0.14463885706996515
ackley,budgeted_exploration,budgeted_exploration,29,0.14517228453666955,0.00752587158013254,2.75863360790018,0.1471638006042778
ackley,budgeted_exploration,budgeted_exploration,30,0.14517228453666955,0.00752587158013254,2.858312611811556,0.1398122054371714
ackley,budgeted_exploration,budgeted_exploration,31,0.14517228453666955,0.00752587158013254,2.9455968480056316,0.14497425750744375
ackley,budgeted_exploration,budgeted_exploration,32,0.14517228453666955,0.00752587158013254,3.015976257161588,0.16270459706052207
ackley,budgeted_exploration,budgeted_exploration,33,0.14517228453666955,0.00752587158013254,3.1170718964169737,0.18296236854466869
ackley,budgeted_exploration,budgeted_exploration,34,0.14517228453666955,0.00752587158013254,3.2280164175015007,0.19452942263631057
ackley,budgeted_exploration,budgeted_exploration,35,0.13334079638826823,0.009668135666915111,3.2955046961286754,0.1988286401386356
ackley,budgeted_exploration,budgeted_exploration,36,0.13334079638826823,0.009668135666915111,3.3730442104454625,0.20662820854090327
ackley,budgeted_exploration,budgeted_exploration,37,0.13334079638826823,0.009668135666915111,3.456327810749972,0.22080115655758814
ackley,budgeted_exploration,budgeted_exploration,38,0.13334079638826823,0.009668135666915111,3.522272400151684,0.22638729986960374
ackley,budgeted_exploration,budgeted_exploration,39,0.13334079638826823,0.009668135666915111,3.6061687022194984,0.19923957675902745
ackley,budgeted_exploration,budgeted_exploration,40,0.13334079638826823,0.009668135666915111,3.723874431293653,0.19648681129390347
ackley,budgeted_exploration,budgeted_exploration,41,0.13334079638826823,0.009668135666915111,3.800737685591487,0.1787391282704937
ackley,budgeted_exploration,budgeted_exploration,42,0.13334079638826823,0.009668135666915111,3.88235641730606,0.1931380113352007
ackley,budgeted_exploration,budgeted_exploration,43,0.100601265917115,0.04051551397945223,3.9552678079374792,0.2067585437113262
ackley,budgeted_exploration,budgeted_exploration,44,0.100601265917115,0.04051551397945223,4.023112016755567,0.21220416372261652
ackley,budgeted_exploration,budgeted_exploration,45,0.100601265917115,0.04051551397945223,4.098266147590147,0.2316946698529684
ackley,budgeted_exploration,budgeted_exploration,46,0.100601265917115,0.04051551397945223,4.189077207432514,0.22743803068205928
ackley,budgeted_exploration,budgeted_exploration,47,0.100601265917115,0.04051551397945223,4.25345322851271,0.22176549743474608
ackley,budgeted_exploration,budgeted_exploration,48,0.100601265917115,0.04051551397945223,4.343647946420279,0.23516567345269973
ackley,budgeted_exploration,budgeted_exploration,49,0.100601265917115,0.04051551397945223,4.434249535158121,0.22963840498478932
ackley,lookahead_budgeted_exploration,lookahead_budgeted_exploration,0,1.7050284858812734,0.4593221845571573,0.5528173429980922,0.04544520348199208
ackley,lookahead_budgeted_exploration,lookahead_budgeted_exploration,1,1.6921304375253186,0.45893133209368725,0.629797903189237,0.06768095232725448
ackley,lookahead_budgeted_exploration,lookahead_budgeted_exploration,2,1.4109954232124473,0.2595822497465149,0.710627903473266,0.07690586328888256
ackley,lookahead_budgeted_exploration,lookahead_budgeted_exploration,3,1.3688410381442342,0.2051412095560232,0.8289369540601877,0.03937387284954746
ackley,lookahead_budgeted_exploration,lookahead_budgeted_exploration,4,1.0222263855294516,0.18970908511197232,0.9684446736687892,0.039953006103245314
ackley,lookahead_budgeted_exploration,lookahead_budgeted_exploration,5,0.7387315829372736,0.3316891514892643,1.0609368199262101,0.04001032332765009
ackley,lookahead_budgeted_exploration,lookahead_budgeted_exploration,6,0.6869806032364024,0.27378252897461824,1.157965623185776,0.026642138631264026
ackley,lookahead_budgeted_exploration,lookahead_budgeted_exploration,7,0.6464990993814527,0.26763633141894905,1.2462568958256677,0.015906636930955093
ackley,lookahead_budgeted_exploration,lookahead_budgeted_exploration,8,0.47381264125176203,0.13479277390408637,1.3349280868309947,0.0030688894061507333
ackley,lookahead_budgeted_exploration,lookahead_budgeted_exploration,9,0.38620849662410395,0.17120674832871943,1.433752268632488,0.014979577096845364
ackley,lookahead_budgeted_exploration,lookahead_budgeted_exploration,10,0.26881251665119804,0.12405729778700156,1.5118469219850628,0.01664131519739563
ackley,lookahead_budgeted_exploration,lookahead_budgeted_exploration,11,0.19039193458228043,0.0899945081424536,1.5691674419550499,0.009544217398439352
ackley,lookahead_budgeted_exploration,lookahead_budgeted_exploration,12,0.19039193458228043,0.0899945081424536,1.6638773440925512,0.03174641177970884
ackley,lookahead_budgeted_exploration,lookahead_budgeted_exploration,13,0.19039193458228043,0.0899945081424536,1.7699313693636576,0.08121685195231704
ackley,lookahead_budgeted_exploration,lookahead_budgeted_exploration,14,0.19039193458228043,0.0899945081424536,1.8442421876855484,0.10744924598226006
ackley,lookahead_budgeted_exploration,lookahead_budgeted_exploration,15,0.19039193458228043,0.0899945081424536,1.9092567637957243,0.08904274244062954
ackley,lookahead_budgeted_exploration,lookahead_budgeted_exploration,16,0.19039193458228043,0.0899945081424536,1.9702928876124126,0.10681158879396474
ackley,lookahead_budgeted_exploration,lookahead_budgeted_exploration,17,0.1733349942868038,0.07416641392449803,2.0316416898750247,0.10434586729228766
ackley,lookahead_budgeted_exploration,lookahead_budgeted_exploration,18,0.1733349942868038,0.07416641392449803,2.0970316137971,0.1036595860806136
ackley,lookahead_budgeted_exploration,lookahead_budgeted_exploration,19,0.1733349942868038,0.07416641392449803,2.2077680820884122,0.10640703738347931
ackley,lookahead_budgeted_exploration,lookahead_budgeted_exploration,20,0.15637771945716894,0.06732957993799805,2.3192603887558585,0.10632033547662792
ackley,lookahead_budgeted_exploration,lookahead_budgeted_exploration,21,0.15637771945716894,0.06732957993799805,2.3898660573190837,0.11448503136901769
ackley,lookahead_budgeted_exploration,lookahead_budgeted_exploration,22,0.1422801018431111,0.052782757046690686,2.4605104505672766,0.15111811899068006
ackley,lookahead_budgeted_exploration,lookahead_budgeted_exploration,23,0.1206573013797289,0.040630646624565434,2.5150902251523433,0.14688698125986543
ackley,lookahead_budgeted_exploration,lookahead_budgeted_exploration,24,0.1206573013797289,0.040630646624565434,2.61755215306928,0.15475354742008987
ackley,lookahead_budgeted_exploration,lookahead_budgeted_exploration,25,0.1206573013797289,0.040630646624565434,2.710583492581551,0.16081359066204595
ackley,lookahead_budgeted_exploration,lookahead_budgeted_exploration,26,0.1206573013797289,0.040630646624565434,2.7603036038262894,0.16926285393358648
ackley,lookahead_budgeted_exploration,lookahead_budgeted_exploration,27,0.1206573013797289,0.040630646624565434,2.8285623789017134,0.19985916653844668
ackley,lookahead_budgeted_exploration,lookahead_budgeted_exploration,28,0.1206573013797289,0.040630646624565434,2.9115773353734,0.20459612291275353
ackley,lookahead_budgeted_exploration,lookahead_budgeted_exploration,29,0.1206573013797289,0.040630646624565434,2.993583654113484,0.2018797196822004
ackley,lookahead_budgeted_exploration,lookahead_budgeted_exploration,30,0.1206573013797289,0.040630646624565434,3.059033490005048,0.21968977951464977
ackley,lookahead_budgeted_exploration,lookahead_budgeted_exploration,31,0.1206573013797289,0.040630646624565434,3.1427838851995133,0.23876166884555225
ackley,lookahead_budgeted_exploration,lookahead_budgeted_exploration,32,0.1206573013797289,0.040630646624565434,3.2229074133111886,0.251605798004833
ackley,lookahead_budgeted_exploration,lookahead_budgeted_exploration,33,0.1206573013797289,0.040630646624565434,3.3209496817996063,0.27163602840733075
ackley,lookahead_budgeted_exploration,lookahead_budgeted_exploration,34,0.1206573013797289,0.040630646624565434,3.4126826329180244,0.2555863837328631
ackley,lookahead_budgeted_exploration,lookahead_budgeted_exploration,35,0.1206573013797289,0.040630646624565434,3.4850944775917996,0.28076406442618396
ackley,lookahead_budgeted_exploration,lookahead_budgeted_exploration,36,0.1206573013797289,0.040630646624565434,3.609713259214958,0.28162193086587767
ackley,lookahead_budgeted_exploration,lookahead_budgeted_exploration,37,0.1206573013797289,0.040630646624565434,3.7290463554333435,0.2603024970634939
ackley,lookahead_budgeted_exploration,lookahead_budgeted_exploration,38,0.1206573013797289,0.040630646624565434,3.8479298751371913,0.26603670311148936
ackley,lookahead_budgeted_exploration,lookahead_budgeted_exploration,39,0.1206573013797289,0.040630646624565434,3.9592361582842996,0.2654210498628969
ackley,lookahead_budgeted_exploration,lookahead_budgeted_exploration,40,0.1206573013797289,0.040630646624565434,4.0784881586516795,0.2709835354241965
ackley,lookahead_budgeted_exploration,lookahead_budgeted_exploration,41,0.1206573013797289,0.040630646624565434,4.1745349985002225,0.2905749105459942
ackley,lookahead_budgeted_exploration,lookahead_budgeted_exploration,42,0.1206573013797289,0.040630646624565434,4.27978297510066,0.27865545435692934
ackley,lookahead_budgeted_exploration,lookahead_budgeted_exploration,43,0.1206573013797289,0.040630646624565434,4.38823063700011,0.31040033441542075
ackley,lookahead_budgeted_exploration,lookahead_budgeted_exploration,44,0.1206573013797289,0.040630646624565434,4.501066101401461,0.3270587245046952
ackley,lookahead_budgeted_exploration,lookahead_budgeted_exploration,45,0.1206573013797289,0.040630646624565434,4.6009245437059425,0.3408021234844815
ackley,lookahead_budgeted_exploration,lookahead_budgeted_exploration,46,0.10776216083194538,0.027638116095796673,4.674875216622976,0.34271971196502415
ackley,lookahead_budgeted_exploration,lookahead_budgeted_exploration,47,0.10776216083194538,0.027638116095796673,4.765520461783151,0.35249354533861516
ackley,lookahead_budgeted_exploration,lookahead_budgeted_exploration,48,0.10776216083194538,0.027638116095796673,4.8685625670328525,0.3354183588940615
ackley,lookahead_budgeted_exploration,lookahead_budgeted_exploration,49,0.10776216083194538,0.027638116095796673,4.954062537937637,0.335615568992785
levy,pure_bo,pure_bo,0,0.25374380829628274,0.040968157568154535,0.8999023015203628,0.12094770240933363
levy,pure_bo,pure_bo,1,0.25374380829628274,0.040968157568154535,1.1637798949330296,0.42780796665408355
levy,pure_bo,pure_bo,2,0.22229021381112793,0.012563817379864882,1.331712566375066,0.5981258504508673
levy,pure_bo,pure_bo,3,0.1480040150351222,0.0935231063175756,1.6835029462873001,0.5520255595341566
levy,pure_bo,pure_bo,4,0.1475896098186462,0.09336377931250753,1.987552809119972,0.4466434343377089
levy,pure_bo,pure_bo,5,0.11613603149159207,0.06988739394580704,2.689187672849632,0.9311275631781156
levy,pure_bo,pure_bo,6,0.08691687392757987,0.07490184309384486,3.104143140027702,0.9980598392062565
levy,pure_bo,pure_bo,7,0.08691687392757987,0.07490184309384486,3.9174041635348416,0.9830450222450607
levy,pure_bo,pure_bo,8,0.07959006853639573,0.06563686071287046,4.880936297185115,1.3415571192260307
levy,pure_bo,pure_bo,9,0.07959006853639573,0.06563686071287046,5.694682982028005,1.002346925851674
levy,pure_bo,pure_bo,10,0.07959006853639573,0.06563686071287046,6.657824523029213,1.003304182703022
levy,pure_bo,pure_bo,11,0.025883024776031677,0.036325003425729765,7.446045598724262,1.6071162343916938
levy,pure_bo,pure_bo,12,0.022718212782894636,0.031849333745309974,7.903777399991266,1.6038156765274638
levy,pure_bo,pure_bo,13,0.022718212782894636,0.031849333745309974,8.713567085713189,2.072435385014606
levy,pure_bo,pure_bo,14,0.022718212782894636,0.031849333745309974,9.700086985080246,2.3633563792027936
levy,pure_bo,pure_bo,15,0.022718212782894636,0.031849333745309974,10.591886886217402,2.3145289463654724
levy,pure_bo,pure_bo,16,0.022718212782894636,0.031849333745309974,11.572327133045313,2.191082972722478
levy,pure_bo,pure_bo,17,0.022718212782894636,0.031849333745309974,12.508905405823322,1.9921322874296032
levy,pure_bo,pure_bo,18,0.022718212782894636,0.031849333745309974,13.685089935910272,1.730591829976066
levy,pure_bo,pure_bo,19,0.00013174796069358053,0.00018631975282785906,14.896333698306742,1.687296141031726
levy,pure_bo,pure_bo,20,0.00013174796069358053,0.00018631975282785906,16.16307905868093,1.5872120240807928
levy,pure_bo,pure_bo,21,0.00013174796069358053,0.00018631975282785906,17.310746888841226,1.55151149886871
levy,pure_bo,pure_bo,22,0.00013174796069358053,0.00018631975282785906,18.27616386352013,1.614888750832438
levy,pure_bo,pure_bo,23,0.00013174796069358053,0.00018631975282785906,19.32209877994471,1.578829231065706
levy,pure_bo,pure_bo,24,0.00013174796069358053,0.00018631975282785906,20.448725374271486,1.6317429338332075
levy,pure_bo,pure_bo,25,0.00013174796069358053,0.00018631975282785906,21.838702694521615,1.5259675526155156
levy,pure_bo,pure_bo,26,0.00013174796069358053,0.00018631975282785906,23.322639965955087,1.364722687344559
levy,pure_bo,pure_bo,27,0.00013174796069358053,0.00018631975282785906,24.318996820582118,1.400958498138713
levy,pure_bo,pure_bo,28,0.00013174796069358053,0.00018631975282785906,25.415802476400202,1.4946574871593692
levy,pure_bo,pure_bo,29,0.00013174796069358053,0.00018631975282785906,26.362439587970382,1.6857908881977766
levy,pure_bo,pure_bo,30,0.00013174796069358053,0.00018631975282785906,27.244457197032034,1.7485813834394586
levy,pure_bo,pure_bo,31,0.00013174796069358053,0.00018631975282785906,27.952032937834982,1.4572573006835132
levy,pure_bo,pure_bo,32,0.00013174796069358053,0.00018631975282785906,29.102345841150765,1.6987550554353912
levy,pure_bo,pure_bo,33,0.00013174796069358053,0.00018631975282785906,30.053868607072832,1.701310980903714
levy,pure_bo,pure_bo,34,0.00013174796069358053,0.00018631975282785906,30.780492459530617,1.8077228991472738
levy,pure_bo,pure_bo,35,0.00013174796069358053,0.00018631975282785906,31.63151489794846,1.9391800799677288
levy,pure_bo,pure_bo,36,0.00013174796069358053,0.00018631975282785906,32.56581407841933,1.9029336228627032
levy,pure_bo,pure_bo,37,0.00013174796069358053,0.00018631975282785906,33.38815513530196,1.887981313945139
levy,pure_bo,pure_bo,38,0.00013174796069358053,0.00018631975282785906,34.05282161838483,1.8803411911600008
levy,pure_bo,pure_bo,39,0.00013174796069358053,0.00018631975282785906,34.96155558794076,1.9244124591897964
levy,pure_bo,pure_bo,40,0.00013174796069358053,0.00018631975282785906,36.04897301210319,2.014103151124172
levy,pure_bo,pure_bo,41,0.00013174796069358053,0.00018631975282785906,36.56407252149595,2.0681900705355094
levy,pure_bo,pure_bo,42,0.00013174796069358053,0.00018631975282785906,36.86169815330359,2.4066879005799104
levy,pure_bo,pure_bo,43,0.00013174796069358053,0.00018631975282785906,37.184983146733764,2.7998100140279307
levy,pure_bo,pure_bo,44,0.00013174796069358053,0.00018631975282785906,37.39738595893821,3.067779152494927
levy,pure_bo,pure_bo,45,0.00013174796069358053,0.00018631975282785906,37.65918007415588,3.405511661324278
levy,pure_bo,pure_bo,46,0.00013174796069358053,0.00018631975282785906,38.1280302164873,4.024673790882814
levy,pure_bo,pure_bo,47,0.00013174796069358053,0.00018631975282785906,38.394652869975275,4.382506474156016
levy,pure_bo,pure_bo,48,0.00013174796069358053,0.00018631975282785906,38.558112655879306,4.603403002370852
levy,pure_bo,pure_bo,49,0.00013174796069358053,0.00018631975282785906,38.93015366939259,5.109561182267738
levy,earlbo,earlbo,0,0.3083457226176637,0.015172465000984216,0.8831112543587437,0.11535762938394571
levy,earlbo,earlbo,1,0.2987778874355785,0.015360856705757287,0.9861038188821811,0.06794235445438301
levy,earlbo,earlbo,2,0.2987778874355785,0.015360856705757287,1.0700795870220718,0.07317928275028159
levy,earlbo,earlbo,3,0.2926177359575864,0.010918441971258519,1.1872021172768032,0.08553456864773575
levy,earlbo,earlbo,4,0.2903207252673345,0.009561300390015688,1.2882289422793791,0.06607056872525491
levy,earlbo,earlbo,5,0.27273557602769377,0.015615157278483291,1.4016523853287801,0.0336174050688788
levy,earlbo,earlbo,6,0.2709029877530606,0.01716159334235371,1.5036491999867072,0.02893818548203361
levy,earlbo,earlbo,7,0.2554472016634422,0.017648773463368787,1.60356934438878,0.031056531797943227
levy,earlbo,earlbo,8,0.21265938295212553,0.01295131884336952,1.7121748784342152,0.03390043897908247
levy,earlbo,earlbo,9,0.17254160343582906,0.029566734332976477,1.7953855801703102,0.012845366441590596
levy,earlbo,earlbo,10,0.14754179169561402,0.030975271552563365,1.8572729071183962,0.003560245990047409
levy,earlbo,earlbo,11,0.131951025516278,0.019488009946592853,1.9338248773856002,0.02947355283003215
levy,earlbo,earlbo,12,0.1239038747630894,0.030867340870202504,1.99393119463578,0.03258045756670565
levy,earlbo,earlbo,13,0.1239038747630894,0.030867340870202504,2.0749673012591816,0.0142323365692659
levy,earlbo,earlbo,14,0.112642514824749,0.04679269174566557,2.1872896784125677,0.03093362430782567
levy,earlbo,earlbo,15,0.1022509628846387,0.04134449237437204,2.276989800959603,0.05872347354274536
levy,earlbo,earlbo,16,0.09303207823974997,0.03738360478463291,2.3863943601561863,0.0842673019056581
levy,earlbo,earlbo,17,0.07822046853656799,0.034447087174140606,2.6380642594314643,0.2636930673841212
levy,earlbo,earlbo,18,0.07822046853656799,0.034447087174140606,2.9018613494085366,0.48375802826240505
levy,earlbo,earlbo,19,0.07822046853656799,0.034447087174140606,3.0968906741806506,0.5751195203479472
levy,earlbo,earlbo,20,0.07800844631893644,0.03468034942041445,3.275860303613774,0.7023116792076889
levy,earlbo,earlbo,21,0.0722515770822168,0.037829578114358144,3.3985426574213555,0.7763200662997352
levy,earlbo,earlbo,22,0.07185218194045669,0.03825212351059157,3.469236599712215,0.7941092228571477
levy,earlbo,earlbo,23,0.07185218194045669,0.03825212351059157,3.6153679164388617,0.7788860387022036
levy,earlbo,earlbo,24,0.07021054859955404,0.039163541980908635,3.7688133288288888,0.7816010194082468
levy,earlbo,earlbo,25,0.06241092095833154,0.03903941780254425,3.870573225848753,0.8034279206891686
levy,earlbo,earlbo,26,0.06050602321634949,0.03638449192193975,3.9680254430904554,0.8082342046253672
levy,earlbo,earlbo,27,0.05209479629962032,0.0328447605411295,4.05323476377352,0.8113370887317295
levy,earlbo,earlbo,28,0.05209479629962032,0.0328447605411295,4.125888765286319,0.8257022188435638
levy,earlbo,earlbo,29,0.04640677472032264,0.03869768310376237,4.228012811350539,0.822444498273929
levy,earlbo,earlbo,30,0.0395607719055591,0.0301828309720506,4.335307901306292,0.8286955523087175
levy,earlbo,earlbo,31,0.0395607719055591,0.0301828309720506,4.453434667717571,0.8064326174938576
levy,earlbo,earlbo,32,0.03400619661547756,0.026407071048589317,4.595333153015306,0.8017023266594914
levy,earlbo,earlbo,33,0.027832297941196394,0.02119547575558008,4.646649085026756,0.816446225121258
levy,earlbo,earlbo,34,0.027832297941196394,0.02119547575558008,4.769075253535837,0.7755317295396236
levy,earlbo,earlbo,35,0.022081079467441325,0.015445672615915045,4.927681178602091,0.7790753536717242
levy,earlbo,earlbo,36,0.020346323126374643,0.014177223464159271,5.068281084438911,0.7877259172988814
levy,earlbo,earlbo,37,0.020346323126374643,0.014177223464159271,5.152433074903644,0.7748640549115504
levy,earlbo,earlbo,38,0.012444689776519973,0.009261484224245187,5.243137469908544,0.7804548967102096
levy,earlbo,earlbo,39,0.01155227752337816,0.008299217396577673,5.34884301888857,0.7781446948265571
levy,earlbo,earlbo,40,0.007675446705182461,0.005696245143541066,5.427935782034317,0.7891468325806188
levy,earlbo,earlbo,41,0.007568828165735633,0.005682847423257338,5.586777801241193,0.7072054482362211
levy,earlbo,earlbo,42,0.007568828165735633,0.005682847423257338,5.748183421205368,0.6859842577838083
levy,earlbo,earlbo,43,0.007568828165735633,0.005682847423257338,5.893916124610364,0.7312292779943027
levy,earlbo,earlbo,44,0.005227638742419195,0.003490740614634734,6.062087638597277,0.7619327023639713
levy,earlbo,earlbo,45,0.0034223086581370217,0.002837954377921706,6.161980298405138,0.7779116304913752
levy,earlbo,earlbo,46,0.0034223086581370217,0.002837954377921706,6.285432259767661,0.7685422360801166
levy,earlbo,earlbo,47,0.0034223086581370217,0.002837954377921706,6.475468808424083,0.6870335305574766
levy,earlbo,earlbo,48,0.0034223086581370217,0.002837954377921706,6.681352298994381,0.6770164040833403
levy,earlbo,earlbo,49,0.0034223086581370217,0.002837954377921706,6.91436154695436,0.7453404134006438
levy,snake,snake,0,0.3515582750397945,0.0736115571195173,0.8157945634089527,0.08986638608236504
levy,snake,snake,1,0.3515582750397945,0.0736115571195173,0.9972964499602197,0.16495283235557617
levy,snake,snake,2,0.33951590462085574,0.05670605417531717,1.1045881355370737,0.1737981104850933
levy,snake,snake,3,0.30011289480915615,0.09325535954158243,1.3606609161514494,0.28146239833625025
levy,snake,snake,4,0.30011289480915615,0.09325535954158243,1.5513000302483608,0.3992406492760996
levy,snake,snake,5,0.2709805431583488,0.10010776495967226,1.8048656107789132,0.5492834843757737
levy,snake,snake,6,0.26093373203168974,0.089352069378695,1.9862498210327466,0.6547143040616442
levy,snake,snake,7,0.23591783622107754,0.06808771796020857,2.154290425842296,0.6421836817017385
levy,snake,snake,8,0.18109958661709002,0.06863759255030541,2.488542323356375,0.5955982565447298
levy,snake,snake,9,0.18109958661709002,0.06863759255030541,2.9574586136265792,0.6716297452350379
levy,snake,snake,10,0.18109958661709002,0.06863759255030541,3.301682524160435,0.7343521305522852
levy,snake,snake,11,0.15426640376593792,0.09555027861443738,3.636855595699194,0.7555824197888377
levy,snake,snake,12,0.14701323607079633,0.08627174271243752,3.963190036359292,0.8019859025013029
levy,snake,snake,13,0.14701323607079633,0.08627174271243752,4.311605741882689,0.7550727062142021
levy,snake,snake,14,0.14701323607079633,0.08627174271243752,4.617578574194739,0.7678669543896154
levy,snake,snake,15,0.13948010546880119,0.08652653630330112,4.9467669119658035,0.7212646940970523
levy,snake,snake,16,0.12483668927266249,0.06751524290439954,5.453397651206335,0.8282870598260705
levy,snake,snake,17,0.12483668927266249,0.06751524290439954,5.758412339586229,0.9485265600978909
levy,snake,snake,18,0.12483668927266249,0.06751524290439954,6.085992521616775,0.9762818120608578
levy,snake,snake,19,0.11372802492254418,0.06059961371479937,6.429698570804342,0.901440455026775
levy,snake,snake,20,0.11372802492254418,0.06059961371479937,6.558015408502993,0.8720716360859132
levy,snake,snake,21,0.1116832929397601,0.06293920099103309,6.841007453461461,0.9722269581591315
levy,snake,snake,22,0.1100192984691191,0.060810748230397435,7.106793185730208,1.0131315049594438
levy,snake,snake,23,0.10864286426135765,0.06098705859195856,7.395765072108098,1.0688816825932628
levy,snake,snake,24,0.10571951193826766,0.06156434930521382,7.7527887256515315,0.8897732140181653
levy,snake,snake,25,0.10571951193826766,0.06156434930521382,8.168281985781778,0.7088184721279964
levy,snake,snake,26,0.10571951193826766,0.06156434930521382,8.482795385292638,0.843168291172242
levy,snake,snake,27,0.10253768144396753,0.06021352857075053,8.843893135709683,0.9891058838286388
levy,snake,snake,28,0.09646293086795273,0.062524770518207,9.017490153527886,0.981040903196292
levy,snake,snake,29,0.09646293086795273,0.062524770518207,9.217664455837616,0.9796341023382006
levy,snake,snake,30,0.09481361861002198,0.060233339984016226,9.486019909651725,0.969873547570782
levy,snake,snake,31,0.09481361861002198,0.060233339984016226,9.734107323467807,0.9590044741519926
levy,snake,snake,32,0.09481361861002198,0.060233339984016226,10.032072976505015,0.9655215304106243
levy,snake,snake,33,0.09481361861002198,0.060233339984016226,10.257165880448971,0.9849799841874516
levy,snake,snake,34,0.09481361861002198,0.060233339984016226,10.44011871570266,1.0599652954525172
levy,snake,snake,35,0.09481361861002198,0.060233339984016226,10.771216911425546,1.1309643951957402
levy,snake,snake,36,0.09481361861002198,0.060233339984016226,11.027599115314949,1.2257793796704937
levy,snake,snake,37,0.08314567870150585,0.04414575223509918,11.233027680079973,1.3266444025314008
levy,snake,snake,38,0.08314567870150585,0.04414575223509918,11.423373719540736,1.307976034241883
levy,snake,snake,39,0.08314567870150585,0.04414575223509918,11.636834326287769,1.368692886652083
levy,snake,snake,40,0.08314567870150585,0.04414575223509918,11.869805304612155,1.4670818343373133
levy,snake,snake,41,0.08233879888342939,0.04445381267830541,12.10157542335938,1.517325418453123
levy,snake,snake,42,0.08233879888342939,0.04445381267830541,12.264042298202519,1.597299418383605
levy,snake,snake,43,0.08233879888342939,0.04445381267830541,12.478022089750425,1.5298435083681432
levy,snake,snake,44,0.08233879888342939,0.04445381267830541,12.665318650913912,1.5324230024906098
levy,snake,snake,45,0.08233879888342939,0.04445381267830541,12.871267638738198,1.5823713620925788
levy,snake,snake,46,0.08233879888342939,0.04445381267830541,13.06866200551788,1.6092610779653107
levy,snake,snake,47,0.08233879888342939,0.04445381267830541,13.236553386755068,1.6263027324580308
levy,snake,snake,48,0.08233879888342939,0.04445381267830541,13.411526701926768,1.7025471046096472
levy,snake,snake,49,0.08233879888342939,0.04445381267830541,13.591790508201358,1.790514345503908
levy,log_improvement_movement_cost3,log_improvement_movement_cost3,0,0.3515582750397945,0.0736115571195173,0.7456684931964986,0.11028119113114421
levy,log_improvement_movement_cost3,log_improvement_movement_cost3,1,0.3462759788166488,0.06618819507196777,0.9037763553854582,0.08837220805560352
levy,log_improvement_movement_cost3,log_improvement_movement_cost3,2,0.3322711352391518,0.04657948081559982,0.9981617673623049,0.08951894381621962
levy,log_improvement_movement_cost3,log_improvement_movement_cost3,3,0.3322711352391518,0.04657948081559982,1.099287920736709,0.11774588225709878
levy,log_improvement_movement_cost3,log_improvement_movement_cost3,4,0.3322711352391518,0.04657948081559982,1.1839164747156652,0.12971704071745807
levy,log_improvement_movement_cost3,log_improvement_movement_cost3,5,0.302452346390187,0.008665184175022633,1.2915156756019364,0.12800464589540653
levy,log_improvement_movement_cost3,log_improvement_movement_cost3,6,0.3016261909150982,0.009830565002961488,1.4038367668695637,0.1192183226320656
levy,log_improvement_movement_cost3,log_improvement_movement_cost3,7,0.3016261909150982,0.009830565002961488,1.4787901831301398,0.09417277810290099
levy,log_improvement_movement_cost3,log_improvement_movement_cost3,8,0.29709908920383804,0.008217554248463934,1.6075766247139491,0.1080969817436911
levy,log_improvement_movement_cost3,log_improvement_movement_cost3,9,0.29332696155659416,0.012902748152650363,1.7644083609042112,0.1468142271109931
levy,log_improvement_movement_cost3,log_improvement_movement_cost3,10,0.29332696155659416,0.012902748152650363,1.877060526585791,0.14851009943566468
levy,log_improvement_movement_cost3,log_improvement_movement_cost3,11,0.288486951712458,0.00858299568814682,2.0011238767389794,0.18442382058257584
levy,log_improvement_movement_cost3,log_improvement_movement_cost3,12,0.288486951712458,0.00858299568814682,2.1371926090628937,0.2133732199146054
levy,log_improvement_movement_cost3,log_improvement_movement_cost3,13,0.288486951712458,0.00858299568814682,2.2727896956254496,0.275750368929105
levy,log_improvement_movement_cost3,log_improvement_movement_cost3,14,0.288486951712458,0.00858299568814682,2.3674490617877706,0.2774880900467401
levy,log_improvement_movement_cost3,log_improvement_movement_cost3,15,0.288486951712458,0.00858299568814682,2.509436000461027,0.2739132325603406
levy,log_improvement_movement_cost3,log_improvement_movement_cost3,16,0.288486951712458,0.00858299568814682,2.6349460127404356,0.23442388510777346
levy,log_improvement_movement_cost3,log_improvement_movement_cost3,17,0.288486951712458,0.00858299568814682,2.741230195696779,0.19751816300159622
levy,log_improvement_movement_cost3,log_improvement_movement_cost3,18,0.288486951712458,0.00858299568814682,2.8306436722864565,0.194306270752207
levy,log_improvement_movement_cost3,log_improvement_movement_cost3,19,0.288486951712458,0.00858299568814682,2.935135770393167,0.22581796113864241
levy,log_improvement_movement_cost3,log_improvement_movement_cost3,20,0.28069151981532053,0.009021479009456344,3.1034169089606727,0.2810791137087496
levy,log_improvement_movement_cost3,log_improvement_movement_cost3,21,0.2774853094338929,0.00463812971764235,3.2676476432907133,0.32878543866415694
levy,log_improvement_movement_cost3,log_improvement_movement_cost3,22,0.2774853094338929,0.00463812971764235,3.4120435626656485,0.3545186348161931
levy,log_improvement_movement_cost3,log_improvement_movement_cost3,23,0.2774853094338929,0.00463812971764235,3.532709830228845,0.33588410538741886
levy,log_improvement_movement_cost3,log_improvement_movement_cost3,24,0.2774853094338929,0.00463812971764235,3.627898054149204,0.3232035404200803
levy,log_improvement_movement_cost3,log_improvement_movement_cost3,25,0.2774853094338929,0.00463812971764235,3.7453494894635235,0.28577894798006825
levy,log_improvement_movement_cost3,log_improvement_movement_cost3,26,0.2774853094338929,0.00463812971764235,3.8191028888973784,0.25574444905946536
levy,log_improvement_movement_cost3,log_improvement_movement_cost3,27,0.2774853094338929,0.00463812971764235,3.9448847531254265,0.22898176259275438
levy,log_improvement_movement_cost3,log_improvement_movement_cost3,28,0.27691084605251454,0.004834762816200466,4.076757263874576,0.20896900786895695
levy,log_improvement_movement_cost3,log_improvement_movement_cost3,29,0.27691084605251454,0.004834762816200466,4.203541107981743,0.19251711422891327
levy,log_improvement_movement_cost3,log_improvement_movement_cost3,30,0.27691084605251454,0.004834762816200466,4.318596256536906,0.15852144756190933
levy,log_improvement_movement_cost3,log_improvement_movement_cost3,31,0.27691084605251454,0.004834762816200466,4.43853231203743,0.14039404824487015
levy,log_improvement_movement_cost3,log_improvement_movement_cost3,32,0.25738549153348883,0.018654604018038954,4.614626459688126,0.19078124345133637
levy,log_improvement_movement_cost3,log_improvement_movement_cost3,33,0.25738549153348883,0.018654604018038954,4.787485774119829,0.16698992418354477
levy,log_improvement_movement_cost3,log_improvement_movement_cost3,34,0.25738549153348883,0.018654604018038954,4.873423026549868,0.17132510230737732
levy,log_improvement_movement_cost3,log_improvement_movement_cost3,35,0.25738549153348883,0.018654604018038954,5.029525049516865,0.19335007110878247
levy,log_improvement_movement_cost3,log_improvement_movement_cost3,36,0.23514947110629328,0.042564214038413754,5.231651980964854,0.28021311752975975
levy,log_improvement_movement_cost3,log_improvement_movement_cost3,37,0.23514947110629328,0.042564214038413754,5.389587579681414,0.3516682165619082
levy,log_improvement_movement_cost3,log_improvement_movement_cost3,38,0.23514947110629328,0.042564214038413754,5.47989843848881,0.33253025310378204
levy,log_improvement_movement_cost3,log_improvement_movement_cost3,39,0.23514947110629328,0.042564214038413754,5.569949315203634,0.3606896605832087
levy,log_improvement_movement_cost3,log_improvement_movement_cost3,40,0.23514947110629328,0.042564214038413754,5.6389007295265285,0.33519108866709213
levy,log_improvement_movement_cost3,log_improvement_movement_cost3,41,0.23514947110629328,0.042564214038413754,5.731439081058189,0.3266597704178311
levy,log_improvement_movement_cost3,log_improvement_movement_cost3,42,0.23514947110629328,0.042564214038413754,5.861163370982283,0.33234193567914094
levy,log_improvement_movement_cost3,log_improvement_movement_cost3,43,0.23514947110629328,0.042564214038413754,5.944118558637843,0.34993716823802623
levy,log_improvement_movement_cost3,log_improvement_movement_cost3,44,0.23514947110629328,0.042564214038413754,6.016274536461737,0.37176437758049585
levy,log_improvement_movement_cost3,log_improvement_movement_cost3,45,0.23306684566200012,0.04023070927355937,6.131760214557452,0.36594151862056734
levy,log_improvement_movement_cost3,log_improvement_movement_cost3,46,0.23306684566200012,0.04023070927355937,6.239616807276998,0.3145916105505697
levy,log_improvement_movement_cost3,log_improvement_movement_cost3,47,0.22824054312473904,0.035177685508317506,6.376169843238613,0.3067249055916408
levy,log_improvement_movement_cost3,log_improvement_movement_cost3,48,0.21897691610021433,0.03401898246156056,6.609209944208921,0.3509861606274999
levy,log_improvement_movement_cost3,log_improvement_movement_cost3,49,0.21897691610021433,0.03401898246156056,6.79071650811114,0.36438749555263994
levy,optimistic_selected,optimistic_improvement_movement_cost2,0,0.3515582750397945,0.0736115571195173,0.7521831957104405,0.10504072183781493
levy,optimistic_selected,optimistic_improvement_movement_cost2,1,0.3417867806696582,0.05988857179256429,0.9171356645718279,0.07333136823064129
levy,optimistic_selected,optimistic_improvement_movement_cost2,2,0.32827320006208566,0.04101659032799618,1.0421859962287436,0.072282629497342
levy,optimistic_selected,optimistic_improvement_movement_cost2,3,0.32827320006208566,0.04101659032799618,1.1679656162761387,0.1404451658072896
levy,optimistic_selected,optimistic_improvement_movement_cost2,4,0.32701187998967823,0.041632104291480905,1.2706631899942191,0.162326855841294
levy,optimistic_selected,optimistic_improvement_movement_cost2,5,0.3031362700932589,0.009691513924848561,1.3768510050195901,0.16195722402708929
levy,optimistic_selected,optimistic_improvement_movement_cost2,6,0.3031362700932589,0.009691513924848561,1.4693658070640836,0.1611182287639581
levy,optimistic_selected,optimistic_improvement_movement_cost2,7,0.3031362700932589,0.009691513924848561,1.5535357709196385,0.14097172743048167
levy,optimistic_selected,optimistic_improvement_movement_cost2,8,0.3031362700932589,0.009691513924848561,1.6964199231328487,0.15082701762946804
levy,optimistic_selected,optimistic_improvement_movement_cost2,9,0.29253581140060336,0.02433552790287233,1.8580993095732186,0.1956746059631482
levy,optimistic_selected,optimistic_improvement_movement_cost2,10,0.29253581140060336,0.02433552790287233,1.9895074008697555,0.1931968599541565
levy,optimistic_selected,optimistic_improvement_movement_cost2,11,0.2807494880595012,0.019332114310103628,2.121377617559537,0.2221922272293214
levy,optimistic_selected,optimistic_improvement_movement_cost2,12,0.2807494880595012,0.019332114310103628,2.2533203971420854,0.24781330234660567
levy,optimistic_selected,optimistic_improvement_movement_cost2,13,0.2807494880595012,0.019332114310103628,2.3791660039051785,0.29961706377631364
levy,optimistic_selected,optimistic_improvement_movement_cost2,14,0.2807494880595012,0.019332114310103628,2.4831927621101326,0.3153096073514819
levy,optimistic_selected,optimistic_improvement_movement_cost2,15,0.2807494880595012,0.019332114310103628,2.630166859854795,0.3202415141198316
levy,optimistic_selected,optimistic_improvement_movement_cost2,16,0.2807494880595012,0.019332114310103628,2.7417640167748085,0.2716238262353874
levy,optimistic_selected,optimistic_improvement_movement_cost2,17,0.2807494880595012,0.019332114310103628,2.846485938551344,0.23004735237299329
levy,optimistic_selected,optimistic_improvement_movement_cost2,18,0.2807494880595012,0.019332114310103628,2.929713470105545,0.21627093863658028
levy,optimistic_selected,optimistic_improvement_movement_cost2,19,0.2807494880595012,0.019332114310103628,3.0290111923280496,0.23984062300474626
levy,optimistic_selected,optimistic_improvement_movement_cost2,20,0.2807494880595012,0.019332114310103628,3.172300155373815,0.2563003284596617
levy,optimistic_selected,optimistic_improvement_movement_cost2,21,0.2807494880595012,0.019332114310103628,3.3035596837899845,0.28988030314256225
levy,optimistic_selected,optimistic_improvement_movement_cost2,22,0.2703613014438149,0.008577624812594324,3.4689197358682193,0.3434031300511728
levy,optimistic_selected,optimistic_improvement_movement_cost2,23,0.2703613014438149,0.008577624812594324,3.59915108513694,0.345090516418289
levy,optimistic_selected,optimistic_improvement_movement_cost2,24,0.2703613014438149,0.008577624812594324,3.6737520098049345,0.3443688787301124
levy,optimistic_selected,optimistic_improvement_movement_cost2,25,0.2703613014438149,0.008577624812594324,3.7865087360465197,0.3359650934437669
levy,optimistic_selected,optimistic_improvement_movement_cost2,26,0.2703613014438149,0.008577624812594324,3.873740492159689,0.31528453866447936
levy,optimistic_selected,optimistic_improvement_movement_cost2,27,0.2703613014438149,0.008577624812594324,4.011613404278848,0.29923146844534687
levy,optimistic_selected,optimistic_improvement_movement_cost2,28,0.2703613014438149,0.008577624812594324,4.1373068691255845,0.29258595714738905
levy,optimistic_selected,optimistic_improvement_movement_cost2,29,0.26004189174001735,0.014240373016672222,4.282217346611493,0.340652024142992
levy,optimistic_selected,optimistic_improvement_movement_cost2,30,0.26004189174001735,0.014240373016672222,4.411549411791598,0.35649582385237344
levy,optimistic_selected,optimistic_improvement_movement_cost2,31,0.26004189174001735,0.014240373016672222,4.518452111600127,0.3627127306562016
levy,optimistic_selected,optimistic_improvement_movement_cost2,32,0.2501408061358315,0.026966136953575304,4.691699797477934,0.43083209502487413
levy,optimistic_selected,optimistic_improvement_movement_cost2,33,0.2501408061358315,0.026966136953575304,4.845102772442012,0.4270426573814798
levy,optimistic_selected,optimistic_improvement_movement_cost2,34,0.2501408061358315,0.026966136953575304,4.92760472665326,0.423278354407265
levy,optimistic_selected,optimistic_improvement_movement_cost2,35,0.2501408061358315,0.026966136953575304,5.08007544477862,0.44011777479849923
levy,optimistic_selected,optimistic_improvement_movement_cost2,36,0.23420249676908944,0.031159853699636177,5.301045099581514,0.4610417151432592
levy,optimistic_selected,optimistic_improvement_movement_cost2,37,0.23420249676908944,0.031159853699636177,5.475961504676974,0.4669014042930755
levy,optimistic_selected,optimistic_improvement_movement_cost2,38,0.23420249676908944,0.031159853699636177,5.566184184223463,0.4462324157133689
levy,optimistic_selected,optimistic_improvement_movement_cost2,39,0.23420249676908944,0.031159853699636177,5.662374537261027,0.43878750437019315
levy,optimistic_selected,optimistic_improvement_movement_cost2,40,0.23420249676908944,0.031159853699636177,5.732757456542511,0.43173330086735934
levy,optimistic_selected,optimistic_improvement_movement_cost2,41,0.23420249676908944,0.031159853699636177,5.8329244906130855,0.426099772798735
levy,optimistic_selected,optimistic_improvement_movement_cost2,42,0.23420249676908944,0.031159853699636177,5.961652461635668,0.39998545978558786
levy,optimistic_selected,optimistic_improvement_movement_cost2,43,0.23420249676908944,0.031159853699636177,6.05127275215857,0.41930921518528125
levy,optimistic_selected,optimistic_improvement_movement_cost2,44,0.23420249676908944,0.031159853699636177,6.12283923612722,0.41798383947685014
levy,optimistic_selected,optimistic_improvement_movement_cost2,45,0.23087302849645433,0.026455974351971754,6.242659920156922,0.431709062968367
levy,optimistic_selected,optimistic_improvement_movement_cost2,46,0.23087302849645433,0.026455974351971754,6.3557646500184894,0.39422267817844486
levy,optimistic_selected,optimistic_improvement_movement_cost2,47,0.2258205600098108,0.019322210577186673,6.498001899132508,0.3779362456032387
levy,optimistic_selected,optimistic_improvement_movement_cost2,48,0.21929946147781706,0.02481354775158542,6.748622422787442,0.4496387651250265
levy,optimistic_selected,optimistic_improvement_movement_cost2,49,0.21929946147781706,0.02481354775158542,6.949623438330128,0.5745260093997557
levy,budgeted_exploration,budgeted_exploration,0,0.3515582750397945,0.0736115571195173,0.7438470032096124,0.10133502522272303
levy,budgeted_exploration,budgeted_exploration,1,0.3506124996938378,0.07228172123436562,0.9180304826753876,0.08132937106310896
levy,budgeted_exploration,budgeted_exploration,2,0.3328263189081782,0.04735369144186185,1.0182533568614145,0.07389267203006118
levy,budgeted_exploration,budgeted_exploration,3,0.3328263189081782,0.04735369144186185,1.1335121432160482,0.11653973069316753
levy,budgeted_exploration,budgeted_exploration,4,0.3328263189081782,0.04735369144186185,1.2393777359165665,0.13298405013015685
levy,budgeted_exploration,budgeted_exploration,5,0.30144629878866963,0.00815107798913738,1.3528853653944755,0.12663022622204576
levy,budgeted_exploration,budgeted_exploration,6,0.30144629878866963,0.00815107798913738,1.4652644402818933,0.12116239920835159
levy,budgeted_exploration,budgeted_exploration,7,0.30144629878866963,0.00815107798913738,1.5562851424299196,0.10964066535820984
levy,budgeted_exploration,budgeted_exploration,8,0.2930845972349119,0.008590039487697376,1.6969266181292246,0.13474802528408675
levy,budgeted_exploration,budgeted_exploration,9,0.28280970211367923,0.018534496398186603,1.8739964045676516,0.17314189197354282
levy,budgeted_exploration,budgeted_exploration,10,0.28280970211367923,0.018534496398186603,2.0090157496592638,0.15180063593736995
levy,budgeted_exploration,budgeted_exploration,11,0.2765172703457643,0.012114688244310438,2.142537213111519,0.16222512644267212
levy,budgeted_exploration,budgeted_exploration,12,0.2765172703457643,0.012114688244310438,2.288912171507786,0.18051973639927107
levy,budgeted_exploration,budgeted_exploration,13,0.2765172703457643,0.012114688244310438,2.4306430709653863,0.24387549165945197
levy,budgeted_exploration,budgeted_exploration,14,0.2765172703457643,0.012114688244310438,2.539026553603684,0.2784163670325865
levy,budgeted_exploration,budgeted_exploration,15,0.2765172703457643,0.012114688244310438,2.6899685004569034,0.29938609339451416
levy,budgeted_exploration,budgeted_exploration,16,0.2765172703457643,0.012114688244310438,2.8066574967149074,0.26908068038325444
levy,budgeted_exploration,budgeted_exploration,17,0.2765172703457643,0.012114688244310438,2.9067435989294395,0.2256670587689804
levy,budgeted_exploration,budgeted_exploration,18,0.2765172703457643,0.012114688244310438,2.9888045332411135,0.20156844987465528
levy,budgeted_exploration,budgeted_exploration,19,0.2765172703457643,0.012114688244310438,3.0882486484699214,0.22946109225297243
levy,budgeted_exploration,budgeted_exploration,20,0.2765172703457643,0.012114688244310438,3.2316243998680925,0.2545604632180001
levy,budgeted_exploration,budgeted_exploration,21,0.2765172703457643,0.012114688244310438,3.3612447186263865,0.2578969711751469
levy,budgeted_exploration,budgeted_exploration,22,0.2765172703457643,0.012114688244310438,3.5063541424116518,0.276667719223671
levy,budgeted_exploration,budgeted_exploration,23,0.2765172703457643,0.012114688244310438,3.6225215266122213,0.25485832286846744
levy,budgeted_exploration,budgeted_exploration,24,0.2765172703457643,0.012114688244310438,3.7155818597885086,0.23411541215324141
levy,budgeted_exploration,budgeted_exploration,25,0.2765172703457643,0.012114688244310438,3.82888833059715,0.21573443353507946
levy,budgeted_exploration,budgeted_exploration,26,0.2765172703457643,0.012114688244310438,3.9034756954518763,0.18450779676584822
levy,budgeted_exploration,budgeted_exploration,27,0.2765172703457643,0.012114688244310438,4.024085165374109,0.1494451204862786
levy,budgeted_exploration,budgeted_exploration,28,0.2765172703457643,0.012114688244310438,4.149287865587776,0.14306079726562831
levy,budgeted_exploration,budgeted_exploration,29,0.2765172703457643,0.012114688244310438,4.265457562193096,0.1427194736432688
levy,budgeted_exploration,budgeted_exploration,30,0.2765172703457643,0.012114688244310438,4.379827627632956,0.11178565472212672
levy,budgeted_exploration,budgeted_exploration,31,0.2765172703457643,0.012114688244310438,4.478999389869656,0.09797148647166184
levy,budgeted_exploration,budgeted_exploration,32,0.26865145498619564,0.01217919542403361,4.622536831257867,0.13816327254059962
levy,budgeted_exploration,budgeted_exploration,33,0.26865145498619564,0.01217919542403361,4.760439535933685,0.11031498761656407
levy,budgeted_exploration,budgeted_exploration,34,0.26865145498619564,0.01217919542403361,4.84109616690818,0.10370480546913595
levy,budgeted_exploration,budgeted_exploration,35,0.26865145498619564,0.01217919542403361,4.9928636586507125,0.12885209220541857
levy,budgeted_exploration,budgeted_exploration,36,0.26865145498619564,0.01217919542403361,5.1934947629740345,0.2038910643234794
levy,budgeted_exploration,budgeted_exploration,37,0.26865145498619564,0.01217919542403361,5.338159625893894,0.2555529407440369
levy,budgeted_exploration,budgeted_exploration,38,0.26865145498619564,0.01217919542403361,5.419713099664357,0.2472824390026941
levy,budgeted_exploration,budgeted_exploration,39,0.26865145498619564,0.01217919542403361,5.512198404162753,0.28208573891879385
levy,budgeted_exploration,budgeted_exploration,40,0.26865145498619564,0.01217919542403361,5.59457305448824,0.27515388204608476
levy,budgeted_exploration,budgeted_exploration,41,0.26865145498619564,0.01217919542403361,5.690974278709073,0.2650664630147171
levy,budgeted_exploration,budgeted_exploration,42,0.26865145498619564,0.01217919542403361,5.826293543069416,0.2578351765631802
levy,budgeted_exploration,budgeted_exploration,43,0.26865145498619564,0.01217919542403361,5.921884746048332,0.28173967732807836
levy,budgeted_exploration,budgeted_exploration,44,0.26865145498619564,0.01217919542403361,5.985815290155283,0.2934112630138433
levy,budgeted_exploration,budgeted_exploration,45,0.26865145498619564,0.01217919542403361,6.084565382260244,0.3000000833508041
levy,budgeted_exploration,budgeted_exploration,46,0.26865145498619564,0.01217919542403361,6.184690120199626,0.2636525876840277
levy,budgeted_exploration,budgeted_exploration,47,0.26865145498619564,0.01217919542403361,6.298349114154456,0.22841235245757235
levy,budgeted_exploration,budgeted_exploration,48,0.2657228361353055,0.01456508996527523,6.47986246083742,0.261837981835993
levy,budgeted_exploration,budgeted_exploration,49,0.2657228361353055,0.01456508996527523,6.653729821725946,0.31740969918468953
levy,lookahead_budgeted_exploration,lookahead_budgeted_exploration,0,0.3515582750397945,0.0736115571195173,0.733857356871702,0.11378314436834076
levy,lookahead_budgeted_exploration,lookahead_budgeted_exploration,1,0.3515582750397945,0.0736115571195173,0.8903130354327057,0.08338312546809368
levy,lookahead_budgeted_exploration,lookahead_budgeted_exploration,2,0.34507048482897673,0.06449559881171743,1.0011625190095754,0.11004104829709421
levy,lookahead_budgeted_exploration,lookahead_budgeted_exploration,3,0.3438807194825973,0.0628257351030052,1.1164488326050057,0.1809010941664314
levy,lookahead_budgeted_exploration,lookahead_budgeted_exploration,4,0.3438807194825973,0.0628257351030052,1.2223536699588362,0.20655888007152517
levy,lookahead_budgeted_exploration,lookahead_budgeted_exploration,5,0.3059453663183641,0.011684729877875,1.34249033905106,0.21571319573637884
levy,lookahead_budgeted_exploration,lookahead_budgeted_exploration,6,0.3059453663183641,0.011684729877875,1.4452091224989256,0.1786216215322068
levy,lookahead_budgeted_exploration,lookahead_budgeted_exploration,7,0.3059453663183641,0.011684729877875,1.5511480444017611,0.14829651821987047
levy,lookahead_budgeted_exploration,lookahead_budgeted_exploration,8,0.3059453663183641,0.011684729877875,1.6835706511545092,0.16066224491147083
levy,lookahead_budgeted_exploration,lookahead_budgeted_exploration,9,0.29491605998301107,0.026951969247594066,1.847426323922978,0.19122009849484803
levy,lookahead_budgeted_exploration,lookahead_budgeted_exploration,10,0.29491605998301107,0.026951969247594066,1.9852485736425913,0.18538352020468565
levy,lookahead_budgeted_exploration,lookahead_budgeted_exploration,11,0.29491605998301107,0.026951969247594066,2.121700315145047,0.2179860962012046
levy,lookahead_budgeted_exploration,lookahead_budgeted_exploration,12,0.29491605998301107,0.026951969247594066,2.2735830124302385,0.2604149542194542
levy,lookahead_budgeted_exploration,lookahead_budgeted_exploration,13,0.29491605998301107,0.026951969247594066,2.400786361490193,0.31691908155767345
levy,lookahead_budgeted_exploration,lookahead_budgeted_exploration,14,0.29491605998301107,0.026951969247594066,2.486596288078435,0.3215638268587865
levy,lookahead_budgeted_exploration,lookahead_budgeted_exploration,15,0.29491605998301107,0.026951969247594066,2.6218639539323116,0.3467629094525605
levy,lookahead_budgeted_exploration,lookahead_budgeted_exploration,16,0.29491605998301107,0.026951969247594066,2.7597641788331124,0.34959899412512585
levy,lookahead_budgeted_exploration,lookahead_budgeted_exploration,17,0.29491605998301107,0.026951969247594066,2.872873036276593,0.31044475202001864
levy,lookahead_budgeted_exploration,lookahead_budgeted_exploration,18,0.29491605998301107,0.026951969247594066,2.95460404469573,0.2932479612921033
levy,lookahead_budgeted_exploration,lookahead_budgeted_exploration,19,0.29491605998301107,0.026951969247594066,3.073265596460781,0.33612948703076234
levy,lookahead_budgeted_exploration,lookahead_budgeted_exploration,20,0.29491605998301107,0.026951969247594066,3.2132386803915467,0.3642763674763016
levy,lookahead_budgeted_exploration,lookahead_budgeted_exploration,21,0.294684368969718,0.026752772342077916,3.361811994081627,0.3436204416070829
levy,lookahead_budgeted_exploration,lookahead_budgeted_exploration,22,0.294684368969718,0.026752772342077916,3.5093632918968205,0.3529881114272436
levy,lookahead_budgeted_exploration,lookahead_budgeted_exploration,23,0.294684368969718,0.026752772342077916,3.6218308436114444,0.34760981482784287
levy,lookahead_budgeted_exploration,lookahead_budgeted_exploration,24,0.294684368969718,0.026752772342077916,3.6913187915689414,0.3238276910111384
levy,lookahead_budgeted_exploration,lookahead_budgeted_exploration,25,0.294684368969718,0.026752772342077916,3.8106139338180873,0.2999132126538978
levy,lookahead_budgeted_exploration,lookahead_budgeted_exploration,26,0.294684368969718,0.026752772342077916,3.8964094914426677,0.25341621492012384
levy,lookahead_budgeted_exploration,lookahead_budgeted_exploration,27,0.294684368969718,0.026752772342077916,4.035725182996175,0.23145995345913556
levy,lookahead_budgeted_exploration,lookahead_budgeted_exploration,28,0.294684368969718,0.026752772342077916,4.1643157298444535,0.27207527064156195
levy,lookahead_budgeted_exploration,lookahead_budgeted_exploration,29,0.294684368969718,0.026752772342077916,4.286716446133952,0.25371124782853066
levy,lookahead_budgeted_exploration,lookahead_budgeted_exploration,30,0.294684368969718,0.026752772342077916,4.391490215711766,0.21437303373398509
levy,lookahead_budgeted_exploration,lookahead_budgeted_exploration,31,0.294684368969718,0.026752772342077916,4.499594169337079,0.18530290615239958
levy,lookahead_budgeted_exploration,lookahead_budgeted_exploration,32,0.294402407836214,0.026600546649109214,4.619412109595918,0.21786569878004824
levy,lookahead_budgeted_exploration,lookahead_budgeted_exploration,33,0.294402407836214,0.026600546649109214,4.741524369696429,0.17583083527215818
levy,lookahead_budgeted_exploration,lookahead_budgeted_exploration,34,0.294402407836214,0.026600546649109214,4.818640003204302,0.19948625709133033
levy,lookahead_budgeted_exploration,lookahead_budgeted_exploration,35,0.294402407836214,0.026600546649109214,4.96660004915953,0.25296872866096437
levy,lookahead_budgeted_exploration,lookahead_budgeted_exploration,36,0.294402407836214,0.026600546649109214,5.150109142008728,0.3432681694852633
levy,lookahead_budgeted_exploration,lookahead_budgeted_exploration,37,0.294402407836214,0.026600546649109214,5.304236134452294,0.3977204067053971
levy,lookahead_budgeted_exploration,lookahead_budgeted_exploration,38,0.294402407836214,0.026600546649109214,5.397270045640607,0.40233511553291035
levy,lookahead_budgeted_exploration,lookahead_budgeted_exploration,39,0.294402407836214,0.026600546649109214,5.49219126268213,0.4382811322690022
levy,lookahead_budgeted_exploration,lookahead_budgeted_exploration,40,0.294402407836214,0.026600546649109214,5.57197613055283,0.42552599517086137
levy,lookahead_budgeted_exploration,lookahead_budgeted_exploration,41,0.294402407836214,0.026600546649109214,5.653211311166782,0.41274447436988854
levy,lookahead_budgeted_exploration,lookahead_budgeted_exploration,42,0.294402407836214,0.026600546649109214,5.767247123806791,0.39703543227827603
levy,lookahead_budgeted_exploration,lookahead_budgeted_exploration,43,0.294402407836214,0.026600546649109214,5.863022896024735,0.4171512700783529
levy,lookahead_budgeted_exploration,lookahead_budgeted_exploration,44,0.294402407836214,0.026600546649109214,5.932586564726852,0.4331213799772749
levy,lookahead_budgeted_exploration,lookahead_budgeted_exploration,45,0.294402407836214,0.026600546649109214,6.037522669497427,0.45590521517306437
levy,lookahead_budgeted_exploration,lookahead_budgeted_exploration,46,0.294402407836214,0.026600546649109214,6.126841744384976,0.4197199469179787
levy,lookahead_budgeted_exploration,lookahead_budgeted_exploration,47,0.29350338493108813,0.025838049288196798,6.229616695357492,0.39352104012023287
levy,lookahead_budgeted_exploration,lookahead_budgeted_exploration,48,0.2766875264298524,0.02698195604114878,6.405914777722199,0.4342467759135064
levy,lookahead_budgeted_exploration,lookahead_budgeted_exploration,49,0.2766875264298524,0.02698195604114878,6.578688590462389,0.4747132475928175
rosenbrock,pure_bo,pure_bo,0,19.17947175346908,7.958479827753834,0.5176919749024439,0.05320426256764068
rosenbrock,pure_bo,pure_bo,1,19.17947175346908,7.958479827753834,0.8908220813909918,0.14484492676105049
rosenbrock,pure_bo,pure_bo,2,19.17947175346908,7.958479827753834,1.2488115996519948,0.14813875432291432
rosenbrock,pure_bo,pure_bo,3,19.17947175346908,7.958479827753834,1.6982773823432638,0.22190457940683506
rosenbrock,pure_bo,pure_bo,4,13.13313644701436,5.251809419505355,2.3922271111378763,0.25713865218380233
rosenbrock,pure_bo,pure_bo,5,13.13313644701436,5.251809419505355,3.3362439558961796,0.45160352728772607
rosenbrock,pure_bo,pure_bo,6,13.13313644701436,5.251809419505355,4.347728839518941,0.5141801142621167
rosenbrock,pure_bo,pure_bo,7,13.13313644701436,5.251809419505355,4.90623595109671,0.5738771000684656
rosenbrock,pure_bo,pure_bo,8,8.468075908639655,1.9110747199388385,5.4116806079453355,0.7189380242142158
rosenbrock,pure_bo,pure_bo,9,8.468075908639655,1.9110747199388385,6.14369992526522,0.9800245673992946
rosenbrock,pure_bo,pure_bo,10,8.468075908639655,1.9110747199388385,6.855508800331974,1.164281621725419
rosenbrock,pure_bo,pure_bo,11,8.468075908639655,1.9110747199388385,8.251956120628055,1.2527672058310098
rosenbrock,pure_bo,pure_bo,12,8.468075908639655,1.9110747199388385,9.085127955576853,1.414384843099591
rosenbrock,pure_bo,pure_bo,13,8.468075908639655,1.9110747199388385,9.670163998217836,1.7165780780632096
rosenbrock,pure_bo,pure_bo,14,8.468075908639655,1.9110747199388385,10.356957943284547,1.7573971193784421
rosenbrock,pure_bo,pure_bo,15,8.468075908639655,1.9110747199388385,10.876200487328909,1.9139484259780406
rosenbrock,pure_bo,pure_bo,16,8.468075908639655,1.9110747199388385,11.51930751755804,2.071394940400008
rosenbrock,pure_bo,pure_bo,17,8.468075908639655,1.9110747199388385,12.543470663926852,2.5865491667566882
rosenbrock,pure_bo,pure_bo,18,7.46747685429207,2.93068554656079,13.94539712614732,2.734052896122214
rosenbrock,pure_bo,pure_bo,19,6.973982510904797,2.328995919795916,14.856143952664297,2.8008402349267048
rosenbrock,pure_bo,pure_bo,20,6.973982510904797,2.328995919795916,15.658285948654092,3.075362788759564
rosenbrock,pure_bo,pure_bo,21,6.973982510904797,2.328995919795916,16.437395292600055,3.3933107721399822
rosenbrock,pure_bo,pure_bo,22,6.973982510904797,2.328995919795916,17.0094602702048,3.4951939709372937
rosenbrock,pure_bo,pure_bo,23,6.973982510904797,2.328995919795916,17.746729480725477,3.706777204416191
rosenbrock,pure_bo,pure_bo,24,6.973982510904797,2.328995919795916,18.87097028492758,3.934530230134402
rosenbrock,pure_bo,pure_bo,25,6.973982510904797,2.328995919795916,19.792188994721887,3.683996378781061
rosenbrock,pure_bo,pure_bo,26,6.973982510904797,2.328995919795916,20.908290222051644,3.4825984632122786
rosenbrock,pure_bo,pure_bo,27,6.973982510904797,2.328995919795916,21.770313152018872,3.4411714788111496
rosenbrock,pure_bo,pure_bo,28,6.973982510904797,2.328995919795916,22.772070754483664,3.548533984290151
rosenbrock,pure_bo,pure_bo,29,4.562301207239112,3.9745995546601534,24.073003933067877,3.614053778854572
rosenbrock,pure_bo,pure_bo,30,4.562301207239112,3.9745995546601534,24.61382715177466,3.527337520373528
rosenbrock,pure_bo,pure_bo,31,4.562301207239112,3.9745995546601534,25.162189926576133,3.6698721776667997
rosenbrock,pure_bo,pure_bo,32,4.562301207239112,3.9745995546601534,25.870953626723576,3.730172909475096
rosenbrock,pure_bo,pure_bo,33,4.562301207239112,3.9745995546601534,27.2940743330615,3.1185570410756513
rosenbrock,pure_bo,pure_bo,34,4.562301207239112,3.9745995546601534,28.013062278252136,2.7651293166982205
rosenbrock,pure_bo,pure_bo,35,4.562301207239112,3.9745995546601534,29.112107097201065,2.7394885735647883
rosenbrock,pure_bo,pure_bo,36,4.562301207239112,3.9745995546601534,30.024414757103543,2.9979870521509016
rosenbrock,pure_bo,pure_bo,37,4.562301207239112,3.9745995546601534,31.044662181612313,3.0857010506810307
rosenbrock,pure_bo,pure_bo,38,4.562301207239112,3.9745995546601534,32.321678500041536,3.177731771861865
rosenbrock,pure_bo,pure_bo,39,4.562301207239112,3.9745995546601534,33.552833635704175,3.4055329009881725
rosenbrock,pure_bo,pure_bo,40,4.562301207239112,3.9745995546601534,34.494751891679876,3.3748032813908586
rosenbrock,pure_bo,pure_bo,41,4.562301207239112,3.9745995546601534,35.477914770093776,3.2954718067423623
rosenbrock,pure_bo,pure_bo,42,4.562301207239112,3.9745995546601534,36.567345611859544,3.057321681817047
rosenbrock,pure_bo,pure_bo,43,4.562301207239112,3.9745995546601534,37.973364107623944,2.8331393627359924
rosenbrock,pure_bo,pure_bo,44,4.562301207239112,3.9745995546601534,39.2709167112387,2.890571319245713
rosenbrock,pure_bo,pure_bo,45,4.562301207239112,3.9745995546601534,39.83927407610253,2.928155014406305
rosenbrock,pure_bo,pure_bo,46,4.562301207239112,3.9745995546601534,40.691372176159156,2.7144329134427547
rosenbrock,pure_bo,pure_bo,47,4.562301207239112,3.9745995546601534,41.65733636832709,2.4962887176080275
rosenbrock,pure_bo,pure_bo,48,1.3333333333333333,1.8856180831641267,42.827788809331985,2.595316487840641
rosenbrock,pure_bo,pure_bo,49,1.3333333333333333,1.8856180831641267,43.95955622218767,2.8643773984988163
rosenbrock,earlbo,earlbo,0,33.82526216446426,11.807713318400943,0.6468496492158227,0.01029658114472167
rosenbrock,earlbo,earlbo,1,31.01258399482353,13.272039783724287,0.7767127474370601,0.03823734528790106
rosenbrock,earlbo,earlbo,2,23.29994919678616,7.542955967348696,0.8700760487282805,0.07190992966940388
rosenbrock,earlbo,earlbo,3,18.494194663279327,9.44962654282483,1.3538482004812369,0.5319020023655436
rosenbrock,earlbo,earlbo,4,18.494194663279327,9.44962654282483,1.89515805315435,0.8075076271635866
rosenbrock,earlbo,earlbo,5,18.12019376645797,9.15437852020762,2.4150569290884327,1.0706101051448003
rosenbrock,earlbo,earlbo,6,16.523971774372303,9.481813623760349,2.5336506622057904,1.077436558604143
rosenbrock,earlbo,earlbo,7,16.523971774372303,9.481813623760349,2.9546642959732616,1.311815695890412
rosenbrock,earlbo,earlbo,8,14.021727436461605,10.404108332073596,3.559244119244081,1.6244799781019323
rosenbrock,earlbo,earlbo,9,14.021727436461605,10.404108332073596,3.819723076758988,1.6775706643269068
rosenbrock,earlbo,earlbo,10,9.497819988825677,4.62328629298544,3.9648489885022307,1.6450442866969
rosenbrock,earlbo,earlbo,11,9.497819988825677,4.62328629298544,4.086042813817419,1.6580775893458732
rosenbrock,earlbo,earlbo,12,9.454271501331796,4.676669981139748,4.517329570500624,2.044313465805561
rosenbrock,earlbo,earlbo,13,9.454271501331796,4.676669981139748,5.219709607897993,2.1421360268695953
rosenbrock,earlbo,earlbo,14,9.454271501331796,4.676669981139748,5.648642918291344,1.911991804777232
rosenbrock,earlbo,earlbo,15,9.454271501331796,4.676669981139748,6.046994380677188,2.070925857822969
rosenbrock,earlbo,earlbo,16,7.771162506193647,2.918513381063201,6.555227123390286,2.185398285902738
rosenbrock,earlbo,earlbo,17,6.921432181249844,2.7568013619331233,6.772076459621453,2.2773749064275157
rosenbrock,earlbo,earlbo,18,6.921432181249844,2.7568013619331233,6.9522312356106815,2.2444786433123096
rosenbrock,earlbo,earlbo,19,6.91857312712024,2.76013226989034,7.172072555295679,2.165577448280305
rosenbrock,earlbo,earlbo,20,6.91857312712024,2.76013226989034,7.62328886845735,2.365385718762582
rosenbrock,earlbo,earlbo,21,6.91857312712024,2.76013226989034,8.058071875449436,2.641926793923758
rosenbrock,earlbo,earlbo,22,6.91857312712024,2.76013226989034,8.491164515536598,2.821904293985446
rosenbrock,earlbo,earlbo,23,6.91857312712024,2.76013226989034,8.905979827436644,2.8566136036772822
rosenbrock,earlbo,earlbo,24,6.91857312712024,2.76013226989034,9.485255971695294,2.6173768728386206
rosenbrock,earlbo,earlbo,25,6.91857312712024,2.76013226989034,10.275360197674557,2.9005782624861793
rosenbrock,earlbo,earlbo,26,5.598381144395972,1.3420031216436363,10.90639014233507,3.246517101102578
rosenbrock,earlbo,earlbo,27,5.598381144395972,1.3420031216436363,11.360927332679656,3.2320123235244
rosenbrock,earlbo,earlbo,28,5.252883939627517,1.1956331842054329,11.829652311267997,3.1729137824138265
rosenbrock,earlbo,earlbo,29,5.252883939627517,1.1956331842054329,12.18101071666061,3.1854432245947315
rosenbrock,earlbo,earlbo,30,4.182304384879983,1.8195154414522698,12.826443891602553,3.061445738096492
rosenbrock,earlbo,earlbo,31,4.182304384879983,1.8195154414522698,13.354728720564886,3.1157639194130384
rosenbrock,earlbo,earlbo,32,4.182304384879983,1.8195154414522698,13.67261945839625,3.0809671819719955
rosenbrock,earlbo,earlbo,33,4.182304384879983,1.8195154414522698,13.927530966505515,3.1574228487110005
rosenbrock,earlbo,earlbo,34,4.182304384879983,1.8195154414522698,14.224572567453444,3.10644384457312
rosenbrock,earlbo,earlbo,35,4.182304384879983,1.8195154414522698,14.621776562903174,3.2163370734003047
rosenbrock,earlbo,earlbo,36,4.182304384879983,1.8195154414522698,15.102472941463034,3.3023618132067614
rosenbrock,earlbo,earlbo,37,4.182304384879983,1.8195154414522698,15.64472461513565,3.505642063940155
rosenbrock,earlbo,earlbo,38,4.137931963610712,1.8674979868699213,15.998363620310421,3.6540429026065016
rosenbrock,earlbo,earlbo,39,4.090822357653879,1.8052444442861595,16.26189141424297,3.609571686478645
rosenbrock,earlbo,earlbo,40,4.090822357653879,1.8052444442861595,16.477142591880355,3.5600242537431277
rosenbrock,earlbo,earlbo,41,4.090822357653879,1.8052444442861595,17.11698525574258,3.948612039061771
rosenbrock,earlbo,earlbo,42,4.090822357653879,1.8052444442861595,17.895432837947293,4.228786998882146
rosenbrock,earlbo,earlbo,43,4.090822357653879,1.8052444442861595,18.503078007260314,4.450798290216967
rosenbrock,earlbo,earlbo,44,4.090822357653879,1.8052444442861595,18.90440080570583,4.384013098378008
rosenbrock,earlbo,earlbo,45,4.090822357653879,1.8052444442861595,19.566211547823354,4.132685260925229
rosenbrock,earlbo,earlbo,46,4.090822357653879,1.8052444442861595,19.893916051228754,4.012711120762296
rosenbrock,earlbo,earlbo,47,4.090822357653879,1.8052444442861595,20.438792464368134,4.1171530364245195
rosenbrock,earlbo,earlbo,48,4.090822357653879,1.8052444442861595,20.925134421685488,4.408588071876427
rosenbrock,earlbo,earlbo,49,3.6385712232016947,1.2311092148209475,21.56365402349839,4.278476356628418
rosenbrock,snake,snake,0,20.376244208072094,12.87162455288982,0.6140370650767849,0.030219880919932305
rosenbrock,snake,snake,1,17.070571555910945,13.5659011085618,0.7622862177459936,0.02107427977334601
rosenbrock,snake,snake,2,17.070571555910945,13.5659011085618,0.8547510233856411,0.021416114303265007
rosenbrock,snake,snake,3,15.887220863266847,11.910973956961413,0.9508280324927506,0.03564805904177174
rosenbrock,snake,snake,4,14.468787189562471,12.76411517938102,1.0565082435386586,0.05655777908156834
rosenbrock,snake,snake,5,13.163678363151211,10.918565132695232,1.150084029593098,0.06500230325903304
rosenbrock,snake,snake,6,11.65258619576872,9.804981769583257,1.219254917918768,0.060171634561249264
rosenbrock,snake,snake,7,10.656412278450565,8.397792506266729,1.2991866540088628,0.033238340468920206
rosenbrock,snake,snake,8,10.656412278450565,8.397792506266729,1.4014538795421316,0.05718621591609273
rosenbrock,snake,snake,9,10.656412278450565,8.397792506266729,1.6305277719430504,0.16953388568596664
rosenbrock,snake,snake,10,9.268856558507945,6.438915671890065,1.8375423766761554,0.31892648346537444
rosenbrock,snake,snake,11,8.95206974893973,6.655053989368056,1.9216046042495776,0.3150787164287633
rosenbrock,snake,snake,12,8.95206974893973,6.655053989368056,2.3198631864086114,0.10391648460508816
rosenbrock,snake,snake,13,8.95206974893973,6.655053989368056,2.7465968131034946,0.06498914609334104
rosenbrock,snake,snake,14,8.95206974893973,6.655053989368056,3.2141737056389257,0.2997300419953519
rosenbrock,snake,snake,15,8.95206974893973,6.655053989368056,3.813493761365646,0.3988719026698942
rosenbrock,snake,snake,16,8.854618754409204,6.517381040781613,4.234065450134618,0.24875562489863612
rosenbrock,snake,snake,17,7.912315826622426,5.186545097748179,4.383435857821111,0.33342609358306613
rosenbrock,snake,snake,18,6.511890844489535,3.211423918410611,4.5535864617479,0.3790420706980118
rosenbrock,snake,snake,19,6.511890844489535,3.211423918410611,4.911931882661597,0.6312713586671519
rosenbrock,snake,snake,20,6.511890844489535,3.211423918410611,5.153857481747081,0.8368685175772691
rosenbrock,snake,snake,21,5.996800264972262,2.4871070777035946,5.316767747910888,0.9427263364832366
rosenbrock,snake,snake,22,5.996800264972262,2.4871070777035946,5.524638022708093,1.0119946155810744
rosenbrock,snake,snake,23,5.509242517307013,1.8045732531539578,6.020693007407705,1.2189907760246168
rosenbrock,snake,snake,24,5.476185249677282,1.8347182924750585,6.525718803247552,1.374758643944767
rosenbrock,snake,snake,25,5.476185249677282,1.8347182924750585,6.792832465783239,1.4511226759426654
rosenbrock,snake,snake,26,5.476185249677282,1.8347182924750585,6.907203432611394,1.4590280263648432
rosenbrock,snake,snake,27,5.174007878941394,1.4170497463194955,7.132288852222776,1.6473196282646156
rosenbrock,snake,snake,28,4.881037225870004,1.0197896450320934,7.386951088220702,1.900932059681451
rosenbrock,snake,snake,29,4.799471111293868,1.1100783435186325,7.5511422284573015,2.0143200153446656
rosenbrock,snake,snake,30,4.799471111293868,1.1100783435186325,7.643437370876863,2.0437960872707666
rosenbrock,snake,snake,31,4.799471111293868,1.1100783435186325,7.743056885198751,2.0720639473161953
rosenbrock,snake,snake,32,4.429834718826295,0.6636542935673236,7.879523082360369,2.1547457894601156
rosenbrock,snake,snake,33,4.429834718826295,0.6636542935673236,8.181216374415802,2.129255659248657
rosenbrock,snake,snake,34,4.422758284896335,0.6562083636115483,8.480243121427883,2.0222824250848355
rosenbrock,snake,snake,35,3.9293139006908393,0.48916505206844924,8.774338528445409,2.0756919309800006
rosenbrock,snake,snake,36,3.7993178653590056,0.5924252323310768,9.158606355341247,2.1667388113598256
rosenbrock,snake,snake,37,3.7993178653590056,0.5924252323310768,9.392489668530446,2.1989012922857416
rosenbrock,snake,snake,38,3.7740000522457167,0.6169146589740748,9.484362758902147,2.230919576082027
rosenbrock,snake,snake,39,3.6528816063013565,0.7468177769362939,9.900423281453692,2.450668753714927
rosenbrock,snake,snake,40,3.6528816063013565,0.7468177769362939,10.495974458464953,2.529886627509176
rosenbrock,snake,snake,41,3.6528816063013565,0.7468177769362939,10.820982030252638,2.427308459733618
rosenbrock,snake,snake,42,3.527754933324417,0.7858290757730915,11.10968069165959,2.4352976460967186
rosenbrock,snake,snake,43,3.527754933324417,0.7858290757730915,11.536803540684886,2.226582673193804
rosenbrock,snake,snake,44,3.527754933324417,0.7858290757730915,11.867341213120904,2.1829806911528498
rosenbrock,snake,snake,45,3.527754933324417,0.7858290757730915,12.201674912050315,2.204172340592582
rosenbrock,snake,snake,46,3.40457408096599,0.8588140397031588,12.380317982115889,2.2241815848313706
rosenbrock,snake,snake,47,3.40457408096599,0.8588140397031588,12.878595156311215,2.3449758958638016
rosenbrock,snake,snake,48,3.40457408096599,0.8588140397031588,13.357135773159067,2.3750449043035697
rosenbrock,snake,snake,49,3.40457408096599,0.8588140397031588,13.768690972642167,2.383474953321027
rosenbrock,log_improvement_movement_cost3,log_improvement_movement_cost3,0,20.667634896717544,14.413972305931447,0.602627814341805,0.038899565415838167
rosenbrock,log_improvement_movement_cost3,log_improvement_movement_cost3,1,16.91065671944291,13.935012239852503,0.7306073731802619,0.03353190608660989
rosenbrock,log_improvement_movement_cost3,log_improvement_movement_cost3,2,16.91065671944291,13.935012239852503,0.8450192239372809,0.032735565085184284
rosenbrock,log_improvement_movement_cost3,log_improvement_movement_cost3,3,15.029749030390505,14.079620255761018,0.9711586080635118,0.08985766867530555
rosenbrock,log_improvement_movement_cost3,log_improvement_movement_cost3,4,12.851122793019984,11.002691610718223,1.1045178600144987,0.11091008720352481
rosenbrock,log_improvement_movement_cost3,log_improvement_movement_cost3,5,11.98745345455543,9.78362645411627,1.1803095003286495,0.1333279118554886
rosenbrock,log_improvement_movement_cost3,log_improvement_movement_cost3,6,11.539775571573946,9.15197761682863,1.263186255978311,0.14668149674846928
rosenbrock,log_improvement_movement_cost3,log_improvement_movement_cost3,7,10.98667337643685,8.371886168139804,1.3637980289023772,0.1612221794546188
rosenbrock,log_improvement_movement_cost3,log_improvement_movement_cost3,8,9.794150655923138,6.691639300821798,1.4877458075934173,0.16019068138364817
rosenbrock,log_improvement_movement_cost3,log_improvement_movement_cost3,9,9.794150655923138,6.691639300821798,1.5764384061236199,0.1768030281406985
rosenbrock,log_improvement_movement_cost3,log_improvement_movement_cost3,10,9.794150655923138,6.691639300821798,1.6824186379204447,0.21293963976288358
rosenbrock,log_improvement_movement_cost3,log_improvement_movement_cost3,11,9.44702406626808,6.932506908668874,1.7734717821867,0.1939901579546865
rosenbrock,log_improvement_movement_cost3,log_improvement_movement_cost3,12,8.883596189732101,6.139123710743165,1.8390496289169935,0.18153872779747232
rosenbrock,log_improvement_movement_cost3,log_improvement_movement_cost3,13,8.803782842592362,6.205583755300063,1.926107630434201,0.17298256499029235
rosenbrock,log_improvement_movement_cost3,log_improvement_movement_cost3,14,8.803782842592362,6.205583755300063,2.025981966658972,0.16903379211364322
rosenbrock,log_improvement_movement_cost3,log_improvement_movement_cost3,15,8.365305294674164,5.589902169391257,2.097303270128155,0.17782816489282152
rosenbrock,log_improvement_movement_cost3,log_improvement_movement_cost3,16,8.365305294674164,5.589902169391257,2.1607114659237356,0.21661629889334236
rosenbrock,log_improvement_movement_cost3,log_improvement_movement_cost3,17,8.365305294674164,5.589902169391257,2.2339418699274076,0.20957308248720286
rosenbrock,log_improvement_movement_cost3,log_improvement_movement_cost3,18,7.214725375033417,3.9808612674775268,2.324936876898098,0.1684742488924344
rosenbrock,log_improvement_movement_cost3,log_improvement_movement_cost3,19,6.131752258644944,2.5486151315926766,2.432488858924531,0.2025223778454352
rosenbrock,log_improvement_movement_cost3,log_improvement_movement_cost3,20,6.131752258644944,2.5486151315926766,2.5253846439422243,0.22639756486087995
rosenbrock,log_improvement_movement_cost3,log_improvement_movement_cost3,21,6.131752258644944,2.5486151315926766,2.6455771599129503,0.25782072289927904
rosenbrock,log_improvement_movement_cost3,log_improvement_movement_cost3,22,4.793293501022364,0.9432367479957054,2.7720721725116113,0.25684700238312874
rosenbrock,log_improvement_movement_cost3,log_improvement_movement_cost3,23,4.793293501022364,0.9432367479957054,2.8949462780406257,0.22447596912677964
rosenbrock,log_improvement_movement_cost3,log_improvement_movement_cost3,24,4.742948978449655,0.9183601706654951,2.9928425100358624,0.23343929519004167
rosenbrock,log_improvement_movement_cost3,log_improvement_movement_cost3,25,4.742948978449655,0.9183601706654951,3.1093519397639455,0.278086748546216
rosenbrock,log_improvement_movement_cost3,log_improvement_movement_cost3,26,4.742948978449655,0.9183601706654951,3.21873269397967,0.25174540476731516
rosenbrock,log_improvement_movement_cost3,log_improvement_movement_cost3,27,4.742948978449655,0.9183601706654951,3.320519108382525,0.2576017407923515
rosenbrock,log_improvement_movement_cost3,log_improvement_movement_cost3,28,4.637902118204168,1.0642962712546016,3.439060197597792,0.2867270778362975
rosenbrock,log_improvement_movement_cost3,log_improvement_movement_cost3,29,4.637902118204168,1.0642962712546016,3.533562504303785,0.2903503307744162
rosenbrock,log_improvement_movement_cost3,log_improvement_movement_cost3,30,4.637902118204168,1.0642962712546016,3.624298469072943,0.3172371498548593
rosenbrock,log_improvement_movement_cost3,log_improvement_movement_cost3,31,4.637902118204168,1.0642962712546016,3.677511205204722,0.31054943640628757
rosenbrock,log_improvement_movement_cost3,log_improvement_movement_cost3,32,4.637902118204168,1.0642962712546016,3.782946759864036,0.325004513620851
rosenbrock,log_improvement_movement_cost3,log_improvement_movement_cost3,33,4.637902118204168,1.0642962712546016,3.869573303430853,0.3490184538151926
rosenbrock,log_improvement_movement_cost3,log_improvement_movement_cost3,34,4.637902118204168,1.0642962712546016,3.959956428013539,0.40025170858553627
rosenbrock,log_improvement_movement_cost3,log_improvement_movement_cost3,35,4.637902118204168,1.0642962712546016,4.050452770172105,0.387475448207069
rosenbrock,log_improvement_movement_cost3,log_improvement_movement_cost3,36,4.637902118204168,1.0642962712546016,4.136035226360633,0.346101344652282
rosenbrock,log_improvement_movement_cost3,log_improvement_movement_cost3,37,4.5829300467494285,1.1409359367542498,4.257393327721293,0.35533244899363314
rosenbrock,log_improvement_movement_cost3,log_improvement_movement_cost3,38,4.5829300467494285,1.1409359367542498,4.383518075243031,0.3969244459932676
rosenbrock,log_improvement_movement_cost3,log_improvement_movement_cost3,39,4.5829300467494285,1.1409359367542498,4.537719119097143,0.4610932102071213
rosenbrock,log_improvement_movement_cost3,log_improvement_movement_cost3,40,4.5829300467494285,1.1409359367542498,4.664583071793495,0.5095800416196274
rosenbrock,log_improvement_movement_cost3,log_improvement_movement_cost3,41,4.5829300467494285,1.1409359367542498,4.771111257927715,0.48231485580327454
rosenbrock,log_improvement_movement_cost3,log_improvement_movement_cost3,42,4.5829300467494285,1.1409359367542498,4.880845920512436,0.44948245321716795
rosenbrock,log_improvement_movement_cost3,log_improvement_movement_cost3,43,4.5829300467494285,1.1409359367542498,4.955771425187611,0.44516971955607126
rosenbrock,log_improvement_movement_cost3,log_improvement_movement_cost3,44,4.5829300467494285,1.1409359367542498,5.0450619766066405,0.4220533522059967
rosenbrock,log_improvement_movement_cost3,log_improvement_movement_cost3,45,4.314683139515727,0.9471205590627916,5.146899414497878,0.38842627760853843
rosenbrock,log_improvement_movement_cost3,log_improvement_movement_cost3,46,4.314683139515727,0.9471205590627916,5.2112073957884215,0.3658042856675385
rosenbrock,log_improvement_movement_cost3,log_improvement_movement_cost3,47,4.314683139515727,0.9471205590627916,5.277401611505318,0.34963575711869316
rosenbrock,log_improvement_movement_cost3,log_improvement_movement_cost3,48,4.314683139515727,0.9471205590627916,5.3658274579560725,0.32994114977735184
rosenbrock,log_improvement_movement_cost3,log_improvement_movement_cost3,49,4.314683139515727,0.9471205590627916,5.443559364477269,0.33723675253434043
rosenbrock,optimistic_selected,optimistic_improvement_movement_cost3,0,20.23132650790905,13.390790133263328,0.6029560687083744,0.03273049515095374
rosenbrock,optimistic_selected,optimistic_improvement_movement_cost3,1,16.820056092033823,13.12058227321339,0.7306551309755956,0.0409558089481516
rosenbrock,optimistic_selected,optimistic_improvement_movement_cost3,2,15.354938486467134,11.056468220693125,0.8387700437501611,0.019441203136315654
rosenbrock,optimistic_selected,optimistic_improvement_movement_cost3,3,14.992049352057796,10.545693312566913,0.9836182496512137,0.03680073932224517
rosenbrock,optimistic_selected,optimistic_improvement_movement_cost3,4,14.050948089864107,9.222327485554795,1.1238228798472838,0.06682751470771248
rosenbrock,optimistic_selected,optimistic_improvement_movement_cost3,5,12.39425793819529,9.76937247124485,1.1903181640972222,0.056280386257262165
rosenbrock,optimistic_selected,optimistic_improvement_movement_cost3,6,12.39425793819529,9.76937247124485,1.2923114350694755,0.059881376969348324
rosenbrock,optimistic_selected,optimistic_improvement_movement_cost3,7,12.329179622605034,9.67753854980935,1.406455797725936,0.02484107672702752
rosenbrock,optimistic_selected,optimistic_improvement_movement_cost3,8,12.329179622605034,9.67753854980935,1.5399710121815753,0.046531594412315025
rosenbrock,optimistic_selected,optimistic_improvement_movement_cost3,9,12.329179622605034,9.67753854980935,1.6182274164209474,0.03610560374231289
rosenbrock,optimistic_selected,optimistic_improvement_movement_cost3,10,12.161689440062062,9.441206212930403,1.7019179445096226,0.05699802413417151
rosenbrock,optimistic_selected,optimistic_improvement_movement_cost3,11,11.049776387914754,7.949801005581971,1.7946928989831337,0.0682394653187784
rosenbrock,optimistic_selected,optimistic_improvement_movement_cost3,12,10.14512744871316,6.676089372550115,1.8439657631137163,0.0744996068499041
rosenbrock,optimistic_selected,optimistic_improvement_movement_cost3,13,10.14512744871316,6.676089372550115,1.9082856330967004,0.07030516262706843
rosenbrock,optimistic_selected,optimistic_improvement_movement_cost3,14,10.000977822050968,6.797582274105399,2.0009446064459246,0.05076652981298541
rosenbrock,optimistic_selected,optimistic_improvement_movement_cost3,15,9.020164622903172,5.424512390882261,2.0845309387809405,0.0751248136456644
rosenbrock,optimistic_selected,optimistic_improvement_movement_cost3,16,8.80421805065461,5.540661349064033,2.164984982678861,0.0965002320042755
rosenbrock,optimistic_selected,optimistic_improvement_movement_cost3,17,8.755300096006804,5.581777559860417,2.2546973221390108,0.1352741633902576
rosenbrock,optimistic_selected,optimistic_improvement_movement_cost3,18,8.152451991279202,4.736193731283014,2.378072536306528,0.13676606822572404
rosenbrock,optimistic_selected,optimistic_improvement_movement_cost3,19,6.950628076117492,3.0620172155334653,2.508636733130734,0.177104150984416
rosenbrock,optimistic_selected,optimistic_improvement_movement_cost3,20,6.950628076117492,3.0620172155334653,2.58561178475558,0.18105608821188163
rosenbrock,optimistic_selected,optimistic_improvement_movement_cost3,21,6.950628076117492,3.0620172155334653,2.6780975990598286,0.15186335646346796
rosenbrock,optimistic_selected,optimistic_improvement_movement_cost3,22,5.8349137129192385,1.5579503896852909,2.8332318733529136,0.14128439645540983
rosenbrock,optimistic_selected,optimistic_improvement_movement_cost3,23,5.8349137129192385,1.5579503896852909,2.951475679243183,0.15833133363299468
rosenbrock,optimistic_selected,optimistic_improvement_movement_cost3,24,5.435560084725458,1.650733885542994,3.062675938376916,0.136529916199246
rosenbrock,optimistic_selected,optimistic_improvement_movement_cost3,25,5.435560084725458,1.650733885542994,3.1404352018576076,0.15025165610217134
rosenbrock,optimistic_selected,optimistic_improvement_movement_cost3,26,5.384040988286777,1.580236238875027,3.2249839180588844,0.16398032408216326
rosenbrock,optimistic_selected,optimistic_improvement_movement_cost3,27,5.384040988286777,1.580236238875027,3.339165069004243,0.1491264741740827
rosenbrock,optimistic_selected,optimistic_improvement_movement_cost3,28,5.070131500358255,1.1570287882140846,3.466832284878148,0.17440753763737915
rosenbrock,optimistic_selected,optimistic_improvement_movement_cost3,29,5.070131500358255,1.1570287882140846,3.5098245182039443,0.1837254151380042
rosenbrock,optimistic_selected,optimistic_improvement_movement_cost3,30,5.070131500358255,1.1570287882140846,3.6055850919422183,0.20863972014408674
rosenbrock,optimistic_selected,optimistic_improvement_movement_cost3,31,5.019296495038694,1.090046342559363,3.7094003273413843,0.2058878788452761
rosenbrock,optimistic_selected,optimistic_improvement_movement_cost3,32,4.266873999425992,0.4113057592241215,3.810932627275435,0.17556670737329286
rosenbrock,optimistic_selected,optimistic_improvement_movement_cost3,33,4.266873999425992,0.4113057592241215,3.91656214232367,0.16295374977204236
rosenbrock,optimistic_selected,optimistic_improvement_movement_cost3,34,4.266873999425992,0.4113057592241215,4.00961570316306,0.1650465457203923
rosenbrock,optimistic_selected,optimistic_improvement_movement_cost3,35,4.188642558255044,0.5036666864349785,4.084980796016189,0.188654744284499
rosenbrock,optimistic_selected,optimistic_improvement_movement_cost3,36,4.132275205066082,0.5742330668795016,4.164279612296171,0.15221718187779987
rosenbrock,optimistic_selected,optimistic_improvement_movement_cost3,37,4.132275205066082,0.5742330668795016,4.259733889891158,0.11772900817036448
rosenbrock,optimistic_selected,optimistic_improvement_movement_cost3,38,4.132275205066082,0.5742330668795016,4.36656354113337,0.13236817297793427
rosenbrock,optimistic_selected,optimistic_improvement_movement_cost3,39,4.132275205066082,0.5742330668795016,4.462193588441013,0.17193474617877252
rosenbrock,optimistic_selected,optimistic_improvement_movement_cost3,40,4.0787263441718276,0.6432538634922266,4.513146705215398,0.17259088460657193
rosenbrock,optimistic_selected,optimistic_improvement_movement_cost3,41,3.9562395111698785,0.6450786197161984,4.613943861417676,0.13265015853202433
rosenbrock,optimistic_selected,optimistic_improvement_movement_cost3,42,3.9562395111698785,0.6450786197161984,4.725500149382628,0.11953130962755525
rosenbrock,optimistic_selected,optimistic_improvement_movement_cost3,43,3.9562395111698785,0.6450786197161984,4.829473467710721,0.13726501143624087
rosenbrock,optimistic_selected,optimistic_improvement_movement_cost3,44,3.678368349774924,0.8024683764607398,4.910193842061626,0.1579183752255282
rosenbrock,optimistic_selected,optimistic_improvement_movement_cost3,45,3.678368349774924,0.8024683764607398,4.985423081496005,0.17253240482737525
rosenbrock,optimistic_selected,optimistic_improvement_movement_cost3,46,3.678368349774924,0.8024683764607398,5.031347330671231,0.18399307386958386
rosenbrock,optimistic_selected,optimistic_improvement_movement_cost3,47,3.678368349774924,0.8024683764607398,5.089354258720641,0.16916350925587556
rosenbrock,optimistic_selected,optimistic_improvement_movement_cost3,48,3.678368349774924,0.8024683764607398,5.16825334210576,0.1675701219435276
rosenbrock,optimistic_selected,optimistic_improvement_movement_cost3,49,3.678368349774924,0.8024683764607398,5.264978357759606,0.18386831049390956
rosenbrock,budgeted_exploration,budgeted_exploration,0,21.546859252954672,14.637847301205136,0.607497939450173,0.040868957405383946
rosenbrock,budgeted_exploration,budgeted_exploration,1,17.853598568226214,14.473397852496813,0.7417462805449405,0.041334374582624046
rosenbrock,budgeted_exploration,budgeted_exploration,2,17.853598568226214,14.473397852496813,0.8432002922476786,0.04793356673092812
rosenbrock,budgeted_exploration,budgeted_exploration,3,14.480970531204525,13.240196608234179,1.0034674097307505,0.09405485423298425
rosenbrock,budgeted_exploration,budgeted_exploration,4,13.635109035034112,12.045670547733918,1.187301852844441,0.08947707112650347
rosenbrock,budgeted_exploration,budgeted_exploration,5,13.025941464757508,11.185629204475383,1.317516391510164,0.136698885419338
rosenbrock,budgeted_exploration,budgeted_exploration,6,12.253695257513828,10.095704297592622,1.4233643573079273,0.11437358748435425
rosenbrock,budgeted_exploration,budgeted_exploration,7,11.067135134035391,8.422138127127841,1.5255190201149764,0.1348177517403661
rosenbrock,budgeted_exploration,budgeted_exploration,8,11.067135134035391,8.422138127127841,1.6725963873799412,0.14278991666462237
rosenbrock,budgeted_exploration,budgeted_exploration,9,11.067135134035391,8.422138127127841,1.8181617165047548,0.15433322137971325
rosenbrock,budgeted_exploration,budgeted_exploration,10,11.067135134035391,8.422138127127841,1.9490410375457892,0.15986274824788343
rosenbrock,budgeted_exploration,budgeted_exploration,11,10.838239836319365,8.610019011574801,2.0617872340787793,0.1597093857435847
rosenbrock,budgeted_exploration,budgeted_exploration,12,9.93953108452149,7.6055779112511726,2.155955278007248,0.1670683387839213
rosenbrock,budgeted_exploration,budgeted_exploration,13,9.93953108452149,7.6055779112511726,2.2847809780642656,0.18139389130573935
rosenbrock,budgeted_exploration,budgeted_exploration,14,9.93953108452149,7.6055779112511726,2.4438676284034417,0.23144097101582714
rosenbrock,budgeted_exploration,budgeted_exploration,15,9.93953108452149,7.6055779112511726,2.5676969534694254,0.2671483112698154
rosenbrock,budgeted_exploration,budgeted_exploration,16,9.93953108452149,7.6055779112511726,2.6442311211572886,0.27139411035484545
rosenbrock,budgeted_exploration,budgeted_exploration,17,9.93953108452149,7.6055779112511726,2.759164633734533,0.3019981756107678
rosenbrock,budgeted_exploration,budgeted_exploration,18,9.264173853902314,6.656435215177946,2.89485971812104,0.2742583701238821
rosenbrock,budgeted_exploration,budgeted_exploration,19,8.325079598474781,5.340169634894673,3.014902822463832,0.25898848244412015
rosenbrock,budgeted_exploration,budgeted_exploration,20,8.325079598474781,5.340169634894673,3.1451245842720934,0.2662502972352285
rosenbrock,budgeted_exploration,budgeted_exploration,21,8.325079598474781,5.340169634894673,3.2993437684256697,0.33597891486837334
rosenbrock,budgeted_exploration,budgeted_exploration,22,8.325079598474781,5.340169634894673,3.4671703374343523,0.36940200265840634
rosenbrock,budgeted_exploration,budgeted_exploration,23,8.325079598474781,5.340169634894673,3.6374132805571087,0.42463677857643667
rosenbrock,budgeted_exploration,budgeted_exploration,24,7.639129934956972,4.383226633529689,3.782133061901396,0.4564436001657921
rosenbrock,budgeted_exploration,budgeted_exploration,25,7.58675820196704,4.431616117373715,3.872415862134003,0.4800322204137116
rosenbrock,budgeted_exploration,budgeted_exploration,26,7.58675820196704,4.431616117373715,3.9918573474658388,0.49853134046362996
rosenbrock,budgeted_exploration,budgeted_exploration,27,6.673365154785894,3.174154648438593,4.1082722233151685,0.5117233116885294
rosenbrock,budgeted_exploration,budgeted_exploration,28,6.673365154785894,3.174154648438593,4.249322091425234,0.5649855490989388
rosenbrock,budgeted_exploration,budgeted_exploration,29,6.673365154785894,3.174154648438593,4.358867892587402,0.5602833297716151
rosenbrock,budgeted_exploration,budgeted_exploration,30,6.673365154785894,3.174154648438593,4.481372885567441,0.579955942931278
rosenbrock,budgeted_exploration,budgeted_exploration,31,6.673365154785894,3.174154648438593,4.589890335669389,0.5694608803853591
rosenbrock,budgeted_exploration,budgeted_exploration,32,6.673365154785894,3.174154648438593,4.7311615276815475,0.5808911702887912
rosenbrock,budgeted_exploration,budgeted_exploration,33,6.673365154785894,3.174154648438593,4.852860326045648,0.57430379397338
rosenbrock,budgeted_exploration,budgeted_exploration,34,6.673365154785894,3.174154648438593,4.999847655132317,0.6031710820534748
rosenbrock,budgeted_exploration,budgeted_exploration,35,5.69641712663553,1.8813165576356219,5.119076158498725,0.616447591869239
rosenbrock,budgeted_exploration,budgeted_exploration,36,5.69641712663553,1.8813165576356219,5.231478447141198,0.582123735678693
rosenbrock,budgeted_exploration,budgeted_exploration,37,5.69641712663553,1.8813165576356219,5.379221998839594,0.5349810072752256
rosenbrock,budgeted_exploration,budgeted_exploration,38,5.69641712663553,1.8813165576356219,5.545343787189057,0.5652369787626802
rosenbrock,budgeted_exploration,budgeted_exploration,39,5.330088583920909,1.4396974863922216,5.703198559657039,0.6082974414870822
rosenbrock,budgeted_exploration,budgeted_exploration,40,5.330088583920909,1.4396974863922216,5.839319980715044,0.6085234084027669
rosenbrock,budgeted_exploration,budgeted_exploration,41,5.330088583920909,1.4396974863922216,5.950849983169616,0.5498784594999512
rosenbrock,budgeted_exploration,budgeted_exploration,42,5.330088583920909,1.4396974863922216,6.048989910073779,0.5391663957217424
rosenbrock,budgeted_exploration,budgeted_exploration,43,5.330088583920909,1.4396974863922216,6.1424116504658395,0.5531974257384271
rosenbrock,budgeted_exploration,budgeted_exploration,44,5.330088583920909,1.4396974863922216,6.279911333401929,0.5869880999479214
rosenbrock,budgeted_exploration,budgeted_exploration,45,5.330088583920909,1.4396974863922216,6.410351020239005,0.6235205281751726
rosenbrock,budgeted_exploration,budgeted_exploration,46,5.330088583920909,1.4396974863922216,6.539920054164258,0.6390484449247826
rosenbrock,budgeted_exploration,budgeted_exploration,47,5.330088583920909,1.4396974863922216,6.686397483607624,0.6464201187943805
rosenbrock,budgeted_exploration,budgeted_exploration,48,5.284015753534324,1.4337180086512358,6.82029006334798,0.627723409936567
rosenbrock,budgeted_exploration,budgeted_exploration,49,5.284015753534324,1.4337180086512358,6.931709867669297,0.6327638750404496
rosenbrock,lookahead_budgeted_exploration,lookahead_budgeted_exploration,0,23.239601396922037,16.33334525660365,0.6131897288274922,0.04270914712733635
rosenbrock,lookahead_budgeted_exploration,lookahead_budgeted_exploration,1,20.622856151091796,16.940218714270905,0.7598815086601599,0.03771225666240703
rosenbrock,lookahead_budgeted_exploration,lookahead_budgeted_exploration,2,16.58890102018685,11.296788796142884,0.9115244895655623,0.04833008488114817
rosenbrock,lookahead_budgeted_exploration,lookahead_budgeted_exploration,3,15.06909243709399,9.190302630996536,1.0335503538741164,0.04336701044499542
rosenbrock,lookahead_budgeted_exploration,lookahead_budgeted_exploration,4,13.2289837400956,10.268393208377672,1.1593307087770934,0.07365125380387061
rosenbrock,lookahead_budgeted_exploration,lookahead_budgeted_exploration,5,13.104970053297277,10.353806798030584,1.3064806537153542,0.07884479366679009
rosenbrock,lookahead_budgeted_exploration,lookahead_budgeted_exploration,6,13.104970053297277,10.353806798030584,1.4670071127825466,0.033572731748371304
rosenbrock,lookahead_budgeted_exploration,lookahead_budgeted_exploration,7,13.104970053297277,10.353806798030584,1.5897411354986748,0.06031148186318097
rosenbrock,lookahead_budgeted_exploration,lookahead_budgeted_exploration,8,13.039776848288641,10.400808087047158,1.7137594138702228,0.06619033070949124
rosenbrock,lookahead_budgeted_exploration,lookahead_budgeted_exploration,9,11.11543277932124,7.679798182483987,1.8858388331263847,0.09045646792005377
rosenbrock,lookahead_budgeted_exploration,lookahead_budgeted_exploration,10,11.051104401879599,7.589408224031025,2.0566670992289384,0.07983506840631117
rosenbrock,lookahead_budgeted_exploration,lookahead_budgeted_exploration,11,11.051104401879599,7.589408224031025,2.175268918528098,0.13482781140523178
rosenbrock,lookahead_budgeted_exploration,lookahead_budgeted_exploration,12,11.051104401879599,7.589408224031025,2.3002419853134826,0.13243026605403277
rosenbrock,lookahead_budgeted_exploration,lookahead_budgeted_exploration,13,11.040670115758966,7.574655119446104,2.4507667658624848,0.12063392610148556
rosenbrock,lookahead_budgeted_exploration,lookahead_budgeted_exploration,14,11.040670115758966,7.574655119446104,2.5771455867229682,0.1355136871673602
rosenbrock,lookahead_budgeted_exploration,lookahead_budgeted_exploration,15,10.882391511908233,7.692977415159788,2.703605939468948,0.09435957284985434
rosenbrock,lookahead_budgeted_exploration,lookahead_budgeted_exploration,16,10.253063392362487,6.8040261817799275,2.781986504881911,0.08109866966670529
rosenbrock,lookahead_budgeted_exploration,lookahead_budgeted_exploration,17,10.10612724109504,6.919289661213547,2.9111356633733076,0.08238165368339363
rosenbrock,lookahead_budgeted_exploration,lookahead_budgeted_exploration,18,10.10612724109504,6.919289661213547,3.0271236031772673,0.0656325583467718
rosenbrock,lookahead_budgeted_exploration,lookahead_budgeted_exploration,19,9.940028301260876,7.023952224190884,3.1358226471146273,0.054323017942955715
rosenbrock,lookahead_budgeted_exploration,lookahead_budgeted_exploration,20,9.470579517971547,6.360853065562023,3.2553802830505254,0.04217305603751329
rosenbrock,lookahead_budgeted_exploration,lookahead_budgeted_exploration,21,9.470579517971547,6.360853065562023,3.3674989918725378,0.06758394944462287
rosenbrock,lookahead_budgeted_exploration,lookahead_budgeted_exploration,22,9.470579517971547,6.360853065562023,3.4639483132092352,0.07272734033548296
rosenbrock,lookahead_budgeted_exploration,lookahead_budgeted_exploration,23,9.470579517971547,6.360853065562023,3.5681811722266814,0.05755153534127481
rosenbrock,lookahead_budgeted_exploration,lookahead_budgeted_exploration,24,9.470579517971547,6.360853065562023,3.730987178496349,0.049730164262100536
rosenbrock,lookahead_budgeted_exploration,lookahead_budgeted_exploration,25,8.856766757944223,5.8992824004037585,3.83558185048371,0.10293579218159969
rosenbrock,lookahead_budgeted_exploration,lookahead_budgeted_exploration,26,8.856766757944223,5.8992824004037585,3.94877852651044,0.1024515734867359
rosenbrock,lookahead_budgeted_exploration,lookahead_budgeted_exploration,27,8.705527223448952,6.025640699383405,4.083645800359662,0.11450540009487048
rosenbrock,lookahead_budgeted_exploration,lookahead_budgeted_exploration,28,8.705527223448952,6.025640699383405,4.191028687365698,0.13514447430096066
rosenbrock,lookahead_budgeted_exploration,lookahead_budgeted_exploration,29,8.705527223448952,6.025640699383405,4.3814710519807525,0.14714093160174563
rosenbrock,lookahead_budgeted_exploration,lookahead_budgeted_exploration,30,8.705527223448952,6.025640699383405,4.517307449948909,0.15454802120252498
rosenbrock,lookahead_budgeted_exploration,lookahead_budgeted_exploration,31,8.705527223448952,6.025640699383405,4.630376065316611,0.19519163297316758
rosenbrock,lookahead_budgeted_exploration,lookahead_budgeted_exploration,32,8.419333363180328,5.624168828904322,4.763626959712779,0.1655279409284
rosenbrock,lookahead_budgeted_exploration,lookahead_budgeted_exploration,33,8.014843506953774,5.057640025592506,4.8613048549708315,0.16475458406209056
rosenbrock,lookahead_budgeted_exploration,lookahead_budgeted_exploration,34,8.014843506953774,5.057640025592506,5.012030583492607,0.15874073002608435
rosenbrock,lookahead_budgeted_exploration,lookahead_budgeted_exploration,35,8.014843506953774,5.057640025592506,5.1874985162636555,0.16042855019966368
rosenbrock,lookahead_budgeted_exploration,lookahead_budgeted_exploration,36,8.014843506953774,5.057640025592506,5.29449878246529,0.1450189934981067
rosenbrock,lookahead_budgeted_exploration,lookahead_budgeted_exploration,37,7.2453436305302406,3.9842243413537246,5.450175664281383,0.1791745418073074
rosenbrock,lookahead_budgeted_exploration,lookahead_budgeted_exploration,38,7.2453436305302406,3.9842243413537246,5.584337076854801,0.16256629541728274
rosenbrock,lookahead_budgeted_exploration,lookahead_budgeted_exploration,39,7.025139444294591,3.678653111427276,5.709066369472833,0.19173329885400536
rosenbrock,lookahead_budgeted_exploration,lookahead_budgeted_exploration,40,6.339090165143237,2.7351069772700147,5.844739207116144,0.22787412841198598
rosenbrock,lookahead_budgeted_exploration,lookahead_budgeted_exploration,41,6.339090165143237,2.7351069772700147,5.996058628710025,0.2527849833773121
rosenbrock,lookahead_budgeted_exploration,lookahead_budgeted_exploration,42,6.339090165143237,2.7351069772700147,6.093797503688016,0.2624009141726184
rosenbrock,lookahead_budgeted_exploration,lookahead_budgeted_exploration,43,6.339090165143237,2.7351069772700147,6.208652121562274,0.26002548910281237
rosenbrock,lookahead_budgeted_exploration,lookahead_budgeted_exploration,44,6.339090165143237,2.7351069772700147,6.324966743691537,0.27121672358678683
rosenbrock,lookahead_budgeted_exploration,lookahead_budgeted_exploration,45,6.339090165143237,2.7351069772700147,6.4081959267214925,0.2635413361198874
rosenbrock,lookahead_budgeted_exploration,lookahead_budgeted_exploration,46,6.286273503604811,2.6632612257696953,6.533668914083776,0.26831545744186314
rosenbrock,lookahead_budgeted_exploration,lookahead_budgeted_exploration,47,6.286273503604811,2.6632612257696953,6.686618954148721,0.3121269830679143
rosenbrock,lookahead_budgeted_exploration,lookahead_budgeted_exploration,48,6.286273503604811,2.6632612257696953,6.805631107622656,0.3191534122624337
rosenbrock,lookahead_budgeted_exploration,lookahead_budgeted_exploration,49,6.286273503604811,2.6632612257696953,6.89450971924563,0.3077952129735547
sphere,pure_bo,pure_bo,0,0.08188548229509379,0.028280728312709065,0.5100952497997406,0.04182946741299881
sphere,pure_bo,pure_bo,1,0.0665106384139152,0.03014670841648071,0.6721552893205048,0.056009161298460994
sphere,pure_bo,pure_bo,2,0.06497681923155767,0.031170019970982288,0.8833989292413428,0.12792311001050882
sphere,pure_bo,pure_bo,3,0.028126870553238283,0.005135114714364721,1.0298954066820822,0.16726561840713353
sphere,pure_bo,pure_bo,4,0.028126870553238283,0.005135114714364721,1.731517624555037,0.3866903879485484
sphere,pure_bo,pure_bo,5,0.018049391216203293,0.010506667884596458,2.735106067962908,0.43385992957633485
sphere,pure_bo,pure_bo,6,0.018049391216203293,0.010506667884596458,4.057636009893854,0.28382255448029337
sphere,pure_bo,pure_bo,7,0.018049391216203293,0.010506667884596458,5.402667948104447,0.22056228694966015
sphere,pure_bo,pure_bo,8,0.018049391216203293,0.010506667884596458,6.831318483331934,0.18620318421727577
sphere,pure_bo,pure_bo,9,0.018049391216203293,0.010506667884596458,8.279893643121293,0.1962326728444517
sphere,pure_bo,pure_bo,10,0.018049391216203293,0.010506667884596458,9.827498841523978,0.3354699961417838
sphere,pure_bo,pure_bo,11,0.018049391216203293,0.010506667884596458,11.111207586757025,0.43219546453707436
sphere,pure_bo,pure_bo,12,0.018049391216203293,0.010506667884596458,12.513529036546869,0.336699670850612
sphere,pure_bo,pure_bo,13,0.018049391216203293,0.010506667884596458,13.942973979404691,0.8055958616360546
sphere,pure_bo,pure_bo,14,0.018049391216203293,0.010506667884596458,15.471259534361897,0.949815903595723
sphere,pure_bo,pure_bo,15,0.018049391216203293,0.010506667884596458,16.8779569759428,0.9942636226262616
sphere,pure_bo,pure_bo,16,0.018049391216203293,0.010506667884596458,18.211400212767582,0.9782483801283273
sphere,pure_bo,pure_bo,17,0.018049391216203293,0.010506667884596458,19.50663391523474,1.0854945251453734
sphere,pure_bo,pure_bo,18,0.018049391216203293,0.010506667884596458,20.48822805694843,1.437624284228547
sphere,pure_bo,pure_bo,19,0.018049391216203293,0.010506667884596458,21.541010422044394,1.7321996478258597
sphere,pure_bo,pure_bo,20,0.018049391216203293,0.010506667884596458,22.635097180099383,1.9742640954214978
sphere,pure_bo,pure_bo,21,0.018049391216203293,0.010506667884596458,23.5860636967917,2.001095032340471
sphere,pure_bo,pure_bo,22,0.018049391216203293,0.010506667884596458,24.553415651510566,1.9936074545077311
sphere,pure_bo,pure_bo,23,0.018049391216203293,0.010506667884596458,25.87646412073275,2.353939993677171
sphere,pure_bo,pure_bo,24,0.018049391216203293,0.010506667884596458,26.686406789026197,2.614787707564133
sphere,pure_bo,pure_bo,25,0.018049391216203293,0.010506667884596458,27.417667862415048,2.620475459449501
sphere,pure_bo,pure_bo,26,0.018049391216203293,0.010506667884596458,28.315549703427717,2.71222134797088
sphere,pure_bo,pure_bo,27,0.018049391216203293,0.010506667884596458,29.278825307604237,2.7935924205045444
sphere,pure_bo,pure_bo,28,0.018049391216203293,0.010506667884596458,30.15376273184236,2.701428071486169
sphere,pure_bo,pure_bo,29,0.018049391216203293,0.010506667884596458,30.829879869571155,2.6873670625668806
sphere,pure_bo,pure_bo,30,0.018049391216203293,0.010506667884596458,31.484315507735136,2.649680346832115
sphere,pure_bo,pure_bo,31,0.018049391216203293,0.010506667884596458,32.22774171788067,2.7381975041198485
sphere,pure_bo,pure_bo,32,0.018049391216203293,0.010506667884596458,33.02351252287059,2.679826519723991
sphere,pure_bo,pure_bo,33,0.018049391216203293,0.010506667884596458,33.816051383905794,2.884078143110525
sphere,pure_bo,pure_bo,34,0.018049391216203293,0.010506667884596458,34.60603293360726,2.6727538798610957
sphere,pure_bo,pure_bo,35,0.018049391216203293,0.010506667884596458,35.64168021359904,2.6184033547212113
sphere,pure_bo,pure_bo,36,0.018049391216203293,0.010506667884596458,36.601704028456496,2.625105906976471
sphere,pure_bo,pure_bo,37,0.01360278191608071,0.010913497443371898,37.33869572822584,2.5629439548697164
sphere,pure_bo,pure_bo,38,0.01360278191608071,0.010913497443371898,38.30004231358976,2.277565597723915
sphere,pure_bo,pure_bo,39,0.01360278191608071,0.010913497443371898,39.369858266386565,2.2951747600463963
sphere,pure_bo,pure_bo,40,0.01360278191608071,0.010913497443371898,40.27052190366447,2.149943438999009
sphere,pure_bo,pure_bo,41,0.01360278191608071,0.010913497443371898,40.664176495027846,2.1961946562057797
sphere,pure_bo,pure_bo,42,0.01360278191608071,0.010913497443371898,40.96684775955523,2.6061689394407526
sphere,pure_bo,pure_bo,43,0.01360278191608071,0.010913497443371898,41.22599001097068,2.9612479769630053
sphere,pure_bo,pure_bo,44,0.01360278191608071,0.010913497443371898,41.5660250408609,3.4308071501337722
sphere,pure_bo,pure_bo,45,0.01360278191608071,0.010913497443371898,41.82122788588183,3.7850885293452454
sphere,pure_bo,pure_bo,46,0.01360278191608071,0.010913497443371898,42.076229804433105,4.140235051772358
sphere,pure_bo,pure_bo,47,0.01360278191608071,0.010913497443371898,42.30138543281351,4.454546152070894
sphere,pure_bo,pure_bo,48,0.01360278191608071,0.010913497443371898,42.680246138926435,4.984602132110895
sphere,pure_bo,pure_bo,49,0.01360278191608071,0.010913497443371898,42.93357400592192,5.339666339468183
sphere,earlbo,earlbo,0,0.16117924465919387,0.07173124199447196,0.5645261301835177,0.033402022971152114
sphere,earlbo,earlbo,1,0.1265012872970854,0.0800055318233699,0.7167871295155924,0.0701703700723138
sphere,earlbo,earlbo,2,0.07895975879828193,0.0400744388716876,0.8389042843861535,0.14684913157478233
sphere,earlbo,earlbo,3,0.05287674070634283,0.040854086100011226,0.978790034452997,0.1939187905376604
sphere,earlbo,earlbo,4,0.028278721252924622,0.007440511783461546,1.0643867797627464,0.20841078191912563
sphere,earlbo,earlbo,5,0.011725985155024293,0.001327213227300094,1.1297334035069588,0.19418742472724135
sphere,earlbo,earlbo,6,0.010811125982284698,0.0002876399064775002,1.186077370533386,0.17951287716399716
sphere,earlbo,earlbo,7,0.008540029879540435,0.0018818544415367398,1.2296029340629258,0.16906792764777073
sphere,earlbo,earlbo,8,0.008479584146431147,0.0018818394987758732,1.3603301022851604,0.23008077387049208
sphere,earlbo,earlbo,9,0.007730502578492789,0.0010800864346177154,1.5273642523497475,0.24833844043670272
sphere,earlbo,earlbo,10,0.0071734959977786325,0.001867109712015707,1.7137788727305352,0.14433368838731767
sphere,earlbo,earlbo,11,0.005228038332044964,0.002491427395736594,1.8399509802577052,0.0844490386115844
sphere,earlbo,earlbo,12,0.004762666252940217,0.001879649645175048,1.9242182910653918,0.09443633097666625
sphere,earlbo,earlbo,13,0.004762666252940217,0.001879649645175048,2.106724756949461,0.0743805521943819
sphere,earlbo,earlbo,14,0.003459960811083467,0.0008087191178021005,2.282221807004609,0.06299507870759585
sphere,earlbo,earlbo,15,0.003459960811083467,0.0008087191178021005,2.5373622599967525,0.02652706352244144
sphere,earlbo,earlbo,16,0.003459960811083467,0.0008087191178021005,2.8062894296350596,0.09805074117537263
sphere,earlbo,earlbo,17,0.003459960811083467,0.0008087191178021005,3.0151197610511495,0.14544445490716207
sphere,earlbo,earlbo,18,0.003459960811083467,0.0008087191178021005,3.2586583196235814,0.19818202744980049
sphere,earlbo,earlbo,19,0.003459960811083467,0.0008087191178021005,3.5149506853675185,0.22611490257926087
sphere,earlbo,earlbo,20,0.003456722863572166,0.00081223469068032,3.6881692172491554,0.19166643486146617
sphere,earlbo,earlbo,21,0.003456722863572166,0.00081223469068032,3.8370401331466457,0.16848241231455122
sphere,earlbo,earlbo,22,0.003456722863572166,0.00081223469068032,4.033353991825444,0.16114894377463784
sphere,earlbo,earlbo,23,0.003456722863572166,0.00081223469068032,4.299137671879529,0.1890041145089876
sphere,earlbo,earlbo,24,0.003456722863572166,0.00081223469068032,4.474981637212882,0.2127174447722309
sphere,earlbo,earlbo,25,0.0026502380400355093,0.001508039501109979,4.627784242057572,0.2861571484645677
sphere,earlbo,earlbo,26,0.0026502380400355093,0.001508039501109979,4.7679201836404905,0.3109369531570811
sphere,earlbo,earlbo,27,0.0026502380400355093,0.001508039501109979,4.93489362267924,0.29546619577567723
sphere,earlbo,earlbo,28,0.0026502380400355093,0.001508039501109979,5.134385039558598,0.2584830769497956
sphere,earlbo,earlbo,29,0.0026502380400355093,0.001508039501109979,5.335026445185883,0.2957882011175375
sphere,earlbo,earlbo,30,0.0026502380400355093,0.001508039501109979,5.5494284105433564,0.3312711364938981
sphere,earlbo,earlbo,31,0.0026502380400355093,0.001508039501109979,5.710602955679207,0.3781501376964833
sphere,earlbo,earlbo,32,0.0026502380400355093,0.001508039501109979,5.907156913951833,0.3640911740998832
sphere,earlbo,earlbo,33,0.0020057102605215205,0.0008223555003278116,6.0859992782753105,0.3988250037396404
sphere,earlbo,earlbo,34,0.0020057102605215205,0.0008223555003278116,6.26596771113313,0.4032557424422559
sphere,earlbo,earlbo,35,0.0020057102605215205,0.0008223555003278116,6.462136678517531,0.416465120992222
sphere,earlbo,earlbo,36,0.0020057102605215205,0.0008223555003278116,6.67505549662415,0.42590789351289615
sphere,earlbo,earlbo,37,0.0020057102605215205,0.0008223555003278116,6.893518199285356,0.44125348125053837
sphere,earlbo,earlbo,38,0.0020057102605215205,0.0008223555003278116,7.11487791514357,0.3874419381419624
sphere,earlbo,earlbo,39,0.0020057102605215205,0.0008223555003278116,7.330792755667041,0.35688183594291334
sphere,earlbo,earlbo,40,0.0020057102605215205,0.0008223555003278116,7.50570523051051,0.40417735054175136
sphere,earlbo,earlbo,41,0.0020057102605215205,0.0008223555003278116,7.653406659661708,0.34554054138494456
sphere,earlbo,earlbo,42,0.0020057102605215205,0.0008223555003278116,7.807071179563007,0.2752592206428018
sphere,earlbo,earlbo,43,0.0020057102605215205,0.0008223555003278116,8.039971299272503,0.24915271995360572
sphere,earlbo,earlbo,44,0.0013214695316084606,0.0008934722392944309,8.23979377505789,0.30281164453890935
sphere,earlbo,earlbo,45,0.0013214695316084606,0.0008934722392944309,8.42055225220079,0.3214477302725387
sphere,earlbo,earlbo,46,0.0013214695316084606,0.0008934722392944309,8.623242402739729,0.33168871987358567
sphere,earlbo,earlbo,47,0.0013214695316084606,0.0008934722392944309,8.81570788056937,0.31874673453644237
sphere,earlbo,earlbo,48,0.0013214695316084606,0.0008934722392944309,8.980240536480494,0.30567992444217856
sphere,earlbo,earlbo,49,0.0013214695316084606,0.0008934722392944309,9.164421236788757,0.3426657019210959
sphere,snake,snake,0,0.1524112034491769,0.09811847789699887,0.5602327600427591,0.006904401764248826
sphere,snake,snake,1,0.11110990955369178,0.10204210197063719,0.6643566354695979,0.02358942280744399
sphere,snake,snake,2,0.10259804803977858,0.09903814596617076,0.7391168153334009,0.04222456074716361
sphere,snake,snake,3,0.07004945200850142,0.05885005694879451,0.7778355867658852,0.05426873929787494
sphere,snake,snake,4,0.022311107040332494,0.012721657501072006,0.8628777639671977,0.09922448009684476
sphere,snake,snake,5,0.013157908306063554,0.006205864317244691,0.9037577185009025,0.10891265542593755
sphere,snake,snake,6,0.010553913443915519,0.004492024778041942,1.0158181321887174,0.06335166969179144
sphere,snake,snake,7,0.008619270488098551,0.004766575367657637,1.134907547977573,0.14951235647134484
sphere,snake,snake,8,0.005079552049879438,0.0006735628194103055,1.2547485301814552,0.26893736263778
sphere,snake,snake,9,0.0045917515592343635,0.0011464883348326575,1.4570343562761423,0.3992974309594263
sphere,snake,snake,10,0.002694158518943696,0.0014756434430895757,1.5936143726317378,0.36276732649175614
sphere,snake,snake,11,0.002148192607279722,0.0010734722146390726,1.6747857628996359,0.32038932480184024
sphere,snake,snake,12,0.002148192607279722,0.0010734722146390726,1.7802618443880291,0.32898859516698725
sphere,snake,snake,13,0.002148192607279722,0.0010734722146390726,1.9542034816817104,0.37726195085233644
sphere,snake,snake,14,0.002148192607279722,0.0010734722146390726,2.151431332356637,0.4031063567544102
sphere,snake,snake,15,0.002148192607279722,0.0010734722146390726,2.3707580019608785,0.4880429697603318
sphere,snake,snake,16,0.002148192607279722,0.0010734722146390726,2.5190260276191796,0.550639234203639
sphere,snake,snake,17,0.002148192607279722,0.0010734722146390726,2.7662067446373104,0.6115380073616622
sphere,snake,snake,18,0.002148192607279722,0.0010734722146390726,2.989466529467247,0.6297443494888754
sphere,snake,snake,19,0.002148192607279722,0.0010734722146390726,3.227583860670735,0.5825918411683761
sphere,snake,snake,20,0.002148192607279722,0.0010734722146390726,3.518179939917396,0.5685598078884047
sphere,snake,snake,21,0.002148192607279722,0.0010734722146390726,3.7327919701028396,0.6073588184404847
sphere,snake,snake,22,0.002148192607279722,0.0010734722146390726,3.888404459002002,0.6035634157596033
sphere,snake,snake,23,0.002148192607279722,0.0010734722146390726,4.059877151296067,0.6203226719080788
sphere,snake,snake,24,0.002148192607279722,0.0010734722146390726,4.255470358757151,0.6310068026774761
sphere,snake,snake,25,0.002148192607279722,0.0010734722146390726,4.450151426023829,0.6551608005699453
sphere,snake,snake,26,0.002148192607279722,0.0010734722146390726,4.712548052343799,0.658561967330419
sphere,snake,snake,27,0.002148192607279722,0.0010734722146390726,4.954709747706797,0.6717647537121021
sphere,snake,snake,28,0.002148192607279722,0.0010734722146390726,5.235794446181186,0.6662454993420139
sphere,snake,snake,29,0.002148192607279722,0.0010734722146390726,5.493187565329702,0.6581475976219338
sphere,snake,snake,30,0.002148192607279722,0.0010734722146390726,5.696520968854821,0.6866963817973973
sphere,snake,snake,31,0.002148192607279722,0.0010734722146390726,5.9203121788052755,0.7112825026732744
sphere,snake,snake,32,0.002148192607279722,0.0010734722146390726,6.169600499343563,0.7861028568029206
sphere,snake,snake,33,0.002148192607279722,0.0010734722146390726,6.434591771298671,0.7876947251058467
sphere,snake,snake,34,0.002148192607279722,0.0010734722146390726,6.653709641874578,0.7157540727320831
sphere,snake,snake,35,0.002148192607279722,0.0010734722146390726,6.821381177112549,0.755778949474698
sphere,snake,snake,36,0.002148192607279722,0.0010734722146390726,7.0370755575074915,0.7994984747622005
sphere,snake,snake,37,0.002148192607279722,0.0010734722146390726,7.209177687731227,0.806953306209742
sphere,snake,snake,38,0.002148192607279722,0.0010734722146390726,7.439597208790921,0.7574686682591572
sphere,snake,snake,39,0.002148192607279722,0.0010734722146390726,7.581224425632647,0.7766988674060483
sphere,snake,snake,40,0.002148192607279722,0.0010734722146390726,7.803105311331314,0.7777710226460116
sphere,snake,snake,41,0.002148192607279722,0.0010734722146390726,8.00534378134333,0.746852769687448
sphere,snake,snake,42,0.002148192607279722,0.0010734722146390726,8.225400303558748,0.8296773092471286
sphere,snake,snake,43,0.002148192607279722,0.0010734722146390726,8.4448003307767,0.8893916328024416
sphere,snake,snake,44,0.002148192607279722,0.0010734722146390726,8.659491957099085,0.9690738012721742
sphere,snake,snake,45,0.002148192607279722,0.0010734722146390726,8.88094914914643,0.9404381790579046
sphere,snake,snake,46,0.002148192607279722,0.0010734722146390726,9.024751417270314,0.9318338010983451
sphere,snake,snake,47,0.002148192607279722,0.0010734722146390726,9.211630532426987,0.9240513133927739
sphere,snake,snake,48,0.002148192607279722,0.0010734722146390726,9.41513036186849,0.8929936395810354
sphere,snake,snake,49,0.002148192607279722,0.0010734722146390726,9.635011097937927,0.8897824081755067
sphere,log_improvement_movement_cost3,log_improvement_movement_cost3,0,0.15166554724683529,0.09839419087890941,0.5621682281531989,0.006653233113827568
sphere,log_improvement_movement_cost3,log_improvement_movement_cost3,1,0.11065989969310273,0.10166658308372055,0.6653713062740394,0.02728568315307
sphere,log_improvement_movement_cost3,log_improvement_movement_cost3,2,0.10161402714008537,0.09755113944932783,0.7430160796071861,0.04596427101443766
sphere,log_improvement_movement_cost3,log_improvement_movement_cost3,3,0.0704923872509479,0.05818485083593754,0.7846979988611776,0.05521279923095096
sphere,log_improvement_movement_cost3,log_improvement_movement_cost3,4,0.02592546061887309,0.013484408866795555,0.8677674209829922,0.1065914074227018
sphere,log_improvement_movement_cost3,log_improvement_movement_cost3,5,0.015274838637243432,0.005125463796464631,0.9208142046082184,0.10199114870821746
sphere,log_improvement_movement_cost3,log_improvement_movement_cost3,6,0.00961310920636487,0.001201895731953505,0.963509326697109,0.10752933876214622
sphere,log_improvement_movement_cost3,log_improvement_movement_cost3,7,0.005427741251178941,0.003076966772073416,0.9938162974695551,0.10396471031433807
sphere,log_improvement_movement_cost3,log_improvement_movement_cost3,8,0.004691077454824184,0.0020567944166324484,1.0219543589703697,0.10053315234732586
sphere,log_improvement_movement_cost3,log_improvement_movement_cost3,9,0.0035360202366247176,0.0012770097256553697,1.0572581112604345,0.0825543114872649
sphere,log_improvement_movement_cost3,log_improvement_movement_cost3,10,0.0028419051527881745,0.0010951546379536661,1.0810956659198085,0.07539459735109025
sphere,log_improvement_movement_cost3,log_improvement_movement_cost3,11,0.002350730161225677,0.0016940028567965335,1.1122669229107751,0.07540460765586782
sphere,log_improvement_movement_cost3,log_improvement_movement_cost3,12,0.001731705210012202,0.0018213140454058424,1.140526643027597,0.0768820565129434
sphere,log_improvement_movement_cost3,log_improvement_movement_cost3,13,0.001731705210012202,0.0018213140454058424,1.1764574352849781,0.07548881771241113
sphere,log_improvement_movement_cost3,log_improvement_movement_cost3,14,0.0009349829854687838,0.0007202267042545182,1.2114179263327287,0.07256087319864125
sphere,log_improvement_movement_cost3,log_improvement_movement_cost3,15,0.0009349829854687838,0.0007202267042545182,1.264911405222493,0.06676254865644642
sphere,log_improvement_movement_cost3,log_improvement_movement_cost3,16,0.0009349829854687838,0.0007202267042545182,1.3067405751063896,0.07139950431268476
sphere,log_improvement_movement_cost3,log_improvement_movement_cost3,17,0.0009349829854687838,0.0007202267042545182,1.337786364064275,0.07629120806615719
sphere,log_improvement_movement_cost3,log_improvement_movement_cost3,18,0.0005342010664811668,0.00026621486147948196,1.3823579360870655,0.0792286599323639
sphere,log_improvement_movement_cost3,log_improvement_movement_cost3,19,0.0005342010664811668,0.00026621486147948196,1.4256474443760112,0.09059154344106989
sphere,log_improvement_movement_cost3,log_improvement_movement_cost3,20,0.0005342010664811668,0.00026621486147948196,1.4508815154567491,0.09426930284411304
sphere,log_improvement_movement_cost3,log_improvement_movement_cost3,21,0.0005342010664811668,0.00026621486147948196,1.4873592163083265,0.10043132261686698
sphere,log_improvement_movement_cost3,log_improvement_movement_cost3,22,0.0005342010664811668,0.00026621486147948196,1.5308069942595335,0.10758909862396294
sphere,log_improvement_movement_cost3,log_improvement_movement_cost3,23,0.0005342010664811668,0.00026621486147948196,1.5806402773958788,0.11116919527267285
sphere,log_improvement_movement_cost3,log_improvement_movement_cost3,24,0.0005342010664811668,0.00026621486147948196,1.6317082930797773,0.12419754312829788
sphere,log_improvement_movement_cost3,log_improvement_movement_cost3,25,0.0005342010664811668,0.00026621486147948196,1.6593561344765113,0.1277240844573319
sphere,log_improvement_movement_cost3,log_improvement_movement_cost3,26,0.0005342010664811668,0.00026621486147948196,1.7034673993653708,0.12792906279100322
sphere,log_improvement_movement_cost3,log_improvement_movement_cost3,27,0.0005342010664811668,0.00026621486147948196,1.735821779159723,0.13125888585443737
sphere,log_improvement_movement_cost3,log_improvement_movement_cost3,28,0.0005342010664811668,0.00026621486147948196,1.7653993865555415,0.13314612480502824
sphere,log_improvement_movement_cost3,log_improvement_movement_cost3,29,0.0005342010664811668,0.00026621486147948196,1.8167709676773451,0.1239117170904495
sphere,log_improvement_movement_cost3,log_improvement_movement_cost3,30,0.0004697542299535159,0.0002262923883002419,1.866905691196271,0.1103433125137175
sphere,log_improvement_movement_cost3,log_improvement_movement_cost3,31,0.0004697542299535159,0.0002262923883002419,1.8924308568121042,0.11378992371170173
sphere,log_improvement_movement_cost3,log_improvement_movement_cost3,32,0.0004697542299535159,0.0002262923883002419,1.9288350741285634,0.1347215500410473
sphere,log_improvement_movement_cost3,log_improvement_movement_cost3,33,0.0004697542299535159,0.0002262923883002419,1.9704632112512905,0.14632882020100807
sphere,log_improvement_movement_cost3,log_improvement_movement_cost3,34,0.0004697542299535159,0.0002262923883002419,2.008144239667015,0.14276834721887194
sphere,log_improvement_movement_cost3,log_improvement_movement_cost3,35,0.0004697542299535159,0.0002262923883002419,2.0445963715222084,0.13809202178361119
sphere,log_improvement_movement_cost3,log_improvement_movement_cost3,36,0.0004697542299535159,0.0002262923883002419,2.092666481219137,0.1311210585644336
sphere,log_improvement_movement_cost3,log_improvement_movement_cost3,37,0.0004697542299535159,0.0002262923883002419,2.1479828609630656,0.128643015801214
sphere,log_improvement_movement_cost3,log_improvement_movement_cost3,38,0.0004697542299535159,0.0002262923883002419,2.1889043129659074,0.11991447706951196
sphere,log_improvement_movement_cost3,log_improvement_movement_cost3,39,0.0004697542299535159,0.0002262923883002419,2.225769826364891,0.11528659085000428
sphere,log_improvement_movement_cost3,log_improvement_movement_cost3,40,0.0004697542299535159,0.0002262923883002419,2.2587487148794936,0.10589079549269607
sphere,log_improvement_movement_cost3,log_improvement_movement_cost3,41,0.0004697542299535159,0.0002262923883002419,2.2967051548954287,0.10369856132479932
sphere,log_improvement_movement_cost3,log_improvement_movement_cost3,42,0.0004697542299535159,0.0002262923883002419,2.335836985686118,0.10415053755934887
sphere,log_improvement_movement_cost3,log_improvement_movement_cost3,43,0.000467097753174499,0.00022369800076075004,2.3751329129314414,0.10324813829677285
sphere,log_improvement_movement_cost3,log_improvement_movement_cost3,44,0.000467097753174499,0.00022369800076075004,2.4161230174789625,0.09763682543230431
sphere,log_improvement_movement_cost3,log_improvement_movement_cost3,45,0.000467097753174499,0.00022369800076075004,2.4493629910634596,0.09883068258937101
sphere,log_improvement_movement_cost3,log_improvement_movement_cost3,46,0.000467097753174499,0.00022369800076075004,2.4951923551825197,0.10760579001926077
sphere,log_improvement_movement_cost3,log_improvement_movement_cost3,47,0.000467097753174499,0.00022369800076075004,2.5270201279045983,0.11156928254207281
sphere,log_improvement_movement_cost3,log_improvement_movement_cost3,48,0.000467097753174499,0.00022369800076075004,2.565270754738291,0.10541129523935615
sphere,log_improvement_movement_cost3,log_improvement_movement_cost3,49,0.000467097753174499,0.00022369800076075004,2.6043199933676267,0.09728063466938676
sphere,optimistic_selected,optimistic_improvement_movement_cost3,0,0.1520305437074418,0.09708417371918612,0.5623101173696737,0.003072790407929461
sphere,optimistic_selected,optimistic_improvement_movement_cost3,1,0.10899046078040597,0.1026957593651691,0.6711576882581273,0.02368747114742296
sphere,optimistic_selected,optimistic_improvement_movement_cost3,2,0.09489830765503078,0.08349672690484394,0.7443082859411438,0.0400950094547151
sphere,optimistic_selected,optimistic_improvement_movement_cost3,3,0.05503881670877812,0.05334081060312226,0.7937320478915444,0.06121785878202018
sphere,optimistic_selected,optimistic_improvement_movement_cost3,4,0.009144287254018453,0.004696826848453003,0.8821402088673144,0.09823453971503672
sphere,optimistic_selected,optimistic_improvement_movement_cost3,5,0.0054442661953114715,0.00035396383378932773,0.9158941480767258,0.10917058946427456
sphere,optimistic_selected,optimistic_improvement_movement_cost3,6,0.0034120270577720417,0.0007159086372946285,0.948962839334377,0.10922871399980602
sphere,optimistic_selected,optimistic_improvement_movement_cost3,7,0.0034120270577720417,0.0007159086372946285,0.9717285034239831,0.09871558717060155
sphere,optimistic_selected,optimistic_improvement_movement_cost3,8,0.0034120270577720417,0.0007159086372946285,0.9968113100688546,0.10291866356299373
sphere,optimistic_selected,optimistic_improvement_movement_cost3,9,0.0034120270577720417,0.0007159086372946285,1.0305159451773422,0.09862246055751195
sphere,optimistic_selected,optimistic_improvement_movement_cost3,10,0.002927442552506094,0.0008558855594681194,1.061855172942603,0.09854572868879773
sphere,optimistic_selected,optimistic_improvement_movement_cost3,11,0.0021912122422092953,0.0013720702648828986,1.0852959679252772,0.09521513535921591
sphere,optimistic_selected,optimistic_improvement_movement_cost3,12,0.0021912122422092953,0.0013720702648828986,1.1107642079297049,0.10777888430468952
sphere,optimistic_selected,optimistic_improvement_movement_cost3,13,0.0021912122422092953,0.0013720702648828986,1.1467361989893952,0.10970003426652916
sphere,optimistic_selected,optimistic_improvement_movement_cost3,14,0.0021912122422092953,0.0013720702648828986,1.177851520805127,0.1144290804238267
sphere,optimistic_selected,optimistic_improvement_movement_cost3,15,0.0021912122422092953,0.0013720702648828986,1.2233175511377887,0.11262467057072215
sphere,optimistic_selected,optimistic_improvement_movement_cost3,16,0.0021912122422092953,0.0013720702648828986,1.259096695800556,0.11259430867498214
sphere,optimistic_selected,optimistic_improvement_movement_cost3,17,0.0021912122422092953,0.0013720702648828986,1.2967695500633718,0.11561135356936623
sphere,optimistic_selected,optimistic_improvement_movement_cost3,18,0.0009028735240296792,0.0004499428036348517,1.3421690552397623,0.12084621593146441
sphere,optimistic_selected,optimistic_improvement_movement_cost3,19,0.0009028735240296792,0.0004499428036348517,1.3941084688814414,0.12928930115990697
sphere,optimistic_selected,optimistic_improvement_movement_cost3,20,0.0009028735240296792,0.0004499428036348517,1.4322376752900965,0.12824978671631804
sphere,optimistic_selected,optimistic_improvement_movement_cost3,21,0.0009028735240296792,0.0004499428036348517,1.466511872674152,0.12776330902540275
sphere,optimistic_selected,optimistic_improvement_movement_cost3,22,0.0009028735240296792,0.0004499428036348517,1.5118859685908843,0.12975526123169434
sphere,optimistic_selected,optimistic_improvement_movement_cost3,23,0.0009028735240296792,0.0004499428036348517,1.5581776422219633,0.13957169673825065
sphere,optimistic_selected,optimistic_improvement_movement_cost3,24,0.0008092384729308037,0.00039927953391415106,1.606650935934993,0.1541459620496228
sphere,optimistic_selected,optimistic_improvement_movement_cost3,25,0.0008092384729308037,0.00039927953391415106,1.6300711431898014,0.15804735533480088
sphere,optimistic_selected,optimistic_improvement_movement_cost3,26,0.0008092384729308037,0.00039927953391415106,1.6757330179515304,0.16169450103096994
sphere,optimistic_selected,optimistic_improvement_movement_cost3,27,0.0008092384729308037,0.00039927953391415106,1.713434131686105,0.16120858410513939
sphere,optimistic_selected,optimistic_improvement_movement_cost3,28,0.0006687609427659027,0.0004008132036139864,1.7482377901017168,0.15827600868891062
sphere,optimistic_selected,optimistic_improvement_movement_cost3,29,0.0006687609427659027,0.0004008132036139864,1.7926662006362564,0.15120324552894043
sphere,optimistic_selected,optimistic_improvement_movement_cost3,30,0.0006687609427659027,0.0004008132036139864,1.8344654241438272,0.146961531278291
sphere,optimistic_selected,optimistic_improvement_movement_cost3,31,0.0006687609427659027,0.0004008132036139864,1.868277264700539,0.1430597556375746
sphere,optimistic_selected,optimistic_improvement_movement_cost3,32,0.0006687609427659027,0.0004008132036139864,1.9033435998840347,0.15352446667270878
sphere,optimistic_selected,optimistic_improvement_movement_cost3,33,0.0006687609427659027,0.0004008132036139864,1.939877279668054,0.1622360824497818
sphere,optimistic_selected,optimistic_improvement_movement_cost3,34,0.0006687609427659027,0.0004008132036139864,1.9773644233759367,0.15347415346558102
sphere,optimistic_selected,optimistic_improvement_movement_cost3,35,0.0006687609427659027,0.0004008132036139864,2.015781971385341,0.15495963074531044
sphere,optimistic_selected,optimistic_improvement_movement_cost3,36,0.0006687609427659027,0.0004008132036139864,2.0690333375471104,0.1519754582397419
sphere,optimistic_selected,optimistic_improvement_movement_cost3,37,0.0006687609427659027,0.0004008132036139864,2.1239131385256442,0.15172420818234214
sphere,optimistic_selected,optimistic_improvement_movement_cost3,38,0.0006687609427659027,0.0004008132036139864,2.1595137935811395,0.1479056198230104
sphere,optimistic_selected,optimistic_improvement_movement_cost3,39,0.0006687609427659027,0.0004008132036139864,2.1977555527658907,0.14950454695159368
sphere,optimistic_selected,optimistic_improvement_movement_cost3,40,0.0006687609427659027,0.0004008132036139864,2.233883369903682,0.1465885492061992
sphere,optimistic_selected,optimistic_improvement_movement_cost3,41,0.0006687609427659027,0.0004008132036139864,2.2776188815554765,0.13715022368945312
sphere,optimistic_selected,optimistic_improvement_movement_cost3,42,0.0006687609427659027,0.0004008132036139864,2.3129418740070697,0.13687973789232413
sphere,optimistic_selected,optimistic_improvement_movement_cost3,43,0.0006687609427659027,0.0004008132036139864,2.346916506814073,0.13813909028215934
sphere,optimistic_selected,optimistic_improvement_movement_cost3,44,0.0006687609427659027,0.0004008132036139864,2.3830846162093344,0.13204030642029446
sphere,optimistic_selected,optimistic_improvement_movement_cost3,45,0.0006687609427659027,0.0004008132036139864,2.4158612120062313,0.13256231376827143
sphere,optimistic_selected,optimistic_improvement_movement_cost3,46,0.0006687609427659027,0.0004008132036139864,2.4629224517517447,0.1350699063396251
sphere,optimistic_selected,optimistic_improvement_movement_cost3,47,0.0006687609427659027,0.0004008132036139864,2.500523008564249,0.13336482722948623
sphere,optimistic_selected,optimistic_improvement_movement_cost3,48,0.0006687609427659027,0.0004008132036139864,2.5432865493323855,0.12682085656349307
sphere,optimistic_selected,optimistic_improvement_movement_cost3,49,0.0006687609427659027,0.0004008132036139864,2.5828821765504606,0.12177687487623841
sphere,budgeted_exploration,budgeted_exploration,0,0.1576486248520795,0.09728555535096446,0.5630152140309492,0.006996902675597877
sphere,budgeted_exploration,budgeted_exploration,1,0.10902334485696141,0.10466115465737522,0.6803678820798821,0.01944024425470261
sphere,budgeted_exploration,budgeted_exploration,2,0.10902334485696141,0.10466115465737522,0.7540151113189122,0.036850352681930085
sphere,budgeted_exploration,budgeted_exploration,3,0.07412159875334073,0.05873256893620246,0.8246676377088161,0.056129432269627674
sphere,budgeted_exploration,budgeted_exploration,4,0.027115327204045178,0.024508015100589125,0.9047981413131366,0.06251727995713946
sphere,budgeted_exploration,budgeted_exploration,5,0.00559197251967998,0.002022008584926732,1.0039250453857351,0.08157127009161576
sphere,budgeted_exploration,budgeted_exploration,6,0.00559197251967998,0.002022008584926732,1.072880504674797,0.06365078881937024
sphere,budgeted_exploration,budgeted_exploration,7,0.004209105124353661,0.0014056049930109911,1.1398945161790335,0.045490883609718466
sphere,budgeted_exploration,budgeted_exploration,8,0.0024227561523610767,0.0011863683475579366,1.2019074665874159,0.03963939502734641
sphere,budgeted_exploration,budgeted_exploration,9,0.0024227561523610767,0.0011863683475579366,1.2465233835818557,0.03306448707127546
sphere,budgeted_exploration,budgeted_exploration,10,0.0024227561523610767,0.0011863683475579366,1.3211175183049981,0.028657350818898916
sphere,budgeted_exploration,budgeted_exploration,11,0.0024227561523610767,0.0011863683475579366,1.4051023508707001,0.024202118278280865
sphere,budgeted_exploration,budgeted_exploration,12,0.0024227561523610767,0.0011863683475579366,1.472135845041332,0.03947288522249079
sphere,budgeted_exploration,budgeted_exploration,13,0.0024227561523610767,0.0011863683475579366,1.577904399195179,0.06115526703761426
sphere,budgeted_exploration,budgeted_exploration,14,0.0024227561523610767,0.0011863683475579366,1.6732767525247674,0.05418313472173218
sphere,budgeted_exploration,budgeted_exploration,15,0.0023372287498982414,0.0011590653596681606,1.7304681039707497,0.0624941250415787
sphere,budgeted_exploration,budgeted_exploration,16,0.0023372287498982414,0.0011590653596681606,1.7819199422631715,0.06621706530139353
sphere,budgeted_exploration,budgeted_exploration,17,0.0023372287498982414,0.0011590653596681606,1.839989057098985,0.07486180633655827
sphere,budgeted_exploration,budgeted_exploration,18,0.0023372287498982414,0.0011590653596681606,1.9057701310009765,0.06387117160433617
sphere,budgeted_exploration,budgeted_exploration,19,0.0023372287498982414,0.0011590653596681606,1.9828110376445214,0.07780136751825566
sphere,budgeted_exploration,budgeted_exploration,20,0.0016060727538330943,0.0007618669260950092,2.0396360760104164,0.05592747883723969
sphere,budgeted_exploration,budgeted_exploration,21,0.0016060727538330943,0.0007618669260950092,2.1131278077458293,0.04122099098241772
sphere,budgeted_exploration,budgeted_exploration,22,0.0016060727538330943,0.0007618669260950092,2.208273546464211,0.06225636374834261
sphere,budgeted_exploration,budgeted_exploration,23,0.0014870672948591064,0.000604975719494185,2.2988505998877007,0.06988858030465324
sphere,budgeted_exploration,budgeted_exploration,24,0.0014870672948591064,0.000604975719494185,2.389046983108969,0.06876695521675309
sphere,budgeted_exploration,budgeted_exploration,25,0.0014870672948591064,0.000604975719494185,2.466928648865404,0.04354047501770422
sphere,budgeted_exploration,budgeted_exploration,26,0.0014870672948591064,0.000604975719494185,2.5497000241348844,0.025885671248497475
sphere,budgeted_exploration,budgeted_exploration,27,0.0014870672948591064,0.000604975719494185,2.600596782090397,0.03682707405825923
sphere,budgeted_exploration,budgeted_exploration,28,0.0014870672948591064,0.000604975719494185,2.6523773136620545,0.036711229993327606
sphere,budgeted_exploration,budgeted_exploration,29,0.0014870672948591064,0.000604975719494185,2.7007416429174356,0.029044657631616747
sphere,budgeted_exploration,budgeted_exploration,30,0.0014870672948591064,0.000604975719494185,2.741141111870063,0.026390970823403814
sphere,budgeted_exploration,budgeted_exploration,31,0.0014870672948591064,0.000604975719494185,2.787932661441199,0.03843283619134478
sphere,budgeted_exploration,budgeted_exploration,32,0.0010764688049985387,0.0002470102266711727,2.829336799941895,0.055419434305825334
sphere,budgeted_exploration,budgeted_exploration,33,0.0010764688049985387,0.0002470102266711727,2.8818626623839716,0.06914880055507111
sphere,budgeted_exploration,budgeted_exploration,34,0.0010764688049985387,0.0002470102266711727,2.925328348405582,0.07220026945064051
sphere,budgeted_exploration,budgeted_exploration,35,0.0010764688049985387,0.0002470102266711727,2.9763299741908624,0.06663703961907584
sphere,budgeted_exploration,budgeted_exploration,36,0.0010764688049985387,0.0002470102266711727,3.0312857681909846,0.057468025893719826
sphere,budgeted_exploration,budgeted_exploration,37,0.0010500431926236825,0.00021327620438148923,3.096645940117311,0.057225533007998354
sphere,budgeted_exploration,budgeted_exploration,38,0.0010500431926236825,0.00021327620438148923,3.140021536406342,0.05162004576681369
sphere,budgeted_exploration,budgeted_exploration,39,0.0010500431926236825,0.00021327620438148923,3.1860579455854907,0.05454523788537468
sphere,budgeted_exploration,budgeted_exploration,40,0.0010500431926236825,0.00021327620438148923,3.2345831345275577,0.048401784560727204
sphere,budgeted_exploration,budgeted_exploration,41,0.0010500431926236825,0.00021327620438148923,3.2772221450023307,0.046131874121270545
sphere,budgeted_exploration,budgeted_exploration,42,0.0010500431926236825,0.00021327620438148923,3.3175182553300275,0.05164710188145698
sphere,budgeted_exploration,budgeted_exploration,43,0.0010500431926236825,0.00021327620438148923,3.3514759653504,0.06014950413254337
sphere,budgeted_exploration,budgeted_exploration,44,0.0010500431926236825,0.00021327620438148923,3.38959179883314,0.06378328002291622
sphere,budgeted_exploration,budgeted_exploration,45,0.0010500431926236825,0.00021327620438148923,3.4130033479613555,0.05819812065492329
sphere,budgeted_exploration,budgeted_exploration,46,0.0010500431926236825,0.00021327620438148923,3.449830405517275,0.05860498432792779
sphere,budgeted_exploration,budgeted_exploration,47,0.0009577564504217334,0.0002547163704478133,3.4810130762282228,0.056462002086117354
sphere,budgeted_exploration,budgeted_exploration,48,0.0009577564504217334,0.0002547163704478133,3.521889343567992,0.05363575901595199
sphere,budgeted_exploration,budgeted_exploration,49,0.0009577564504217334,0.0002547163704478133,3.566190192385027,0.05256505520712082
sphere,lookahead_budgeted_exploration,lookahead_budgeted_exploration,0,0.15066481074538898,0.07831861291937747,0.5828170551103941,0.014392481480823513
sphere,lookahead_budgeted_exploration,lookahead_budgeted_exploration,1,0.08804255122199105,0.08330099752838398,0.714371734609944,0.04958673894279484
sphere,lookahead_budgeted_exploration,lookahead_budgeted_exploration,2,0.08567075409742027,0.08197550552093065,0.8041452394993384,0.0885221220573894
sphere,lookahead_budgeted_exploration,lookahead_budgeted_exploration,3,0.08567075409742027,0.08197550552093065,0.8749156015300646,0.09992650490280366
sphere,lookahead_budgeted_exploration,lookahead_budgeted_exploration,4,0.04182317096490241,0.05244581039684408,0.9610225469534529,0.1325550054170525
sphere,lookahead_budgeted_exploration,lookahead_budgeted_exploration,5,0.005817430683256787,0.0025089064513253686,1.0588149314888302,0.16548576171280918
sphere,lookahead_budgeted_exploration,lookahead_budgeted_exploration,6,0.005817430683256787,0.0025089064513253686,1.1162055151085795,0.15935825475890836
sphere,lookahead_budgeted_exploration,lookahead_budgeted_exploration,7,0.004766717993301343,0.002347671663900745,1.179838754079481,0.14938335673547568
sphere,lookahead_budgeted_exploration,lookahead_budgeted_exploration,8,0.004766717993301343,0.002347671663900745,1.2367212867015818,0.1554722407717721
sphere,lookahead_budgeted_exploration,lookahead_budgeted_exploration,9,0.00280740675979301,0.0005904023855056666,1.2758256473819465,0.1523796991344687
sphere,lookahead_budgeted_exploration,lookahead_budgeted_exploration,10,0.00280740675979301,0.0005904023855056666,1.3187222655030792,0.15454963059352353
sphere,lookahead_budgeted_exploration,lookahead_budgeted_exploration,11,0.002280392596261528,0.0011094578222706445,1.3732687418066725,0.14144666868017003
sphere,lookahead_budgeted_exploration,lookahead_budgeted_exploration,12,0.002280392596261528,0.0011094578222706445,1.4274586736540789,0.13509002887129398
sphere,lookahead_budgeted_exploration,lookahead_budgeted_exploration,13,0.002280392596261528,0.0011094578222706445,1.4777454329256152,0.13497770279985258
sphere,lookahead_budgeted_exploration,lookahead_budgeted_exploration,14,0.002280392596261528,0.0011094578222706445,1.520935806506986,0.14732687083419127
sphere,lookahead_budgeted_exploration,lookahead_budgeted_exploration,15,0.002280392596261528,0.0011094578222706445,1.5689612401891644,0.15167141724297664
sphere,lookahead_budgeted_exploration,lookahead_budgeted_exploration,16,0.002280392596261528,0.0011094578222706445,1.6222119783108517,0.15468206504445692
sphere,lookahead_budgeted_exploration,lookahead_budgeted_exploration,17,0.002280392596261528,0.0011094578222706445,1.6636967820018844,0.15305852337173462
sphere,lookahead_budgeted_exploration,lookahead_budgeted_exploration,18,0.002280392596261528,0.0011094578222706445,1.7153070907799897,0.15054068653803185
sphere,lookahead_budgeted_exploration,lookahead_budgeted_exploration,19,0.0018759353567398464,0.0012447620310207636,1.7558875979237036,0.14452754862483105
sphere,lookahead_budgeted_exploration,lookahead_budgeted_exploration,20,0.0018759353567398464,0.0012447620310207636,1.7902565437193587,0.1483994789576573
sphere,lookahead_budgeted_exploration,lookahead_budgeted_exploration,21,0.0018759353567398464,0.0012447620310207636,1.8251975857790395,0.1341034071309461
sphere,lookahead_budgeted_exploration,lookahead_budgeted_exploration,22,0.001852525078095897,0.0012117025895509218,1.8684854080653528,0.13033283562297282
sphere,lookahead_budgeted_exploration,lookahead_budgeted_exploration,23,0.001852525078095897,0.0012117025895509218,1.9134519474007758,0.12610482441681345
sphere,lookahead_budgeted_exploration,lookahead_budgeted_exploration,24,0.0008480066685732177,0.00022075859657371238,1.9529580112910292,0.1265488081325392
sphere,lookahead_budgeted_exploration,lookahead_budgeted_exploration,25,0.0008480066685732177,0.00022075859657371238,1.9832383610945392,0.1279574038479227
sphere,lookahead_budgeted_exploration,lookahead_budgeted_exploration,26,0.0008480066685732177,0.00022075859657371238,2.030007088620131,0.12660626804944677
sphere,lookahead_budgeted_exploration,lookahead_budgeted_exploration,27,0.0008480066685732177,0.00022075859657371238,2.084196773006582,0.12217785909155132
sphere,lookahead_budgeted_exploration,lookahead_budgeted_exploration,28,0.0008480066685732177,0.00022075859657371238,2.1306910394563645,0.10475259119852019
sphere,lookahead_budgeted_exploration,lookahead_budgeted_exploration,29,0.0008480066685732177,0.00022075859657371238,2.1777891378983654,0.09525445031117588
sphere,lookahead_budgeted_exploration,lookahead_budgeted_exploration,30,0.0008480066685732177,0.00022075859657371238,2.23693935109025,0.09410852715188049
sphere,lookahead_budgeted_exploration,lookahead_budgeted_exploration,31,0.0008480066685732177,0.00022075859657371238,2.279463258909012,0.08131797659155489
sphere,lookahead_budgeted_exploration,lookahead_budgeted_exploration,32,0.0008480066685732177,0.00022075859657371238,2.3193434998038183,0.0911251085944875
sphere,lookahead_budgeted_exploration,lookahead_budgeted_exploration,33,0.0008480066685732177,0.00022075859657371238,2.382620436599241,0.1023307060802317
sphere,lookahead_budgeted_exploration,lookahead_budgeted_exploration,34,0.0008480066685732177,0.00022075859657371238,2.419663473809258,0.1038564909995613
sphere,lookahead_budgeted_exploration,lookahead_budgeted_exploration,35,0.0008480066685732177,0.00022075859657371238,2.4757168501694635,0.09962386673579504
sphere,lookahead_budgeted_exploration,lookahead_budgeted_exploration,36,0.0008480066685732177,0.00022075859657371238,2.5180172225359407,0.10370221512533916
sphere,lookahead_budgeted_exploration,lookahead_budgeted_exploration,37,0.0008480066685732177,0.00022075859657371238,2.5647671628080624,0.09487871801968321
sphere,lookahead_budgeted_exploration,lookahead_budgeted_exploration,38,0.0008480066685732177,0.00022075859657371238,2.608798385227667,0.09265793362152971
sphere,lookahead_budgeted_exploration,lookahead_budgeted_exploration,39,0.0008480066685732177,0.00022075859657371238,2.6444291759440177,0.09899429676099569
sphere,lookahead_budgeted_exploration,lookahead_budgeted_exploration,40,0.0008480066685732177,0.00022075859657371238,2.6825187065397684,0.09933107602598516
sphere,lookahead_budgeted_exploration,lookahead_budgeted_exploration,41,0.0008480066685732177,0.00022075859657371238,2.7093558415862744,0.10507062023301562
sphere,lookahead_budgeted_exploration,lookahead_budgeted_exploration,42,0.0008480066685732177,0.00022075859657371238,2.7549317925650136,0.0907238224044199
sphere,lookahead_budgeted_exploration,lookahead_budgeted_exploration,43,0.000844495049268834,0.0002255032387899157,2.790369439603122,0.07884648755846854
sphere,lookahead_budgeted_exploration,lookahead_budgeted_exploration,44,0.000844495049268834,0.0002255032387899157,2.8401105419923245,0.07547641542284446
sphere,lookahead_budgeted_exploration,lookahead_budgeted_exploration,45,0.000844495049268834,0.0002255032387899157,2.879070769869641,0.06202817220960975
sphere,lookahead_budgeted_exploration,lookahead_budgeted_exploration,46,0.000844495049268834,0.0002255032387899157,2.9323320491028135,0.06655611706254953
sphere,lookahead_budgeted_exploration,lookahead_budgeted_exploration,47,0.000844495049268834,0.0002255032387899157,2.974361690340982,0.061793027921776184
sphere,lookahead_budgeted_exploration,lookahead_budgeted_exploration,48,0.000844495049268834,0.0002255032387899157,3.0074980460155687,0.05375403063536374
sphere,lookahead_budgeted_exploration,lookahead_budgeted_exploration,49,0.000844495049268834,0.0002255032387899157,3.0467738255486014,0.06230443198099146
sum_square,pure_bo,pure_bo,0,0.2852484412756364,0.1957711043022814,0.503992511542351,0.09880516878612261
sum_square,pure_bo,pure_bo,1,0.2852484412756364,0.1957711043022814,0.7473519275668852,0.10275936202010298
sum_square,pure_bo,pure_bo,2,0.22169455249726555,0.232325703638479,1.1810160268540082,0.23300589404703745
sum_square,pure_bo,pure_bo,3,0.22169455249726555,0.232325703638479,1.530537940140828,0.3645506921969606
sum_square,pure_bo,pure_bo,4,0.09260702088794194,0.05246552456669395,2.415429068227975,0.3122674104548502
sum_square,pure_bo,pure_bo,5,0.08369363133001151,0.05586320556898994,3.1596517992415354,0.49657356513760437
sum_square,pure_bo,pure_bo,6,0.08369363133001151,0.05586320556898994,4.569951075255166,0.9671496483948726
sum_square,pure_bo,pure_bo,7,0.08369363133001151,0.05586320556898994,5.694424546175658,1.0254237098881174
sum_square,pure_bo,pure_bo,8,0.08369363133001151,0.05586320556898994,6.644977846976546,0.9591281772819679
sum_square,pure_bo,pure_bo,9,0.08369363133001151,0.05586320556898994,7.9717136298679385,1.041774234751313
sum_square,pure_bo,pure_bo,10,0.08369363133001151,0.05586320556898994,9.120121840847025,0.8567483676149641
sum_square,pure_bo,pure_bo,11,0.04066380654028274,0.009566427373344929,10.208004256492321,0.9063432547001703
sum_square,pure_bo,pure_bo,12,0.04066380654028274,0.009566427373344929,11.362113848038236,1.01146206404469
sum_square,pure_bo,pure_bo,13,0.03410122737478658,0.0009277472727831155,12.474552231199022,1.1590945823514565
sum_square,pure_bo,pure_bo,14,0.03410122737478658,0.0009277472727831155,13.724774938382675,0.9599546642532385
sum_square,pure_bo,pure_bo,15,0.03410122737478658,0.0009277472727831155,14.70926463098194,1.01471160407986
sum_square,pure_bo,pure_bo,16,0.03410122737478658,0.0009277472727831155,15.795235740601933,1.2457564736996602
sum_square,pure_bo,pure_bo,17,0.03410122737478658,0.0009277472727831155,17.075472247188785,1.592880343508598
sum_square,pure_bo,pure_bo,18,0.03410122737478658,0.0009277472727831155,18.1442272244883,1.6380679596356396
sum_square,pure_bo,pure_bo,19,0.03410122737478658,0.0009277472727831155,19.269008603266794,1.6019375868630643
sum_square,pure_bo,pure_bo,20,0.03410122737478658,0.0009277472727831155,20.434519998750964,1.2857347298142483
sum_square,pure_bo,pure_bo,21,0.03410122737478658,0.0009277472727831155,21.335402620823526,1.1830187898475062
sum_square,pure_bo,pure_bo,22,0.03410122737478658,0.0009277472727831155,22.383923245232285,0.7800631965683253
sum_square,pure_bo,pure_bo,23,0.03410122737478658,0.0009277472727831155,23.30343719585783,0.6156349528299867
sum_square,pure_bo,pure_bo,24,0.03410122737478658,0.0009277472727831155,24.294707520037765,0.646417836659364
sum_square,pure_bo,pure_bo,25,0.03410122737478658,0.0009277472727831155,25.100945652031616,0.669488849917055
sum_square,pure_bo,pure_bo,26,0.03410122737478658,0.0009277472727831155,26.44315659064598,0.7690339086500979
sum_square,pure_bo,pure_bo,27,0.03410122737478658,0.0009277472727831155,27.355152916593827,1.027900749988987
sum_square,pure_bo,pure_bo,28,0.03410122737478658,0.0009277472727831155,28.197000124522642,0.9924075987384018
sum_square,pure_bo,pure_bo,29,0.03410122737478658,0.0009277472727831155,29.03101987150477,0.7883315936817439
sum_square,pure_bo,pure_bo,30,0.03410122737478658,0.0009277472727831155,29.740541955748018,0.6573073000977405
sum_square,pure_bo,pure_bo,31,0.03410122737478658,0.0009277472727831155,30.65341556313913,0.6235630920932324
sum_square,pure_bo,pure_bo,32,0.03410122737478658,0.0009277472727831155,31.316427283045154,0.5965793219645072
sum_square,pure_bo,pure_bo,33,0.03410122737478658,0.0009277472727831155,31.877492286471394,0.5938163715325219
sum_square,pure_bo,pure_bo,34,0.03410122737478658,0.0009277472727831155,32.673310465583235,0.48026999038875695
sum_square,pure_bo,pure_bo,35,0.03410122737478658,0.0009277472727831155,33.88188667090035,0.5297021000139361
sum_square,pure_bo,pure_bo,36,0.03410122737478658,0.0009277472727831155,34.955702379172045,0.4372382178996363
sum_square,pure_bo,pure_bo,37,0.03410122737478658,0.0009277472727831155,35.93229334525943,0.5580109646609824
sum_square,pure_bo,pure_bo,38,0.03410122737478658,0.0009277472727831155,36.559353644372415,0.5230153111252256
sum_square,pure_bo,pure_bo,39,0.03410122737478658,0.0009277472727831155,37.50902008377912,0.3735593057465565
sum_square,pure_bo,pure_bo,40,0.03410122737478658,0.0009277472727831155,38.16161376176283,0.6447398256653317
sum_square,pure_bo,pure_bo,41,0.03410122737478658,0.0009277472727831155,38.89730565944607,1.123290735670435
sum_square,pure_bo,pure_bo,42,0.03410122737478658,0.0009277472727831155,39.467405378942544,1.5308280552248632
sum_square,pure_bo,pure_bo,43,0.03410122737478658,0.0009277472727831155,40.0800647457221,1.9481542110842545
sum_square,pure_bo,pure_bo,44,0.03410122737478658,0.0009277472727831155,40.60264991415084,2.327006123493761
sum_square,pure_bo,pure_bo,45,0.03410122737478658,0.0009277472727831155,40.81713711462131,2.5145434928760015
sum_square,pure_bo,pure_bo,46,0.03410122737478658,0.0009277472727831155,41.16118381450678,2.8572150415996793
sum_square,pure_bo,pure_bo,47,0.03410122737478658,0.0009277472727831155,41.54280551234871,3.280141044317904
sum_square,pure_bo,pure_bo,48,0.03410122737478658,0.0009277472727831155,41.86749481285698,3.664205672269411
sum_square,pure_bo,pure_bo,49,0.03410122737478658,0.0009277472727831155,42.15211856081637,4.013878766299086
sum_square,earlbo,earlbo,0,0.19287994232620156,0.14432150797833398,0.5457682786836614,0.0816276020026506
sum_square,earlbo,earlbo,1,0.08919585245310853,0.08691833209702107,0.6281072708259471,0.09819524854435462
sum_square,earlbo,earlbo,2,0.08919585245310853,0.08691833209702107,0.7235619712286682,0.10237046409330276
sum_square,earlbo,earlbo,3,0.03417804261140698,0.03671443445014644,0.8272219293974746,0.11964715879959004
sum_square,earlbo,earlbo,4,0.03417804261140698,0.03671443445014644,0.8859469619183566,0.11129725865771894
sum_square,earlbo,earlbo,5,0.03417804261140698,0.03671443445014644,0.9742255104513257,0.11926907226336596
sum_square,earlbo,earlbo,6,0.0178658244152547,0.014111117468621872,1.0466258344536443,0.1274682537991376
sum_square,earlbo,earlbo,7,0.0178658244152547,0.014111117468621872,1.132006199510562,0.10810518083354928
sum_square,earlbo,earlbo,8,0.009783926538624211,0.004923272710523536,1.2560576706992421,0.057083949974985906
sum_square,earlbo,earlbo,9,0.0090990201266379,0.004628902095028196,1.3401063434949714,0.03128106999575585
sum_square,earlbo,earlbo,10,0.0090990201266379,0.004628902095028196,1.4582623500989014,0.014482806572190312
sum_square,earlbo,earlbo,11,0.0057275344074348734,0.0033747039482396536,1.5931198764019563,0.07847998707090487
sum_square,earlbo,earlbo,12,0.0057275344074348734,0.0033747039482396536,1.7206107959260126,0.08690674622920173
sum_square,earlbo,earlbo,13,0.0031134062055993643,0.0005268249830535833,1.8961924383995277,0.14338692731909575
sum_square,earlbo,earlbo,14,0.0031134062055993643,0.0005268249830535833,2.1821375860455063,0.19128359416478835
sum_square,earlbo,earlbo,15,0.0031134062055993643,0.0005268249830535833,2.542490371087164,0.23624791939813602
sum_square,earlbo,earlbo,16,0.0031134062055993643,0.0005268249830535833,2.817822697552867,0.2323053688647876
sum_square,earlbo,earlbo,17,0.0031134062055993643,0.0005268249830535833,3.0569096037096837,0.3847077573861681
sum_square,earlbo,earlbo,18,0.0031134062055993643,0.0005268249830535833,3.33495485572965,0.41938120843288385
sum_square,earlbo,earlbo,19,0.0031134062055993643,0.0005268249830535833,3.5431476721932214,0.3840145631392204
sum_square,earlbo,earlbo,20,0.0031134062055993643,0.0005268249830535833,3.7432055580941124,0.35228237065493745
sum_square,earlbo,earlbo,21,0.0031134062055993643,0.0005268249830535833,3.9437617138669343,0.46179185891209823
sum_square,earlbo,earlbo,22,0.002899218211770178,0.0002366807198447503,4.2527930837372,0.3640821916096296
sum_square,earlbo,earlbo,23,0.002899218211770178,0.0002366807198447503,4.646398068644976,0.4780222736990574
sum_square,earlbo,earlbo,24,0.002899218211770178,0.0002366807198447503,5.0510431598604635,0.5591475360485987
sum_square,earlbo,earlbo,25,0.002899218211770178,0.0002366807198447503,5.2179042402672975,0.5760044551335474
sum_square,earlbo,earlbo,26,0.002899218211770178,0.0002366807198447503,5.451966454021864,0.5661907382905307
sum_square,earlbo,earlbo,27,0.002899218211770178,0.0002366807198447503,5.765255755682564,0.6843761543612961
sum_square,earlbo,earlbo,28,0.002899218211770178,0.0002366807198447503,5.982554791284723,0.6839519175696628
sum_square,earlbo,earlbo,29,0.002899218211770178,0.0002366807198447503,6.150579731270251,0.701894190206297
sum_square,earlbo,earlbo,30,0.002899218211770178,0.0002366807198447503,6.313405540638332,0.7066474226750976
sum_square,earlbo,earlbo,31,0.002899218211770178,0.0002366807198447503,6.507571373742927,0.6720345027553131
sum_square,earlbo,earlbo,32,0.002899218211770178,0.0002366807198447503,6.743871326548117,0.6868936280278272
sum_square,earlbo,earlbo,33,0.002899218211770178,0.0002366807198447503,6.9842915859306585,0.6144010340257002
sum_square,earlbo,earlbo,34,0.002899218211770178,0.0002366807198447503,7.244135173625442,0.5690241828071508
sum_square,earlbo,earlbo,35,0.002899218211770178,0.0002366807198447503,7.528781429601029,0.6389835266149749
sum_square,earlbo,earlbo,36,0.002899218211770178,0.0002366807198447503,7.832762456345123,0.6491591799729792
sum_square,earlbo,earlbo,37,0.002899218211770178,0.0002366807198447503,8.058137849801424,0.6636298811806292
sum_square,earlbo,earlbo,38,0.002899218211770178,0.0002366807198447503,8.238371096756733,0.7372313047193435
sum_square,earlbo,earlbo,39,0.002899218211770178,0.0002366807198447503,8.49789206504313,0.853060735886448
sum_square,earlbo,earlbo,40,0.002899218211770178,0.0002366807198447503,8.642624305388132,0.832833407682995
sum_square,earlbo,earlbo,41,0.002899218211770178,0.0002366807198447503,8.889744510747418,0.8740491786181243
sum_square,earlbo,earlbo,42,0.002899218211770178,0.0002366807198447503,9.136335578407271,0.9209303261883544
sum_square,earlbo,earlbo,43,0.002899218211770178,0.0002366807198447503,9.368901626116058,0.9364195191084081
sum_square,earlbo,earlbo,44,0.002899218211770178,0.0002366807198447503,9.649192339815864,1.0024650084620554
sum_square,earlbo,earlbo,45,0.002899218211770178,0.0002366807198447503,9.86524518161596,1.025725876917636
sum_square,earlbo,earlbo,46,0.002899218211770178,0.0002366807198447503,10.080017923797316,0.9977327326857004
sum_square,earlbo,earlbo,47,0.002899218211770178,0.0002366807198447503,10.32216414753148,0.9558454395293029
sum_square,earlbo,earlbo,48,0.002899218211770178,0.0002366807198447503,10.584011025531344,1.049615725828546
sum_square,earlbo,earlbo,49,0.002899218211770178,0.0002366807198447503,10.82154836447837,1.088174160410764
sum_square,snake,snake,0,0.15176486930763014,0.09636248452789198,0.5170213778336851,0.08910735146003321
sum_square,snake,snake,1,0.06305002961304955,0.033534616055163675,0.5900136400030629,0.09964207021017683
sum_square,snake,snake,2,0.047946720492379864,0.012942520034599133,0.6371539207254328,0.1027082487628723
sum_square,snake,snake,3,0.03792844348189302,0.019247829699883486,0.6992354668188508,0.11716491595789758
sum_square,snake,snake,4,0.01840401409944654,0.0037166178242231196,0.7555875637747477,0.1335469049301612
sum_square,snake,snake,5,0.01840401409944654,0.0037166178242231196,0.8176499965679116,0.12438205867754973
sum_square,snake,snake,6,0.015227901176013726,0.00522897120836993,0.8782831881094056,0.11481392119727048
sum_square,snake,snake,7,0.009479964549220751,0.0034118720063678895,0.9287846656269346,0.12794297884115946
sum_square,snake,snake,8,0.009479964549220751,0.0034118720063678895,1.065914481087879,0.09563753630877611
sum_square,snake,snake,9,0.009479964549220751,0.0034118720063678895,1.1975011273163745,0.08389416627611067
sum_square,snake,snake,10,0.009479964549220751,0.0034118720063678895,1.4811149732206186,0.24713041279842277
sum_square,snake,snake,11,0.009479964549220751,0.0034118720063678895,1.8003274218249972,0.3646831226841436
sum_square,snake,snake,12,0.009006324110063421,0.002890878097952875,1.9725814583210528,0.395226855686971
sum_square,snake,snake,13,0.009006324110063421,0.002890878097952875,2.1084692587645457,0.3188559363576632
sum_square,snake,snake,14,0.006132313489927804,0.0027702639196916885,2.2451838494963217,0.24461552352846488
sum_square,snake,snake,15,0.006132313489927804,0.0027702639196916885,2.4295852502193234,0.21962520694142026
sum_square,snake,snake,16,0.0051419941905016635,0.0014593923886980554,2.591753650873051,0.24387186788145235
sum_square,snake,snake,17,0.0051419941905016635,0.0014593923886980554,2.7583507784423382,0.2580014870849839
sum_square,snake,snake,18,0.0051419941905016635,0.0014593923886980554,2.913586200083717,0.24312439122490986
sum_square,snake,snake,19,0.0051419941905016635,0.0014593923886980554,3.1822508272493217,0.42541678437818525
sum_square,snake,snake,20,0.0051419941905016635,0.0014593923886980554,3.5816361303231,0.6203810561274413
sum_square,snake,snake,21,0.0051419941905016635,0.0014593923886980554,3.986922298268645,0.5564529630198521
sum_square,snake,snake,22,0.0051419941905016635,0.0014593923886980554,4.293755491880433,0.5318597687939064
sum_square,snake,snake,23,0.004475814849713161,0.0007791754707198311,4.416959688324808,0.5933865881768042
sum_square,snake,snake,24,0.004475814849713161,0.0007791754707198311,4.5160687532147294,0.5857043555584419
sum_square,snake,snake,25,0.004475814849713161,0.0007791754707198311,4.691022780920853,0.5876481045720734
sum_square,snake,snake,26,0.004475814849713161,0.0007791754707198311,4.952170392508964,0.6059686172404247
sum_square,snake,snake,27,0.004475814849713161,0.0007791754707198311,5.297572039796343,0.5550134725612098
sum_square,snake,snake,28,0.004475814849713161,0.0007791754707198311,5.727682263016201,0.5619510582587292
sum_square,snake,snake,29,0.004475814849713161,0.0007791754707198311,5.98339229823272,0.6566268568545903
sum_square,snake,snake,30,0.004475814849713161,0.0007791754707198311,6.212815883999759,0.6234584714058458
sum_square,snake,snake,31,0.004475814849713161,0.0007791754707198311,6.586044080425037,0.627224946525441
sum_square,snake,snake,32,0.004475814849713161,0.0007791754707198311,6.810630768029381,0.6152070026677199
sum_square,snake,snake,33,0.004475814849713161,0.0007791754707198311,7.031983421766633,0.5998719737476187
sum_square,snake,snake,34,0.004475814849713161,0.0007791754707198311,7.2948283516920185,0.5737060064135271
sum_square,snake,snake,35,0.004475814849713161,0.0007791754707198311,7.5849754777832175,0.6020664048724936
sum_square,snake,snake,36,0.004475814849713161,0.0007791754707198311,7.757940068367392,0.6512828062218659
sum_square,snake,snake,37,0.004475814849713161,0.0007791754707198311,8.058819479017254,0.8411064455650142
sum_square,snake,snake,38,0.004475814849713161,0.0007791754707198311,8.35353497956929,0.9954036662226562
sum_square,snake,snake,39,0.004475814849713161,0.0007791754707198311,8.695087456339195,0.9049668374737655
sum_square,snake,snake,40,0.004475814849713161,0.0007791754707198311,9.010953742138996,0.7417242370419006
sum_square,snake,snake,41,0.004475814849713161,0.0007791754707198311,9.256202683360193,0.7595811582121633
sum_square,snake,snake,42,0.004475814849713161,0.0007791754707198311,9.43132485534217,0.7643109901757029
sum_square,snake,snake,43,0.004475814849713161,0.0007791754707198311,9.577725914066678,0.8222334079627976
sum_square,snake,snake,44,0.004475814849713161,0.0007791754707198311,9.771719090205236,0.9478533330613084
sum_square,snake,snake,45,0.004475814849713161,0.0007791754707198311,9.976016920228076,0.9701011458526203
sum_square,snake,snake,46,0.004475814849713161,0.0007791754707198311,10.224450552844528,0.9148640056794063
sum_square,snake,snake,47,0.004475814849713161,0.0007791754707198311,10.521562171709283,0.899994599583466
sum_square,snake,snake,48,0.004475814849713161,0.0007791754707198311,10.683964133821705,0.8753935739050152
sum_square,snake,snake,49,0.004475814849713161,0.0007791754707198311,10.934982738464067,0.8343339407362571
sum_square,log_improvement_movement_cost3,log_improvement_movement_cost3,0,0.13766588768206242,0.09237807037516475,0.5167251582541498,0.08302747089941341
sum_square,log_improvement_movement_cost3,log_improvement_movement_cost3,1,0.07556159874618758,0.0356620654104066,0.5782865181978863,0.08959155390414457
sum_square,log_improvement_movement_cost3,log_improvement_movement_cost3,2,0.06422152463777263,0.019791054480791045,0.6181059624990465,0.09052438073814209
sum_square,log_improvement_movement_cost3,log_improvement_movement_cost3,3,0.052040118864501377,0.030154119086942998,0.6791988547929148,0.10504098455841684
sum_square,log_improvement_movement_cost3,log_improvement_movement_cost3,4,0.021573623957532373,0.012378884689576819,0.7334539027968586,0.12963572304969392
sum_square,log_improvement_movement_cost3,log_improvement_movement_cost3,5,0.012787023263632603,0.003725204543339541,0.7817576255266124,0.12065931045154844
sum_square,log_improvement_movement_cost3,log_improvement_movement_cost3,6,0.00936352068375876,0.005974644549104514,0.8380592908258606,0.13193956974195423
sum_square,log_improvement_movement_cost3,log_improvement_movement_cost3,7,0.007615252118679648,0.0037836916655581126,0.9106217968297597,0.14005242929741657
sum_square,log_improvement_movement_cost3,log_improvement_movement_cost3,8,0.007615252118679648,0.0037836916655581126,0.9535140580435065,0.1205984693747665
sum_square,log_improvement_movement_cost3,log_improvement_movement_cost3,9,0.006358893061434656,0.0025498521597445765,1.0223447763075584,0.12331158132254792
sum_square,log_improvement_movement_cost3,log_improvement_movement_cost3,10,0.0031339832919002456,0.0009214480774023871,1.0487058149995134,0.1146287692471206
sum_square,log_improvement_movement_cost3,log_improvement_movement_cost3,11,0.0031339832919002456,0.0009214480774023871,1.0778100112454014,0.11289066375901606
sum_square,log_improvement_movement_cost3,log_improvement_movement_cost3,12,0.0031339832919002456,0.0009214480774023871,1.1216035542518086,0.09900504909358303
sum_square,log_improvement_movement_cost3,log_improvement_movement_cost3,13,0.0026141237924426123,0.001336166362091898,1.1644400298228157,0.09900751442634294
sum_square,log_improvement_movement_cost3,log_improvement_movement_cost3,14,0.0026141237924426123,0.001336166362091898,1.2078423886190777,0.09078484542267627
sum_square,log_improvement_movement_cost3,log_improvement_movement_cost3,15,0.002204448890499829,0.000809184137050333,1.2605551492919285,0.07344749659126497
sum_square,log_improvement_movement_cost3,log_improvement_movement_cost3,16,0.002204448890499829,0.000809184137050333,1.3069975403878242,0.07090657909818726
sum_square,log_improvement_movement_cost3,log_improvement_movement_cost3,17,0.002204448890499829,0.000809184137050333,1.3409636712580717,0.06424496500497094
sum_square,log_improvement_movement_cost3,log_improvement_movement_cost3,18,0.002204448890499829,0.000809184137050333,1.3746742910868806,0.0474323038888383
sum_square,log_improvement_movement_cost3,log_improvement_movement_cost3,19,0.002204448890499829,0.000809184137050333,1.4232812113182847,0.03830454647293681
sum_square,log_improvement_movement_cost3,log_improvement_movement_cost3,20,0.002204448890499829,0.000809184137050333,1.460652319266784,0.050452307196052114
sum_square,log_improvement_movement_cost3,log_improvement_movement_cost3,21,0.002204448890499829,0.000809184137050333,1.4928697072562604,0.056546500654647475
sum_square,log_improvement_movement_cost3,log_improvement_movement_cost3,22,0.002204448890499829,0.000809184137050333,1.5400891116656135,0.06407739486566508
sum_square,log_improvement_movement_cost3,log_improvement_movement_cost3,23,0.001954589875248631,0.000542987258048816,1.6037298645701907,0.055547784414449936
sum_square,log_improvement_movement_cost3,log_improvement_movement_cost3,24,0.001954589875248631,0.000542987258048816,1.6584259664261267,0.04410682167512856
sum_square,log_improvement_movement_cost3,log_improvement_movement_cost3,25,0.001954589875248631,0.000542987258048816,1.6969923033006709,0.04589505816051396
sum_square,log_improvement_movement_cost3,log_improvement_movement_cost3,26,0.001954589875248631,0.000542987258048816,1.7487640165488372,0.05153170380810868
sum_square,log_improvement_movement_cost3,log_improvement_movement_cost3,27,0.001954589875248631,0.000542987258048816,1.7882528621483356,0.06607097358156275
sum_square,log_improvement_movement_cost3,log_improvement_movement_cost3,28,0.001954589875248631,0.000542987258048816,1.83239178765551,0.058737183560042684
sum_square,log_improvement_movement_cost3,log_improvement_movement_cost3,29,0.001954589875248631,0.000542987258048816,1.8906185155284205,0.05932602033235717
sum_square,log_improvement_movement_cost3,log_improvement_movement_cost3,30,0.001954589875248631,0.000542987258048816,1.9335852131783071,0.06578309327036229
sum_square,log_improvement_movement_cost3,log_improvement_movement_cost3,31,0.001954589875248631,0.000542987258048816,1.9671394037337944,0.059267700163784444
sum_square,log_improvement_movement_cost3,log_improvement_movement_cost3,32,0.001954589875248631,0.000542987258048816,2.015035684381273,0.06084815688519496
sum_square,log_improvement_movement_cost3,log_improvement_movement_cost3,33,0.001954589875248631,0.000542987258048816,2.0622251042592104,0.07577633779089965
sum_square,log_improvement_movement_cost3,log_improvement_movement_cost3,34,0.001954589875248631,0.000542987258048816,2.124244630675078,0.07604853477418927
sum_square,log_improvement_movement_cost3,log_improvement_movement_cost3,35,0.0019353773947018216,0.0005333056223340405,2.1810437857011453,0.11619957274126819
sum_square,log_improvement_movement_cost3,log_improvement_movement_cost3,36,0.0019353773947018216,0.0005333056223340405,2.2440046267348834,0.13640113306812854
sum_square,log_improvement_movement_cost3,log_improvement_movement_cost3,37,0.0019353773947018216,0.0005333056223340405,2.296641794235717,0.12208038246721355
sum_square,log_improvement_movement_cost3,log_improvement_movement_cost3,38,0.0019353773947018216,0.0005333056223340405,2.3303171363418547,0.12331838957394743
sum_square,log_improvement_movement_cost3,log_improvement_movement_cost3,39,0.0019353773947018216,0.0005333056223340405,2.372384075104702,0.11458596352415137
sum_square,log_improvement_movement_cost3,log_improvement_movement_cost3,40,0.0019353773947018216,0.0005333056223340405,2.4217000043419357,0.10321265313845926
sum_square,log_improvement_movement_cost3,log_improvement_movement_cost3,41,0.0019353773947018216,0.0005333056223340405,2.4620600692019967,0.10204520239827776
sum_square,log_improvement_movement_cost3,log_improvement_movement_cost3,42,0.0019353773947018216,0.0005333056223340405,2.4918561787728506,0.10300680176950827
sum_square,log_improvement_movement_cost3,log_improvement_movement_cost3,43,0.0019353773947018216,0.0005333056223340405,2.5364586802426436,0.10127672054775703
sum_square,log_improvement_movement_cost3,log_improvement_movement_cost3,44,0.0019353773947018216,0.0005333056223340405,2.577917237007374,0.10987837225833799
sum_square,log_improvement_movement_cost3,log_improvement_movement_cost3,45,0.0018848597973786586,0.0005138685074290475,2.6265228277293153,0.1086329607047872
sum_square,log_improvement_movement_cost3,log_improvement_movement_cost3,46,0.0018848597973786586,0.0005138685074290475,2.6985459161925434,0.10839936461195247
sum_square,log_improvement_movement_cost3,log_improvement_movement_cost3,47,0.0018848597973786586,0.0005138685074290475,2.7494254350004668,0.12242684388190148
sum_square,log_improvement_movement_cost3,log_improvement_movement_cost3,48,0.0018848597973786586,0.0005138685074290475,2.77666325626873,0.1350874272790281
sum_square,log_improvement_movement_cost3,log_improvement_movement_cost3,49,0.0018848597973786586,0.0005138685074290475,2.818489361835191,0.12702874753158
sum_square,optimistic_selected,optimistic_improvement_movement_cost3,0,0.1443126682748846,0.09913449664122315,0.5158836295948571,0.0864144025952594
sum_square,optimistic_selected,optimistic_improvement_movement_cost3,1,0.07986381354000206,0.05593311016105898,0.5738972746231433,0.09557343611685974
sum_square,optimistic_selected,optimistic_improvement_movement_cost3,2,0.046794829123827764,0.025058474394896817,0.6514054426259412,0.10944505198655227
sum_square,optimistic_selected,optimistic_improvement_movement_cost3,3,0.03927823169258458,0.030667573638687943,0.7208709592142722,0.12287239829519256
sum_square,optimistic_selected,optimistic_improvement_movement_cost3,4,0.01690679003174314,0.00924148554865356,0.7972415012615746,0.15516317522011971
sum_square,optimistic_selected,optimistic_improvement_movement_cost3,5,0.015584254902881095,0.007504384188091731,0.8471030835100724,0.15157995126662224
sum_square,optimistic_selected,optimistic_improvement_movement_cost3,6,0.01377925773604935,0.008954335752190824,0.9044605907310227,0.17331440062753828
sum_square,optimistic_selected,optimistic_improvement_movement_cost3,7,0.010216483225510192,0.007044532742334759,0.9438802875369525,0.16774960826925248
sum_square,optimistic_selected,optimistic_improvement_movement_cost3,8,0.010125808853520364,0.00691631415319359,0.9816668153040822,0.1712129045926937
sum_square,optimistic_selected,optimistic_improvement_movement_cost3,9,0.00655315101685526,0.0018659469241087809,1.0330064318619387,0.18138659233517748
sum_square,optimistic_selected,optimistic_improvement_movement_cost3,10,0.005272123087900986,0.0032351950524628363,1.0745394147199547,0.18634600295123424
sum_square,optimistic_selected,optimistic_improvement_movement_cost3,11,0.0031245633368571675,0.0013311686737088127,1.1048110538021454,0.18304239486309332
sum_square,optimistic_selected,optimistic_improvement_movement_cost3,12,0.0027477504579884494,0.0010790291912912212,1.1428492345934067,0.17184494270178283
sum_square,optimistic_selected,optimistic_improvement_movement_cost3,13,0.0027477504579884494,0.0010790291912912212,1.1916043076644167,0.1778060727823457
sum_square,optimistic_selected,optimistic_improvement_movement_cost3,14,0.0027477504579884494,0.0010790291912912212,1.2294058665819152,0.17920330502486426
sum_square,optimistic_selected,optimistic_improvement_movement_cost3,15,0.0027477504579884494,0.0010790291912912212,1.2848036768519515,0.17624684467759744
sum_square,optimistic_selected,optimistic_improvement_movement_cost3,16,0.0027477504579884494,0.0010790291912912212,1.3390993510397415,0.17219448878168953
sum_square,optimistic_selected,optimistic_improvement_movement_cost3,17,0.0027477504579884494,0.0010790291912912212,1.3707841828030636,0.16847137345939417
sum_square,optimistic_selected,optimistic_improvement_movement_cost3,18,0.0027477504579884494,0.0010790291912912212,1.410573921948419,0.15218663157712684
sum_square,optimistic_selected,optimistic_improvement_movement_cost3,19,0.0027477504579884494,0.0010790291912912212,1.4589694959261834,0.14331151115279625
sum_square,optimistic_selected,optimistic_improvement_movement_cost3,20,0.0025327785767436917,0.000896585075313954,1.4856179227438855,0.15035355993959937
sum_square,optimistic_selected,optimistic_improvement_movement_cost3,21,0.0025327785767436917,0.000896585075313954,1.5182199029739722,0.15010525525790394
sum_square,optimistic_selected,optimistic_improvement_movement_cost3,22,0.0025327785767436917,0.000896585075313954,1.566712680281179,0.14584482116439065
sum_square,optimistic_selected,optimistic_improvement_movement_cost3,23,0.0025327785767436917,0.000896585075313954,1.6351954765344978,0.145810329504135
sum_square,optimistic_selected,optimistic_improvement_movement_cost3,24,0.0025327785767436917,0.000896585075313954,1.6934887105689211,0.15246554697376183
sum_square,optimistic_selected,optimistic_improvement_movement_cost3,25,0.0025327785767436917,0.000896585075313954,1.7354953721822988,0.15072324718133298
sum_square,optimistic_selected,optimistic_improvement_movement_cost3,26,0.0025327785767436917,0.000896585075313954,1.784987855177669,0.15412457310676717
sum_square,optimistic_selected,optimistic_improvement_movement_cost3,27,0.0025327785767436917,0.000896585075313954,1.8222839658044183,0.17026390550639894
sum_square,optimistic_selected,optimistic_improvement_movement_cost3,28,0.0025327785767436917,0.000896585075313954,1.8624150019076426,0.15021308502353
sum_square,optimistic_selected,optimistic_improvement_movement_cost3,29,0.0025327785767436917,0.000896585075313954,1.9314298078101846,0.13808048873361503
sum_square,optimistic_selected,optimistic_improvement_movement_cost3,30,0.0025327785767436917,0.000896585075313954,1.9828104375120394,0.14494649679056773
sum_square,optimistic_selected,optimistic_improvement_movement_cost3,31,0.0025327785767436917,0.000896585075313954,2.012331609880034,0.15354421741172422
sum_square,optimistic_selected,optimistic_improvement_movement_cost3,32,0.0025327785767436917,0.000896585075313954,2.05996145633886,0.1620098863179884
sum_square,optimistic_selected,optimistic_improvement_movement_cost3,33,0.0025327785767436917,0.000896585075313954,2.1046704374700878,0.17837521341873472
sum_square,optimistic_selected,optimistic_improvement_movement_cost3,34,0.0021620632197078674,0.0007852006307241724,2.156058209475912,0.1826129782834282
sum_square,optimistic_selected,optimistic_improvement_movement_cost3,35,0.0021620632197078674,0.0007852006307241724,2.2170642075996656,0.19125936642207908
sum_square,optimistic_selected,optimistic_improvement_movement_cost3,36,0.0021620632197078674,0.0007852006307241724,2.2780444638472876,0.20653105355281792
sum_square,optimistic_selected,optimistic_improvement_movement_cost3,37,0.0021400316760378534,0.000756819479440265,2.334098077856386,0.18656857392453116
sum_square,optimistic_selected,optimistic_improvement_movement_cost3,38,0.0021400316760378534,0.000756819479440265,2.3798076617034702,0.1895876512779963
sum_square,optimistic_selected,optimistic_improvement_movement_cost3,39,0.0021400316760378534,0.000756819479440265,2.422742160220063,0.17472868172207562
sum_square,optimistic_selected,optimistic_improvement_movement_cost3,40,0.0021400316760378534,0.000756819479440265,2.466973784497746,0.1658265620158427
sum_square,optimistic_selected,optimistic_improvement_movement_cost3,41,0.0021400316760378534,0.000756819479440265,2.5071154506048745,0.16769283402098317
sum_square,optimistic_selected,optimistic_improvement_movement_cost3,42,0.0021400316760378534,0.000756819479440265,2.537432173804943,0.1699083177206119
sum_square,optimistic_selected,optimistic_improvement_movement_cost3,43,0.0018094378062818363,0.0009245835114176447,2.590620865038044,0.1635666520028515
sum_square,optimistic_selected,optimistic_improvement_movement_cost3,44,0.0018094378062818363,0.0009245835114176447,2.633084555588036,0.17297299775497446
sum_square,optimistic_selected,optimistic_improvement_movement_cost3,45,0.0018094378062818363,0.0009245835114176447,2.6740453314224517,0.1741222280673219
sum_square,optimistic_selected,optimistic_improvement_movement_cost3,46,0.0018094378062818363,0.0009245835114176447,2.73486947158611,0.17269210182622372
sum_square,optimistic_selected,optimistic_improvement_movement_cost3,47,0.0018094378062818363,0.0009245835114176447,2.784593059117339,0.18940060837296518
sum_square,optimistic_selected,optimistic_improvement_movement_cost3,48,0.0018094378062818363,0.0009245835114176447,2.815692373081383,0.2055241276953162
sum_square,optimistic_selected,optimistic_improvement_movement_cost3,49,0.0018094378062818363,0.0009245835114176447,2.8566611932245976,0.2046111021473876
sum_square,budgeted_exploration,budgeted_exploration,0,0.15547332430885608,0.10370133152180065,0.5183590881867093,0.09274573691332069
sum_square,budgeted_exploration,budgeted_exploration,1,0.07941454439394602,0.048503384788005796,0.595581370600576,0.10475592430563106
sum_square,budgeted_exploration,budgeted_exploration,2,0.0329763104746837,0.006405494267940728,0.6692203286846955,0.11671550583702865
sum_square,budgeted_exploration,budgeted_exploration,3,0.02377131513404998,0.00893185498674505,0.7625437250421593,0.14877299487357762
sum_square,budgeted_exploration,budgeted_exploration,4,0.01526024891841798,0.0026988234164702593,0.8262829215626283,0.17465518607362926
sum_square,budgeted_exploration,budgeted_exploration,5,0.01526024891841798,0.0026988234164702593,0.8954627788669846,0.15712583737154853
sum_square,budgeted_exploration,budgeted_exploration,6,0.01526024891841798,0.0026988234164702593,0.9770065085513547,0.12574091194579523
sum_square,budgeted_exploration,budgeted_exploration,7,0.014129330596188079,0.003429287565534059,1.0488323105158368,0.13438884371762536
sum_square,budgeted_exploration,budgeted_exploration,8,0.013246857515943199,0.0022102279294497805,1.132258406144046,0.12663615978558795
sum_square,budgeted_exploration,budgeted_exploration,9,0.012793290925920396,0.001601113150013698,1.2183027184927677,0.11380983553350003
sum_square,budgeted_exploration,budgeted_exploration,10,0.010344901918402203,0.00402205739948079,1.2910049398921524,0.11714682410781391
sum_square,budgeted_exploration,budgeted_exploration,11,0.008908294641651143,0.002686989921072856,1.3701795008843083,0.12179692269862612
sum_square,budgeted_exploration,budgeted_exploration,12,0.008908294641651143,0.002686989921072856,1.4370499520312932,0.08490564369380921
sum_square,budgeted_exploration,budgeted_exploration,13,0.008908294641651143,0.002686989921072856,1.5369053748159827,0.09689301530747092
sum_square,budgeted_exploration,budgeted_exploration,14,0.008908294641651143,0.002686989921072856,1.6110549574068136,0.11658048119901428
sum_square,budgeted_exploration,budgeted_exploration,15,0.008908294641651143,0.002686989921072856,1.6746373291284289,0.13467484535331137
sum_square,budgeted_exploration,budgeted_exploration,16,0.008311831570519729,0.00232661650630367,1.7311644988772015,0.13825179096241216
sum_square,budgeted_exploration,budgeted_exploration,17,0.008189993130665261,0.0024942886269498235,1.8108727281925112,0.14207388870028945
sum_square,budgeted_exploration,budgeted_exploration,18,0.008189993130665261,0.0024942886269498235,1.8693179750898363,0.16293098807715253
sum_square,budgeted_exploration,budgeted_exploration,19,0.008189993130665261,0.0024942886269498235,1.946691558514745,0.1498977539147535
sum_square,budgeted_exploration,budgeted_exploration,20,0.008189993130665261,0.0024942886269498235,2.020192200943305,0.1518904027861476
sum_square,budgeted_exploration,budgeted_exploration,21,0.0076531516202362725,0.0020547456725532286,2.0823653837590883,0.13353703854748186
sum_square,budgeted_exploration,budgeted_exploration,22,0.0076531516202362725,0.0020547456725532286,2.1746586826340644,0.12305967138589315
sum_square,budgeted_exploration,budgeted_exploration,23,0.0076531516202362725,0.0020547456725532286,2.262425212565281,0.14355299260211848
sum_square,budgeted_exploration,budgeted_exploration,24,0.0076531516202362725,0.0020547456725532286,2.363202662492465,0.1444824986060061
sum_square,budgeted_exploration,budgeted_exploration,25,0.0076531516202362725,0.0020547456725532286,2.453002704233954,0.14803486339985142
sum_square,budgeted_exploration,budgeted_exploration,26,0.0076531516202362725,0.0020547456725532286,2.55032376123815,0.1362394719291787
sum_square,budgeted_exploration,budgeted_exploration,27,0.0076531516202362725,0.0020547456725532286,2.6845207968853724,0.11429950167887046
sum_square,budgeted_exploration,budgeted_exploration,28,0.0076531516202362725,0.0020547456725532286,2.804727423419772,0.10270517624753403
sum_square,budgeted_exploration,budgeted_exploration,29,0.0076531516202362725,0.0020547456725532286,2.9123653245930368,0.0884746681939722
sum_square,budgeted_exploration,budgeted_exploration,30,0.005698543847542273,0.0023872498898376334,3.0222195318887564,0.0961224040165037
sum_square,budgeted_exploration,budgeted_exploration,31,0.005698543847542273,0.0023872498898376334,3.106343314433706,0.08881572883535277
sum_square,budgeted_exploration,budgeted_exploration,32,0.005698543847542273,0.0023872498898376334,3.2076837891171937,0.09237266276269288
sum_square,budgeted_exploration,budgeted_exploration,33,0.005698543847542273,0.0023872498898376334,3.3068462816239865,0.11402448605780256
sum_square,budgeted_exploration,budgeted_exploration,34,0.005698543847542273,0.0023872498898376334,3.428213047293642,0.08016834897882043
sum_square,budgeted_exploration,budgeted_exploration,35,0.005698543847542273,0.0023872498898376334,3.557637878062854,0.09785502083504821
sum_square,budgeted_exploration,budgeted_exploration,36,0.005698543847542273,0.0023872498898376334,3.6483789644341926,0.12473252333518313
sum_square,budgeted_exploration,budgeted_exploration,37,0.005698543847542273,0.0023872498898376334,3.7298591643001333,0.12734595428616644
sum_square,budgeted_exploration,budgeted_exploration,38,0.005698543847542273,0.0023872498898376334,3.800026007177927,0.13785772463756182
sum_square,budgeted_exploration,budgeted_exploration,39,0.005698543847542273,0.0023872498898376334,3.879456918378932,0.13058617358012908
sum_square,budgeted_exploration,budgeted_exploration,40,0.003971903703247916,0.0005784662118947337,3.9371359117145484,0.12311755232818616
sum_square,budgeted_exploration,budgeted_exploration,41,0.003971903703247916,0.0005784662118947337,4.009708760930514,0.1251955742235858
sum_square,budgeted_exploration,budgeted_exploration,42,0.003971903703247916,0.0005784662118947337,4.068617019092145,0.13950935757922758
sum_square,budgeted_exploration,budgeted_exploration,43,0.0038988166034157243,0.0004810751669255574,4.110047219272253,0.14003080344431867
sum_square,budgeted_exploration,budgeted_exploration,44,0.0038988166034157243,0.0004810751669255574,4.161022501132719,0.13451887931100576
sum_square,budgeted_exploration,budgeted_exploration,45,0.0032162062122708768,0.0011402074271106256,4.216476466851647,0.12385847077910297
sum_square,budgeted_exploration,budgeted_exploration,46,0.0032162062122708768,0.0011402074271106256,4.2977854773229245,0.13514832093682566
sum_square,budgeted_exploration,budgeted_exploration,47,0.0032162062122708768,0.0011402074271106256,4.372868733245229,0.17242070438211393
sum_square,budgeted_exploration,budgeted_exploration,48,0.0032162062122708768,0.0011402074271106256,4.431187852926492,0.19168930798727232
sum_square,budgeted_exploration,budgeted_exploration,49,0.0032162062122708768,0.0011402074271106256,4.4811670298098365,0.20866135622457593
sum_square,lookahead_budgeted_exploration,lookahead_budgeted_exploration,0,0.18153312099482502,0.16067696922062372,0.5405358099729519,0.05708614968576007
sum_square,lookahead_budgeted_exploration,lookahead_budgeted_exploration,1,0.0659644298290593,0.034868272348693885,0.6319912382428535,0.05894222553502648
sum_square,lookahead_budgeted_exploration,lookahead_budgeted_exploration,2,0.03543065442152234,0.008162467589352747,0.7021974663882228,0.08310781478191437
sum_square,lookahead_budgeted_exploration,lookahead_budgeted_exploration,3,0.030035670030227446,0.009521363262219988,0.7781412578030621,0.0859822631513184
sum_square,lookahead_budgeted_exploration,lookahead_budgeted_exploration,4,0.021032140064169175,0.0010397433324994812,0.8423679253759428,0.10461860923117441
sum_square,lookahead_budgeted_exploration,lookahead_budgeted_exploration,5,0.021032140064169175,0.0010397433324994812,0.9181354030346763,0.10987233334726539
sum_square,lookahead_budgeted_exploration,lookahead_budgeted_exploration,6,0.019334613598980404,0.0032665640259888764,1.018174728507512,0.09606288106456873
sum_square,lookahead_budgeted_exploration,lookahead_budgeted_exploration,7,0.018201987441501546,0.0031570842309079816,1.081001820752404,0.08188758889900347
sum_square,lookahead_budgeted_exploration,lookahead_budgeted_exploration,8,0.01459972474251202,0.0023616313033046447,1.1454063306326776,0.08068569833874528
sum_square,lookahead_budgeted_exploration,lookahead_budgeted_exploration,9,0.0117104171301164,0.0024916697321519968,1.2163493822434652,0.06998117514699924
sum_square,lookahead_budgeted_exploration,lookahead_budgeted_exploration,10,0.0117104171301164,0.0024916697321519968,1.2833858699379839,0.09506198046754732
sum_square,lookahead_budgeted_exploration,lookahead_budgeted_exploration,11,0.0117104171301164,0.0024916697321519968,1.358144254115708,0.0965012322289203
sum_square,lookahead_budgeted_exploration,lookahead_budgeted_exploration,12,0.010545387108478986,0.0013018441040752462,1.4081438365235386,0.07264474470844527
sum_square,lookahead_budgeted_exploration,lookahead_budgeted_exploration,13,0.010545387108478986,0.0013018441040752462,1.4447977568192705,0.07747687757425561
sum_square,lookahead_budgeted_exploration,lookahead_budgeted_exploration,14,0.010545387108478986,0.0013018441040752462,1.5136536099382312,0.06165812277839483
sum_square,lookahead_budgeted_exploration,lookahead_budgeted_exploration,15,0.010545387108478986,0.0013018441040752462,1.6042613178255332,0.043101540491489565
sum_square,lookahead_budgeted_exploration,lookahead_budgeted_exploration,16,0.010545387108478986,0.0013018441040752462,1.704985504163049,0.05027089917042297
sum_square,lookahead_budgeted_exploration,lookahead_budgeted_exploration,17,0.010545387108478986,0.0013018441040752462,1.8043572355110944,0.051060269790879874
sum_square,lookahead_budgeted_exploration,lookahead_budgeted_exploration,18,0.010545387108478986,0.0013018441040752462,1.907846127722064,0.07040769232565612
sum_square,lookahead_budgeted_exploration,lookahead_budgeted_exploration,19,0.010545387108478986,0.0013018441040752462,1.9983439926609314,0.07321218971945491
sum_square,lookahead_budgeted_exploration,lookahead_budgeted_exploration,20,0.010545387108478986,0.0013018441040752462,2.117770967474282,0.06276590091239688
sum_square,lookahead_budgeted_exploration,lookahead_budgeted_exploration,21,0.010545387108478986,0.0013018441040752462,2.2002050139928513,0.05709381927643038
sum_square,lookahead_budgeted_exploration,lookahead_budgeted_exploration,22,0.010545387108478986,0.0013018441040752462,2.2811743316650976,0.05394882021431576
sum_square,lookahead_budgeted_exploration,lookahead_budgeted_exploration,23,0.010545387108478986,0.0013018441040752462,2.389242113820877,0.03937619141711404
sum_square,lookahead_budgeted_exploration,lookahead_budgeted_exploration,24,0.010545387108478986,0.0013018441040752462,2.492588460877677,0.048791537777687626
sum_square,lookahead_budgeted_exploration,lookahead_budgeted_exploration,25,0.010545387108478986,0.0013018441040752462,2.606533646171449,0.03345573313730397
sum_square,lookahead_budgeted_exploration,lookahead_budgeted_exploration,26,0.010545387108478986,0.0013018441040752462,2.676591532054721,0.02289383697630265
sum_square,lookahead_budgeted_exploration,lookahead_budgeted_exploration,27,0.010545387108478986,0.0013018441040752462,2.7885772118163117,0.035109062836968755
sum_square,lookahead_budgeted_exploration,lookahead_budgeted_exploration,28,0.010545387108478986,0.0013018441040752462,2.893583384685826,0.024464467337426687
sum_square,lookahead_budgeted_exploration,lookahead_budgeted_exploration,29,0.010545387108478986,0.0013018441040752462,2.95179917330946,0.03418809050976918
sum_square,lookahead_budgeted_exploration,lookahead_budgeted_exploration,30,0.010545387108478986,0.0013018441040752462,3.0537166985388295,0.047959922402424665
sum_square,lookahead_budgeted_exploration,lookahead_budgeted_exploration,31,0.010545387108478986,0.0013018441040752462,3.155011885300611,0.02899736576658155
sum_square,lookahead_budgeted_exploration,lookahead_budgeted_exploration,32,0.007561120771203468,0.003629256779338384,3.243222468573078,0.011731117363133156
sum_square,lookahead_budgeted_exploration,lookahead_budgeted_exploration,33,0.007561120771203468,0.003629256779338384,3.3805569744033366,0.02576944179347191
sum_square,lookahead_budgeted_exploration,lookahead_budgeted_exploration,34,0.007561120771203468,0.003629256779338384,3.47977750906055,0.011667551584478884
sum_square,lookahead_budgeted_exploration,lookahead_budgeted_exploration,35,0.007561120771203468,0.003629256779338384,3.574219843124503,0.01733227205775541
sum_square,lookahead_budgeted_exploration,lookahead_budgeted_exploration,36,0.007561120771203468,0.003629256779338384,3.6399086655666935,0.008648786968467704
sum_square,lookahead_budgeted_exploration,lookahead_budgeted_exploration,37,0.005551485736702835,0.0024801080486335373,3.70464669816382,0.005419718240179545
sum_square,lookahead_budgeted_exploration,lookahead_budgeted_exploration,38,0.005551485736702835,0.0024801080486335373,3.7615601590968235,0.008974195592573708
sum_square,lookahead_budgeted_exploration,lookahead_budgeted_exploration,39,0.005551485736702835,0.0024801080486335373,3.8267990480818135,0.017025773458195566
sum_square,lookahead_budgeted_exploration,lookahead_budgeted_exploration,40,0.005551485736702835,0.0024801080486335373,3.9009835565257966,0.027319272677053797
sum_square,lookahead_budgeted_exploration,lookahead_budgeted_exploration,41,0.005551485736702835,0.0024801080486335373,3.9622197876579115,0.05800395217773865
sum_square,lookahead_budgeted_exploration,lookahead_budgeted_exploration,42,0.004437535761972002,0.0012615990144280909,4.018299763091896,0.08198179867691376
sum_square,lookahead_budgeted_exploration,lookahead_budgeted_exploration,43,0.004437535761972002,0.0012615990144280909,4.0662706545077,0.09152127171247511
sum_square,lookahead_budgeted_exploration,lookahead_budgeted_exploration,44,0.004437535761972002,0.0012615990144280909,4.131139859268564,0.10631915597194207
sum_square,lookahead_budgeted_exploration,lookahead_budgeted_exploration,45,0.004437535761972002,0.0012615990144280909,4.197537678759228,0.12975037046694607
sum_square,lookahead_budgeted_exploration,lookahead_budgeted_exploration,46,0.004437535761972002,0.0012615990144280909,4.274254219359491,0.142279450013221
sum_square,lookahead_budgeted_exploration,lookahead_budgeted_exploration,47,0.004437535761972002,0.0012615990144280909,4.336958765681609,0.16397120920674937
sum_square,lookahead_budgeted_exploration,lookahead_budgeted_exploration,48,0.004437535761972002,0.0012615990144280909,4.395124095637386,0.17302286914639037
sum_square,lookahead_budgeted_exploration,lookahead_budgeted_exploration,49,0.004437535761972002,0.0012615990144280909,4.4364617219242595,0.16258970583980692
