function,method,reward_dir,iteration,best_regret_mean,best_regret_std,cum_scaled_move_cost_mean,cum_scaled_move_cost_std
ackley,pure_bo,pure_bo,0,1.6296000076754205,0.8391547338892043,0.45873753142560014,0.22428651894601895
ackley,pure_bo,pure_bo,1,1.2574093511478488,0.7730290242473536,0.5596297478663911,0.2473911606629077
ackley,pure_bo,pure_bo,2,1.1073019987240842,0.7948984803155181,0.6651879998562794,0.26195235178273724
ackley,pure_bo,pure_bo,3,1.1073019987240842,0.7948984803155181,0.7399834567481872,0.22228731515274378
ackley,pure_bo,pure_bo,4,1.0900557403041014,0.8051172812021243,1.3331804346410954,0.44043995166953337
ackley,pure_bo,pure_bo,5,1.0057467110864906,0.6863060948559102,2.0094861694856845,0.2077458311520513
ackley,pure_bo,pure_bo,6,0.7819319999052211,0.37220336447476166,2.9616986161081535,0.4664154150892962
ackley,pure_bo,pure_bo,7,0.6532782959848409,0.5079787345046948,3.445272734910604,0.7237245794778113
ackley,pure_bo,pure_bo,8,0.32816206233151535,0.2198963112546376,4.135544552597739,1.1512829739735442
ackley,pure_bo,pure_bo,9,0.3252237825083246,0.2199707645498243,4.984399825853653,1.700745072011576
ackley,pure_bo,pure_bo,10,0.22749268980046886,0.26297050498089336,5.723185365881643,2.1904137169097533
ackley,pure_bo,pure_bo,11,0.22749268980046886,0.26297050498089336,6.513755312855021,2.719531562087267
ackley,pure_bo,pure_bo,12,0.22749268980046886,0.26297050498089336,6.994921503113237,2.9966996124586034
ackley,pure_bo,pure_bo,13,0.22749268980046886,0.26297050498089336,7.912077931731676,3.0959572382325016
ackley,pure_bo,pure_bo,14,0.22749268980046886,0.26297050498089336,8.646137733064403,3.085973294853544
ackley,pure_bo,pure_bo,15,0.22749268980046886,0.26297050498089336,9.478078953842411,3.158986124540161
ackley,pure_bo,pure_bo,16,0.22749268980046886,0.26297050498089336,10.112356219014593,3.075336793018004
ackley,pure_bo,pure_bo,17,0.22749268980046886,0.26297050498089336,10.857547154668113,3.179012062689411
ackley,pure_bo,pure_bo,18,0.22749268980046886,0.26297050498089336,11.822099947525233,3.0711900349936867
ackley,pure_bo,pure_bo,19,0.22749268980046886,0.26297050498089336,12.794793619629155,2.799631357765074
ackley,pure_bo,pure_bo,20,0.22749268980046886,0.26297050498089336,13.712283387429395,2.461354864718636
ackley,pure_bo,pure_bo,21,0.22749268980046886,0.26297050498089336,14.57168287160095,2.222046527147528
ackley,pure_bo,pure_bo,22,0.22749268980046886,0.26297050498089336,15.155111716116991,2.1591426575699786
ackley,pure_bo,pure_bo,23,0.22749268980046886,0.26297050498089336,15.927706958828175,2.2659537270507237
ackley,pure_bo,pure_bo,24,0.22749268980046886,0.26297050498089336,16.669724886188845,2.235332923239312
ackley,pure_bo,pure_bo,25,0.22749268980046886,0.26297050498089336,17.442170367695763,2.2075492823066063
ackley,pure_bo,pure_bo,26,0.22749268980046886,0.26297050498089336,18.40575798200447,2.1351522259549887
ackley,pure_bo,pure_bo,27,0.22749268980046886,0.26297050498089336,18.96699858849304,2.2559747777007244
ackley,pure_bo,pure_bo,28,0.22749268980046886,0.26297050498089336,19.845026181260348,2.3422835784371405
ackley,pure_bo,pure_bo,29,0.22749268980046886,0.26297050498089336,20.49619076474509,2.127891975902011
ackley,pure_bo,pure_bo,30,0.22749268980046886,0.26297050498089336,21.002572879440738,1.9494947882472318
ackley,pure_bo,pure_bo,31,0.22749268980046886,0.26297050498089336,21.51091288585734,1.827280041835713
ackley,pure_bo,pure_bo,32,0.22749268980046886,0.26297050498089336,22.06750537285873,2.0080187278845867
ackley,pure_bo,pure_bo,33,0.22749268980046886,0.26297050498089336,22.597219698051884,2.2505061818881065
ackley,pure_bo,pure_bo,34,0.22749268980046886,0.26297050498089336,22.96260396015982,2.451323557161605
ackley,pure_bo,pure_bo,35,0.22749268980046886,0.26297050498089336,23.45553993957554,2.7892142546646057
ackley,pure_bo,pure_bo,36,0.22749268980046886,0.26297050498089336,24.012491595820507,3.196035547022318
ackley,pure_bo,pure_bo,37,0.22749268980046886,0.26297050498089336,24.631393602952055,3.564415756852459
ackley,pure_bo,pure_bo,38,0.22749268980046886,0.26297050498089336,24.935714089237546,3.7577528348390716
ackley,pure_bo,pure_bo,39,0.22749268980046886,0.26297050498089336,25.317303648914976,4.066311306777451
ackley,pure_bo,pure_bo,40,0.22749268980046886,0.26297050498089336,25.744371825330518,4.371913063732894
ackley,pure_bo,pure_bo,41,0.22749268980046886,0.26297050498089336,26.387174349149095,4.800265133872051
ackley,pure_bo,pure_bo,42,0.22749268980046886,0.26297050498089336,26.657956214687925,4.9928067349391325
ackley,pure_bo,pure_bo,43,0.22749268980046886,0.26297050498089336,27.01668503761127,5.227047705245527
ackley,pure_bo,pure_bo,44,0.22749268980046886,0.26297050498089336,27.60213573056789,5.6093723949897605
ackley,pure_bo,pure_bo,45,0.22749268980046886,0.26297050498089336,28.197807884055617,6.025211055967257
ackley,pure_bo,pure_bo,46,0.22749268980046886,0.26297050498089336,28.484882327213015,6.215351327740558
ackley,pure_bo,pure_bo,47,0.22749268980046886,0.26297050498089336,28.605586479762312,6.30139894381805
ackley,pure_bo,pure_bo,48,0.22749268980046886,0.26297050498089336,28.905705118522246,6.529790525073794
ackley,pure_bo,pure_bo,49,0.22749268980046886,0.26297050498089336,29.192937734172244,6.766113070815043
ackley,earlbo,earlbo,0,1.442524653252007,0.6049201297183076,0.39678539091160553,0.21514695033151773
ackley,earlbo,earlbo,1,1.161086386929884,0.8392033127937953,0.5179187076485909,0.29256294511368597
ackley,earlbo,earlbo,2,1.0556843114474448,0.88538518181777,0.6862809953356864,0.45739928563794463
ackley,earlbo,earlbo,3,0.2700877734121379,0.18804619023827723,0.798333230010592,0.5363633039883413
ackley,earlbo,earlbo,4,0.25871065527839265,0.1904922269890568,0.8435284320686467,0.5324177779576778
ackley,earlbo,earlbo,5,0.2215502352917101,0.1634795855049172,0.915649961569233,0.5002666385007091
ackley,earlbo,earlbo,6,0.19490206732305917,0.1276274547171356,0.967473416164975,0.49287833588093066
ackley,earlbo,earlbo,7,0.19490206732305917,0.1276274547171356,0.9916253246560024,0.492151967377918
ackley,earlbo,earlbo,8,0.19490206732305917,0.1276274547171356,1.0355071738408765,0.494181941055166
ackley,earlbo,earlbo,9,0.14090434113451447,0.06204708520172437,1.0895092211013095,0.4929898588724201
ackley,earlbo,earlbo,10,0.08319244752682235,0.019341107497025837,1.1525299210556084,0.49287624102002
ackley,earlbo,earlbo,11,0.08319244752682235,0.019341107497025837,1.1986083661066207,0.505096680512241
ackley,earlbo,earlbo,12,0.08319244752682235,0.019341107497025837,1.2651738744096903,0.5349343123277984
ackley,earlbo,earlbo,13,0.08319244752682235,0.019341107497025837,1.374320637807201,0.5219693268410155
ackley,earlbo,earlbo,14,0.08319244752682235,0.019341107497025837,1.4633127301311208,0.5000822010196476
ackley,earlbo,earlbo,15,0.08319244752682235,0.019341107497025837,1.521669268345332,0.5235088136497303
ackley,earlbo,earlbo,16,0.08319244752682235,0.019341107497025837,1.5951716026673857,0.5502037121744964
ackley,earlbo,earlbo,17,0.06781485210574963,0.020723608729950015,1.7064177165955021,0.611033521638155
ackley,earlbo,earlbo,18,0.06781485210574963,0.020723608729950015,1.8369194463060865,0.679420419788411
ackley,earlbo,earlbo,19,0.06781485210574963,0.020723608729950015,1.9102447545458618,0.6945734902187624
ackley,earlbo,earlbo,20,0.06781485210574963,0.020723608729950015,1.9648417844109514,0.7135406658857459
ackley,earlbo,earlbo,21,0.06781485210574963,0.020723608729950015,2.0513476825947428,0.6923902706023836
ackley,earlbo,earlbo,22,0.06781485210574963,0.020723608729950015,2.1115674296019384,0.6919087483806948
ackley,earlbo,earlbo,23,0.06781485210574963,0.020723608729950015,2.179359069079127,0.717682467268909
ackley,earlbo,earlbo,24,0.06781485210574963,0.020723608729950015,2.262353068955887,0.721531269199898
ackley,earlbo,earlbo,25,0.06781485210574963,0.020723608729950015,2.317577629442881,0.7403095357817169
ackley,earlbo,earlbo,26,0.06781485210574963,0.020723608729950015,2.367223343418057,0.7484069339191213
ackley,earlbo,earlbo,27,0.06781485210574963,0.020723608729950015,2.434007639839973,0.7197140548316997
ackley,earlbo,earlbo,28,0.06781485210574963,0.020723608729950015,2.5063326380117745,0.7184506506755577
ackley,earlbo,earlbo,29,0.06781485210574963,0.020723608729950015,2.5785701732248003,0.7174450472501378
ackley,earlbo,earlbo,30,0.056639017738664865,0.03260730531149436,2.650890373326801,0.7185674278043854
ackley,earlbo,earlbo,31,0.056639017738664865,0.03260730531149436,2.7387815505144673,0.7066094292481605
ackley,earlbo,earlbo,32,0.056639017738664865,0.03260730531149436,2.8072817003492596,0.6873223523825575
ackley,earlbo,earlbo,33,0.056639017738664865,0.03260730531149436,2.869413660128888,0.6842247459429265
ackley,earlbo,earlbo,34,0.054956346155558077,0.030547963905709595,2.927148942060201,0.6688478545679832
ackley,earlbo,earlbo,35,0.054956346155558077,0.030547963905709595,2.986109471740859,0.6670321265508498
ackley,earlbo,earlbo,36,0.054956346155558077,0.030547963905709595,3.0623023050378397,0.6889869089805672
ackley,earlbo,earlbo,37,0.054956346155558077,0.030547963905709595,3.134550155895148,0.6806285887712972
ackley,earlbo,earlbo,38,0.054956346155558077,0.030547963905709595,3.1909373271835086,0.6651871115214035
ackley,earlbo,earlbo,39,0.054956346155558077,0.030547963905709595,3.266350262961687,0.6798232084059895
ackley,earlbo,earlbo,40,0.05335698792582185,0.028636648481253385,3.3191177735899586,0.6768787792988391
ackley,earlbo,earlbo,41,0.05335698792582185,0.028636648481253385,3.4076098276649454,0.6756303875720163
ackley,earlbo,earlbo,42,0.05335698792582185,0.028636648481253385,3.5053308204915723,0.6883239159608284
ackley,earlbo,earlbo,43,0.05335698792582185,0.028636648481253385,3.5914638256031775,0.6942675439034828
ackley,earlbo,earlbo,44,0.04342069336399653,0.018615051344050063,3.6424605441686033,0.6843044586397963
ackley,earlbo,earlbo,45,0.04342069336399653,0.018615051344050063,3.729614916604893,0.6656285260185087
ackley,earlbo,earlbo,46,0.04342069336399653,0.018615051344050063,3.821272774533531,0.6759531767689176
ackley,earlbo,earlbo,47,0.04342069336399653,0.018615051344050063,3.916435158100222,0.6716223364625054
ackley,earlbo,earlbo,48,0.04342069336399653,0.018615051344050063,4.0021671741954945,0.6793974916507418
ackley,earlbo,earlbo,49,0.04342069336399653,0.018615051344050063,4.07843049289264,0.692721431761036
ackley,snake,snake,0,1.9117769110697598,0.32605276619233026,0.40584125598271087,0.20867399593560365
ackley,snake,snake,1,1.6608353286357893,0.4683765036432904,0.5110507997024206,0.2575967420515428
ackley,snake,snake,2,1.347656136860995,0.6769357773407784,0.7272164449612298,0.4435385882895923
ackley,snake,snake,3,1.0734440816834259,0.8656564644170024,0.9165385389081875,0.6159807443261989
ackley,snake,snake,4,1.0471049587523475,0.8284075234868967,0.9812275118382535,0.6290970836102387
ackley,snake,snake,5,1.015026081696923,0.8521261417145839,1.0347704429182896,0.6372562265155939
ackley,snake,snake,6,0.9546973307300827,0.896184726338173,1.1058797075824118,0.6762758206705484
ackley,snake,snake,7,0.9280085580921681,0.8585483712445303,1.1542153749846764,0.7106468233575447
ackley,snake,snake,8,0.8091065264048827,0.943452684712523,1.1971722735438384,0.7162812602022248
ackley,snake,snake,9,0.8091065264048827,0.943452684712523,1.4094013119231856,0.9446301895453236
ackley,snake,snake,10,0.7486759455804296,0.9828251635997985,1.588632715722609,1.1516703551949163
ackley,snake,snake,11,0.7486759455804296,0.9828251635997985,1.645386134085342,1.1872997129471605
ackley,snake,snake,12,0.7400176496181854,0.9889429344640784,1.7267841106226924,1.2517834555361433
ackley,snake,snake,13,0.7345928936929723,0.9927683051859855,1.7735142728085014,1.2926874099406775
ackley,snake,snake,14,0.6299287507267235,0.8447511275490286,1.9835836039366903,1.4613596379841574
ackley,snake,snake,15,0.5792495609362148,0.7730800996709398,2.0589758109353,1.446783170468388
ackley,snake,snake,16,0.5792495609362148,0.7730800996709398,2.127476883748939,1.4433329426667074
ackley,snake,snake,17,0.44370766169313497,0.5813955667636225,2.200232807144223,1.4602033816619633
ackley,snake,snake,18,0.39537663236727544,0.5130455238381368,2.2681097400402357,1.433540846622298
ackley,snake,snake,19,0.19543672871850312,0.2302915000568886,2.353918058781769,1.4156720934160294
ackley,snake,snake,20,0.10852247037733109,0.1073838610608328,2.419013319116632,1.411711763734406
ackley,snake,snake,21,0.10852247037733109,0.1073838610608328,2.489482692052803,1.3736137035629201
ackley,snake,snake,22,0.10276927707061671,0.09924879727932238,2.5618980272125995,1.3535159523176916
ackley,snake,snake,23,0.09130353622463068,0.08303683290011803,2.621914510214508,1.3211376666959538
ackley,snake,snake,24,0.06252854060757847,0.04236073374176723,2.7230129317858593,1.267178473973449
ackley,snake,snake,25,0.038229397838725955,0.00815193791886941,2.786298922610909,1.2362151943263697
ackley,snake,snake,26,0.038229397838725955,0.00815193791886941,2.8559390505798548,1.208806378095373
ackley,snake,snake,27,0.038229397838725955,0.00815193791886941,2.936873128813488,1.187643576258091
ackley,snake,snake,28,0.038229397838725955,0.00815193791886941,3.022980537382473,1.1676844491087126
ackley,snake,snake,29,0.038229397838725955,0.00815193791886941,3.129525164502676,1.1402379219410732
ackley,snake,snake,30,0.038229397838725955,0.00815193791886941,3.235782998400511,1.135388115410356
ackley,snake,snake,31,0.038229397838725955,0.00815193791886941,3.300910009514238,1.1266933964192019
ackley,snake,snake,32,0.038229397838725955,0.00815193791886941,3.381338099287417,1.1227615831846145
ackley,snake,snake,33,0.038229397838725955,0.00815193791886941,3.4813853142436604,1.1231602781332872
ackley,snake,snake,34,0.038229397838725955,0.00815193791886941,3.53553026265419,1.137876238119249
ackley,snake,snake,35,0.038229397838725955,0.00815193791886941,3.5909862668656722,1.1466820963328939
ackley,snake,snake,36,0.038229397838725955,0.00815193791886941,3.6424093210872037,1.1529870696474638
ackley,snake,snake,37,0.038229397838725955,0.00815193791886941,3.7122927899530294,1.1601060587600531
ackley,snake,snake,38,0.038229397838725955,0.00815193791886941,3.7829709493127983,1.1512666382424068
ackley,snake,snake,39,0.038229397838725955,0.00815193791886941,3.8817113131455514,1.124115040722467
ackley,snake,snake,40,0.038229397838725955,0.00815193791886941,3.966745313679793,1.1048996742063917
ackley,snake,snake,41,0.038229397838725955,0.00815193791886941,4.052528070192822,1.105061757848404
ackley,snake,snake,42,0.038229397838725955,0.00815193791886941,4.152496555344961,1.104126154853962
ackley,snake,snake,43,0.038229397838725955,0.00815193791886941,4.247148280477163,1.1035697576167596
ackley,snake,snake,44,0.038229397838725955,0.00815193791886941,4.3009850958032505,1.0971385280633412
ackley,snake,snake,45,0.038229397838725955,0.00815193791886941,4.391985035447646,1.1111057639324569
ackley,snake,snake,46,0.038229397838725955,0.00815193791886941,4.480426636569283,1.1247393759370485
ackley,snake,snake,47,0.038229397838725955,0.00815193791886941,4.590781482114615,1.138635620375728
ackley,snake,snake,48,0.038229397838725955,0.00815193791886941,4.6739688205603445,1.1127012740677755
ackley,snake,snake,49,0.038229397838725955,0.00815193791886941,4.753353502008682,1.1252303896091735
ackley,log_improvement_movement_cost3,log_improvement_movement_cost3,0,1.9269090490030372,0.31707012221640485,0.4013300123927223,0.20637316447273302
ackley,log_improvement_movement_cost3,log_improvement_movement_cost3,1,1.6818156520616494,0.45219123781579085,0.4559028199754578,0.20052324360700333
ackley,log_improvement_movement_cost3,log_improvement_movement_cost3,2,1.4061681434873001,0.6054607942021453,0.538889566889569,0.2131119570508799
ackley,log_improvement_movement_cost3,log_improvement_movement_cost3,3,0.8924875174433334,0.6288356899422628,0.6036730516377888,0.2161618334671331
ackley,log_improvement_movement_cost3,log_improvement_movement_cost3,4,0.7558977579954692,0.73632054297383,0.6545024229133795,0.213869203851659
ackley,log_improvement_movement_cost3,log_improvement_movement_cost3,5,0.6959101879876196,0.654661146545815,0.7053797324782134,0.23045748611188785
ackley,log_improvement_movement_cost3,log_improvement_movement_cost3,6,0.49816673081547264,0.4660754027369833,0.7408651978712681,0.23417550253384004
ackley,log_improvement_movement_cost3,log_improvement_movement_cost3,7,0.3747048574301772,0.31678189537159085,0.8122999166415273,0.24120964026540004
ackley,log_improvement_movement_cost3,log_improvement_movement_cost3,8,0.24037711169578838,0.23014582862917554,0.8454683707185847,0.24263871504900902
ackley,log_improvement_movement_cost3,log_improvement_movement_cost3,9,0.1193261428537385,0.05980870065273634,0.8751081790909633,0.2605547913203922
ackley,log_improvement_movement_cost3,log_improvement_movement_cost3,10,0.1124743669868183,0.06465346916050188,0.904688377918348,0.27437256094997925
ackley,log_improvement_movement_cost3,log_improvement_movement_cost3,11,0.1124743669868183,0.06465346916050188,0.93514500445721,0.2757995730822841
ackley,log_improvement_movement_cost3,log_improvement_movement_cost3,12,0.11009372124053292,0.06658481814316515,0.9682226704297898,0.28486981851625653
ackley,log_improvement_movement_cost3,log_improvement_movement_cost3,13,0.049522406140825335,0.015970709429532767,0.9903243336705677,0.2951971981842637
ackley,log_improvement_movement_cost3,log_improvement_movement_cost3,14,0.049522406140825335,0.015970709429532767,1.0145889455123929,0.29548258948667067
ackley,log_improvement_movement_cost3,log_improvement_movement_cost3,15,0.04853946036662574,0.014581514381152173,1.0332671645171911,0.29153511095244844
ackley,log_improvement_movement_cost3,log_improvement_movement_cost3,16,0.04109995551087472,0.022059540686003624,1.0544225116535333,0.29860794498267096
ackley,log_improvement_movement_cost3,log_improvement_movement_cost3,17,0.04109995551087472,0.022059540686003624,1.0685452082018847,0.2992536205149103
ackley,log_improvement_movement_cost3,log_improvement_movement_cost3,18,0.03350298079105274,0.0252060860166211,1.0831240575426353,0.29962080870970803
ackley,log_improvement_movement_cost3,log_improvement_movement_cost3,19,0.028545745953171053,0.01819646724464475,1.094425866361548,0.29794535218197793
ackley,log_improvement_movement_cost3,log_improvement_movement_cost3,20,0.028545745953171053,0.01819646724464475,1.1199138526161867,0.3029971479455904
ackley,log_improvement_movement_cost3,log_improvement_movement_cost3,21,0.028545745953171053,0.01819646724464475,1.1492732231731575,0.29283380671980813
ackley,log_improvement_movement_cost3,log_improvement_movement_cost3,22,0.028545745953171053,0.01819646724464475,1.171465022374844,0.29889331288265925
ackley,log_improvement_movement_cost3,log_improvement_movement_cost3,23,0.028545745953171053,0.01819646724464475,1.1951186717040088,0.29431610592078167
ackley,log_improvement_movement_cost3,log_improvement_movement_cost3,24,0.023346669430972817,0.010846227144638081,1.212331823374108,0.2892250449449054
ackley,log_improvement_movement_cost3,log_improvement_movement_cost3,25,0.023346669430972817,0.010846227144638081,1.227279966660667,0.2953524643327773
ackley,log_improvement_movement_cost3,log_improvement_movement_cost3,26,0.023346669430972817,0.010846227144638081,1.2422820821798182,0.298876353380238
ackley,log_improvement_movement_cost3,log_improvement_movement_cost3,27,0.023346669430972817,0.010846227144638081,1.2597166041849963,0.29398175831984746
ackley,log_improvement_movement_cost3,log_improvement_movement_cost3,28,0.023346669430972817,0.010846227144638081,1.2899587485390163,0.29521467813251295
ackley,log_improvement_movement_cost3,log_improvement_movement_cost3,29,0.023346669430972817,0.010846227144638081,1.331270368168085,0.30664248542379147
ackley,log_improvement_movement_cost3,log_improvement_movement_cost3,30,0.023346669430972817,0.010846227144638081,1.3569964337322975,0.31364176972693997
ackley,log_improvement_movement_cost3,log_improvement_movement_cost3,31,0.019121017902792154,0.004877428705742508,1.3708931863232046,0.3119064479286686
ackley,log_improvement_movement_cost3,log_improvement_movement_cost3,32,0.019121017902792154,0.004877428705742508,1.388329412848783,0.30592269576301895
ackley,log_improvement_movement_cost3,log_improvement_movement_cost3,33,0.019121017902792154,0.004877428705742508,1.3997211822977043,0.30953335778398955
ackley,log_improvement_movement_cost3,log_improvement_movement_cost3,34,0.019121017902792154,0.004877428705742508,1.4226093142046068,0.30175396279744493
ackley,log_improvement_movement_cost3,log_improvement_movement_cost3,35,0.019121017902792154,0.004877428705742508,1.4395297398931932,0.3044544818065029
ackley,log_improvement_movement_cost3,log_improvement_movement_cost3,36,0.019121017902792154,0.004877428705742508,1.463555572269952,0.30949609345074697
ackley,log_improvement_movement_cost3,log_improvement_movement_cost3,37,0.019121017902792154,0.004877428705742508,1.4824035375207376,0.3081627843385098
ackley,log_improvement_movement_cost3,log_improvement_movement_cost3,38,0.019121017902792154,0.004877428705742508,1.494867700557469,0.30863202881092183
ackley,log_improvement_movement_cost3,log_improvement_movement_cost3,39,0.019121017902792154,0.004877428705742508,1.5206718614784236,0.31298134528265353
ackley,log_improvement_movement_cost3,log_improvement_movement_cost3,40,0.019121017902792154,0.004877428705742508,1.5447527489865147,0.30924087945819106
ackley,log_improvement_movement_cost3,log_improvement_movement_cost3,41,0.019121017902792154,0.004877428705742508,1.5591911926184732,0.3077771116243546
ackley,log_improvement_movement_cost3,log_improvement_movement_cost3,42,0.019121017902792154,0.004877428705742508,1.578074602844674,0.3091135850690358
ackley,log_improvement_movement_cost3,log_improvement_movement_cost3,43,0.019121017902792154,0.004877428705742508,1.5941117552896653,0.3126100286308117
ackley,log_improvement_movement_cost3,log_improvement_movement_cost3,44,0.019121017902792154,0.004877428705742508,1.608590892297119,0.31137453426580863
ackley,log_improvement_movement_cost3,log_improvement_movement_cost3,45,0.019121017902792154,0.004877428705742508,1.6449128322520667,0.3033204115309647
ackley,log_improvement_movement_cost3,log_improvement_movement_cost3,46,0.019121017902792154,0.004877428705742508,1.679600136667456,0.3007727959005969
ackley,log_improvement_movement_cost3,log_improvement_movement_cost3,47,0.019121017902792154,0.004877428705742508,1.7022449725250846,0.2965866708892616
ackley,log_improvement_movement_cost3,log_improvement_movement_cost3,48,0.019121017902792154,0.004877428705742508,1.7276174755305025,0.29510284276273996
ackley,log_improvement_movement_cost3,log_improvement_movement_cost3,49,0.019121017902792154,0.004877428705742508,1.7510813875275477,0.2967174096818665
ackley,optimistic_selected,optimistic_improvement_movement_cost3,0,1.9681065402332394,0.3280836435570642,0.4028721022157293,0.20250351111386064
ackley,optimistic_selected,optimistic_improvement_movement_cost3,1,1.6645147153940645,0.46934344962858743,0.4542590756866312,0.21015000599797312
ackley,optimistic_selected,optimistic_improvement_movement_cost3,2,1.5642346927784327,0.581800331322213,0.49210637716931155,0.21723687773806008
ackley,optimistic_selected,optimistic_improvement_movement_cost3,3,1.4687254460806003,0.698910323764079,0.5460698552690039,0.24687158245149615
ackley,optimistic_selected,optimistic_improvement_movement_cost3,4,1.1076952711079113,0.8647306781973351,0.6182796146476065,0.24331558171717796
ackley,optimistic_selected,optimistic_improvement_movement_cost3,5,0.7828562724753714,0.7830508855881592,0.6697539460804892,0.2361974157500909
ackley,optimistic_selected,optimistic_improvement_movement_cost3,6,0.4366486710602075,0.29407888869512355,0.719984462124367,0.25769945465018407
ackley,optimistic_selected,optimistic_improvement_movement_cost3,7,0.3671294715929503,0.2788774648593292,0.78259702565633,0.27046149971064387
ackley,optimistic_selected,optimistic_improvement_movement_cost3,8,0.24632925227849065,0.1528976139682822,0.8190718024093618,0.2733978222039965
ackley,optimistic_selected,optimistic_improvement_movement_cost3,9,0.09297227807384963,0.06051176440207579,0.8587413166522588,0.28331138135322737
ackley,optimistic_selected,optimistic_improvement_movement_cost3,10,0.09297227807384963,0.06051176440207579,0.8888877504295438,0.2913436372968152
ackley,optimistic_selected,optimistic_improvement_movement_cost3,11,0.09297227807384963,0.06051176440207579,0.9250540976618735,0.3087254536972533
ackley,optimistic_selected,optimistic_improvement_movement_cost3,12,0.07204702926561568,0.0675391595661308,0.9568836030015387,0.3232281241214335
ackley,optimistic_selected,optimistic_improvement_movement_cost3,13,0.03208311959265512,0.011695223966382373,0.9784407100809585,0.3255993908376723
ackley,optimistic_selected,optimistic_improvement_movement_cost3,14,0.03208311959265512,0.011695223966382373,1.008850246689384,0.31319101783469705
ackley,optimistic_selected,optimistic_improvement_movement_cost3,15,0.03208311959265512,0.011695223966382373,1.0428884217705334,0.30879028460593505
ackley,optimistic_selected,optimistic_improvement_movement_cost3,16,0.03208311959265512,0.011695223966382373,1.0740342629323936,0.31562940989331867
ackley,optimistic_selected,optimistic_improvement_movement_cost3,17,0.02684304875899975,0.0055088605848478,1.0972788475246356,0.32100898041394577
ackley,optimistic_selected,optimistic_improvement_movement_cost3,18,0.02684304875899975,0.0055088605848478,1.1184245610026677,0.3229120564744667
ackley,optimistic_selected,optimistic_improvement_movement_cost3,19,0.02684304875899975,0.0055088605848478,1.1259991879058653,0.32463550588309037
ackley,optimistic_selected,optimistic_improvement_movement_cost3,20,0.02684304875899975,0.0055088605848478,1.1535793562380616,0.3321899590457209
ackley,optimistic_selected,optimistic_improvement_movement_cost3,21,0.02684304875899975,0.0055088605848478,1.1805211753539648,0.3355478012962276
ackley,optimistic_selected,optimistic_improvement_movement_cost3,22,0.02684304875899975,0.0055088605848478,1.2033993426847616,0.337002358582661
ackley,optimistic_selected,optimistic_improvement_movement_cost3,23,0.02684304875899975,0.0055088605848478,1.2273158301831595,0.33743530787767856
ackley,optimistic_selected,optimistic_improvement_movement_cost3,24,0.02684304875899975,0.0055088605848478,1.243274215417034,0.33619809656747435
ackley,optimistic_selected,optimistic_improvement_movement_cost3,25,0.02487713183123737,0.005211438416886271,1.255013784858976,0.3432025128674085
ackley,optimistic_selected,optimistic_improvement_movement_cost3,26,0.02487713183123737,0.005211438416886271,1.265253828005832,0.3445373244055264
ackley,optimistic_selected,optimistic_improvement_movement_cost3,27,0.02487713183123737,0.005211438416886271,1.2820812373381674,0.34485238291480835
ackley,optimistic_selected,optimistic_improvement_movement_cost3,28,0.023060699533273016,0.00616066899692144,1.3071583194996217,0.35400389179450764
ackley,optimistic_selected,optimistic_improvement_movement_cost3,29,0.023060699533273016,0.00616066899692144,1.335572454582867,0.3629087389691329
ackley,optimistic_selected,optimistic_improvement_movement_cost3,30,0.023060699533273016,0.00616066899692144,1.355395366682209,0.3624504706679017
ackley,optimistic_selected,optimistic_improvement_movement_cost3,31,0.01929052961419157,0.0008934534377229127,1.371776730274048,0.3616984834777038
ackley,optimistic_selected,optimistic_improvement_movement_cost3,32,0.01929052961419157,0.0008934534377229127,1.3912131439874946,0.3547762733524983
ackley,optimistic_selected,optimistic_improvement_movement_cost3,33,0.01929052961419157,0.0008934534377229127,1.4044922063576735,0.3566246721777379
ackley,optimistic_selected,optimistic_improvement_movement_cost3,34,0.01929052961419157,0.0008934534377229127,1.428900437190631,0.35191059637035743
ackley,optimistic_selected,optimistic_improvement_movement_cost3,35,0.01929052961419157,0.0008934534377229127,1.4495667727744215,0.35766230040885194
ackley,optimistic_selected,optimistic_improvement_movement_cost3,36,0.01929052961419157,0.0008934534377229127,1.475254676092611,0.36098442858370483
ackley,optimistic_selected,optimistic_improvement_movement_cost3,37,0.01929052961419157,0.0008934534377229127,1.4950754232539214,0.35553797504446993
ackley,optimistic_selected,optimistic_improvement_movement_cost3,38,0.01929052961419157,0.0008934534377229127,1.5083483426101596,0.3583208979051241
ackley,optimistic_selected,optimistic_improvement_movement_cost3,39,0.01929052961419157,0.0008934534377229127,1.534090117488435,0.36187719629415904
ackley,optimistic_selected,optimistic_improvement_movement_cost3,40,0.01929052961419157,0.0008934534377229127,1.5571048457766603,0.35961177709097597
ackley,optimistic_selected,optimistic_improvement_movement_cost3,41,0.01639617930219635,0.0042850457697816095,1.5711295827704135,0.3600398782606509
ackley,optimistic_selected,optimistic_improvement_movement_cost3,42,0.01639617930219635,0.0042850457697816095,1.5839489265125675,0.35626295842588723
ackley,optimistic_selected,optimistic_improvement_movement_cost3,43,0.01639617930219635,0.0042850457697816095,1.5944675446293548,0.35394041369021745
ackley,optimistic_selected,optimistic_improvement_movement_cost3,44,0.01639617930219635,0.0042850457697816095,1.613658728480404,0.3501536931975673
ackley,optimistic_selected,optimistic_improvement_movement_cost3,45,0.01639617930219635,0.0042850457697816095,1.642933666823021,0.3381315691146945
ackley,optimistic_selected,optimistic_improvement_movement_cost3,46,0.01639617930219635,0.0042850457697816095,1.6654844476934787,0.3350365315175586
ackley,optimistic_selected,optimistic_improvement_movement_cost3,47,0.01639617930219635,0.0042850457697816095,1.684957853156989,0.33282628628434535
ackley,optimistic_selected,optimistic_improvement_movement_cost3,48,0.01639617930219635,0.0042850457697816095,1.714080426501729,0.3357986218459915
ackley,optimistic_selected,optimistic_improvement_movement_cost3,49,0.01639617930219635,0.0042850457697816095,1.7353696131354486,0.33618411281562594
ackley,budgeted_exploration,budgeted_exploration,0,1.8973061677960654,0.30127190285556543,0.3976996261082955,0.19843975163622918
ackley,budgeted_exploration,budgeted_exploration,1,1.6751624509908638,0.47150165866949223,0.456368145584146,0.21464909364275744
ackley,budgeted_exploration,budgeted_exploration,2,1.4668472111945199,0.6568798543764278,0.5088324390169056,0.22577909496514087
ackley,budgeted_exploration,budgeted_exploration,3,1.0117069582323517,0.8799877118534317,0.5900470114010015,0.19842923232101997
ackley,budgeted_exploration,budgeted_exploration,4,0.7801687500628162,0.9104786918552914,0.6413131140603451,0.18716045900568684
ackley,budgeted_exploration,budgeted_exploration,5,0.7801687500628162,0.9104786918552914,0.6997393686446025,0.1894908506465372
ackley,budgeted_exploration,budgeted_exploration,6,0.7753236573763288,0.9139062406752367,0.7811625906699456,0.19434745322722502
ackley,budgeted_exploration,budgeted_exploration,7,0.3345304284557528,0.29054256034710346,0.8632439843318619,0.24131692042010464
ackley,budgeted_exploration,budgeted_exploration,8,0.24619143685742792,0.16562572193662287,0.9416622341706972,0.2418711669775943
ackley,budgeted_exploration,budgeted_exploration,9,0.19152563475483975,0.08834380089943229,1.0019112448117278,0.22834302242925453
ackley,budgeted_exploration,budgeted_exploration,10,0.1786964521169705,0.09815685043419947,1.0334104593545497,0.23921823893976313
ackley,budgeted_exploration,budgeted_exploration,11,0.1786964521169705,0.09815685043419947,1.0814647025818853,0.2536640374662929
ackley,budgeted_exploration,budgeted_exploration,12,0.0998152745467924,0.018919069198796063,1.1241217402317993,0.24379996502360546
ackley,budgeted_exploration,budgeted_exploration,13,0.0998152745467924,0.018919069198796063,1.1916057462671812,0.2291713942336453
ackley,budgeted_exploration,budgeted_exploration,14,0.0998152745467924,0.018919069198796063,1.2574843096776205,0.22257960825075068
ackley,budgeted_exploration,budgeted_exploration,15,0.0998152745467924,0.018919069198796063,1.3120376628590587,0.21690114440069666
ackley,budgeted_exploration,budgeted_exploration,16,0.0998152745467924,0.018919069198796063,1.3530794200036247,0.21894922337831252
ackley,budgeted_exploration,budgeted_exploration,17,0.0998152745467924,0.018919069198796063,1.4103172600795701,0.22017861535053382
ackley,budgeted_exploration,budgeted_exploration,18,0.0998152745467924,0.018919069198796063,1.4875911457782711,0.2218758445276429
ackley,budgeted_exploration,budgeted_exploration,19,0.0998152745467924,0.018919069198796063,1.5774357399291705,0.25064376990847087
ackley,budgeted_exploration,budgeted_exploration,20,0.08586288026484157,0.006306893313343161,1.642562453235648,0.27602540347139054
ackley,budgeted_exploration,budgeted_exploration,21,0.08586288026484157,0.006306893313343161,1.6831189353208618,0.27129184718470356
ackley,budgeted_exploration,budgeted_exploration,22,0.08586288026484157,0.006306893313343161,1.7298365251424508,0.26176622221892426
ackley,budgeted_exploration,budgeted_exploration,23,0.08586288026484157,0.006306893313343161,1.785738996952962,0.22518157376879772
ackley,budgeted_exploration,budgeted_exploration,24,0.08586288026484157,0.006306893313343161,1.8598063740542337,0.2070067067602488
ackley,budgeted_exploration,budgeted_exploration,25,0.08586288026484157,0.006306893313343161,1.9367228326490638,0.1957723561275027
ackley,budgeted_exploration,budgeted_exploration,26,0.08586288026484157,0.006306893313343161,1.9868945088420373,0.17834785303868983
ackley,budgeted_exploration,budgeted_exploration,27,0.08586288026484157,0.006306893313343161,2.050245609708852,0.19300591028068517
ackley,budgeted_exploration,budgeted_exploration,28,0.08586288026484157,0.006306893313343161,2.1161922769042176,0.1961400046889755
ackley,budgeted_exploration,budgeted_exploration,29,0.08586288026484157,0.006306893313343161,2.1562468308128637,0.18254820871158126
ackley,budgeted_exploration,budgeted_exploration,30,0.08586288026484157,0.006306893313343161,2.221783737239534,0.1898942561974631
ackley,budgeted_exploration,budgeted_exploration,31,0.08586288026484157,0.006306893313343161,2.2543637624323813,0.18733099650909485
ackley,budgeted_exploration,budgeted_exploration,32,0.08586288026484157,0.006306893313343161,2.3069353163372437,0.1817550165719389
ackley,budgeted_exploration,budgeted_exploration,33,0.08586288026484157,0.006306893313343161,2.365233669259704,0.14473035663378844
ackley,budgeted_exploration,budgeted_exploration,34,0.08586288026484157,0.006306893313343161,2.4245727985564427,0.13312042880099376
ackley,budgeted_exploration,budgeted_exploration,35,0.08586288026484157,0.006306893313343161,2.4576503280605104,0.12827271176343102
ackley,budgeted_exploration,budgeted_exploration,36,0.08586288026484157,0.006306893313343161,2.5019586010171935,0.13254584579884537
ackley,budgeted_exploration,budgeted_exploration,37,0.08280126693145151,0.002321991596430571,2.5385350279020353,0.12356549835205863
ackley,budgeted_exploration,budgeted_exploration,38,0.08280126693145151,0.002321991596430571,2.571760102540804,0.1151768063044031
ackley,budgeted_exploration,budgeted_exploration,39,0.08280126693145151,0.002321991596430571,2.611006281921457,0.1076014566200015
ackley,budgeted_exploration,budgeted_exploration,40,0.08280126693145151,0.002321991596430571,2.6398665487708954,0.11060040463892169
ackley,budgeted_exploration,budgeted_exploration,41,0.07924225890324073,0.00354200376932556,2.6677685968586373,0.11113770073469885
ackley,budgeted_exploration,budgeted_exploration,42,0.07714872993104811,0.004386489681392262,2.6991136121728387,0.09184238407987654
ackley,budgeted_exploration,budgeted_exploration,43,0.0694969554325356,0.013887074594359722,2.731467606260661,0.06956043830785164
ackley,budgeted_exploration,budgeted_exploration,44,0.0694969554325356,0.013887074594359722,2.7754040449657467,0.06737557719428527
ackley,budgeted_exploration,budgeted_exploration,45,0.0694969554325356,0.013887074594359722,2.8129427149554025,0.07398911078563962
ackley,budgeted_exploration,budgeted_exploration,46,0.0694969554325356,0.013887074594359722,2.837745217126114,0.07016412852459009
ackley,budgeted_exploration,budgeted_exploration,47,0.0694969554325356,0.013887074594359722,2.8682365081632892,0.061246578820000966
ackley,budgeted_exploration,budgeted_exploration,48,0.0694969554325356,0.013887074594359722,2.907575452208739,0.052568118580653425
ackley,budgeted_exploration,budgeted_exploration,49,0.05503083564754071,0.021482173918887505,2.922298268123543,0.059413852560922686
ackley,lookahead_budgeted_exploration,lookahead_budgeted_exploration,0,1.8492346198720562,0.3436579306891509,0.40585308012514537,0.2042402034969505
ackley,lookahead_budgeted_exploration,lookahead_budgeted_exploration,1,1.7488980541119066,0.3881530496867641,0.4524583328369142,0.20808330490602295
ackley,lookahead_budgeted_exploration,lookahead_budgeted_exploration,2,1.4130030945152392,0.6258274359011101,0.5338513123991498,0.2196401303299119
ackley,lookahead_budgeted_exploration,lookahead_budgeted_exploration,3,1.013850747012561,0.9269452775792208,0.5959146271282724,0.20449586936836012
ackley,lookahead_budgeted_exploration,lookahead_budgeted_exploration,4,1.013850747012561,0.9269452775792208,0.6657977264445317,0.2161136252363415
ackley,lookahead_budgeted_exploration,lookahead_budgeted_exploration,5,0.959885586110608,0.9035255997395618,0.7199825811004009,0.22436540001717306
ackley,lookahead_budgeted_exploration,lookahead_budgeted_exploration,6,0.47366361526021966,0.5517966790164348,0.7896912648531159,0.26340153649070913
ackley,lookahead_budgeted_exploration,lookahead_budgeted_exploration,7,0.30207445930818766,0.3091538041250612,0.8623467748796944,0.2913537588346352
ackley,lookahead_budgeted_exploration,lookahead_budgeted_exploration,8,0.30207445930818766,0.3091538041250612,0.9220779219113036,0.28542714225324584
ackley,lookahead_budgeted_exploration,lookahead_budgeted_exploration,9,0.27679617898871384,0.2734111125423138,0.9825012865172974,0.3024634485198342
ackley,lookahead_budgeted_exploration,lookahead_budgeted_exploration,10,0.265993576487822,0.2581370964061925,1.012147416844206,0.29446656854063447
ackley,lookahead_budgeted_exploration,lookahead_budgeted_exploration,11,0.23258061880499806,0.2108967536366958,1.0533933995962907,0.28108899123350617
ackley,lookahead_budgeted_exploration,lookahead_budgeted_exploration,12,0.12260213722773654,0.05555849245244553,1.103158220248685,0.29081955967926915
ackley,lookahead_budgeted_exploration,lookahead_budgeted_exploration,13,0.12260213722773654,0.05555849245244553,1.176916962600593,0.2890388303385447
ackley,lookahead_budgeted_exploration,lookahead_budgeted_exploration,14,0.12260213722773654,0.05555849245244553,1.2641902441526933,0.27511093185072194
ackley,lookahead_budgeted_exploration,lookahead_budgeted_exploration,15,0.10099048860429767,0.0736501047034191,1.3394495479141748,0.2790490082162177
ackley,lookahead_budgeted_exploration,lookahead_budgeted_exploration,16,0.09080443284556756,0.05998765817708062,1.3929329822130356,0.27192846021431144
ackley,lookahead_budgeted_exploration,lookahead_budgeted_exploration,17,0.09080443284556756,0.05998765817708062,1.4494290083746701,0.2649316967986356
ackley,lookahead_budgeted_exploration,lookahead_budgeted_exploration,18,0.09080443284556756,0.05998765817708062,1.5156303527092565,0.2668137016408763
ackley,lookahead_budgeted_exploration,lookahead_budgeted_exploration,19,0.07121807255600314,0.03541174313315699,1.5671987686138682,0.2427875110367531
ackley,lookahead_budgeted_exploration,lookahead_budgeted_exploration,20,0.07121807255600314,0.03541174313315699,1.624118901242247,0.21536463130301034
ackley,lookahead_budgeted_exploration,lookahead_budgeted_exploration,21,0.06470555076905926,0.028537140451402442,1.6684946038666728,0.2037837262032248
ackley,lookahead_budgeted_exploration,lookahead_budgeted_exploration,22,0.057734333826421125,0.0230603005834459,1.724889751935768,0.18795229759453988
ackley,lookahead_budgeted_exploration,lookahead_budgeted_exploration,23,0.057734333826421125,0.0230603005834459,1.7824327904458432,0.15769885765281821
ackley,lookahead_budgeted_exploration,lookahead_budgeted_exploration,24,0.057734333826421125,0.0230603005834459,1.8510065140650562,0.16716134922823184
ackley,lookahead_budgeted_exploration,lookahead_budgeted_exploration,25,0.057734333826421125,0.0230603005834459,1.9062081519387588,0.19139312468177525
ackley,lookahead_budgeted_exploration,lookahead_budgeted_exploration,26,0.057734333826421125,0.0230603005834459,1.9361739858871447,0.1872461222670181
ackley,lookahead_budgeted_exploration,lookahead_budgeted_exploration,27,0.057734333826421125,0.0230603005834459,1.9862452281018497,0.1670290246093189
ackley,lookahead_budgeted_exploration,lookahead_budgeted_exploration,28,0.057734333826421125,0.0230603005834459,2.0481744596663134,0.14760984071248406
ackley,lookahead_budgeted_exploration,lookahead_budgeted_exploration,29,0.057734333826421125,0.0230603005834459,2.0957487456489887,0.16103303513217
ackley,lookahead_budgeted_exploration,lookahead_budgeted_exploration,30,0.057734333826421125,0.0230603005834459,2.1618608961206207,0.15865154586693272
ackley,lookahead_budgeted_exploration,lookahead_budgeted_exploration,31,0.057734333826421125,0.0230603005834459,2.2229249426602253,0.15947514245818065
ackley,lookahead_budgeted_exploration,lookahead_budgeted_exploration,32,0.057734333826421125,0.0230603005834459,2.2711361948464055,0.15347600742847692
ackley,lookahead_budgeted_exploration,lookahead_budgeted_exploration,33,0.057734333826421125,0.0230603005834459,2.3047305376877882,0.14655905652489667
ackley,lookahead_budgeted_exploration,lookahead_budgeted_exploration,34,0.057734333826421125,0.0230603005834459,2.377773807976497,0.11982553471347561
ackley,lookahead_budgeted_exploration,lookahead_budgeted_exploration,35,0.057734333826421125,0.0230603005834459,2.4382514918356164,0.09200885034334366
ackley,lookahead_budgeted_exploration,lookahead_budgeted_exploration,36,0.057734333826421125,0.0230603005834459,2.5203255331264596,0.09357868096309557
ackley,lookahead_budgeted_exploration,lookahead_budgeted_exploration,37,0.057734333826421125,0.0230603005834459,2.606152982192715,0.11369946361103839
ackley,lookahead_budgeted_exploration,lookahead_budgeted_exploration,38,0.057734333826421125,0.0230603005834459,2.6629051175000193,0.12035848461114852
ackley,lookahead_budgeted_exploration,lookahead_budgeted_exploration,39,0.057734333826421125,0.0230603005834459,2.7147077961135397,0.10843555578482929
ackley,lookahead_budgeted_exploration,lookahead_budgeted_exploration,40,0.05699858142134362,0.0224654275517911,2.7504791944420526,0.11182721236675609
ackley,lookahead_budgeted_exploration,lookahead_budgeted_exploration,41,0.05699858142134362,0.0224654275517911,2.7945721561377233,0.1101553522679569
ackley,lookahead_budgeted_exploration,lookahead_budgeted_exploration,42,0.05400050796117073,0.02041394298370818,2.8352781950994217,0.12700535907806576
ackley,lookahead_budgeted_exploration,lookahead_budgeted_exploration,43,0.04530723014456273,0.016485282033260776,2.866463546019195,0.12720980230628354
ackley,lookahead_budgeted_exploration,lookahead_budgeted_exploration,44,0.04530723014456273,0.016485282033260776,2.907678072376443,0.12044847015679193
ackley,lookahead_budgeted_exploration,lookahead_budgeted_exploration,45,0.04530723014456273,0.016485282033260776,2.9239968455480962,0.11831055044708391
ackley,lookahead_budgeted_exploration,lookahead_budgeted_exploration,46,0.04530723014456273,0.016485282033260776,2.961677434249816,0.10568659815755901
ackley,lookahead_budgeted_exploration,lookahead_budgeted_exploration,47,0.04530723014456273,0.016485282033260776,2.9804147042681817,0.09961678633562741
ackley,lookahead_budgeted_exploration,lookahead_budgeted_exploration,48,0.04530723014456273,0.016485282033260776,3.0161696940342146,0.09503971145644051
ackley,lookahead_budgeted_exploration,lookahead_budgeted_exploration,49,0.04530723014456273,0.016485282033260776,3.027399429200887,0.09551176804662313
levy,pure_bo,pure_bo,0,0.12554891195873288,0.08970809382045095,0.6548079553730556,0.18154087633700713
levy,pure_bo,pure_bo,1,0.06809119008800968,0.038215225454405,1.0009870133324956,0.3538445714841687
levy,pure_bo,pure_bo,2,0.06426242224843919,0.04298374882815117,1.5253839492393808,0.35154854422372595
levy,pure_bo,pure_bo,3,0.056463476300245195,0.03432823460016206,2.455984554484395,0.3290948688766579
levy,pure_bo,pure_bo,4,0.026492018266371275,0.029399725763156054,3.432061644185857,0.564349254329027
levy,pure_bo,pure_bo,5,0.026492018266371275,0.029399725763156054,4.268671478979474,0.9990547012232358
levy,pure_bo,pure_bo,6,0.02553785611475902,0.030179821300384733,5.154605606990366,0.955865878389304
levy,pure_bo,pure_bo,7,0.02553785611475902,0.030179821300384733,5.603781642277301,0.5883865568376071
levy,pure_bo,pure_bo,8,0.0028861622407893926,0.003921233237265109,6.339572095065776,0.7877694531410707
levy,pure_bo,pure_bo,9,0.0028861622407893926,0.003921233237265109,7.27721456357997,0.8234091309399975
levy,pure_bo,pure_bo,10,0.0028861622407893926,0.003921233237265109,7.780407330296328,0.9826824323329828
levy,pure_bo,pure_bo,11,0.0028861622407893926,0.003921233237265109,8.489282066636369,1.1071942449852312
levy,pure_bo,pure_bo,12,7.614391987709471e-05,0.00010768376418243762,9.451055048753647,1.1091773973066383
levy,pure_bo,pure_bo,13,7.614391987709471e-05,0.00010768376418243762,9.824055099351385,0.939138463004857
levy,pure_bo,pure_bo,14,7.614391987709471e-05,0.00010768376418243762,10.791455300023685,0.9669508223898683
levy,pure_bo,pure_bo,15,7.614391987709471e-05,0.00010768376418243762,11.531914124958822,0.9926615298453063
levy,pure_bo,pure_bo,16,7.614391987709471e-05,0.00010768376418243762,12.130099045578637,0.86266831111696
levy,pure_bo,pure_bo,17,7.614391987709471e-05,0.00010768376418243762,12.847182761195294,0.7104353542869573
levy,pure_bo,pure_bo,18,7.614391987709471e-05,0.00010768376418243762,13.267673430640523,0.7413760858261735
levy,pure_bo,pure_bo,19,7.614391987709471e-05,0.00010768376418243762,13.76844717006707,0.8632916168425894
levy,pure_bo,pure_bo,20,7.614391987709471e-05,0.00010768376418243762,14.180411383265467,0.7997850201501407
levy,pure_bo,pure_bo,21,7.614391987709471e-05,0.00010768376418243762,14.833837875842192,0.7691215836742992
levy,pure_bo,pure_bo,22,7.614391987709471e-05,0.00010768376418243762,15.327208367517542,0.9099087403785745
levy,pure_bo,pure_bo,23,7.614391987709471e-05,0.00010768376418243762,15.994331256390387,0.7928148783106663
levy,pure_bo,pure_bo,24,7.614391987709471e-05,0.00010768376418243762,16.656104708820173,0.7304725138485618
levy,pure_bo,pure_bo,25,7.614391987709471e-05,0.00010768376418243762,17.23936195000446,0.7094040229705908
levy,pure_bo,pure_bo,26,7.614391987709471e-05,0.00010768376418243762,17.42387065008037,0.5428608439282357
levy,pure_bo,pure_bo,27,7.614391987709471e-05,0.00010768376418243762,17.42387065008037,0.5428608439282357
levy,pure_bo,pure_bo,28,7.614391987709471e-05,0.00010768376418243762,17.42387065008037,0.5428608439282357
levy,pure_bo,pure_bo,29,7.614391987709471e-05,0.00010768376418243762,17.42387065008037,0.5428608439282357
levy,pure_bo,pure_bo,30,7.614391987709471e-05,0.00010768376418243762,17.42387065008037,0.5428608439282357
levy,pure_bo,pure_bo,31,7.614391987709471e-05,0.00010768376418243762,17.42387065008037,0.5428608439282357
levy,pure_bo,pure_bo,32,7.614391987709471e-05,0.00010768376418243762,17.42387065008037,0.5428608439282357
levy,pure_bo,pure_bo,33,7.614391987709471e-05,0.00010768376418243762,17.42387065008037,0.5428608439282357
levy,pure_bo,pure_bo,34,7.614391987709471e-05,0.00010768376418243762,17.42387065008037,0.5428608439282357
levy,pure_bo,pure_bo,35,7.614391987709471e-05,0.00010768376418243762,17.42387065008037,0.5428608439282357
levy,pure_bo,pure_bo,36,7.614391987709471e-05,0.00010768376418243762,17.42387065008037,0.5428608439282357
levy,pure_bo,pure_bo,37,7.614391987709471e-05,0.00010768376418243762,17.42387065008037,0.5428608439282357
levy,pure_bo,pure_bo,38,7.614391987709471e-05,0.00010768376418243762,17.42387065008037,0.5428608439282357
levy,pure_bo,pure_bo,39,7.614391987709471e-05,0.00010768376418243762,17.42387065008037,0.5428608439282357
levy,pure_bo,pure_bo,40,7.614391987709471e-05,0.00010768376418243762,17.42387065008037,0.5428608439282357
levy,pure_bo,pure_bo,41,7.614391987709471e-05,0.00010768376418243762,17.42387065008037,0.5428608439282357
levy,pure_bo,pure_bo,42,7.614391987709471e-05,0.00010768376418243762,17.42387065008037,0.5428608439282357
levy,pure_bo,pure_bo,43,7.614391987709471e-05,0.00010768376418243762,17.42387065008037,0.5428608439282357
levy,pure_bo,pure_bo,44,7.614391987709471e-05,0.00010768376418243762,17.42387065008037,0.5428608439282357
levy,pure_bo,pure_bo,45,7.614391987709471e-05,0.00010768376418243762,17.42387065008037,0.5428608439282357
levy,pure_bo,pure_bo,46,7.614391987709471e-05,0.00010768376418243762,17.542709264321875,0.48057156246792465
levy,pure_bo,pure_bo,47,7.614391987709471e-05,0.00010768376418243762,17.698500311841244,0.48264621063322
levy,pure_bo,pure_bo,48,7.614391987709471e-05,0.00010768376418243762,17.915530776621196,0.6305223828404622
levy,pure_bo,pure_bo,49,7.614391987709471e-05,0.00010768376418243762,17.915530776621196,0.6305223828404622
levy,earlbo,earlbo,0,0.13418775572375122,0.051180885440602994,0.5012627087456889,0.22065317096330056
levy,earlbo,earlbo,1,0.10291226418793298,0.047298745979725935,0.5850075471250188,0.1916380791539958
levy,earlbo,earlbo,2,0.08624052409299303,0.04129918426327831,0.6391082636468871,0.18405983973013937
levy,earlbo,earlbo,3,0.08210562941665918,0.03576836632151532,0.6926629836110245,0.1826275614037574
levy,earlbo,earlbo,4,0.06325351783112014,0.026825662641336585,0.7917865319847192,0.17194185653069233
levy,earlbo,earlbo,5,0.05660905677789723,0.025871765920435993,0.8596528003533283,0.17514326345876538
levy,earlbo,earlbo,6,0.044527297023517015,0.025823761969340542,0.9224187711306828,0.17376408439900384
levy,earlbo,earlbo,7,0.03786433020233576,0.03007900734399219,0.9703723498433606,0.1766223913740344
levy,earlbo,earlbo,8,0.034789013546501414,0.03216833216413886,1.0143154839744086,0.18232598060118596
levy,earlbo,earlbo,9,0.031325010675425834,0.028956735400053203,1.0426231733666942,0.1911888487207239
levy,earlbo,earlbo,10,0.025790603419022035,0.026649704160496154,1.1157028157356514,0.22331249271990022
levy,earlbo,earlbo,11,0.014095007058588646,0.01390577930105509,1.1681081630708625,0.2319091491740871
levy,earlbo,earlbo,12,0.009964478125197074,0.008260699352357815,1.1971644870187972,0.23947907321046777
levy,earlbo,earlbo,13,0.003848187237409185,0.002457756078436681,1.2679091578933492,0.2444512124139222
levy,earlbo,earlbo,14,0.0022935560809511832,0.0009444574036536353,1.3285820678793072,0.22395223402443856
levy,earlbo,earlbo,15,0.0022935560809511832,0.0009444574036536353,1.371616219447054,0.22396088664132716
levy,earlbo,earlbo,16,0.0022935560809511832,0.0009444574036536353,1.430562762509867,0.21761579152440505
levy,earlbo,earlbo,17,0.0018523577120484996,0.001091773866223684,1.4678390457050423,0.19865657585167928
levy,earlbo,earlbo,18,0.0018523577120484996,0.001091773866223684,1.4908302646138107,0.20401592340908187
levy,earlbo,earlbo,19,0.0017556168402657342,0.001166972849664726,1.5498409569447757,0.16926068338400482
levy,earlbo,earlbo,20,0.0015668009108914093,0.0013420803847476073,1.588187396669752,0.17141386329902022
levy,earlbo,earlbo,21,0.0015668009108914093,0.0013420803847476073,1.666473938329483,0.18392929610229194
levy,earlbo,earlbo,22,0.0013910017003339525,0.001452990091369741,1.7327981307420173,0.2165970174008465
levy,earlbo,earlbo,23,0.0013910017003339525,0.001452990091369741,1.7904296708095542,0.2555405919062371
levy,earlbo,earlbo,24,0.00119007220290083,0.0015616681254384225,1.849890173491282,0.26417899960474717
levy,earlbo,earlbo,25,0.00119007220290083,0.0015616681254384225,1.9630751300565052,0.3012927652688559
levy,earlbo,earlbo,26,0.00119007220290083,0.0015616681254384225,2.0814295754182135,0.3601264157993666
levy,earlbo,earlbo,27,0.00011682972600798674,8.259749326460177e-05,2.181434937640899,0.3697200747373931
levy,earlbo,earlbo,28,0.00011682972600798674,8.259749326460177e-05,2.3188629271514642,0.3399309253716743
levy,earlbo,earlbo,29,0.00011682972600798674,8.259749326460177e-05,2.3947081586477927,0.34317102584315123
levy,earlbo,earlbo,30,7.513828339526512e-05,7.445150203469247e-05,2.4688194784714868,0.3399842975545198
levy,earlbo,earlbo,31,7.513828339526512e-05,7.445150203469247e-05,2.540303230213409,0.3440058881521204
levy,earlbo,earlbo,32,7.513828339526512e-05,7.445150203469247e-05,2.6033876182584623,0.3551176531350446
levy,earlbo,earlbo,33,7.513828339526512e-05,7.445150203469247e-05,2.7255008989811,0.3715801303875176
levy,earlbo,earlbo,34,2.0087265488231872e-05,2.0823500587390862e-05,2.8229589895528946,0.3794341795158684
levy,earlbo,earlbo,35,2.0087265488231872e-05,2.0823500587390862e-05,2.96092606624844,0.2947891740470727
levy,earlbo,earlbo,36,2.0087265488231872e-05,2.0823500587390862e-05,3.0218604701251834,0.29402692574552375
levy,earlbo,earlbo,37,2.0087265488231872e-05,2.0823500587390862e-05,3.0835340395203956,0.31938713138929253
levy,earlbo,earlbo,38,2.0087265488231872e-05,2.0823500587390862e-05,3.1907656829528706,0.3307707122881088
levy,earlbo,earlbo,39,2.0087265488231872e-05,2.0823500587390862e-05,3.305812030966802,0.35748775757155965
levy,earlbo,earlbo,40,4.001253949546984e-06,5.265643944369023e-06,3.37246019746614,0.3517844919935091
levy,earlbo,earlbo,41,4.001253949546984e-06,5.265643944369023e-06,3.527727799666174,0.3562547353112679
levy,earlbo,earlbo,42,4.001253949546984e-06,5.265643944369023e-06,3.640428033699953,0.34411626979941606
levy,earlbo,earlbo,43,4.001253949546984e-06,5.265643944369023e-06,3.7026589652970423,0.3374841857001573
levy,earlbo,earlbo,44,4.001253949546984e-06,5.265643944369023e-06,3.782021411881196,0.37545502190467217
levy,earlbo,earlbo,45,4.001253949546984e-06,5.265643944369023e-06,3.845171416308407,0.37323391270204825
levy,earlbo,earlbo,46,4.001253949546984e-06,5.265643944369023e-06,3.9380924721690307,0.3476033934642792
levy,earlbo,earlbo,47,4.001253949546984e-06,5.265643944369023e-06,4.03389987877251,0.3306734060562861
levy,earlbo,earlbo,48,4.001253949546984e-06,5.265643944369023e-06,4.146791950470678,0.2803922868031073
levy,earlbo,earlbo,49,4.001253949546984e-06,5.265643944369023e-06,4.266840451128506,0.24510044943438913
levy,snake,snake,0,0.18797977715375883,0.041367601335033456,0.43542779628149625,0.13597305633933
levy,snake,snake,1,0.1534799331083189,0.08636269872989309,0.6594977575030009,0.17286822621659162
levy,snake,snake,2,0.1534799331083189,0.08636269872989309,0.7831074240340655,0.2393124889796246
levy,snake,snake,3,0.1307443328343141,0.08417372127029027,0.9437695994747255,0.2606836336733265
levy,snake,snake,4,0.10690550266622678,0.09441589217502203,1.0674933713072867,0.27331382360905687
levy,snake,snake,5,0.08555426775648134,0.06425441958655702,1.269183278840015,0.1861733104806896
levy,snake,snake,6,0.07867554332899489,0.05454525273517629,1.4322661952772986,0.24483929630363002
levy,snake,snake,7,0.07362560523826049,0.049427510407716646,1.5830972818425995,0.31970212292719824
levy,snake,snake,8,0.06012856363956474,0.04790746710247179,1.674807048833923,0.31494140785821584
levy,snake,snake,9,0.05852173624130716,0.04563509458318296,1.7619347584352765,0.35726298420724834
levy,snake,snake,10,0.05852173624130716,0.04563509458318296,1.878941366991099,0.3535113572768164
levy,snake,snake,11,0.05056281361171606,0.03437964791286742,1.9811645104066462,0.290435205047626
levy,snake,snake,12,0.04771430852378763,0.03658138298280745,2.055185818787867,0.30364183046803866
levy,snake,snake,13,0.04771430852378763,0.03658138298280745,2.1191168948786907,0.3138037085566005
levy,snake,snake,14,0.04771430852378763,0.03658138298280745,2.1723382356437386,0.32183831129716334
levy,snake,snake,15,0.04756814507851068,0.0363757462701476,2.2595675309239898,0.3528485973282947
levy,snake,snake,16,0.04756814507851068,0.0363757462701476,2.3465682535173262,0.32410640743240865
levy,snake,snake,17,0.04756814507851068,0.0363757462701476,2.4038547988811856,0.3078172398540619
levy,snake,snake,18,0.04756814507851068,0.0363757462701476,2.4585872095413674,0.3122309566376637
levy,snake,snake,19,0.04745201960169617,0.036212378526277116,2.5035905041983733,0.2860169662592384
levy,snake,snake,20,0.04745201960169617,0.036212378526277116,2.571058161880423,0.3233081529132674
levy,snake,snake,21,0.04745201960169617,0.036212378526277116,2.6901304472291288,0.24877811260416643
levy,snake,snake,22,0.04514299759391444,0.03296576950093928,2.7985312447592245,0.13062699382824053
levy,snake,snake,23,0.04514299759391444,0.03296576950093928,2.8585942134815596,0.14008499436959154
levy,snake,snake,24,0.04514299759391444,0.03296576950093928,2.911501194339465,0.13866899808231173
levy,snake,snake,25,0.04514299759391444,0.03296576950093928,2.972698457569571,0.11789103130891912
levy,snake,snake,26,0.04514299759391444,0.03296576950093928,3.0454399271452814,0.12335267648193343
levy,snake,snake,27,0.04514299759391444,0.03296576950093928,3.1326357694344042,0.16589050323258517
levy,snake,snake,28,0.04514299759391444,0.03296576950093928,3.3132384194111384,0.2488787490964652
levy,snake,snake,29,0.04514299759391444,0.03296576950093928,3.4814897145195656,0.3793644708898165
levy,snake,snake,30,0.04514299759391444,0.03296576950093928,3.5647500832348076,0.35462428884142433
levy,snake,snake,31,0.04514299759391444,0.03296576950093928,3.6807453872210147,0.36173734034043153
levy,snake,snake,32,0.04514299759391444,0.03296576950093928,3.839974925435207,0.5147275887847139
levy,snake,snake,33,0.044702597465056025,0.03333960830124888,4.082777034275449,0.7587021950589159
levy,snake,snake,34,0.044702597465056025,0.03333960830124888,4.135930479715703,0.7851131834702255
levy,snake,snake,35,0.044702597465056025,0.03333960830124888,4.239656192111581,0.7498950204170747
levy,snake,snake,36,0.044702597465056025,0.03333960830124888,4.3071569701292685,0.7626958506903809
levy,snake,snake,37,0.038850286110909626,0.025180601609726252,4.3933880603802224,0.7881067995835346
levy,snake,snake,38,0.037320650564481354,0.02305093416741873,4.463352044743882,0.8178334399953517
levy,snake,snake,39,0.037320650564481354,0.02305093416741873,4.544100600280005,0.8367776190702322
levy,snake,snake,40,0.03674745079796331,0.02333315274455448,4.612170816810193,0.8509526911191001
levy,snake,snake,41,0.03674745079796331,0.02333315274455448,4.679662529043786,0.8351996899933687
levy,snake,snake,42,0.034967536012812335,0.02084833883075276,4.743302416810414,0.8225989804004692
levy,snake,snake,43,0.034967536012812335,0.02084833883075276,4.829310731719313,0.8393598172015949
levy,snake,snake,44,0.034967536012812335,0.02084833883075276,4.930652068086208,0.8516758055556939
levy,snake,snake,45,0.034967536012812335,0.02084833883075276,5.061906803145348,0.8568046174133408
levy,snake,snake,46,0.032973435834132696,0.018075157084266612,5.1483491503973555,0.8271092619125242
levy,snake,snake,47,0.032973435834132696,0.018075157084266612,5.239073154221485,0.8165459126587291
levy,snake,snake,48,0.032973435834132696,0.018075157084266612,5.324528002346091,0.7847089608368679
levy,snake,snake,49,0.032973435834132696,0.018075157084266612,5.385053115008785,0.7846725517737771
levy,log_improvement_movement_cost3,log_improvement_movement_cost3,0,0.18797977715375883,0.041367601335033456,0.44000514558589804,0.13654275456528148
levy,log_improvement_movement_cost3,log_improvement_movement_cost3,1,0.18797977715375883,0.041367601335033456,0.5999721479527683,0.08183304593812318
levy,log_improvement_movement_cost3,log_improvement_movement_cost3,2,0.18797977715375883,0.041367601335033456,0.6998969630301864,0.10047903656268042
levy,log_improvement_movement_cost3,log_improvement_movement_cost3,3,0.18797977715375883,0.041367601335033456,0.7843878195076517,0.1159341633951818
levy,log_improvement_movement_cost3,log_improvement_movement_cost3,4,0.1799149224264939,0.04694622997732293,0.906672219716115,0.1553396303901654
levy,log_improvement_movement_cost3,log_improvement_movement_cost3,5,0.1696616076375909,0.05044463102614788,0.9628872885336253,0.18672842123510083
levy,log_improvement_movement_cost3,log_improvement_movement_cost3,6,0.1629086118049348,0.04100541012342349,1.0896036450346585,0.2004036208372025
levy,log_improvement_movement_cost3,log_improvement_movement_cost3,7,0.1509912917963108,0.024557793572995215,1.236541188581933,0.24942276627242657
levy,log_improvement_movement_cost3,log_improvement_movement_cost3,8,0.1509912917963108,0.024557793572995215,1.373190517139913,0.25410775788965134
levy,log_improvement_movement_cost3,log_improvement_movement_cost3,9,0.1509912917963108,0.024557793572995215,1.465526140944142,0.3079362729518183
levy,log_improvement_movement_cost3,log_improvement_movement_cost3,10,0.1509912917963108,0.024557793572995215,1.576070796530902,0.34557362163989447
levy,log_improvement_movement_cost3,log_improvement_movement_cost3,11,0.13904772349188252,0.009608328116332866,1.7137875005663954,0.3239839930258091
levy,log_improvement_movement_cost3,log_improvement_movement_cost3,12,0.13388604003390372,0.01034100267209821,1.8543011264104823,0.31773671200177606
levy,log_improvement_movement_cost3,log_improvement_movement_cost3,13,0.13388604003390372,0.01034100267209821,1.9448721338521817,0.3498277837523877
levy,log_improvement_movement_cost3,log_improvement_movement_cost3,14,0.13388604003390372,0.01034100267209821,2.023538726157796,0.35995510226401034
levy,log_improvement_movement_cost3,log_improvement_movement_cost3,15,0.11839104968604963,0.028909496350855827,2.1671579075384613,0.3669446158588086
levy,log_improvement_movement_cost3,log_improvement_movement_cost3,16,0.11839104968604963,0.028909496350855827,2.260988703183378,0.3754193970090143
levy,log_improvement_movement_cost3,log_improvement_movement_cost3,17,0.10582523718071583,0.01987984690282319,2.346987207629414,0.32073169263924256
levy,log_improvement_movement_cost3,log_improvement_movement_cost3,18,0.10582523718071583,0.01987984690282319,2.4588662296278017,0.26258009717463043
levy,log_improvement_movement_cost3,log_improvement_movement_cost3,19,0.10582523718071583,0.01987984690282319,2.5213723315978975,0.2561975724530756
levy,log_improvement_movement_cost3,log_improvement_movement_cost3,20,0.10582523718071583,0.01987984690282319,2.5867361404782505,0.2599601118986544
levy,log_improvement_movement_cost3,log_improvement_movement_cost3,21,0.10582523718071583,0.01987984690282319,2.649088188903158,0.27076228443894146
levy,log_improvement_movement_cost3,log_improvement_movement_cost3,22,0.09961740139383622,0.020264559247871666,2.767966323839676,0.2853471798589592
levy,log_improvement_movement_cost3,log_improvement_movement_cost3,23,0.09961740139383622,0.020264559247871666,2.916347915060445,0.2537878825453592
levy,log_improvement_movement_cost3,log_improvement_movement_cost3,24,0.09961740139383622,0.020264559247871666,2.9969266676260826,0.26446946341132194
levy,log_improvement_movement_cost3,log_improvement_movement_cost3,25,0.09961740139383622,0.020264559247871666,3.1055927446782605,0.2466952030634458
levy,log_improvement_movement_cost3,log_improvement_movement_cost3,26,0.09961740139383622,0.020264559247871666,3.2140886503707775,0.24852495086889653
levy,log_improvement_movement_cost3,log_improvement_movement_cost3,27,0.09961740139383622,0.020264559247871666,3.3067190945535008,0.2656915845171929
levy,log_improvement_movement_cost3,log_improvement_movement_cost3,28,0.09961740139383622,0.020264559247871666,3.4183987581039257,0.22722659575513318
levy,log_improvement_movement_cost3,log_improvement_movement_cost3,29,0.09961740139383622,0.020264559247871666,3.5561637626065257,0.18905894506583523
levy,log_improvement_movement_cost3,log_improvement_movement_cost3,30,0.09961740139383622,0.020264559247871666,3.654180424295383,0.11447905624327312
levy,log_improvement_movement_cost3,log_improvement_movement_cost3,31,0.09961740139383622,0.020264559247871666,3.8012042989645045,0.06939135118661915
levy,log_improvement_movement_cost3,log_improvement_movement_cost3,32,0.09961740139383622,0.020264559247871666,3.938425667728582,0.0714030826984904
levy,log_improvement_movement_cost3,log_improvement_movement_cost3,33,0.09961740139383622,0.020264559247871666,4.005449123273578,0.015047982798382684
levy,log_improvement_movement_cost3,log_improvement_movement_cost3,34,0.09961740139383622,0.020264559247871666,4.134671562553835,0.057808579503101136
levy,log_improvement_movement_cost3,log_improvement_movement_cost3,35,0.09961740139383622,0.020264559247871666,4.247304404403763,0.09877263891586625
levy,log_improvement_movement_cost3,log_improvement_movement_cost3,36,0.09961740139383622,0.020264559247871666,4.3571549937211556,0.14457972887398504
levy,log_improvement_movement_cost3,log_improvement_movement_cost3,37,0.09961740139383622,0.020264559247871666,4.433204879922395,0.14701083936582876
levy,log_improvement_movement_cost3,log_improvement_movement_cost3,38,0.09961740139383622,0.020264559247871666,4.529207142059678,0.15669096455784717
levy,log_improvement_movement_cost3,log_improvement_movement_cost3,39,0.09961740139383622,0.020264559247871666,4.633780623545861,0.1300208977683337
levy,log_improvement_movement_cost3,log_improvement_movement_cost3,40,0.09961740139383622,0.020264559247871666,4.702999556348788,0.12317566358747718
levy,log_improvement_movement_cost3,log_improvement_movement_cost3,41,0.09961740139383622,0.020264559247871666,4.790699508132444,0.13488920338233532
levy,log_improvement_movement_cost3,log_improvement_movement_cost3,42,0.09961740139383622,0.020264559247871666,4.9142267007887535,0.17066964868803508
levy,log_improvement_movement_cost3,log_improvement_movement_cost3,43,0.09961740139383622,0.020264559247871666,5.033023662942521,0.19872790540241766
levy,log_improvement_movement_cost3,log_improvement_movement_cost3,44,0.09961740139383622,0.020264559247871666,5.181885702666977,0.2017633737736691
levy,log_improvement_movement_cost3,log_improvement_movement_cost3,45,0.09961740139383622,0.020264559247871666,5.288528907070911,0.19983051594691872
levy,log_improvement_movement_cost3,log_improvement_movement_cost3,46,0.09961740139383622,0.020264559247871666,5.385548853680803,0.2154126963298176
levy,log_improvement_movement_cost3,log_improvement_movement_cost3,47,0.09440264244402836,0.013275350634782182,5.499684710694935,0.20054649585061912
levy,log_improvement_movement_cost3,log_improvement_movement_cost3,48,0.09440264244402836,0.013275350634782182,5.645070528200911,0.16974766216673742
levy,log_improvement_movement_cost3,log_improvement_movement_cost3,49,0.09440264244402836,0.013275350634782182,5.739600974807149,0.1356238285722647
levy,optimistic_selected,optimistic_improvement_movement_cost2,0,0.18797977715375883,0.041367601335033456,0.44197843428444833,0.15488554312398028
levy,optimistic_selected,optimistic_improvement_movement_cost2,1,0.18797977715375883,0.041367601335033456,0.5988547873599174,0.11979953926741002
levy,optimistic_selected,optimistic_improvement_movement_cost2,2,0.18797977715375883,0.041367601335033456,0.7084025366900493,0.1451787852758469
levy,optimistic_selected,optimistic_improvement_movement_cost2,3,0.18302790938329838,0.03524024723805462,0.7921665255099204,0.16824622308207754
levy,optimistic_selected,optimistic_improvement_movement_cost2,4,0.17588407885563828,0.04438854246082424,0.9144737920787877,0.21312665354637
levy,optimistic_selected,optimistic_improvement_movement_cost2,5,0.16223474337818966,0.04593247191008513,1.0044405691097393,0.2317420582616753
levy,optimistic_selected,optimistic_improvement_movement_cost2,6,0.16223474337818966,0.04593247191008513,1.1204478368264559,0.26049946639023475
levy,optimistic_selected,optimistic_improvement_movement_cost2,7,0.14777645106770412,0.026443379256325176,1.2509513482738168,0.30989185461726093
levy,optimistic_selected,optimistic_improvement_movement_cost2,8,0.14777645106770412,0.026443379256325176,1.3674157578184218,0.3188197076332786
levy,optimistic_selected,optimistic_improvement_movement_cost2,9,0.14777645106770412,0.026443379256325176,1.4627752222672037,0.36217772066587406
levy,optimistic_selected,optimistic_improvement_movement_cost2,10,0.14777645106770412,0.026443379256325176,1.5633024072922603,0.40598412882601326
levy,optimistic_selected,optimistic_improvement_movement_cost2,11,0.14197349580815102,0.01919038208259697,1.6996387789327507,0.38725635930907315
levy,optimistic_selected,optimistic_improvement_movement_cost2,12,0.13452674009481114,0.021372523352595096,1.849343125551579,0.37626158360628775
levy,optimistic_selected,optimistic_improvement_movement_cost2,13,0.13452674009481114,0.021372523352595096,1.9529224931336333,0.3928526727725549
levy,optimistic_selected,optimistic_improvement_movement_cost2,14,0.13452674009481114,0.021372523352595096,2.0215909057389956,0.42489433458360626
levy,optimistic_selected,optimistic_improvement_movement_cost2,15,0.12103107061090013,0.03568973617286276,2.1671319006502885,0.44634225720519155
levy,optimistic_selected,optimistic_improvement_movement_cost2,16,0.12103107061090013,0.03568973617286276,2.264972468005244,0.4637222029357808
levy,optimistic_selected,optimistic_improvement_movement_cost2,17,0.10980100697506634,0.023354346381340676,2.343769269354502,0.41865311335800043
levy,optimistic_selected,optimistic_improvement_movement_cost2,18,0.10980100697506634,0.023354346381340676,2.4436688215811624,0.376633129285535
levy,optimistic_selected,optimistic_improvement_movement_cost2,19,0.10980100697506634,0.023354346381340676,2.517114185706548,0.3752951054681951
levy,optimistic_selected,optimistic_improvement_movement_cost2,20,0.10980100697506634,0.023354346381340676,2.5800585879720384,0.38297416269701356
levy,optimistic_selected,optimistic_improvement_movement_cost2,21,0.10980100697506634,0.023354346381340676,2.6409739005277415,0.3948429165990151
levy,optimistic_selected,optimistic_improvement_movement_cost2,22,0.09779320165289684,0.01802011327606101,2.7490391532903526,0.406483225434884
levy,optimistic_selected,optimistic_improvement_movement_cost2,23,0.09779320165289684,0.01802011327606101,2.8829575244905645,0.37500493676368357
levy,optimistic_selected,optimistic_improvement_movement_cost2,24,0.09779320165289684,0.01802011327606101,2.958439226454803,0.38326712276647606
levy,optimistic_selected,optimistic_improvement_movement_cost2,25,0.09779320165289684,0.01802011327606101,3.066654975473942,0.3648446086446163
levy,optimistic_selected,optimistic_improvement_movement_cost2,26,0.09779320165289684,0.01802011327606101,3.1682411960346477,0.3656343096162844
levy,optimistic_selected,optimistic_improvement_movement_cost2,27,0.09779320165289684,0.01802011327606101,3.265790366052452,0.3849909812990521
levy,optimistic_selected,optimistic_improvement_movement_cost2,28,0.09779320165289684,0.01802011327606101,3.3764026114921375,0.3516055555472609
levy,optimistic_selected,optimistic_improvement_movement_cost2,29,0.09779320165289684,0.01802011327606101,3.5089741118602604,0.3079787592334578
levy,optimistic_selected,optimistic_improvement_movement_cost2,30,0.09779320165289684,0.01802011327606101,3.600983028893154,0.2374866966851434
levy,optimistic_selected,optimistic_improvement_movement_cost2,31,0.09779320165289684,0.01802011327606101,3.7467486543464124,0.17337144802351168
levy,optimistic_selected,optimistic_improvement_movement_cost2,32,0.09779320165289684,0.01802011327606101,3.881439323207895,0.1771206509002388
levy,optimistic_selected,optimistic_improvement_movement_cost2,33,0.09779320165289684,0.01802011327606101,3.9532611740919017,0.13095609105135214
levy,optimistic_selected,optimistic_improvement_movement_cost2,34,0.09779320165289684,0.01802011327606101,4.07853373993363,0.17977615846977302
levy,optimistic_selected,optimistic_improvement_movement_cost2,35,0.09779320165289684,0.01802011327606101,4.191760918719889,0.2214764751468188
levy,optimistic_selected,optimistic_improvement_movement_cost2,36,0.09779320165289684,0.01802011327606101,4.30728770578883,0.26321428562518356
levy,optimistic_selected,optimistic_improvement_movement_cost2,37,0.09779320165289684,0.01802011327606101,4.384785111968303,0.2575723256252852
levy,optimistic_selected,optimistic_improvement_movement_cost2,38,0.09779320165289684,0.01802011327606101,4.470004034197118,0.2611239631161464
levy,optimistic_selected,optimistic_improvement_movement_cost2,39,0.09779320165289684,0.01802011327606101,4.567592944167921,0.24346820494141622
levy,optimistic_selected,optimistic_improvement_movement_cost2,40,0.09779320165289684,0.01802011327606101,4.6354759538513575,0.23935801967866807
levy,optimistic_selected,optimistic_improvement_movement_cost2,41,0.09779320165289684,0.01802011327606101,4.712075511952292,0.2547310794237831
levy,optimistic_selected,optimistic_improvement_movement_cost2,42,0.09779320165289684,0.01802011327606101,4.8347256877153155,0.28801009804520106
levy,optimistic_selected,optimistic_improvement_movement_cost2,43,0.09779320165289684,0.01802011327606101,4.959189984033117,0.30278115536032696
levy,optimistic_selected,optimistic_improvement_movement_cost2,44,0.09779320165289684,0.01802011327606101,5.114663728839303,0.3156995830719499
levy,optimistic_selected,optimistic_improvement_movement_cost2,45,0.09779320165289684,0.01802011327606101,5.218889738004932,0.31755146372304577
levy,optimistic_selected,optimistic_improvement_movement_cost2,46,0.09779320165289684,0.01802011327606101,5.319560799737613,0.3382415914071194
levy,optimistic_selected,optimistic_improvement_movement_cost2,47,0.09623575575041549,0.01602693943608634,5.433983451066244,0.3300173134407234
levy,optimistic_selected,optimistic_improvement_movement_cost2,48,0.09623575575041549,0.01602693943608634,5.576800539790956,0.3019935057710615
levy,optimistic_selected,optimistic_improvement_movement_cost2,49,0.09623575575041549,0.01602693943608634,5.659703682126163,0.2698863697205515
levy,budgeted_exploration,budgeted_exploration,0,0.18797977715375883,0.041367601335033456,0.43411573234889445,0.12596235498918218
levy,budgeted_exploration,budgeted_exploration,1,0.18797977715375883,0.041367601335033456,0.612210823333384,0.06545358378886
levy,budgeted_exploration,budgeted_exploration,2,0.18797977715375883,0.041367601335033456,0.7414589272041939,0.10873662695571289
levy,budgeted_exploration,budgeted_exploration,3,0.18797977715375883,0.041367601335033456,0.831443596200926,0.09065352758575149
levy,budgeted_exploration,budgeted_exploration,4,0.1838818323085385,0.04631170007871252,0.9395447711491899,0.13302528010880174
levy,budgeted_exploration,budgeted_exploration,5,0.17027212399869263,0.05000433520841662,1.0096492916786677,0.15352385837054303
levy,budgeted_exploration,budgeted_exploration,6,0.16634293476680173,0.04450598909794849,1.157020940993004,0.1689394869154643
levy,budgeted_exploration,budgeted_exploration,7,0.15253780487827592,0.025389966470519505,1.3016149421096932,0.2241578638941496
levy,budgeted_exploration,budgeted_exploration,8,0.15181895887223978,0.025662023019802353,1.4230090429182003,0.23833255924159089
levy,budgeted_exploration,budgeted_exploration,9,0.15181895887223978,0.025662023019802353,1.5196895880486814,0.2875012349577512
levy,budgeted_exploration,budgeted_exploration,10,0.15181895887223978,0.025662023019802353,1.635350158707313,0.3259993632025798
levy,budgeted_exploration,budgeted_exploration,11,0.14281682079908675,0.013599686474239236,1.778441371177746,0.3055922150735314
levy,budgeted_exploration,budgeted_exploration,12,0.14281682079908675,0.013599686474239236,1.9081891616684394,0.2949464880531329
levy,budgeted_exploration,budgeted_exploration,13,0.14281682079908675,0.013599686474239236,1.9927595327775884,0.3105383128502416
levy,budgeted_exploration,budgeted_exploration,14,0.14281682079908675,0.013599686474239236,2.0588320667176463,0.32708558263953874
levy,budgeted_exploration,budgeted_exploration,15,0.12795105540135573,0.033172266779999265,2.1939666534966507,0.3320733381132395
levy,budgeted_exploration,budgeted_exploration,16,0.12795105540135573,0.033172266779999265,2.2823352361862477,0.34023230187945364
levy,budgeted_exploration,budgeted_exploration,17,0.11230823578215522,0.024153759026514007,2.362568220692594,0.2910096747188367
levy,budgeted_exploration,budgeted_exploration,18,0.11230823578215522,0.024153759026514007,2.4724979097989253,0.24346545302696454
levy,budgeted_exploration,budgeted_exploration,19,0.11230823578215522,0.024153759026514007,2.5274228512867567,0.24313562220381127
levy,budgeted_exploration,budgeted_exploration,20,0.11230823578215522,0.024153759026514007,2.5922006107435642,0.24900089126087738
levy,budgeted_exploration,budgeted_exploration,21,0.11230823578215522,0.024153759026514007,2.655965496829287,0.24891102209992227
levy,budgeted_exploration,budgeted_exploration,22,0.10996065749637453,0.02429576804184785,2.771523953207874,0.2662456621700213
levy,budgeted_exploration,budgeted_exploration,23,0.10996065749637453,0.02429576804184785,2.914707734849298,0.23627925296802452
levy,budgeted_exploration,budgeted_exploration,24,0.10996065749637453,0.02429576804184785,2.9877145050422684,0.24667534177641834
levy,budgeted_exploration,budgeted_exploration,25,0.10996065749637453,0.02429576804184785,3.098668538657185,0.23383013444113163
levy,budgeted_exploration,budgeted_exploration,26,0.10996065749637453,0.02429576804184785,3.194217419274562,0.24505125665309643
levy,budgeted_exploration,budgeted_exploration,27,0.10996065749637453,0.02429576804184785,3.283578630097088,0.24896278323359072
levy,budgeted_exploration,budgeted_exploration,28,0.10996065749637453,0.02429576804184785,3.3794696025712994,0.21670618982244214
levy,budgeted_exploration,budgeted_exploration,29,0.10996065749637453,0.02429576804184785,3.513675056771518,0.16477155216336234
levy,budgeted_exploration,budgeted_exploration,30,0.10996065749637453,0.02429576804184785,3.6086660989653674,0.11251812210677664
levy,budgeted_exploration,budgeted_exploration,31,0.10996065749637453,0.02429576804184785,3.7651006837770553,0.03957389854807245
levy,budgeted_exploration,budgeted_exploration,32,0.10996065749637453,0.02429576804184785,3.903988774703826,0.04399611460400532
levy,budgeted_exploration,budgeted_exploration,33,0.10996065749637453,0.02429576804184785,3.9715598280598616,0.05474398959510967
levy,budgeted_exploration,budgeted_exploration,34,0.10996065749637453,0.02429576804184785,4.101465674823378,0.1064523972583769
levy,budgeted_exploration,budgeted_exploration,35,0.10996065749637453,0.02429576804184785,4.166771682431105,0.08413062347281577
levy,budgeted_exploration,budgeted_exploration,36,0.10996065749637453,0.02429576804184785,4.220068305768042,0.04590765851761784
levy,budgeted_exploration,budgeted_exploration,37,0.10996065749637453,0.02429576804184785,4.2470911411450265,0.027929742026147696
levy,budgeted_exploration,budgeted_exploration,38,0.10996065749637453,0.02429576804184785,4.256836581533814,0.014147608057025286
levy,budgeted_exploration,budgeted_exploration,39,0.10996065749637453,0.02429576804184785,4.266840451128505,7.251946429389431e-16
levy,budgeted_exploration,budgeted_exploration,40,0.10996065749637453,0.02429576804184785,4.266840451128505,7.251946429389431e-16
levy,budgeted_exploration,budgeted_exploration,41,0.10996065749637453,0.02429576804184785,4.266840451128505,7.251946429389431e-16
levy,budgeted_exploration,budgeted_exploration,42,0.10996065749637453,0.02429576804184785,4.266840451128505,7.251946429389431e-16
levy,budgeted_exploration,budgeted_exploration,43,0.10996065749637453,0.02429576804184785,4.266840451128505,7.251946429389431e-16
levy,budgeted_exploration,budgeted_exploration,44,0.10996065749637453,0.02429576804184785,4.266840451128505,7.251946429389431e-16
levy,budgeted_exploration,budgeted_exploration,45,0.10996065749637453,0.02429576804184785,4.266840451128505,7.251946429389431e-16
levy,budgeted_exploration,budgeted_exploration,46,0.10996065749637453,0.02429576804184785,4.266840451128505,7.251946429389431e-16
levy,budgeted_exploration,budgeted_exploration,47,0.10996065749637453,0.02429576804184785,4.266840451128505,7.251946429389431e-16
levy,budgeted_exploration,budgeted_exploration,48,0.10996065749637453,0.02429576804184785,4.266840451128505,7.251946429389431e-16
levy,budgeted_exploration,budgeted_exploration,49,0.10996065749637453,0.02429576804184785,4.266840451128505,7.251946429389431e-16
levy,lookahead_budgeted_exploration,lookahead_budgeted_exploration,0,0.18797977715375883,0.041367601335033456,0.39761778360347516,0.16554711638573866
levy,lookahead_budgeted_exploration,lookahead_budgeted_exploration,1,0.18797977715375883,0.041367601335033456,0.543015041284441,0.10166480964128218
levy,lookahead_budgeted_exploration,lookahead_budgeted_exploration,2,0.18797977715375883,0.041367601335033456,0.7085785672221249,0.1075888415302514
levy,lookahead_budgeted_exploration,lookahead_budgeted_exploration,3,0.18797977715375883,0.041367601335033456,0.8096571795419704,0.11846318110798729
levy,lookahead_budgeted_exploration,lookahead_budgeted_exploration,4,0.18057437565621814,0.04371171232983588,0.9352801858729022,0.1600247125242294
levy,lookahead_budgeted_exploration,lookahead_budgeted_exploration,5,0.18057437565621814,0.04371171232983588,0.9999052598595144,0.18075291507014155
levy,lookahead_budgeted_exploration,lookahead_budgeted_exploration,6,0.1785421520609949,0.04094028828471242,1.1250684193266929,0.2100107909806937
levy,lookahead_budgeted_exploration,lookahead_budgeted_exploration,7,0.1690957007596535,0.028327428726619513,1.2730225694135706,0.2724416545592796
levy,lookahead_budgeted_exploration,lookahead_budgeted_exploration,8,0.162558232528175,0.03080775082200704,1.3931632929739866,0.28730640578488287
levy,lookahead_budgeted_exploration,lookahead_budgeted_exploration,9,0.162558232528175,0.03080775082200704,1.496480348549022,0.33242013593950365
levy,lookahead_budgeted_exploration,lookahead_budgeted_exploration,10,0.162558232528175,0.03080775082200704,1.6016381512494917,0.38142592245008994
levy,lookahead_budgeted_exploration,lookahead_budgeted_exploration,11,0.1504760799143652,0.013926182994465798,1.7351887360336784,0.3593589174608706
levy,lookahead_budgeted_exploration,lookahead_budgeted_exploration,12,0.14849482380406856,0.014975640297412652,1.8608917509440612,0.34314031108656595
levy,lookahead_budgeted_exploration,lookahead_budgeted_exploration,13,0.14849482380406856,0.014975640297412652,1.945997507023468,0.34977014450872734
levy,lookahead_budgeted_exploration,lookahead_budgeted_exploration,14,0.14849482380406856,0.014975640297412652,2.01342333568354,0.3690926182310578
levy,lookahead_budgeted_exploration,lookahead_budgeted_exploration,15,0.13696413708720373,0.027490693065190433,2.1408963059976522,0.3811419126182301
levy,lookahead_budgeted_exploration,lookahead_budgeted_exploration,16,0.13696413708720373,0.027490693065190433,2.2360809771559693,0.378691000859974
levy,lookahead_budgeted_exploration,lookahead_budgeted_exploration,17,0.12425179604956083,0.01574882353338898,2.317792028691192,0.33882532176487734
levy,lookahead_budgeted_exploration,lookahead_budgeted_exploration,18,0.12425179604956083,0.01574882353338898,2.4222276543929016,0.29775517663725243
levy,lookahead_budgeted_exploration,lookahead_budgeted_exploration,19,0.12425179604956083,0.01574882353338898,2.4820022235285415,0.2963141482383324
levy,lookahead_budgeted_exploration,lookahead_budgeted_exploration,20,0.12425179604956083,0.01574882353338898,2.551766975360369,0.3005441485678089
levy,lookahead_budgeted_exploration,lookahead_budgeted_exploration,21,0.12425179604956083,0.01574882353338898,2.622979062516851,0.2988460851869517
levy,lookahead_budgeted_exploration,lookahead_budgeted_exploration,22,0.1223430913169503,0.015086716594529068,2.7345755542271486,0.31905523774150296
levy,lookahead_budgeted_exploration,lookahead_budgeted_exploration,23,0.1223430913169503,0.015086716594529068,2.8721464839724598,0.2953578670328449
levy,lookahead_budgeted_exploration,lookahead_budgeted_exploration,24,0.1223430913169503,0.015086716594529068,2.943569284796297,0.31136313184385567
levy,lookahead_budgeted_exploration,lookahead_budgeted_exploration,25,0.1223430913169503,0.015086716594529068,3.06040770159643,0.3034551302458302
levy,lookahead_budgeted_exploration,lookahead_budgeted_exploration,26,0.1223430913169503,0.015086716594529068,3.158253558002548,0.315194023644142
levy,lookahead_budgeted_exploration,lookahead_budgeted_exploration,27,0.1223430913169503,0.015086716594529068,3.245933963793742,0.3218400823290375
levy,lookahead_budgeted_exploration,lookahead_budgeted_exploration,28,0.1223430913169503,0.015086716594529068,3.346983019550427,0.293343405190914
levy,lookahead_budgeted_exploration,lookahead_budgeted_exploration,29,0.1223430913169503,0.015086716594529068,3.486693047053272,0.24340263814179605
levy,lookahead_budgeted_exploration,lookahead_budgeted_exploration,30,0.1223430913169503,0.015086716594529068,3.5701923612849704,0.1927834313404537
levy,lookahead_budgeted_exploration,lookahead_budgeted_exploration,31,0.1223430913169503,0.015086716594529068,3.729349875952085,0.12030382185872603
levy,lookahead_budgeted_exploration,lookahead_budgeted_exploration,32,0.1223430913169503,0.015086716594529068,3.8690811223383075,0.1256123129066486
levy,lookahead_budgeted_exploration,lookahead_budgeted_exploration,33,0.1223430913169503,0.015086716594529068,3.930781734963915,0.10406175918813793
levy,lookahead_budgeted_exploration,lookahead_budgeted_exploration,34,0.1223430913169503,0.015086716594529068,4.055360780249193,0.15077566044149443
levy,lookahead_budgeted_exploration,lookahead_budgeted_exploration,35,0.1223430913169503,0.015086716594529068,4.105634104912352,0.1140159495216513
levy,lookahead_budgeted_exploration,lookahead_budgeted_exploration,36,0.1223430913169503,0.015086716594529068,4.158377917351828,0.07793352632798961
levy,lookahead_budgeted_exploration,lookahead_budgeted_exploration,37,0.1223430913169503,0.015086716594529068,4.2136642696198985,0.03772118255881229
levy,lookahead_budgeted_exploration,lookahead_budgeted_exploration,38,0.1223430913169503,0.015086716594529068,4.254955969883748,0.016807194558103842
levy,lookahead_budgeted_exploration,lookahead_budgeted_exploration,39,0.1223430913169503,0.015086716594529068,4.266840451128505,5.127900497022837e-16
levy,lookahead_budgeted_exploration,lookahead_budgeted_exploration,40,0.1223430913169503,0.015086716594529068,4.266840451128505,5.127900497022837e-16
levy,lookahead_budgeted_exploration,lookahead_budgeted_exploration,41,0.1223430913169503,0.015086716594529068,4.266840451128505,5.127900497022837e-16
levy,lookahead_budgeted_exploration,lookahead_budgeted_exploration,42,0.1223430913169503,0.015086716594529068,4.266840451128505,5.127900497022837e-16
levy,lookahead_budgeted_exploration,lookahead_budgeted_exploration,43,0.1223430913169503,0.015086716594529068,4.266840451128505,5.127900497022837e-16
levy,lookahead_budgeted_exploration,lookahead_budgeted_exploration,44,0.1223430913169503,0.015086716594529068,4.266840451128505,5.127900497022837e-16
levy,lookahead_budgeted_exploration,lookahead_budgeted_exploration,45,0.1223430913169503,0.015086716594529068,4.266840451128505,5.127900497022837e-16
levy,lookahead_budgeted_exploration,lookahead_budgeted_exploration,46,0.1223430913169503,0.015086716594529068,4.266840451128505,5.127900497022837e-16
levy,lookahead_budgeted_exploration,lookahead_budgeted_exploration,47,0.1223430913169503,0.015086716594529068,4.266840451128505,5.127900497022837e-16
levy,lookahead_budgeted_exploration,lookahead_budgeted_exploration,48,0.1223430913169503,0.015086716594529068,4.266840451128505,5.127900497022837e-16
levy,lookahead_budgeted_exploration,lookahead_budgeted_exploration,49,0.1223430913169503,0.015086716594529068,4.266840451128505,5.127900497022837e-16
rosenbrock,pure_bo,pure_bo,0,8.006337667898686,7.113926765336858,0.3133079867960004,0.06921308229255876
rosenbrock,pure_bo,pure_bo,1,5.779394844190925,4.015250547993297,0.7820867603484642,0.35454968029760003
rosenbrock,pure_bo,pure_bo,2,5.779394844190925,4.015250547993297,1.3615460362134835,0.44510660742918934
rosenbrock,pure_bo,pure_bo,3,4.215044419238109,1.9388228700826662,1.9352509641399103,0.09813593813529857
rosenbrock,pure_bo,pure_bo,4,3.141673392028501,0.9688103111814916,2.28098736833319,0.3063662881962064
rosenbrock,pure_bo,pure_bo,5,3.141673392028501,0.9688103111814916,2.80628565577219,0.2934967082293255
rosenbrock,pure_bo,pure_bo,6,2.373349248696251,0.7134273133909113,3.607197491489281,0.06463324579634844
rosenbrock,pure_bo,pure_bo,7,2.373349248696251,0.7134273133909113,4.050107160611435,0.13698767992184313
rosenbrock,pure_bo,pure_bo,8,1.2459738761141719,0.8811291594916796,4.558223930319374,0.18761618150551912
rosenbrock,pure_bo,pure_bo,9,0.9909897098367332,0.7620637469227022,4.977224091534127,0.05485334303506968
rosenbrock,pure_bo,pure_bo,10,0.9909897098367332,0.7620637469227022,5.827353608887592,0.20062209508823867
rosenbrock,pure_bo,pure_bo,11,0.9909897098367332,0.7620637469227022,6.5568886054156446,0.1716489462723178
rosenbrock,pure_bo,pure_bo,12,0.9909897098367332,0.7620637469227022,7.375102721848143,0.043018087170586285
rosenbrock,pure_bo,pure_bo,13,0.9909897098367332,0.7620637469227022,8.616643048431888,0.3239693914908828
rosenbrock,pure_bo,pure_bo,14,0.9909897098367332,0.7620637469227022,9.497001628230768,0.6922707356682066
rosenbrock,pure_bo,pure_bo,15,0.9909897098367332,0.7620637469227022,10.57231965383002,0.7213524642590978
rosenbrock,pure_bo,pure_bo,16,0.9909897098367332,0.7620637469227022,11.247811828037976,1.0497539295060505
rosenbrock,pure_bo,pure_bo,17,0.9909897098367332,0.7620637469227022,11.53109435091409,0.9918293291122153
rosenbrock,pure_bo,pure_bo,18,0.9909897098367332,0.7620637469227022,12.151968998223621,0.6756230747053835
rosenbrock,pure_bo,pure_bo,19,0.37321726643440245,0.5278089199033449,12.83277364211584,0.9043603420678977
rosenbrock,pure_bo,pure_bo,20,0.37321726643440245,0.5278089199033449,13.177316388314054,0.7964625272452249
rosenbrock,pure_bo,pure_bo,21,0.37321726643440245,0.5278089199033449,14.39453685307245,0.9174995757639137
rosenbrock,pure_bo,pure_bo,22,0.37321726643440245,0.5278089199033449,15.407796176101739,1.1448964720214212
rosenbrock,pure_bo,pure_bo,23,0.37321726643440245,0.5278089199033449,15.82543617545069,1.2124702493891972
rosenbrock,pure_bo,pure_bo,24,0.0,0.0,16.49745820072452,1.3502783337179323
rosenbrock,pure_bo,pure_bo,25,0.0,0.0,17.1235938227592,1.4601213791108083
rosenbrock,pure_bo,pure_bo,26,0.0,0.0,17.50269545478153,1.5659312574228776
rosenbrock,pure_bo,pure_bo,27,0.0,0.0,18.042947753114323,1.3326083820623924
rosenbrock,pure_bo,pure_bo,28,0.0,0.0,19.03195768138309,0.8832342255563519
rosenbrock,pure_bo,pure_bo,29,0.0,0.0,19.92449310289538,0.884809957308408
rosenbrock,pure_bo,pure_bo,30,0.0,0.0,20.726260811199467,0.8319070480761719
rosenbrock,pure_bo,pure_bo,31,0.0,0.0,21.262707217339667,0.6510253424820727
rosenbrock,pure_bo,pure_bo,32,0.0,0.0,21.804081094213036,0.4133507619483108
rosenbrock,pure_bo,pure_bo,33,0.0,0.0,22.777490986419348,0.3298886912167912
rosenbrock,pure_bo,pure_bo,34,0.0,0.0,23.6507799426989,0.20364648818385825
rosenbrock,pure_bo,pure_bo,35,0.0,0.0,24.190488076773164,0.10434435315687883
rosenbrock,pure_bo,pure_bo,36,0.0,0.0,24.860620076972424,0.14628434565408246
rosenbrock,pure_bo,pure_bo,37,0.0,0.0,25.401156457377212,0.32932342840144796
rosenbrock,pure_bo,pure_bo,38,0.0,0.0,25.913756851229838,0.10425617606738352
rosenbrock,pure_bo,pure_bo,39,0.0,0.0,26.549365141545792,0.23883371028201994
rosenbrock,pure_bo,pure_bo,40,0.0,0.0,27.019064222318878,0.16800726557953674
rosenbrock,pure_bo,pure_bo,41,0.0,0.0,27.69624138952271,0.152059478700502
rosenbrock,pure_bo,pure_bo,42,0.0,0.0,28.10933492743045,0.22918585717105155
rosenbrock,pure_bo,pure_bo,43,0.0,0.0,28.51985982609116,0.5052830410540823
rosenbrock,pure_bo,pure_bo,44,0.0,0.0,29.01529577980698,0.8547873530530342
rosenbrock,pure_bo,pure_bo,45,0.0,0.0,29.580859184152455,1.2671706266647802
rosenbrock,pure_bo,pure_bo,46,0.0,0.0,30.132996030414386,1.6540725989504867
rosenbrock,pure_bo,pure_bo,47,0.0,0.0,30.420820020553776,1.8567741302497012
rosenbrock,pure_bo,pure_bo,48,0.0,0.0,30.420820020553776,1.8567741302497012
rosenbrock,pure_bo,pure_bo,49,0.0,0.0,30.420820020553776,1.8567741302497012
rosenbrock,earlbo,earlbo,0,11.278309242885948,5.7237556025626075,0.4583422062170874,0.11473409747461043
rosenbrock,earlbo,earlbo,1,7.270864733252448,3.8562619903458737,0.6057719615066984,0.18056526866482478
rosenbrock,earlbo,earlbo,2,7.270864733252448,3.8562619903458737,0.7094558560009198,0.1775701545269553
rosenbrock,earlbo,earlbo,3,5.333321591655072,2.828576897838395,0.8329576894202168,0.22965098335528136
rosenbrock,earlbo,earlbo,4,5.102294378002019,2.860716007235788,1.2297067283613725,0.3718502986557968
rosenbrock,earlbo,earlbo,5,4.113144301958207,1.634928383952568,1.5458885868878127,0.6658381530923353
rosenbrock,earlbo,earlbo,6,4.113144301958207,1.634928383952568,1.7524120937834196,0.814875405287447
rosenbrock,earlbo,earlbo,7,3.554899394226998,1.1360345165861085,1.9418580954601168,0.9260258057208959
rosenbrock,earlbo,earlbo,8,3.5520953328598046,1.1399852466428548,2.0711133147108343,0.8856400852669536
rosenbrock,earlbo,earlbo,9,3.5520953328598046,1.1399852466428548,2.1524932009364215,0.8840100827083346
rosenbrock,earlbo,earlbo,10,3.404355460503833,1.034583080847142,2.2733450589401927,0.8576449080184487
rosenbrock,earlbo,earlbo,11,3.404355460503833,1.034583080847142,2.4070219649816464,0.8600280240515434
rosenbrock,earlbo,earlbo,12,2.2499277337817056,0.6451870515938155,2.531864921977775,0.9160181981550525
rosenbrock,earlbo,earlbo,13,2.2499277337817056,0.6451870515938155,2.6893375388910354,0.8995311396710673
rosenbrock,earlbo,earlbo,14,2.2499277337817056,0.6451870515938155,2.883492899461366,0.8738565753068506
rosenbrock,earlbo,earlbo,15,2.2499277337817056,0.6451870515938155,2.9898552675807966,0.8213763119783197
rosenbrock,earlbo,earlbo,16,2.199046053484615,0.6782578636837174,3.175436900130388,0.878106470115217
rosenbrock,earlbo,earlbo,17,2.199046053484615,0.6782578636837174,3.433804966314876,1.0032944776116801
rosenbrock,earlbo,earlbo,18,2.0986542684622616,0.7594484515453648,3.593450511314424,0.9980494205791086
rosenbrock,earlbo,earlbo,19,2.0986542684622616,0.7594484515453648,3.8913947967656437,0.8368103883229533
rosenbrock,earlbo,earlbo,20,1.9765740472766253,0.5897954499678102,4.119719090798385,0.7171584127005598
rosenbrock,earlbo,earlbo,21,1.9765740472766253,0.5897954499678102,4.420284444850458,0.6746825444039416
rosenbrock,earlbo,earlbo,22,1.9765740472766253,0.5897954499678102,4.8142219151612435,0.8611160010901678
rosenbrock,earlbo,earlbo,23,1.9765740472766253,0.5897954499678102,5.181793453020994,1.0298065627373982
rosenbrock,earlbo,earlbo,24,1.7576648793122966,0.29443209052766245,5.386980740123167,0.9817260261474521
rosenbrock,earlbo,earlbo,25,1.7576648793122966,0.29443209052766245,5.482588162942297,0.9616417604151137
rosenbrock,earlbo,earlbo,26,1.7576648793122966,0.29443209052766245,5.633336157805693,1.0169094746012761
rosenbrock,earlbo,earlbo,27,1.7576648793122966,0.29443209052766245,5.848588795161466,1.0674869746273532
rosenbrock,earlbo,earlbo,28,1.7286694377443412,0.30084636998441644,6.058106236931856,1.0690294714239488
rosenbrock,earlbo,earlbo,29,1.5631813556458871,0.14967570504097608,6.218531849597491,1.0163806627649885
rosenbrock,earlbo,earlbo,30,1.4795271816266806,0.11574854190064694,6.436456366920294,0.893117715222503
rosenbrock,earlbo,earlbo,31,1.4795271816266806,0.11574854190064694,6.629290705214063,0.8021237653492194
rosenbrock,earlbo,earlbo,32,1.4755415175318098,0.11690717458704289,6.784034213137083,0.7347039234449624
rosenbrock,earlbo,earlbo,33,1.4755415175318098,0.11690717458704289,6.940430533144756,0.6962867858880796
rosenbrock,earlbo,earlbo,34,1.402913166317117,0.03499151645057594,6.986938098880302,0.6902660404169497
rosenbrock,earlbo,earlbo,35,1.402913166317117,0.03499151645057594,7.213192479862646,0.6021605431261814
rosenbrock,earlbo,earlbo,36,1.2771655004590945,0.15521190925000153,7.509656265501788,0.6744144114502404
rosenbrock,earlbo,earlbo,37,1.2465373082719957,0.13215789430730918,7.645299903844324,0.7206026884924106
rosenbrock,earlbo,earlbo,38,1.1451592072643717,0.1493392938246067,7.820009098854123,0.7732361298294078
rosenbrock,earlbo,earlbo,39,1.1451592072643717,0.1493392938246067,7.995823769832426,0.7562298672688103
rosenbrock,earlbo,earlbo,40,1.1451592072643717,0.1493392938246067,8.194845634003027,0.8155637235371077
rosenbrock,earlbo,earlbo,41,1.0237002785358331,0.028628118807251683,8.42008299378398,0.9046515022889108
rosenbrock,earlbo,earlbo,42,1.0237002785358331,0.028628118807251683,8.832856740381283,1.1636411682901886
rosenbrock,earlbo,earlbo,43,1.0237002785358331,0.028628118807251683,9.397015220469637,1.2915220913974088
rosenbrock,earlbo,earlbo,44,1.0237002785358331,0.028628118807251683,9.625339855511685,1.2659316603052628
rosenbrock,earlbo,earlbo,45,1.0237002785358331,0.028628118807251683,9.849427675606313,1.2317652544548034
rosenbrock,earlbo,earlbo,46,1.0237002785358331,0.028628118807251683,10.092319268721846,1.244989927162922
rosenbrock,earlbo,earlbo,47,1.0237002785358331,0.028628118807251683,10.285301380056191,1.3387834770213425
rosenbrock,earlbo,earlbo,48,1.0237002785358331,0.028628118807251683,10.506570037840753,1.2943757227194757
rosenbrock,earlbo,earlbo,49,0.9649509829340094,0.040135674105198374,10.714200210197056,1.2053031694674052
rosenbrock,snake,snake,0,10.805895873264435,6.331764175001093,0.4212719130692495,0.12042996690782178
rosenbrock,snake,snake,1,9.569567854984301,6.366085470003286,0.4696207125920378,0.10924694946870676
rosenbrock,snake,snake,2,8.624972106800675,5.209681454037189,0.5789772133282349,0.10792732961030818
rosenbrock,snake,snake,3,6.735560719452639,3.24770632473612,0.6522863808094673,0.10014312078164327
rosenbrock,snake,snake,4,5.008371059623976,2.2002573168243145,0.787965256250823,0.1838601782932037
rosenbrock,snake,snake,5,3.6762971996867813,1.02952590653173,0.8509795140066986,0.2223467198036927
rosenbrock,snake,snake,6,2.827670058494597,0.699979543269155,0.8939740796124905,0.22747948881171653
rosenbrock,snake,snake,7,2.807251636543867,0.7202446955539119,0.9497609880694844,0.23645587764865758
rosenbrock,snake,snake,8,2.7584591904207034,0.7708971418627145,1.0127311358620306,0.25263047111483705
rosenbrock,snake,snake,9,2.358714205680189,0.29957152434749296,1.1084331894615378,0.23906482601248483
rosenbrock,snake,snake,10,2.0962622233269337,0.22908704240982108,1.1569624960502356,0.2361378063701592
rosenbrock,snake,snake,11,2.0899141453864405,0.22470471670679004,1.3075169044347055,0.1860798856770536
rosenbrock,snake,snake,12,1.800870305662978,0.08706883961602012,1.502640798456331,0.07021825800380758
rosenbrock,snake,snake,13,1.5283344484437311,0.30299392783494905,1.649064583180115,0.004930740693472671
rosenbrock,snake,snake,14,1.5283344484437311,0.30299392783494905,1.8112695213406915,0.054421979985645144
rosenbrock,snake,snake,15,1.5283344484437311,0.30299392783494905,1.992611304886756,0.09707011946283267
rosenbrock,snake,snake,16,1.396062383993537,0.3622316262757045,2.1964296635748797,0.06369679037381144
rosenbrock,snake,snake,17,1.396062383993537,0.3622316262757045,2.3216863483634844,0.1013298708379012
rosenbrock,snake,snake,18,1.396062383993537,0.3622316262757045,2.627978851912343,0.3409687315716338
rosenbrock,snake,snake,19,1.396062383993537,0.3622316262757045,2.9969130218112983,0.5868639495857343
rosenbrock,snake,snake,20,1.396062383993537,0.3622316262757045,3.352616544198392,0.4745969488413496
rosenbrock,snake,snake,21,1.396062383993537,0.3622316262757045,3.6866121552482816,0.3413418304089819
rosenbrock,snake,snake,22,1.396062383993537,0.3622316262757045,3.902873561686975,0.3846987654915776
rosenbrock,snake,snake,23,1.396062383993537,0.3622316262757045,4.175114791141721,0.6549089655044327
rosenbrock,snake,snake,24,1.396062383993537,0.3622316262757045,4.4697733673481785,0.6616652994467046
rosenbrock,snake,snake,25,1.396062383993537,0.3622316262757045,4.74927271909135,0.737875393703987
rosenbrock,snake,snake,26,1.3657854849819342,0.33205925340042575,4.934003535845183,0.7276928025302379
rosenbrock,snake,snake,27,1.3657854849819342,0.33205925340042575,5.175236045939349,0.8272650092283053
rosenbrock,snake,snake,28,1.3657854849819342,0.33205925340042575,5.3536997253162815,0.9035436729897075
rosenbrock,snake,snake,29,1.3657854849819342,0.33205925340042575,5.65452257381439,0.9397912761975127
rosenbrock,snake,snake,30,1.3657854849819342,0.33205925340042575,6.004733985394281,1.0090124561102465
rosenbrock,snake,snake,31,1.3657854849819342,0.33205925340042575,6.1824469910783195,1.0149165770803472
rosenbrock,snake,snake,32,1.3657854849819342,0.33205925340042575,6.3186774681841955,0.9798403607171631
rosenbrock,snake,snake,33,1.3657854849819342,0.33205925340042575,6.418688070991515,1.011663917464879
rosenbrock,snake,snake,34,1.3657854849819342,0.33205925340042575,6.737765302367888,0.8185518805847068
rosenbrock,snake,snake,35,1.3657854849819342,0.33205925340042575,7.125510496270756,0.6204834475891826
rosenbrock,snake,snake,36,1.3657854849819342,0.33205925340042575,7.334826875101967,0.6856754602593812
rosenbrock,snake,snake,37,1.3657854849819342,0.33205925340042575,7.452020508686711,0.7827133018678513
rosenbrock,snake,snake,38,1.3125733920992757,0.2869346101871378,7.498819822509156,0.7823586435990499
rosenbrock,snake,snake,39,1.243554686666003,0.25443640157520186,7.672090350316881,0.8552569695809983
rosenbrock,snake,snake,40,1.243554686666003,0.25443640157520186,7.845468746064885,0.8367160169826794
rosenbrock,snake,snake,41,1.243554686666003,0.25443640157520186,8.039469315845897,0.9007524350372426
rosenbrock,snake,snake,42,1.243554686666003,0.25443640157520186,8.192889149153919,0.9872818455295659
rosenbrock,snake,snake,43,1.1228779292363489,0.28241774853946683,8.334694689844971,0.9983111645799213
rosenbrock,snake,snake,44,0.9430005460762496,0.030829807910898396,8.682440888064209,1.095438270570301
rosenbrock,snake,snake,45,0.9256978096714311,0.040674733456597605,8.90642211698203,1.0463473515157984
rosenbrock,snake,snake,46,0.9256978096714311,0.040674733456597605,9.085489724477176,1.0239992844873735
rosenbrock,snake,snake,47,0.9256978096714311,0.040674733456597605,9.274950902089254,1.0942419834706036
rosenbrock,snake,snake,48,0.9256978096714311,0.040674733456597605,9.38981753617425,1.0181504949495621
rosenbrock,snake,snake,49,0.9256978096714311,0.040674733456597605,9.515732000917149,0.9471899314327197
rosenbrock,log_improvement_movement_cost3,log_improvement_movement_cost3,0,10.885092320877284,6.228977489871602,0.4221721697939172,0.11753970611543256
rosenbrock,log_improvement_movement_cost3,log_improvement_movement_cost3,1,9.809959200163412,6.245224365873248,0.47917530290790394,0.11543851281739842
rosenbrock,log_improvement_movement_cost3,log_improvement_movement_cost3,2,9.713384122937839,6.264770369327258,0.562455878605198,0.07468296947456611
rosenbrock,log_improvement_movement_cost3,log_improvement_movement_cost3,3,8.851207707976043,5.792998814740582,0.6392460185841188,0.06369307984717001
rosenbrock,log_improvement_movement_cost3,log_improvement_movement_cost3,4,4.850133202616649,2.174844278304042,0.746310599088999,0.09311229296806411
rosenbrock,log_improvement_movement_cost3,log_improvement_movement_cost3,5,4.103983827883325,1.4751591393010401,0.7907792290000818,0.09082263025726173
rosenbrock,log_improvement_movement_cost3,log_improvement_movement_cost3,6,3.3966948877030525,1.3788527483996262,0.8409096477619277,0.09716800449048836
rosenbrock,log_improvement_movement_cost3,log_improvement_movement_cost3,7,3.3966948877030525,1.3788527483996262,0.9093447369717177,0.11685615311659527
rosenbrock,log_improvement_movement_cost3,log_improvement_movement_cost3,8,3.3515729169868496,1.4286754947970646,0.9773539237373375,0.12799672667934928
rosenbrock,log_improvement_movement_cost3,log_improvement_movement_cost3,9,3.3515729169868496,1.4286754947970646,1.0265700211983073,0.12250403902288298
rosenbrock,log_improvement_movement_cost3,log_improvement_movement_cost3,10,3.060899825358863,1.539728504263001,1.0893120721236074,0.14564834523233067
rosenbrock,log_improvement_movement_cost3,log_improvement_movement_cost3,11,3.060899825358863,1.539728504263001,1.1514721461938757,0.14369069417550964
rosenbrock,log_improvement_movement_cost3,log_improvement_movement_cost3,12,2.6168182200583505,0.9191387409367201,1.2286311585644087,0.16461172673417426
rosenbrock,log_improvement_movement_cost3,log_improvement_movement_cost3,13,2.2019387590589665,0.5300821646654229,1.2644527975296282,0.16955286793046584
rosenbrock,log_improvement_movement_cost3,log_improvement_movement_cost3,14,2.2019387590589665,0.5300821646654229,1.3323523894062996,0.18442785345024879
rosenbrock,log_improvement_movement_cost3,log_improvement_movement_cost3,15,2.2019387590589665,0.5300821646654229,1.3919692449613927,0.19565606168397873
rosenbrock,log_improvement_movement_cost3,log_improvement_movement_cost3,16,2.2019387590589665,0.5300821646654229,1.4286013262400121,0.18543858073315878
rosenbrock,log_improvement_movement_cost3,log_improvement_movement_cost3,17,2.2019387590589665,0.5300821646654229,1.4839087554261114,0.2195096798459948
rosenbrock,log_improvement_movement_cost3,log_improvement_movement_cost3,18,2.2019387590589665,0.5300821646654229,1.538566863613557,0.2179983766621744
rosenbrock,log_improvement_movement_cost3,log_improvement_movement_cost3,19,2.2019387590589665,0.5300821646654229,1.5983509443121324,0.23675781373114008
rosenbrock,log_improvement_movement_cost3,log_improvement_movement_cost3,20,2.198195094310851,0.5322187414842298,1.6432027983568211,0.24666422959495346
rosenbrock,log_improvement_movement_cost3,log_improvement_movement_cost3,21,2.198195094310851,0.5322187414842298,1.6811362226164428,0.2437703800708655
rosenbrock,log_improvement_movement_cost3,log_improvement_movement_cost3,22,2.198195094310851,0.5322187414842298,1.7408763552833306,0.2621213406779352
rosenbrock,log_improvement_movement_cost3,log_improvement_movement_cost3,23,2.1611723359092863,0.5556269470409201,1.840693238798431,0.24819945016013648
rosenbrock,log_improvement_movement_cost3,log_improvement_movement_cost3,24,2.1611723359092863,0.5556269470409201,1.9023325236354012,0.264139154643076
rosenbrock,log_improvement_movement_cost3,log_improvement_movement_cost3,25,2.1611723359092863,0.5556269470409201,1.9797523430014239,0.29549430706638
rosenbrock,log_improvement_movement_cost3,log_improvement_movement_cost3,26,2.1611723359092863,0.5556269470409201,2.048937464617258,0.2563126055458819
rosenbrock,log_improvement_movement_cost3,log_improvement_movement_cost3,27,2.1611723359092863,0.5556269470409201,2.1508694471084513,0.22782470128789364
rosenbrock,log_improvement_movement_cost3,log_improvement_movement_cost3,28,2.1611723359092863,0.5556269470409201,2.235121919855331,0.21977852888436175
rosenbrock,log_improvement_movement_cost3,log_improvement_movement_cost3,29,2.1611723359092863,0.5556269470409201,2.305632901010378,0.25096462593244645
rosenbrock,log_improvement_movement_cost3,log_improvement_movement_cost3,30,2.1611723359092863,0.5556269470409201,2.35888501300327,0.2544681538238128
rosenbrock,log_improvement_movement_cost3,log_improvement_movement_cost3,31,2.1611723359092863,0.5556269470409201,2.397336033660102,0.2506710176283945
rosenbrock,log_improvement_movement_cost3,log_improvement_movement_cost3,32,2.1275728732800427,0.5801525575565548,2.4740188736517523,0.26269778073196415
rosenbrock,log_improvement_movement_cost3,log_improvement_movement_cost3,33,2.1275728732800427,0.5801525575565548,2.544269051786248,0.2664953168726463
rosenbrock,log_improvement_movement_cost3,log_improvement_movement_cost3,34,1.7790356707512132,0.09193500754116442,2.625294057206973,0.2432307743739861
rosenbrock,log_improvement_movement_cost3,log_improvement_movement_cost3,35,1.7790356707512132,0.09193500754116442,2.6710190364119097,0.2582554873210046
rosenbrock,log_improvement_movement_cost3,log_improvement_movement_cost3,36,1.7790356707512132,0.09193500754116442,2.709067988956401,0.24944827965799451
rosenbrock,log_improvement_movement_cost3,log_improvement_movement_cost3,37,1.7790356707512132,0.09193500754116442,2.7524698198500483,0.23618056550757674
rosenbrock,log_improvement_movement_cost3,log_improvement_movement_cost3,38,1.7790356707512132,0.09193500754116442,2.7984085351738677,0.22842675019693867
rosenbrock,log_improvement_movement_cost3,log_improvement_movement_cost3,39,1.7790356707512132,0.09193500754116442,2.8136041572459933,0.2321883540211424
rosenbrock,log_improvement_movement_cost3,log_improvement_movement_cost3,40,1.6891885799578983,0.05140040938205302,2.8841759878315067,0.2645094778472288
rosenbrock,log_improvement_movement_cost3,log_improvement_movement_cost3,41,1.3203821672014342,0.5631176679457076,2.93815705515987,0.31288078424931626
rosenbrock,log_improvement_movement_cost3,log_improvement_movement_cost3,42,1.28010575942547,0.6199964529052999,2.9703654989234027,0.31637139879269244
rosenbrock,log_improvement_movement_cost3,log_improvement_movement_cost3,43,1.249440654143057,0.6014853089503591,3.0346590067786843,0.3288409508289165
rosenbrock,log_improvement_movement_cost3,log_improvement_movement_cost3,44,1.249440654143057,0.6014853089503591,3.1322730259091425,0.35840752946218796
rosenbrock,log_improvement_movement_cost3,log_improvement_movement_cost3,45,1.249440654143057,0.6014853089503591,3.1913873437233153,0.3647180134185061
rosenbrock,log_improvement_movement_cost3,log_improvement_movement_cost3,46,1.249440654143057,0.6014853089503591,3.2305898581862227,0.3618917752806971
rosenbrock,log_improvement_movement_cost3,log_improvement_movement_cost3,47,1.2338013140557835,0.6234618661293811,3.287416088988008,0.36778370866739557
rosenbrock,log_improvement_movement_cost3,log_improvement_movement_cost3,48,1.2338013140557835,0.6234618661293811,3.3107796294535397,0.3690913197582949
rosenbrock,log_improvement_movement_cost3,log_improvement_movement_cost3,49,1.2338013140557835,0.6234618661293811,3.345739764236317,0.37428264977392295
rosenbrock,optimistic_selected,optimistic_improvement_movement_cost3,0,10.675483125578026,6.207920337100278,0.42383315541327965,0.11397231890454304
rosenbrock,optimistic_selected,optimistic_improvement_movement_cost3,1,10.620318351416955,6.277978229250194,0.5132074488459162,0.1099392749817739
rosenbrock,optimistic_selected,optimistic_improvement_movement_cost3,2,9.830026872165186,5.388476484718459,0.6325848377463613,0.1455502974534591
rosenbrock,optimistic_selected,optimistic_improvement_movement_cost3,3,7.3321818513927575,3.379428050134283,0.7302937857911843,0.18200851238030788
rosenbrock,optimistic_selected,optimistic_improvement_movement_cost3,4,6.225454461322701,2.820968330861061,0.7966246072813781,0.21583936329042822
rosenbrock,optimistic_selected,optimistic_improvement_movement_cost3,5,5.276985153434222,2.208461428440909,0.8364265944200252,0.2381608445982462
rosenbrock,optimistic_selected,optimistic_improvement_movement_cost3,6,3.968796610031543,1.2921549260983074,0.885035499358165,0.22826726435015712
rosenbrock,optimistic_selected,optimistic_improvement_movement_cost3,7,3.444310918473478,1.1500528414978333,0.9260451559955204,0.2267325924651304
rosenbrock,optimistic_selected,optimistic_improvement_movement_cost3,8,3.20560609992269,1.2324760217218271,0.9692354838785108,0.23344406509738222
rosenbrock,optimistic_selected,optimistic_improvement_movement_cost3,9,2.500101486502726,0.2990269855408616,1.0523715964990368,0.21045492835094542
rosenbrock,optimistic_selected,optimistic_improvement_movement_cost3,10,2.435920471256502,0.3834853272011475,1.1034477489607601,0.21939618516320467
rosenbrock,optimistic_selected,optimistic_improvement_movement_cost3,11,2.435920471256502,0.3834853272011475,1.1707285192384074,0.20410890036875162
rosenbrock,optimistic_selected,optimistic_improvement_movement_cost3,12,2.0543087983839254,0.355885519584676,1.2177052528262056,0.19662477283367874
rosenbrock,optimistic_selected,optimistic_improvement_movement_cost3,13,1.9247392729725539,0.3549654583304289,1.252644562772236,0.20034678626673177
rosenbrock,optimistic_selected,optimistic_improvement_movement_cost3,14,1.9247392729725539,0.3549654583304289,1.3226407112154464,0.2337263513711887
rosenbrock,optimistic_selected,optimistic_improvement_movement_cost3,15,1.9247392729725539,0.3549654583304289,1.366836121960217,0.23086848398055293
rosenbrock,optimistic_selected,optimistic_improvement_movement_cost3,16,1.9247392729725539,0.3549654583304289,1.4374541663608726,0.24966951008145538
rosenbrock,optimistic_selected,optimistic_improvement_movement_cost3,17,1.7711958605130451,0.19832045703082207,1.4748230827474602,0.2681012938920339
rosenbrock,optimistic_selected,optimistic_improvement_movement_cost3,18,1.7188900970253016,0.17703267204631695,1.514668917499255,0.28068051450377224
rosenbrock,optimistic_selected,optimistic_improvement_movement_cost3,19,1.7188900970253016,0.17703267204631695,1.5914973386183033,0.28324265724739645
rosenbrock,optimistic_selected,optimistic_improvement_movement_cost3,20,1.7188900970253016,0.17703267204631695,1.6398461283877082,0.30152349520090044
rosenbrock,optimistic_selected,optimistic_improvement_movement_cost3,21,1.7188900970253016,0.17703267204631695,1.6918997340981192,0.309280179061291
rosenbrock,optimistic_selected,optimistic_improvement_movement_cost3,22,1.7188900970253016,0.17703267204631695,1.728064439157518,0.3047092605281707
rosenbrock,optimistic_selected,optimistic_improvement_movement_cost3,23,1.6243055908852078,0.14789348202348457,1.803391439838732,0.2753714499966431
rosenbrock,optimistic_selected,optimistic_improvement_movement_cost3,24,1.599521177623357,0.13122173214895402,1.8648687726239526,0.2781569107331636
rosenbrock,optimistic_selected,optimistic_improvement_movement_cost3,25,1.599521177623357,0.13122173214895402,1.9328555943575416,0.30366679317834944
rosenbrock,optimistic_selected,optimistic_improvement_movement_cost3,26,1.599521177623357,0.13122173214895402,2.0032724632434604,0.28642673579435235
rosenbrock,optimistic_selected,optimistic_improvement_movement_cost3,27,1.599521177623357,0.13122173214895402,2.0733017417261776,0.2726111863044967
rosenbrock,optimistic_selected,optimistic_improvement_movement_cost3,28,1.5992441315516899,0.13160959706703948,2.1278789518371757,0.2592122982279473
rosenbrock,optimistic_selected,optimistic_improvement_movement_cost3,29,1.5992441315516899,0.13160959706703948,2.177458208923459,0.26224243149439436
rosenbrock,optimistic_selected,optimistic_improvement_movement_cost3,30,1.5992441315516899,0.13160959706703948,2.2293101935919712,0.2543214970199962
rosenbrock,optimistic_selected,optimistic_improvement_movement_cost3,31,1.408122833289374,0.40100809555776534,2.287591277867494,0.26240171360911596
rosenbrock,optimistic_selected,optimistic_improvement_movement_cost3,32,1.408122833289374,0.40100809555776534,2.3283365929865614,0.2611238792403916
rosenbrock,optimistic_selected,optimistic_improvement_movement_cost3,33,1.398709662549506,0.4143064856639649,2.3482076440646247,0.25532315762821967
rosenbrock,optimistic_selected,optimistic_improvement_movement_cost3,34,1.398709662549506,0.4143064856639649,2.4037447253584987,0.2392588449068577
rosenbrock,optimistic_selected,optimistic_improvement_movement_cost3,35,1.3901449509200692,0.42640697182542714,2.4451612326650634,0.24762110383275576
rosenbrock,optimistic_selected,optimistic_improvement_movement_cost3,36,1.3759447925160728,0.4464708047598669,2.483359207163399,0.22966669915137014
rosenbrock,optimistic_selected,optimistic_improvement_movement_cost3,37,1.372585266985278,0.45121781708146036,2.5297724528460552,0.18806880056056044
rosenbrock,optimistic_selected,optimistic_improvement_movement_cost3,38,1.372585266985278,0.45121781708146036,2.6080695647127197,0.20976653374450688
rosenbrock,optimistic_selected,optimistic_improvement_movement_cost3,39,1.372585266985278,0.45121781708146036,2.6596146596391335,0.22458665453964907
rosenbrock,optimistic_selected,optimistic_improvement_movement_cost3,40,1.372585266985278,0.45121781708146036,2.6981974637412094,0.2107122696466515
rosenbrock,optimistic_selected,optimistic_improvement_movement_cost3,41,1.372585266985278,0.45121781708146036,2.729911638867794,0.19272593850564307
rosenbrock,optimistic_selected,optimistic_improvement_movement_cost3,42,1.372585266985278,0.45121781708146036,2.75782397544404,0.1844541045190332
rosenbrock,optimistic_selected,optimistic_improvement_movement_cost3,43,1.3722021852478772,0.45096674628352096,2.798412322099342,0.18758080432157154
rosenbrock,optimistic_selected,optimistic_improvement_movement_cost3,44,1.3722021852478772,0.45096674628352096,2.8647751322085724,0.1804239474190206
rosenbrock,optimistic_selected,optimistic_improvement_movement_cost3,45,1.3722021852478772,0.45096674628352096,2.9117045961920205,0.17879860772111014
rosenbrock,optimistic_selected,optimistic_improvement_movement_cost3,46,1.3722021852478772,0.45096674628352096,2.9749370290642285,0.17002399521085496
rosenbrock,optimistic_selected,optimistic_improvement_movement_cost3,47,1.3722021852478772,0.45096674628352096,3.045378479198751,0.1840636160067999
rosenbrock,optimistic_selected,optimistic_improvement_movement_cost3,48,1.3722021852478772,0.45096674628352096,3.0863982511689585,0.19899527911684464
rosenbrock,optimistic_selected,optimistic_improvement_movement_cost3,49,1.3722021852478772,0.45096674628352096,3.1442368901332913,0.20314462727076246
rosenbrock,budgeted_exploration,budgeted_exploration,0,10.873376595438046,6.24416300207674,0.42493102900154117,0.1069935744314616
rosenbrock,budgeted_exploration,budgeted_exploration,1,10.873376595438046,6.24416300207674,0.5022324174997957,0.10426891060061241
rosenbrock,budgeted_exploration,budgeted_exploration,2,10.784226562324918,6.359942340538912,0.6345137540186848,0.1052351777718698
rosenbrock,budgeted_exploration,budgeted_exploration,3,8.97616506425063,5.557846724178928,0.6966042196481176,0.12762853533285798
rosenbrock,budgeted_exploration,budgeted_exploration,4,5.0682290570597175,3.082164901971256,0.8247047270942433,0.1729034988993393
rosenbrock,budgeted_exploration,budgeted_exploration,5,4.379435247680348,2.152422990350967,0.9208342355866344,0.20064454987394678
rosenbrock,budgeted_exploration,budgeted_exploration,6,3.9396347975706654,1.5868635131862971,1.0152872514153668,0.20704623940324887
rosenbrock,budgeted_exploration,budgeted_exploration,7,2.9516803964871143,0.6837621979844524,1.069227472477314,0.21049282726869006
rosenbrock,budgeted_exploration,budgeted_exploration,8,2.296042486573301,0.44528219973688143,1.1522147270198337,0.2401137050171154
rosenbrock,budgeted_exploration,budgeted_exploration,9,2.2205906078138384,0.5123417115383312,1.257281404277028,0.2491231544130255
rosenbrock,budgeted_exploration,budgeted_exploration,10,2.184703759877398,0.5287963603781048,1.3484231592578793,0.2436768192953632
rosenbrock,budgeted_exploration,budgeted_exploration,11,1.9255311556945391,0.8093571605343381,1.4478264541754156,0.25042406750271407
rosenbrock,budgeted_exploration,budgeted_exploration,12,1.9255311556945391,0.8093571605343381,1.5212648887135505,0.20993003900584517
rosenbrock,budgeted_exploration,budgeted_exploration,13,1.6949972014672465,0.5484569142282465,1.6110587842357347,0.20007681375523126
rosenbrock,budgeted_exploration,budgeted_exploration,14,1.6949972014672465,0.5484569142282465,1.7291493851643633,0.1918356598609627
rosenbrock,budgeted_exploration,budgeted_exploration,15,1.6949972014672465,0.5484569142282465,1.8237896266989717,0.1609634998799126
rosenbrock,budgeted_exploration,budgeted_exploration,16,1.6949972014672465,0.5484569142282465,1.9121040481216927,0.15538685443818684
rosenbrock,budgeted_exploration,budgeted_exploration,17,1.6931486748744708,0.5466475523464996,1.9763610180223472,0.14570748649467977
rosenbrock,budgeted_exploration,budgeted_exploration,18,1.5811228467636997,0.451947473614763,2.0540144574730914,0.1369081020292019
rosenbrock,budgeted_exploration,budgeted_exploration,19,1.5811228467636997,0.451947473614763,2.127754741805285,0.1329411762836427
rosenbrock,budgeted_exploration,budgeted_exploration,20,1.5811228467636997,0.451947473614763,2.224826262431103,0.12306682021962546
rosenbrock,budgeted_exploration,budgeted_exploration,21,1.5811228467636997,0.451947473614763,2.3321654705702106,0.09415331377833773
rosenbrock,budgeted_exploration,budgeted_exploration,22,1.5811228467636997,0.451947473614763,2.444049514335102,0.08501734058406224
rosenbrock,budgeted_exploration,budgeted_exploration,23,1.5811228467636997,0.451947473614763,2.5726763726791835,0.06670723555622288
rosenbrock,budgeted_exploration,budgeted_exploration,24,1.5391015214833803,0.42442621175750705,2.6454551076945085,0.0873503721009015
rosenbrock,budgeted_exploration,budgeted_exploration,25,1.46786441086965,0.39419052706879165,2.739060018312743,0.065914473452563
rosenbrock,budgeted_exploration,budgeted_exploration,26,1.46786441086965,0.39419052706879165,2.8769575834150394,0.03848306018348141
rosenbrock,budgeted_exploration,budgeted_exploration,27,1.46786441086965,0.39419052706879165,2.9994319612072666,0.030239075700787873
rosenbrock,budgeted_exploration,budgeted_exploration,28,1.4465989042982166,0.3718693764018752,3.0617573438587304,0.03726825764821109
rosenbrock,budgeted_exploration,budgeted_exploration,29,1.4465989042982166,0.3718693764018752,3.17256424832579,0.0783168697287555
rosenbrock,budgeted_exploration,budgeted_exploration,30,1.4465989042982166,0.3718693764018752,3.2773917193758266,0.05017328268859958
rosenbrock,budgeted_exploration,budgeted_exploration,31,1.4465989042982166,0.3718693764018752,3.3722400553620004,0.03749223173920898
rosenbrock,budgeted_exploration,budgeted_exploration,32,1.3426973994929003,0.28416713775077174,3.482110764230267,0.04608129351759349
rosenbrock,budgeted_exploration,budgeted_exploration,33,1.3426973994929003,0.28416713775077174,3.5757800632079415,0.010609951050436463
rosenbrock,budgeted_exploration,budgeted_exploration,34,1.3426973994929003,0.28416713775077174,3.6890909144573105,0.03574505043467891
rosenbrock,budgeted_exploration,budgeted_exploration,35,1.3426973994929003,0.28416713775077174,3.827075433865462,0.06214554449314534
rosenbrock,budgeted_exploration,budgeted_exploration,36,1.3426973994929003,0.28416713775077174,3.9711346672944714,0.11247304450462092
rosenbrock,budgeted_exploration,budgeted_exploration,37,1.3426973994929003,0.28416713775077174,4.110223206797332,0.16263296552578974
rosenbrock,budgeted_exploration,budgeted_exploration,38,1.3426973994929003,0.28416713775077174,4.195906497203583,0.18243351904291547
rosenbrock,budgeted_exploration,budgeted_exploration,39,1.3426973994929003,0.28416713775077174,4.2938974949532485,0.16628708775372264
rosenbrock,budgeted_exploration,budgeted_exploration,40,1.3426973994929003,0.28416713775077174,4.406570092635115,0.1920744245290923
rosenbrock,budgeted_exploration,budgeted_exploration,41,1.3426973994929003,0.28416713775077174,4.495365115801196,0.17410360381943057
rosenbrock,budgeted_exploration,budgeted_exploration,42,1.3426973994929003,0.28416713775077174,4.5714421608520075,0.15623284883047392
rosenbrock,budgeted_exploration,budgeted_exploration,43,1.3426973994929003,0.28416713775077174,4.694386309953724,0.13301934073864477
rosenbrock,budgeted_exploration,budgeted_exploration,44,1.3426973994929003,0.28416713775077174,4.818305178570113,0.13262623731625817
rosenbrock,budgeted_exploration,budgeted_exploration,45,1.3426973994929003,0.28416713775077174,4.861332415010788,0.14148260584973862
rosenbrock,budgeted_exploration,budgeted_exploration,46,1.3426973994929003,0.28416713775077174,4.949582251679362,0.15043248157277178
rosenbrock,budgeted_exploration,budgeted_exploration,47,1.3426973994929003,0.28416713775077174,5.034278271041955,0.1808215734119836
rosenbrock,budgeted_exploration,budgeted_exploration,48,1.3426973994929003,0.28416713775077174,5.136999780995926,0.22487031620290168
rosenbrock,budgeted_exploration,budgeted_exploration,49,1.3426973994929003,0.28416713775077174,5.2638468186498795,0.29962854033711345
rosenbrock,lookahead_budgeted_exploration,lookahead_budgeted_exploration,0,11.574069708366101,5.350403384456248,0.46654561462853267,0.10085232015334888
rosenbrock,lookahead_budgeted_exploration,lookahead_budgeted_exploration,1,9.751855994894166,4.751799316715565,0.5872888017258089,0.09624797288719208
rosenbrock,lookahead_budgeted_exploration,lookahead_budgeted_exploration,2,9.528670583169855,5.061316220129259,0.6679605959965803,0.08341536981895964
rosenbrock,lookahead_budgeted_exploration,lookahead_budgeted_exploration,3,6.013383063626468,2.7617478944335803,0.8058066713054991,0.191317056373918
rosenbrock,lookahead_budgeted_exploration,lookahead_budgeted_exploration,4,5.611061391178478,2.849575725291689,0.8751268384383594,0.20133439824009322
rosenbrock,lookahead_budgeted_exploration,lookahead_budgeted_exploration,5,5.611061391178478,2.849575725291689,0.9941931093391442,0.25061307376551356
rosenbrock,lookahead_budgeted_exploration,lookahead_budgeted_exploration,6,5.5105643646613,2.967776109119754,1.100788724276813,0.2888697155631378
rosenbrock,lookahead_budgeted_exploration,lookahead_budgeted_exploration,7,5.437830018661461,2.9748616130962784,1.1686060760645172,0.3082149744025375
rosenbrock,lookahead_budgeted_exploration,lookahead_budgeted_exploration,8,5.437830018661461,2.9748616130962784,1.271357669300573,0.285434530131668
rosenbrock,lookahead_budgeted_exploration,lookahead_budgeted_exploration,9,4.411167899050288,1.7699220640093,1.395062280058817,0.3288158485474071
rosenbrock,lookahead_budgeted_exploration,lookahead_budgeted_exploration,10,3.0640729557706585,0.7956597314415759,1.479224445339718,0.3102963830387105
rosenbrock,lookahead_budgeted_exploration,lookahead_budgeted_exploration,11,2.344606971177107,1.1440594741433472,1.5879268561131206,0.31247852004196325
rosenbrock,lookahead_budgeted_exploration,lookahead_budgeted_exploration,12,2.3273089228896637,1.162157207720135,1.6834099483111993,0.25769740063352997
rosenbrock,lookahead_budgeted_exploration,lookahead_budgeted_exploration,13,1.6733239843400647,0.4036445141285983,1.7710208724045806,0.23422579899247378
rosenbrock,lookahead_budgeted_exploration,lookahead_budgeted_exploration,14,1.6733239843400647,0.4036445141285983,1.9251955026121375,0.21528683918303376
rosenbrock,lookahead_budgeted_exploration,lookahead_budgeted_exploration,15,1.6733239843400647,0.4036445141285983,2.0914472494606153,0.23060582137587612
rosenbrock,lookahead_budgeted_exploration,lookahead_budgeted_exploration,16,1.6733239843400647,0.4036445141285983,2.202986339527128,0.18443523051386163
rosenbrock,lookahead_budgeted_exploration,lookahead_budgeted_exploration,17,1.6733239843400647,0.4036445141285983,2.306755298134828,0.13073288421033372
rosenbrock,lookahead_budgeted_exploration,lookahead_budgeted_exploration,18,1.6733239843400647,0.4036445141285983,2.3709067264659525,0.15152850892606434
rosenbrock,lookahead_budgeted_exploration,lookahead_budgeted_exploration,19,1.6154885090511295,0.36483376348388,2.464075106436827,0.15096928234277512
rosenbrock,lookahead_budgeted_exploration,lookahead_budgeted_exploration,20,1.6154885090511295,0.36483376348388,2.5525306142111654,0.18695320850813854
rosenbrock,lookahead_budgeted_exploration,lookahead_budgeted_exploration,21,1.5167074450661773,0.2962042773871498,2.655540207356292,0.2123671781498755
rosenbrock,lookahead_budgeted_exploration,lookahead_budgeted_exploration,22,1.5167074450661773,0.2962042773871498,2.760532591471384,0.21747687811355737
rosenbrock,lookahead_budgeted_exploration,lookahead_budgeted_exploration,23,1.5167074450661773,0.2962042773871498,2.8538824543745953,0.18968146553132317
rosenbrock,lookahead_budgeted_exploration,lookahead_budgeted_exploration,24,1.5167074450661773,0.2962042773871498,2.9591794917033076,0.21708534970665908
rosenbrock,lookahead_budgeted_exploration,lookahead_budgeted_exploration,25,1.5167074450661773,0.2962042773871498,3.0812896741566767,0.18288946597538772
rosenbrock,lookahead_budgeted_exploration,lookahead_budgeted_exploration,26,1.5167074450661773,0.2962042773871498,3.186432584472732,0.19159970476189114
rosenbrock,lookahead_budgeted_exploration,lookahead_budgeted_exploration,27,1.4794075595831107,0.2657612399818837,3.2761776181780076,0.18038510184867776
rosenbrock,lookahead_budgeted_exploration,lookahead_budgeted_exploration,28,1.4794075595831107,0.2657612399818837,3.3664398226664187,0.15772698976584992
rosenbrock,lookahead_budgeted_exploration,lookahead_budgeted_exploration,29,1.47888696581545,0.2664974118367387,3.4456884226327165,0.15051914490914023
rosenbrock,lookahead_budgeted_exploration,lookahead_budgeted_exploration,30,1.47888696581545,0.2664974118367387,3.5582474505789308,0.15956521048451128
rosenbrock,lookahead_budgeted_exploration,lookahead_budgeted_exploration,31,1.47888696581545,0.2664974118367387,3.6725733563151723,0.17281950348453126
rosenbrock,lookahead_budgeted_exploration,lookahead_budgeted_exploration,32,1.4307450057777842,0.33457609729748555,3.7522120770553493,0.21076560828878949
rosenbrock,lookahead_budgeted_exploration,lookahead_budgeted_exploration,33,1.4307450057777842,0.33457609729748555,3.8842706768799045,0.23507709905565846
rosenbrock,lookahead_budgeted_exploration,lookahead_budgeted_exploration,34,1.4307450057777842,0.33457609729748555,4.0322912185324,0.23663567545826972
rosenbrock,lookahead_budgeted_exploration,lookahead_budgeted_exploration,35,1.394717689371065,0.31271121256768963,4.12123912122077,0.23831746475352555
rosenbrock,lookahead_budgeted_exploration,lookahead_budgeted_exploration,36,1.394717689371065,0.31271121256768963,4.218065235195856,0.22276575548169508
rosenbrock,lookahead_budgeted_exploration,lookahead_budgeted_exploration,37,1.394717689371065,0.31271121256768963,4.299583381056813,0.2611208304153905
rosenbrock,lookahead_budgeted_exploration,lookahead_budgeted_exploration,38,1.394717689371065,0.31271121256768963,4.400167873780565,0.2917036763307764
rosenbrock,lookahead_budgeted_exploration,lookahead_budgeted_exploration,39,1.394717689371065,0.31271121256768963,4.4820794280068865,0.3192584792281851
rosenbrock,lookahead_budgeted_exploration,lookahead_budgeted_exploration,40,1.3538938924343136,0.36987904913668906,4.575602452286435,0.3331033895508855
rosenbrock,lookahead_budgeted_exploration,lookahead_budgeted_exploration,41,1.3538938924343136,0.36987904913668906,4.6846943446735265,0.3791341383462363
rosenbrock,lookahead_budgeted_exploration,lookahead_budgeted_exploration,42,1.3538938924343136,0.36987904913668906,4.811733146542345,0.3961864219806711
rosenbrock,lookahead_budgeted_exploration,lookahead_budgeted_exploration,43,1.3538938924343136,0.36987904913668906,4.925320140850967,0.41493878129350964
rosenbrock,lookahead_budgeted_exploration,lookahead_budgeted_exploration,44,1.31046645991562,0.3361580064861615,4.985273258659056,0.4175584774141298
rosenbrock,lookahead_budgeted_exploration,lookahead_budgeted_exploration,45,1.2727987420183118,0.3137847951843246,5.0579017746568695,0.4367932300952207
rosenbrock,lookahead_budgeted_exploration,lookahead_budgeted_exploration,46,1.172681541628744,0.2956362120775621,5.127174804927133,0.4555759694332039
rosenbrock,lookahead_budgeted_exploration,lookahead_budgeted_exploration,47,1.172681541628744,0.2956362120775621,5.214599956556477,0.4545859792989993
rosenbrock,lookahead_budgeted_exploration,lookahead_budgeted_exploration,48,1.172681541628744,0.2956362120775621,5.302468132474689,0.451124519771386
rosenbrock,lookahead_budgeted_exploration,lookahead_budgeted_exploration,49,1.172681541628744,0.2956362120775621,5.381314203769954,0.465971885466038
sphere,pure_bo,pure_bo,0,0.21029897160169456,0.19579082850399762,0.3718030533343284,0.13677594107019322
sphere,pure_bo,pure_bo,1,0.13650857084768106,0.17115916683899063,0.823794376932853,0.10556848668033264
sphere,pure_bo,pure_bo,2,0.09310510952160177,0.12248006784543507,1.0607640237129552,0.07256179057300212
sphere,pure_bo,pure_bo,3,0.03435220618637191,0.03951575610759935,1.6078827843325,0.3260141560560667
sphere,pure_bo,pure_bo,4,0.007853020634644358,0.0042382248900024655,2.402060459501571,0.7852090673018087
sphere,pure_bo,pure_bo,5,0.007853020634644358,0.0042382248900024655,3.0097679943801405,1.0729157804718643
sphere,pure_bo,pure_bo,6,0.007853020634644358,0.0042382248900024655,3.5458686091761233,1.2859492804066517
sphere,pure_bo,pure_bo,7,0.007853020634644358,0.0042382248900024655,4.506071629109859,1.3469238035779758
sphere,pure_bo,pure_bo,8,0.007853020634644358,0.0042382248900024655,5.2624732666577865,1.368474319200268
sphere,pure_bo,pure_bo,9,0.007853020634644358,0.0042382248900024655,6.006353864398125,1.3931582395590583
sphere,pure_bo,pure_bo,10,0.007853020634644358,0.0042382248900024655,6.791684091487654,1.4155000605524488
sphere,pure_bo,pure_bo,11,0.007853020634644358,0.0042382248900024655,7.403047678884867,1.5072993753819588
sphere,pure_bo,pure_bo,12,0.007853020634644358,0.0042382248900024655,7.758492322025984,1.6263151568390253
sphere,pure_bo,pure_bo,13,0.007853020634644358,0.0042382248900024655,8.367409564754745,1.7592042975261135
sphere,pure_bo,pure_bo,14,0.007853020634644358,0.0042382248900024655,9.149070701991342,1.8309261660970537
sphere,pure_bo,pure_bo,15,0.007853020634644358,0.0042382248900024655,9.948081584747113,2.0050783644174865
sphere,pure_bo,pure_bo,16,0.007853020634644358,0.0042382248900024655,10.356223014756798,1.9824650312414644
sphere,pure_bo,pure_bo,17,0.007853020634644358,0.0042382248900024655,11.122038752900869,1.971992334547986
sphere,pure_bo,pure_bo,18,0.007853020634644358,0.0042382248900024655,11.847027108460717,1.7094762033422908
sphere,pure_bo,pure_bo,19,0.007853020634644358,0.0042382248900024655,12.508695500115046,1.7934666384113407
sphere,pure_bo,pure_bo,20,0.007853020634644358,0.0042382248900024655,13.125799597803328,1.7299688526408006
sphere,pure_bo,pure_bo,21,0.007853020634644358,0.0042382248900024655,13.84318235588273,1.4879862227256468
sphere,pure_bo,pure_bo,22,0.007853020634644358,0.0042382248900024655,14.511296560901528,1.6675541836512557
sphere,pure_bo,pure_bo,23,0.007853020634644358,0.0042382248900024655,14.903146440948555,1.9761290073006859
sphere,pure_bo,pure_bo,24,0.007853020634644358,0.0042382248900024655,15.5438194666176,2.131829622530448
sphere,pure_bo,pure_bo,25,0.007853020634644358,0.0042382248900024655,16.068561479836067,2.3817766798558884
sphere,pure_bo,pure_bo,26,0.007853020634644358,0.0042382248900024655,16.508997953605018,2.5638665434178702
sphere,pure_bo,pure_bo,27,0.007853020634644358,0.0042382248900024655,16.508997953605018,2.5638665434178702
sphere,pure_bo,pure_bo,28,0.007853020634644358,0.0042382248900024655,16.508997953605018,2.5638665434178702
sphere,pure_bo,pure_bo,29,0.007853020634644358,0.0042382248900024655,16.508997953605018,2.5638665434178702
sphere,pure_bo,pure_bo,30,0.007853020634644358,0.0042382248900024655,16.508997953605018,2.5638665434178702
sphere,pure_bo,pure_bo,31,0.007853020634644358,0.0042382248900024655,16.508997953605018,2.5638665434178702
sphere,pure_bo,pure_bo,32,0.007853020634644358,0.0042382248900024655,16.508997953605018,2.5638665434178702
sphere,pure_bo,pure_bo,33,0.007853020634644358,0.0042382248900024655,16.508997953605018,2.5638665434178702
sphere,pure_bo,pure_bo,34,0.007853020634644358,0.0042382248900024655,16.508997953605018,2.5638665434178702
sphere,pure_bo,pure_bo,35,0.007853020634644358,0.0042382248900024655,16.508997953605018,2.5638665434178702
sphere,pure_bo,pure_bo,36,0.007853020634644358,0.0042382248900024655,16.508997953605018,2.5638665434178702
sphere,pure_bo,pure_bo,37,0.007853020634644358,0.0042382248900024655,16.508997953605018,2.5638665434178702
sphere,pure_bo,pure_bo,38,0.007853020634644358,0.0042382248900024655,16.508997953605018,2.5638665434178702
sphere,pure_bo,pure_bo,39,0.007853020634644358,0.0042382248900024655,16.508997953605018,2.5638665434178702
sphere,pure_bo,pure_bo,40,0.007853020634644358,0.0042382248900024655,16.508997953605018,2.5638665434178702
sphere,pure_bo,pure_bo,41,0.007853020634644358,0.0042382248900024655,16.508997953605018,2.5638665434178702
sphere,pure_bo,pure_bo,42,0.007853020634644358,0.0042382248900024655,16.508997953605018,2.5638665434178702
sphere,pure_bo,pure_bo,43,0.007853020634644358,0.0042382248900024655,16.796821943744416,2.377267003408108
sphere,pure_bo,pure_bo,44,0.007853020634644358,0.0042382248900024655,17.08464593388381,2.2496123567689352
sphere,pure_bo,pure_bo,45,0.007853020634644358,0.0042382248900024655,17.08464593388381,2.2496123567689352
sphere,pure_bo,pure_bo,46,0.007853020634644358,0.0042382248900024655,17.08464593388381,2.2496123567689352
sphere,pure_bo,pure_bo,47,0.007853020634644358,0.0042382248900024655,17.08464593388381,2.2496123567689352
sphere,pure_bo,pure_bo,48,0.007853020634644358,0.0042382248900024655,17.08464593388381,2.2496123567689352
sphere,pure_bo,pure_bo,49,0.007853020634644358,0.0042382248900024655,17.08464593388381,2.2496123567689352
sphere,earlbo,earlbo,0,0.06360350229294265,0.04473709950404484,0.3513083616222687,0.12493062671945994
sphere,earlbo,earlbo,1,0.052531505396436605,0.04269172982478481,0.41929521575688716,0.13245296131750323
sphere,earlbo,earlbo,2,0.030786010793418084,0.03783269057665522,0.5094870475740035,0.14044000933905046
sphere,earlbo,earlbo,3,0.020622118258879052,0.02354577378703764,0.5566157489527458,0.1598850688751543
sphere,earlbo,earlbo,4,0.005178527654013713,0.0024860715473108796,0.630306356453293,0.20572390725117431
sphere,earlbo,earlbo,5,0.0026264462629699754,0.0007949110911631971,0.6745592245256055,0.21852972176532817
sphere,earlbo,earlbo,6,0.0026264462629699754,0.0007949110911631971,0.7502609133223642,0.18647791398943522
sphere,earlbo,earlbo,7,0.0023541932783011847,0.0004660865842371541,0.8175907027549002,0.16103444553068721
sphere,earlbo,earlbo,8,0.0020192424212395975,0.000590968528030927,0.8776966650099928,0.14813454899851167
sphere,earlbo,earlbo,9,0.0020192424212395975,0.000590968528030927,0.960562248542329,0.11869964212344476
sphere,earlbo,earlbo,10,0.0020192424212395975,0.000590968528030927,1.026468946220906,0.11104622008801941
sphere,earlbo,earlbo,11,0.0012009246158478707,0.00020818333778238024,1.0686664460683586,0.11100586849661576
sphere,earlbo,earlbo,12,0.0007457980255300233,0.000443851150261201,1.1142718075198774,0.09862274303027677
sphere,earlbo,earlbo,13,0.0007457980255300233,0.000443851150261201,1.173587973600358,0.10480017471217697
sphere,earlbo,earlbo,14,0.0007457980255300233,0.000443851150261201,1.2367596972774806,0.09875244381417511
sphere,earlbo,earlbo,15,0.0007457980255300233,0.000443851150261201,1.3366262556326263,0.07875699864987107
sphere,earlbo,earlbo,16,0.0007457980255300233,0.000443851150261201,1.3920655078770785,0.05319413988192613
sphere,earlbo,earlbo,17,0.0007457980255300233,0.000443851150261201,1.4812926931720751,0.045961284632811336
sphere,earlbo,earlbo,18,0.0007457980255300233,0.000443851150261201,1.5740275182775256,0.059863508624984206
sphere,earlbo,earlbo,19,0.0007457980255300233,0.000443851150261201,1.696370598933817,0.11053012174123082
sphere,earlbo,earlbo,20,0.0006138424754305248,0.0004064164973023177,1.8094588736836978,0.08605010668455298
sphere,earlbo,earlbo,21,0.0006138424754305248,0.0004064164973023177,1.894968957113303,0.0718363526196768
sphere,earlbo,earlbo,22,0.0006138424754305248,0.0004064164973023177,1.9751717261947688,0.08563133898269933
sphere,earlbo,earlbo,23,0.0006138424754305248,0.0004064164973023177,2.0482846255054787,0.09102483943117604
sphere,earlbo,earlbo,24,0.00041228468841691235,0.0002086234335534759,2.102540137156101,0.0835501127058475
sphere,earlbo,earlbo,25,0.00041228468841691235,0.0002086234335534759,2.183206703539763,0.0698305166172592
sphere,earlbo,earlbo,26,0.00041228468841691235,0.0002086234335534759,2.2868030551959784,0.08059535384615915
sphere,earlbo,earlbo,27,0.00041228468841691235,0.0002086234335534759,2.374771110511484,0.08505827002016537
sphere,earlbo,earlbo,28,0.00041228468841691235,0.0002086234335534759,2.4363519570643457,0.08534809816603389
sphere,earlbo,earlbo,29,0.00041228468841691235,0.0002086234335534759,2.515573989611871,0.08401576237360282
sphere,earlbo,earlbo,30,0.00041228468841691235,0.0002086234335534759,2.609898767528392,0.0824168114686582
sphere,earlbo,earlbo,31,0.00022951313638062452,0.0002020025106114475,2.664328346402811,0.07352946619963173
sphere,earlbo,earlbo,32,0.00022951313638062452,0.0002020025106114475,2.7536183885828662,0.052862533024434895
sphere,earlbo,earlbo,33,0.00022951313638062452,0.0002020025106114475,2.8513251914049853,0.04966703584260994
sphere,earlbo,earlbo,34,0.00022951313638062452,0.0002020025106114475,2.9433879183463696,0.03057625369799014
sphere,earlbo,earlbo,35,0.00022951313638062452,0.0002020025106114475,3.040270181783896,0.02224758230623877
sphere,earlbo,earlbo,36,0.00022951313638062452,0.0002020025106114475,3.1414963282631327,0.056604018667105495
sphere,earlbo,earlbo,37,0.00022951313638062452,0.0002020025106114475,3.227711383922895,0.08991261093937943
sphere,earlbo,earlbo,38,0.00022951313638062452,0.0002020025106114475,3.2852651904094787,0.07777702319132646
sphere,earlbo,earlbo,39,0.00022951313638062452,0.0002020025106114475,3.381728825069158,0.12063950088629823
sphere,earlbo,earlbo,40,0.00022951313638062452,0.0002020025106114475,3.476421080359213,0.11528654523553306
sphere,earlbo,earlbo,41,0.00022951313638062452,0.0002020025106114475,3.548321490099166,0.13420569779433367
sphere,earlbo,earlbo,42,0.00022951313638062452,0.0002020025106114475,3.6159224799796355,0.15619792420890555
sphere,earlbo,earlbo,43,0.00022951313638062452,0.0002020025106114475,3.6882011640611085,0.1928241014615526
sphere,earlbo,earlbo,44,0.00022951313638062452,0.0002020025106114475,3.751332743917914,0.2211542229952142
sphere,earlbo,earlbo,45,0.00022951313638062452,0.0002020025106114475,3.8476357518934416,0.21615187181164963
sphere,earlbo,earlbo,46,0.00022951313638062452,0.0002020025106114475,3.926800816004882,0.19472599775376082
sphere,earlbo,earlbo,47,0.00022951313638062452,0.0002020025106114475,3.9921826740076463,0.21232931596548638
sphere,earlbo,earlbo,48,0.00022951313638062452,0.0002020025106114475,4.077229250099259,0.23759941875067325
sphere,earlbo,earlbo,49,0.00022951313638062452,0.0002020025106114475,4.157655280900635,0.2685568489141123
sphere,snake,snake,0,0.09578700041288828,0.0657601084567716,0.3543543004814452,0.14670080586028544
sphere,snake,snake,1,0.04682157235506305,0.054504466548578386,0.47023169865064585,0.18060874114730793
sphere,snake,snake,2,0.008408061401374416,0.0028178075051856818,0.5762287241830405,0.24630263997661492
sphere,snake,snake,3,0.005235755873039133,0.00030897663284468354,0.6152487302041122,0.25384047656183484
sphere,snake,snake,4,0.002407195381997007,0.0022303790298880215,0.6533559846069225,0.24518938580149555
sphere,snake,snake,5,0.002407195381997007,0.0022303790298880215,0.7067168694843323,0.22969206490753186
sphere,snake,snake,6,0.002407195381997007,0.0022303790298880215,0.8210491222323167,0.1824954202621588
sphere,snake,snake,7,0.002407195381997007,0.0022303790298880215,0.94296310314942,0.17565015007031462
sphere,snake,snake,8,0.002407195381997007,0.0022303790298880215,1.0472270112747166,0.17368374488308028
sphere,snake,snake,9,0.0011251262149236704,0.0005930916112672546,1.1264857467454277,0.12901575847439267
sphere,snake,snake,10,0.0011251262149236704,0.0005930916112672546,1.229234563235198,0.09771502998471907
sphere,snake,snake,11,0.0011251262149236704,0.0005930916112672546,1.3466283163685493,0.08070710667506506
sphere,snake,snake,12,0.0011251262149236704,0.0005930916112672546,1.4597010112873896,0.06837658077532587
sphere,snake,snake,13,0.0011251262149236704,0.0005930916112672546,1.517760319083761,0.07461461515982651
sphere,snake,snake,14,0.0011251262149236704,0.0005930916112672546,1.5875543055356525,0.07162473722317217
sphere,snake,snake,15,0.0011251262149236704,0.0005930916112672546,1.6650592820259273,0.08356178755425453
sphere,snake,snake,16,0.0011251262149236704,0.0005930916112672546,1.771929346361196,0.05039541958176604
sphere,snake,snake,17,0.0011251262149236704,0.0005930916112672546,1.8614879070240458,0.021715209738367373
sphere,snake,snake,18,0.0010759472054110324,0.0005526019514395691,1.9575185727080102,0.026622910350571294
sphere,snake,snake,19,0.0010759472054110324,0.0005526019514395691,2.0285670054650926,0.02344267825833673
sphere,snake,snake,20,0.0010759472054110324,0.0005526019514395691,2.102332486867787,0.06686826421354304
sphere,snake,snake,21,0.0010759472054110324,0.0005526019514395691,2.226112860943618,0.07690692933545963
sphere,snake,snake,22,0.0010759472054110324,0.0005526019514395691,2.323458183986214,0.07064506578909004
sphere,snake,snake,23,0.0010759472054110324,0.0005526019514395691,2.4017664605679454,0.06131177691946304
sphere,snake,snake,24,0.0010759472054110324,0.0005526019514395691,2.455924744124862,0.07364227614681261
sphere,snake,snake,25,0.0010759472054110324,0.0005526019514395691,2.5401250710002814,0.09305745825816682
sphere,snake,snake,26,0.0010759472054110324,0.0005526019514395691,2.658787175789202,0.12355114713047945
sphere,snake,snake,27,0.0010759472054110324,0.0005526019514395691,2.7531809069375535,0.11118440850107451
sphere,snake,snake,28,0.0010759472054110324,0.0005526019514395691,2.8493342528532017,0.10240715938879728
sphere,snake,snake,29,0.0010759472054110324,0.0005526019514395691,2.929430724499669,0.10753908372895639
sphere,snake,snake,30,0.0010759472054110324,0.0005526019514395691,3.010159475140125,0.11823026269691518
sphere,snake,snake,31,0.0010759472054110324,0.0005526019514395691,3.081136324937654,0.11425601056408621
sphere,snake,snake,32,0.0010759472054110324,0.0005526019514395691,3.1586646897282584,0.07264834329675586
sphere,snake,snake,33,0.0010759472054110324,0.0005526019514395691,3.260259110096804,0.04856805857090442
sphere,snake,snake,34,0.0010759472054110324,0.0005526019514395691,3.321254219441728,0.045688908155186544
sphere,snake,snake,35,0.0010759472054110324,0.0005526019514395691,3.4193518122520374,0.04583535847575619
sphere,snake,snake,36,0.0010759472054110324,0.0005526019514395691,3.5011208158870963,0.02678882509400192
sphere,snake,snake,37,0.0010759472054110324,0.0005526019514395691,3.60562828782883,0.04782582324036186
sphere,snake,snake,38,0.0010759472054110324,0.0005526019514395691,3.7176521205616555,0.04707677175277345
sphere,snake,snake,39,0.0010759472054110324,0.0005526019514395691,3.8013581900071993,0.049304924960888265
sphere,snake,snake,40,0.0010759472054110324,0.0005526019514395691,3.8761564162892976,0.08955410719180383
sphere,snake,snake,41,0.0010759472054110324,0.0005526019514395691,3.957653368346096,0.0754480662483801
sphere,snake,snake,42,0.0010759472054110324,0.0005526019514395691,4.026495423282845,0.06825035343560859
sphere,snake,snake,43,0.0010759472054110324,0.0005526019514395691,4.132690688862365,0.06148303350138425
sphere,snake,snake,44,0.0010759472054110324,0.0005526019514395691,4.251577763643038,0.0541156629608823
sphere,snake,snake,45,0.0010759472054110324,0.0005526019514395691,4.353337701215354,0.06081476576628149
sphere,snake,snake,46,0.0010759472054110324,0.0005526019514395691,4.429896398677383,0.10063957795032112
sphere,snake,snake,47,0.0010759472054110324,0.0005526019514395691,4.501189754289943,0.12170277006592704
sphere,snake,snake,48,0.0010759472054110324,0.0005526019514395691,4.571083986405779,0.12546218798274675
sphere,snake,snake,49,0.0007840189648991962,0.0005164276348753579,4.659523185537186,0.12478994276213393
sphere,log_improvement_movement_cost3,log_improvement_movement_cost3,0,0.09784684188601962,0.06598974565281224,0.3464739949951922,0.1344853706140226
sphere,log_improvement_movement_cost3,log_improvement_movement_cost3,1,0.04539213646759745,0.052723238828715796,0.4337954494456972,0.13931085691378686
sphere,log_improvement_movement_cost3,log_improvement_movement_cost3,2,0.03264471181279289,0.03711126377784378,0.47667856549162274,0.14099391583826856
sphere,log_improvement_movement_cost3,log_improvement_movement_cost3,3,0.0038875012753812922,0.0015647511153670658,0.545374749969754,0.1680830019850813
sphere,log_improvement_movement_cost3,log_improvement_movement_cost3,4,0.0018080837831196148,0.0006842965141694459,0.5872163675195899,0.1526511326928847
sphere,log_improvement_movement_cost3,log_improvement_movement_cost3,5,0.001674182188366973,0.0005827060433503167,0.6039335517001614,0.14601812522273946
sphere,log_improvement_movement_cost3,log_improvement_movement_cost3,6,0.0012384848808008834,0.0004785666351785964,0.6323995764929765,0.1446379468858787
sphere,log_improvement_movement_cost3,log_improvement_movement_cost3,7,0.0007906363449696842,0.0001473690627138458,0.6551813252491591,0.1500912815227561
sphere,log_improvement_movement_cost3,log_improvement_movement_cost3,8,0.0007264587012498379,0.00015831867735592437,0.6860366124492266,0.14187603645725325
sphere,log_improvement_movement_cost3,log_improvement_movement_cost3,9,0.0006380579995937315,0.00023801549822357842,0.7174806757952449,0.13177476846025346
sphere,log_improvement_movement_cost3,log_improvement_movement_cost3,10,0.0004134417828253756,0.00023677158515528375,0.737926016633922,0.12876393492393343
sphere,log_improvement_movement_cost3,log_improvement_movement_cost3,11,0.0002949631811567141,0.00010462823179374517,0.755547334607558,0.11796036018325191
sphere,log_improvement_movement_cost3,log_improvement_movement_cost3,12,0.0002949631811567141,0.00010462823179374517,0.7735931728635741,0.11440089441340281
sphere,log_improvement_movement_cost3,log_improvement_movement_cost3,13,0.0002949631811567141,0.00010462823179374517,0.790859553483621,0.10883698280389048
sphere,log_improvement_movement_cost3,log_improvement_movement_cost3,14,0.00023621418061543312,9.695768028633005e-05,0.8186950165610897,0.1022089978964005
sphere,log_improvement_movement_cost3,log_improvement_movement_cost3,15,0.00023621418061543312,9.695768028633005e-05,0.8438766283626964,0.1044268554856652
sphere,log_improvement_movement_cost3,log_improvement_movement_cost3,16,0.00012682064601707212,6.200752216341903e-05,0.8694141749666571,0.10282739681397358
sphere,log_improvement_movement_cost3,log_improvement_movement_cost3,17,0.00012682064601707212,6.200752216341903e-05,0.8900887829592946,0.10149117584550704
sphere,log_improvement_movement_cost3,log_improvement_movement_cost3,18,0.00012682064601707212,6.200752216341903e-05,0.9214125576347044,0.10434127277019549
sphere,log_improvement_movement_cost3,log_improvement_movement_cost3,19,0.00012682064601707212,6.200752216341903e-05,0.9423091319561167,0.11396468047071247
sphere,log_improvement_movement_cost3,log_improvement_movement_cost3,20,0.00012682064601707212,6.200752216341903e-05,0.9765586151931295,0.11208675726067208
sphere,log_improvement_movement_cost3,log_improvement_movement_cost3,21,0.00012682064601707212,6.200752216341903e-05,1.0062590043505517,0.10955167958973712
sphere,log_improvement_movement_cost3,log_improvement_movement_cost3,22,0.00010209288636726486,4.3730653243752314e-05,1.0269010850482834,0.11605384476715348
sphere,log_improvement_movement_cost3,log_improvement_movement_cost3,23,0.00010209288636726486,4.3730653243752314e-05,1.0501630721564428,0.10934884591963345
sphere,log_improvement_movement_cost3,log_improvement_movement_cost3,24,0.00010209288636726486,4.3730653243752314e-05,1.0653476769361176,0.10402352794598355
sphere,log_improvement_movement_cost3,log_improvement_movement_cost3,25,0.00010209288636726486,4.3730653243752314e-05,1.076584486861907,0.10496698762775135
sphere,log_improvement_movement_cost3,log_improvement_movement_cost3,26,0.00010209288636726486,4.3730653243752314e-05,1.0883030385259163,0.10876307292848077
sphere,log_improvement_movement_cost3,log_improvement_movement_cost3,27,0.00010209288636726486,4.3730653243752314e-05,1.1052290859625913,0.10573247922076962
sphere,log_improvement_movement_cost3,log_improvement_movement_cost3,28,0.00010209288636726486,4.3730653243752314e-05,1.1321755933294673,0.10226000278896416
sphere,log_improvement_movement_cost3,log_improvement_movement_cost3,29,0.00010209288636726486,4.3730653243752314e-05,1.1616520110763797,0.10287352779998926
sphere,log_improvement_movement_cost3,log_improvement_movement_cost3,30,8.445624934694587e-05,4.5037038153003586e-05,1.180653982250582,0.10505431534969144
sphere,log_improvement_movement_cost3,log_improvement_movement_cost3,31,8.445624934694587e-05,4.5037038153003586e-05,1.2004993419510575,0.10325057324594272
sphere,log_improvement_movement_cost3,log_improvement_movement_cost3,32,8.445624934694587e-05,4.5037038153003586e-05,1.2175279894279627,0.10067490806414617
sphere,log_improvement_movement_cost3,log_improvement_movement_cost3,33,8.445624934694587e-05,4.5037038153003586e-05,1.2294521247800623,0.1030612571183603
sphere,log_improvement_movement_cost3,log_improvement_movement_cost3,34,8.445624934694587e-05,4.5037038153003586e-05,1.2491144758971349,0.10313211461784227
sphere,log_improvement_movement_cost3,log_improvement_movement_cost3,35,8.445624934694587e-05,4.5037038153003586e-05,1.2745880665193934,0.09973002414287994
sphere,log_improvement_movement_cost3,log_improvement_movement_cost3,36,8.445624934694587e-05,4.5037038153003586e-05,1.3048791496454808,0.09816961403764991
sphere,log_improvement_movement_cost3,log_improvement_movement_cost3,37,8.445624934694587e-05,4.5037038153003586e-05,1.324687523350822,0.08853502596748548
sphere,log_improvement_movement_cost3,log_improvement_movement_cost3,38,8.445624934694587e-05,4.5037038153003586e-05,1.337953405070764,0.0933735280032955
sphere,log_improvement_movement_cost3,log_improvement_movement_cost3,39,8.445624934694587e-05,4.5037038153003586e-05,1.3531411756769562,0.09500706122672062
sphere,log_improvement_movement_cost3,log_improvement_movement_cost3,40,8.445624934694587e-05,4.5037038153003586e-05,1.3729224029623193,0.09223706104582492
sphere,log_improvement_movement_cost3,log_improvement_movement_cost3,41,8.445624934694587e-05,4.5037038153003586e-05,1.3928775230998969,0.08677103553562315
sphere,log_improvement_movement_cost3,log_improvement_movement_cost3,42,8.445624934694587e-05,4.5037038153003586e-05,1.4082086806348488,0.08785325549602438
sphere,log_improvement_movement_cost3,log_improvement_movement_cost3,43,8.445624934694587e-05,4.5037038153003586e-05,1.4203366651392162,0.08794527031726825
sphere,log_improvement_movement_cost3,log_improvement_movement_cost3,44,8.445624934694587e-05,4.5037038153003586e-05,1.4355651029177843,0.08834528329564678
sphere,log_improvement_movement_cost3,log_improvement_movement_cost3,45,8.445624934694587e-05,4.5037038153003586e-05,1.4633456096960646,0.09682975731739088
sphere,log_improvement_movement_cost3,log_improvement_movement_cost3,46,8.445624934694587e-05,4.5037038153003586e-05,1.4888513941743513,0.09030186953152147
sphere,log_improvement_movement_cost3,log_improvement_movement_cost3,47,8.445624934694587e-05,4.5037038153003586e-05,1.5025686203188577,0.09007874722728783
sphere,log_improvement_movement_cost3,log_improvement_movement_cost3,48,8.445624934694587e-05,4.5037038153003586e-05,1.528064635955867,0.0909039235658271
sphere,log_improvement_movement_cost3,log_improvement_movement_cost3,49,8.445624934694587e-05,4.5037038153003586e-05,1.5457666794049854,0.09398811949110662
sphere,optimistic_selected,optimistic_improvement_movement_cost2,0,0.09698435617501065,0.06647695237309324,0.34728998527548116,0.12873180283940883
sphere,optimistic_selected,optimistic_improvement_movement_cost2,1,0.036540936059617384,0.04219688936154171,0.4449772644620463,0.1443768922446391
sphere,optimistic_selected,optimistic_improvement_movement_cost2,2,0.02394543572737794,0.02637448828412578,0.48392182738066386,0.1430617535332312
sphere,optimistic_selected,optimistic_improvement_movement_cost2,3,0.0034588173478537314,0.0019746548977077755,0.5385524083711748,0.166340701192026
sphere,optimistic_selected,optimistic_improvement_movement_cost2,4,0.001569523895024332,0.00043122024537721877,0.5793605294385284,0.1693753170349643
sphere,optimistic_selected,optimistic_improvement_movement_cost2,5,0.001216450116432609,0.00015346971744816448,0.5985645808505181,0.17227318638345518
sphere,optimistic_selected,optimistic_improvement_movement_cost2,6,0.0007695563175589147,0.00039247948295634955,0.6304980332600693,0.17538692608124443
sphere,optimistic_selected,optimistic_improvement_movement_cost2,7,0.0005318882196942715,0.0002445391199276219,0.6593916520113211,0.18731263575620244
sphere,optimistic_selected,optimistic_improvement_movement_cost2,8,0.0005318882196942715,0.0002445391199276219,0.6890888787924802,0.17598247581872511
sphere,optimistic_selected,optimistic_improvement_movement_cost2,9,0.0005318882196942715,0.0002445391199276219,0.7142290147655278,0.1660800745907515
sphere,optimistic_selected,optimistic_improvement_movement_cost2,10,0.00033819074780162654,0.000160448934486032,0.733097765934437,0.16393403283003066
sphere,optimistic_selected,optimistic_improvement_movement_cost2,11,0.00033819074780162654,0.000160448934486032,0.7504586055051323,0.15172159072526933
sphere,optimistic_selected,optimistic_improvement_movement_cost2,12,0.00026156432587334154,0.0001298423739037268,0.7649721527763617,0.14490598944676242
sphere,optimistic_selected,optimistic_improvement_movement_cost2,13,0.00026156432587334154,0.0001298423739037268,0.7841706150481033,0.1363873045903983
sphere,optimistic_selected,optimistic_improvement_movement_cost2,14,0.00026156432587334154,0.0001298423739037268,0.8096159199920073,0.1288666683796938
sphere,optimistic_selected,optimistic_improvement_movement_cost2,15,0.00026156432587334154,0.0001298423739037268,0.8313680914033453,0.13149131619748206
sphere,optimistic_selected,optimistic_improvement_movement_cost2,16,9.888986530759814e-05,4.8480154642100046e-05,0.8548763792591965,0.12982465695884038
sphere,optimistic_selected,optimistic_improvement_movement_cost2,17,9.888986530759814e-05,4.8480154642100046e-05,0.8792744335629595,0.1261786601045112
sphere,optimistic_selected,optimistic_improvement_movement_cost2,18,9.888986530759814e-05,4.8480154642100046e-05,0.907171846644126,0.12854943828557447
sphere,optimistic_selected,optimistic_improvement_movement_cost2,19,9.888986530759814e-05,4.8480154642100046e-05,0.9280431485503845,0.13177942909146045
sphere,optimistic_selected,optimistic_improvement_movement_cost2,20,9.888986530759814e-05,4.8480154642100046e-05,0.9642918919704989,0.12584689166450008
sphere,optimistic_selected,optimistic_improvement_movement_cost2,21,9.888986530759814e-05,4.8480154642100046e-05,0.9966531663206281,0.12105145596819299
sphere,optimistic_selected,optimistic_improvement_movement_cost2,22,9.888986530759814e-05,4.8480154642100046e-05,1.0192609342656185,0.12206677417498851
sphere,optimistic_selected,optimistic_improvement_movement_cost2,23,9.888986530759814e-05,4.8480154642100046e-05,1.0409809346123682,0.11700503244812573
sphere,optimistic_selected,optimistic_improvement_movement_cost2,24,9.888986530759814e-05,4.8480154642100046e-05,1.0562377145387487,0.11263169376433473
sphere,optimistic_selected,optimistic_improvement_movement_cost2,25,9.888986530759814e-05,4.8480154642100046e-05,1.0687285886197422,0.11443661103399949
sphere,optimistic_selected,optimistic_improvement_movement_cost2,26,9.888986530759814e-05,4.8480154642100046e-05,1.0804505593501734,0.11600297792139055
sphere,optimistic_selected,optimistic_improvement_movement_cost2,27,9.888986530759814e-05,4.8480154642100046e-05,1.0994280839727912,0.11331410098155499
sphere,optimistic_selected,optimistic_improvement_movement_cost2,28,9.888986530759814e-05,4.8480154642100046e-05,1.1256826564429492,0.10973885175802535
sphere,optimistic_selected,optimistic_improvement_movement_cost2,29,9.888986530759814e-05,4.8480154642100046e-05,1.1545038781893735,0.11138730028930201
sphere,optimistic_selected,optimistic_improvement_movement_cost2,30,7.968657775714614e-05,4.806379701221234e-05,1.170023304020739,0.11398833438999185
sphere,optimistic_selected,optimistic_improvement_movement_cost2,31,7.968657775714614e-05,4.806379701221234e-05,1.189913921236609,0.11137159925826066
sphere,optimistic_selected,optimistic_improvement_movement_cost2,32,7.968657775714614e-05,4.806379701221234e-05,1.2098125768562629,0.10677275971931614
sphere,optimistic_selected,optimistic_improvement_movement_cost2,33,7.968657775714614e-05,4.806379701221234e-05,1.2177846401045445,0.11013689101605824
sphere,optimistic_selected,optimistic_improvement_movement_cost2,34,7.968657775714614e-05,4.806379701221234e-05,1.2361205446714527,0.10812784432908845
sphere,optimistic_selected,optimistic_improvement_movement_cost2,35,7.968657775714614e-05,4.806379701221234e-05,1.261047446302899,0.10401191093626964
sphere,optimistic_selected,optimistic_improvement_movement_cost2,36,7.968657775714614e-05,4.806379701221234e-05,1.2918884303024323,0.10356060007668688
sphere,optimistic_selected,optimistic_improvement_movement_cost2,37,7.968657775714614e-05,4.806379701221234e-05,1.3112357240151373,0.09687582014407893
sphere,optimistic_selected,optimistic_improvement_movement_cost2,38,7.968657775714614e-05,4.806379701221234e-05,1.324808737430243,0.09773644415609524
sphere,optimistic_selected,optimistic_improvement_movement_cost2,39,7.968657775714614e-05,4.806379701221234e-05,1.340850744626164,0.09979207331976599
sphere,optimistic_selected,optimistic_improvement_movement_cost2,40,7.968657775714614e-05,4.806379701221234e-05,1.359638089705766,0.1007249205354292
sphere,optimistic_selected,optimistic_improvement_movement_cost2,41,7.968657775714614e-05,4.806379701221234e-05,1.3841214616772277,0.09641032017094622
sphere,optimistic_selected,optimistic_improvement_movement_cost2,42,7.968657775714614e-05,4.806379701221234e-05,1.403331699613484,0.09921693170696888
sphere,optimistic_selected,optimistic_improvement_movement_cost2,43,7.968657775714614e-05,4.806379701221234e-05,1.4187226043183214,0.09932341261161684
sphere,optimistic_selected,optimistic_improvement_movement_cost2,44,7.968657775714614e-05,4.806379701221234e-05,1.4359527752838719,0.1012795596092534
sphere,optimistic_selected,optimistic_improvement_movement_cost2,45,7.968657775714614e-05,4.806379701221234e-05,1.4622775888197548,0.11014584675430884
sphere,optimistic_selected,optimistic_improvement_movement_cost2,46,7.968657775714614e-05,4.806379701221234e-05,1.48709324028927,0.10153887199738314
sphere,optimistic_selected,optimistic_improvement_movement_cost2,47,7.968657775714614e-05,4.806379701221234e-05,1.5018535300821014,0.10150098792764069
sphere,optimistic_selected,optimistic_improvement_movement_cost2,48,7.968657775714614e-05,4.806379701221234e-05,1.5287145485083826,0.10280592333797377
sphere,optimistic_selected,optimistic_improvement_movement_cost2,49,7.968657775714614e-05,4.806379701221234e-05,1.5465151466384957,0.10553529296713095
sphere,budgeted_exploration,budgeted_exploration,0,0.10398723294627508,0.06956762221706213,0.3454263484015104,0.14222312224959646
sphere,budgeted_exploration,budgeted_exploration,1,0.04287270097779463,0.049073659834624826,0.4235841257337927,0.1300183068393996
sphere,budgeted_exploration,budgeted_exploration,2,0.014846890435774923,0.009574803036050428,0.5018673334071518,0.13838263612833104
sphere,budgeted_exploration,budgeted_exploration,3,0.003383381542917211,0.0021144565614579333,0.5686636987043469,0.1631936324720299
sphere,budgeted_exploration,budgeted_exploration,4,0.0021514803222694038,0.0009389220675773121,0.6057955885097496,0.15613739091704712
sphere,budgeted_exploration,budgeted_exploration,5,0.001390694869249895,0.0009333275591483029,0.6375877443134836,0.15705828907378683
sphere,budgeted_exploration,budgeted_exploration,6,0.001390694869249895,0.0009333275591483029,0.6689588082164118,0.1609192059309574
sphere,budgeted_exploration,budgeted_exploration,7,0.00074824729097134,0.00012834610010761642,0.7190793079951368,0.1693986307298309
sphere,budgeted_exploration,budgeted_exploration,8,0.0006288704674057798,0.00016002425674827497,0.756231386166779,0.15050486521137932
sphere,budgeted_exploration,budgeted_exploration,9,0.0003502428279312995,0.0001759059183940462,0.7887681165675721,0.13735341568762785
sphere,budgeted_exploration,budgeted_exploration,10,0.0003502428279312995,0.0001759059183940462,0.8160781491988806,0.12851459345059135
sphere,budgeted_exploration,budgeted_exploration,11,0.0003502428279312995,0.0001759059183940462,0.842521547970701,0.11732590800031807
sphere,budgeted_exploration,budgeted_exploration,12,0.00031972397178094434,0.00013989693581280567,0.8671298527610268,0.11450273080519625
sphere,budgeted_exploration,budgeted_exploration,13,0.00031972397178094434,0.00013989693581280567,0.8866036544396428,0.11061354647612871
sphere,budgeted_exploration,budgeted_exploration,14,0.00031972397178094434,0.00013989693581280567,0.9174751167642564,0.09908858754484083
sphere,budgeted_exploration,budgeted_exploration,15,0.00028415118871717693,0.00014187966368267298,0.943469957638367,0.0950066182864452
sphere,budgeted_exploration,budgeted_exploration,16,0.00024125286328607114,8.59782768081886e-05,0.9698111472802088,0.09201190030608589
sphere,budgeted_exploration,budgeted_exploration,17,0.00024125286328607114,8.59782768081886e-05,0.9928475454673164,0.09259600489213622
sphere,budgeted_exploration,budgeted_exploration,18,0.00024125286328607114,8.59782768081886e-05,1.0148261158277962,0.09431827969321976
sphere,budgeted_exploration,budgeted_exploration,19,0.00024125286328607114,8.59782768081886e-05,1.034771989162115,0.09047073087866105
sphere,budgeted_exploration,budgeted_exploration,20,0.00024125286328607114,8.59782768081886e-05,1.070987195514644,0.08710694308433703
sphere,budgeted_exploration,budgeted_exploration,21,0.00024125286328607114,8.59782768081886e-05,1.102713259502428,0.08425898949784082
sphere,budgeted_exploration,budgeted_exploration,22,0.0002407725635968957,8.598390469406067e-05,1.1237259972393143,0.09128213678208215
sphere,budgeted_exploration,budgeted_exploration,23,0.0002407725635968957,8.598390469406067e-05,1.1461244431468798,0.08456256357103967
sphere,budgeted_exploration,budgeted_exploration,24,0.0002407725635968957,8.598390469406067e-05,1.1599894489390314,0.07779667728165232
sphere,budgeted_exploration,budgeted_exploration,25,0.0002407725635968957,8.598390469406067e-05,1.1720838601838657,0.08205190699738511
sphere,budgeted_exploration,budgeted_exploration,26,0.0001902442005099018,4.22252017788414e-05,1.1844109680259571,0.08016361289594962
sphere,budgeted_exploration,budgeted_exploration,27,0.0001902442005099018,4.22252017788414e-05,1.2033788797497853,0.0787648630058149
sphere,budgeted_exploration,budgeted_exploration,28,0.0001902442005099018,4.22252017788414e-05,1.2296543710914647,0.07629535515017621
sphere,budgeted_exploration,budgeted_exploration,29,0.00012737744601271233,5.934122113380871e-05,1.2590489207951439,0.07933060881580367
sphere,budgeted_exploration,budgeted_exploration,30,0.00012737744601271233,5.934122113380871e-05,1.2774612579951865,0.07884193356448235
sphere,budgeted_exploration,budgeted_exploration,31,0.00012737744601271233,5.934122113380871e-05,1.2978898986955845,0.0735226314837684
sphere,budgeted_exploration,budgeted_exploration,32,0.00012737744601271233,5.934122113380871e-05,1.3132971151793453,0.0731224396210015
sphere,budgeted_exploration,budgeted_exploration,33,0.00012737744601271233,5.934122113380871e-05,1.3268189717773762,0.07469469700940676
sphere,budgeted_exploration,budgeted_exploration,34,0.00012737744601271233,5.934122113380871e-05,1.347102782441306,0.07767591769698139
sphere,budgeted_exploration,budgeted_exploration,35,0.00012737744601271233,5.934122113380871e-05,1.3716884468654944,0.07972816421666153
sphere,budgeted_exploration,budgeted_exploration,36,0.00012737744601271233,5.934122113380871e-05,1.4015426031467169,0.07574934436221684
sphere,budgeted_exploration,budgeted_exploration,37,0.00012737744601271233,5.934122113380871e-05,1.42385410325281,0.0624548393515476
sphere,budgeted_exploration,budgeted_exploration,38,0.00012737744601271233,5.934122113380871e-05,1.4362732501920084,0.06735594067958202
sphere,budgeted_exploration,budgeted_exploration,39,0.00012737744601271233,5.934122113380871e-05,1.4508363235588153,0.06783478256890468
sphere,budgeted_exploration,budgeted_exploration,40,0.00012737744601271233,5.934122113380871e-05,1.4688872382214324,0.06671116554961075
sphere,budgeted_exploration,budgeted_exploration,41,0.00012737744601271233,5.934122113380871e-05,1.4876346204731348,0.060916767725490026
sphere,budgeted_exploration,budgeted_exploration,42,0.00012737744601271233,5.934122113380871e-05,1.5102273149268666,0.05674590972799608
sphere,budgeted_exploration,budgeted_exploration,43,0.00012737744601271233,5.934122113380871e-05,1.5269843326988572,0.057129223128910715
sphere,budgeted_exploration,budgeted_exploration,44,0.00012737744601271233,5.934122113380871e-05,1.5469478166027528,0.05982822882546605
sphere,budgeted_exploration,budgeted_exploration,45,0.00012737744601271233,5.934122113380871e-05,1.5812625162108518,0.06953534356432407
sphere,budgeted_exploration,budgeted_exploration,46,0.00012737744601271233,5.934122113380871e-05,1.6056063954270277,0.06617485094843202
sphere,budgeted_exploration,budgeted_exploration,47,0.00012737744601271233,5.934122113380871e-05,1.6226326763651475,0.06585600046404272
sphere,budgeted_exploration,budgeted_exploration,48,0.00012737744601271233,5.934122113380871e-05,1.6478547893010471,0.06889618935021184
sphere,budgeted_exploration,budgeted_exploration,49,0.00012737744601271233,5.934122113380871e-05,1.6636845028898897,0.06860935671391906
sphere,lookahead_budgeted_exploration,lookahead_budgeted_exploration,0,0.12572241363843586,0.09142039363424737,0.3540230380293272,0.14488995463514143
sphere,lookahead_budgeted_exploration,lookahead_budgeted_exploration,1,0.06271931201938331,0.06742468371604006,0.44849357782414084,0.14218242848642748
sphere,lookahead_budgeted_exploration,lookahead_budgeted_exploration,2,0.0036839601298095715,0.002760330017059206,0.5755876595565597,0.22395838457018621
sphere,lookahead_budgeted_exploration,lookahead_budgeted_exploration,3,0.002556166970017626,0.0011714982348400094,0.6292367042535206,0.22211255820614462
sphere,lookahead_budgeted_exploration,lookahead_budgeted_exploration,4,0.002556166970017626,0.0011714982348400094,0.6759409132605363,0.22541068243596296
sphere,lookahead_budgeted_exploration,lookahead_budgeted_exploration,5,0.002556166970017626,0.0011714982348400094,0.7397165808691882,0.21454277988402537
sphere,lookahead_budgeted_exploration,lookahead_budgeted_exploration,6,0.0013040991692724532,0.00047138095615014265,0.7914545611922085,0.2483614744406152
sphere,lookahead_budgeted_exploration,lookahead_budgeted_exploration,7,0.0008393968873575456,0.0002729745671806118,0.835642934234112,0.2606039268359251
sphere,lookahead_budgeted_exploration,lookahead_budgeted_exploration,8,0.0007905518251293755,0.00021684291819072996,0.8718119806137512,0.24830224964685813
sphere,lookahead_budgeted_exploration,lookahead_budgeted_exploration,9,0.0007905518251293755,0.00021684291819072996,0.9029858153813707,0.2443997297723028
sphere,lookahead_budgeted_exploration,lookahead_budgeted_exploration,10,0.0006842248669038319,0.000264806597230061,0.9288291716426987,0.250543390903337
sphere,lookahead_budgeted_exploration,lookahead_budgeted_exploration,11,0.0006842248669038319,0.000264806597230061,0.9500599470038109,0.2533673022412545
sphere,lookahead_budgeted_exploration,lookahead_budgeted_exploration,12,0.0006842248669038319,0.000264806597230061,0.9723440565091531,0.24761417494986707
sphere,lookahead_budgeted_exploration,lookahead_budgeted_exploration,13,0.0005942591098487202,0.0003535373533538151,0.9920041526302593,0.256684591835444
sphere,lookahead_budgeted_exploration,lookahead_budgeted_exploration,14,0.0005942591098487202,0.0003535373533538151,1.0108585701678063,0.24754584358236473
sphere,lookahead_budgeted_exploration,lookahead_budgeted_exploration,15,0.0005942591098487202,0.0003535373533538151,1.0234342522484945,0.24951016357291655
sphere,lookahead_budgeted_exploration,lookahead_budgeted_exploration,16,0.0005942591098487202,0.0003535373533538151,1.0412064894047033,0.24524144179686871
sphere,lookahead_budgeted_exploration,lookahead_budgeted_exploration,17,0.0005942591098487202,0.0003535373533538151,1.0650977913532762,0.23785595878341417
sphere,lookahead_budgeted_exploration,lookahead_budgeted_exploration,18,0.0005942591098487202,0.0003535373533538151,1.0905468529341111,0.2494827466217104
sphere,lookahead_budgeted_exploration,lookahead_budgeted_exploration,19,0.0005859992392471891,0.0003628341921791478,1.1093395909753554,0.2537371086582357
sphere,lookahead_budgeted_exploration,lookahead_budgeted_exploration,20,0.00028707116570294867,0.00016914239082736426,1.1390045577927024,0.2535538548354381
sphere,lookahead_budgeted_exploration,lookahead_budgeted_exploration,21,0.00022589730835748386,0.00014514749559790748,1.162764998832868,0.25924509757669384
sphere,lookahead_budgeted_exploration,lookahead_budgeted_exploration,22,0.00022589730835748386,0.00014514749559790748,1.1914849539453893,0.26461618401457565
sphere,lookahead_budgeted_exploration,lookahead_budgeted_exploration,23,0.00022589730835748386,0.00014514749559790748,1.2239157807656271,0.24818827370092958
sphere,lookahead_budgeted_exploration,lookahead_budgeted_exploration,24,0.00022589730835748386,0.00014514749559790748,1.247558335403131,0.24528509014694916
sphere,lookahead_budgeted_exploration,lookahead_budgeted_exploration,25,0.00013378392727231249,3.114536820886629e-05,1.2595631059906929,0.24450293091001704
sphere,lookahead_budgeted_exploration,lookahead_budgeted_exploration,26,0.00011845568020089573,5.271833620398968e-05,1.2765892437186384,0.2429737110282565
sphere,lookahead_budgeted_exploration,lookahead_budgeted_exploration,27,0.00011845568020089573,5.271833620398968e-05,1.2977880415356484,0.23576674442463344
sphere,lookahead_budgeted_exploration,lookahead_budgeted_exploration,28,0.00011845568020089573,5.271833620398968e-05,1.3321179391233962,0.23752986314163732
sphere,lookahead_budgeted_exploration,lookahead_budgeted_exploration,29,0.00011845568020089573,5.271833620398968e-05,1.367353805680889,0.22768679226106026
sphere,lookahead_budgeted_exploration,lookahead_budgeted_exploration,30,0.00011845568020089573,5.271833620398968e-05,1.3988932445555868,0.21807794306628506
sphere,lookahead_budgeted_exploration,lookahead_budgeted_exploration,31,0.00011845568020089573,5.271833620398968e-05,1.4267960972245846,0.21359626023893308
sphere,lookahead_budgeted_exploration,lookahead_budgeted_exploration,32,0.00011845568020089573,5.271833620398968e-05,1.4551611909104694,0.20581757871729575
sphere,lookahead_budgeted_exploration,lookahead_budgeted_exploration,33,0.00011845568020089573,5.271833620398968e-05,1.481652515246316,0.1973959870138481
sphere,lookahead_budgeted_exploration,lookahead_budgeted_exploration,34,0.00011845568020089573,5.271833620398968e-05,1.5039043357337283,0.19561919710538095
sphere,lookahead_budgeted_exploration,lookahead_budgeted_exploration,35,0.00011845568020089573,5.271833620398968e-05,1.5230880015354618,0.1943056534564606
sphere,lookahead_budgeted_exploration,lookahead_budgeted_exploration,36,0.00011845568020089573,5.271833620398968e-05,1.5594212506063008,0.18989209233941945
sphere,lookahead_budgeted_exploration,lookahead_budgeted_exploration,37,0.00011807902442269418,5.3249509296964056e-05,1.5712548583981623,0.19118604612956433
sphere,lookahead_budgeted_exploration,lookahead_budgeted_exploration,38,0.00011807902442269418,5.3249509296964056e-05,1.5850517465165028,0.18751226732576165
sphere,lookahead_budgeted_exploration,lookahead_budgeted_exploration,39,0.00011807902442269418,5.3249509296964056e-05,1.6127056966704705,0.17773289689016766
sphere,lookahead_budgeted_exploration,lookahead_budgeted_exploration,40,0.00011807902442269418,5.3249509296964056e-05,1.6547026859623397,0.15737284923810604
sphere,lookahead_budgeted_exploration,lookahead_budgeted_exploration,41,0.00011807902442269418,5.3249509296964056e-05,1.6821947756680373,0.15238121881613723
sphere,lookahead_budgeted_exploration,lookahead_budgeted_exploration,42,0.00011807902442269418,5.3249509296964056e-05,1.6979470368686593,0.1483540502614957
sphere,lookahead_budgeted_exploration,lookahead_budgeted_exploration,43,0.00011807902442269418,5.3249509296964056e-05,1.712999012769595,0.1532632948841072
sphere,lookahead_budgeted_exploration,lookahead_budgeted_exploration,44,0.00011807902442269418,5.3249509296964056e-05,1.7357396481021246,0.15503855003968942
sphere,lookahead_budgeted_exploration,lookahead_budgeted_exploration,45,0.00011807902442269418,5.3249509296964056e-05,1.7619871351093526,0.16415059252852848
sphere,lookahead_budgeted_exploration,lookahead_budgeted_exploration,46,0.00011807902442269418,5.3249509296964056e-05,1.778084916966673,0.16422477439056835
sphere,lookahead_budgeted_exploration,lookahead_budgeted_exploration,47,0.00011807902442269418,5.3249509296964056e-05,1.8067267160584375,0.15678904161509205
sphere,lookahead_budgeted_exploration,lookahead_budgeted_exploration,48,0.00011807902442269418,5.3249509296964056e-05,1.8366311978079572,0.1568160739581551
sphere,lookahead_budgeted_exploration,lookahead_budgeted_exploration,49,0.00011807902442269418,5.3249509296964056e-05,1.8557594741479935,0.15394971302641733
sum_square,pure_bo,pure_bo,0,0.037840626688896824,0.027684612947392537,0.3627127809078754,0.10022373594575153
sum_square,pure_bo,pure_bo,1,0.017895147506624798,0.005742693105229433,0.5480163851089189,0.05453821021359041
sum_square,pure_bo,pure_bo,2,0.017895147506624798,0.005742693105229433,0.7572175960258202,0.13344369241584758
sum_square,pure_bo,pure_bo,3,0.017895147506624798,0.005742693105229433,1.4671198897141704,0.119654759625406
sum_square,pure_bo,pure_bo,4,0.017895147506624798,0.005742693105229433,2.4952832276631125,0.12126555426026092
sum_square,pure_bo,pure_bo,5,0.017895147506624798,0.005742693105229433,3.332799637810448,0.26796917133524706
sum_square,pure_bo,pure_bo,6,0.017895147506624798,0.005742693105229433,4.415548279120712,0.25699962111057334
sum_square,pure_bo,pure_bo,7,0.012260067470041136,0.003147941037869554,5.1791783961857485,0.2349536647894971
sum_square,pure_bo,pure_bo,8,0.012260067470041136,0.003147941037869554,5.558142856189832,0.4047810069350121
sum_square,pure_bo,pure_bo,9,0.012260067470041136,0.003147941037869554,6.1228377825554405,0.6026734515115209
sum_square,pure_bo,pure_bo,10,0.012260067470041136,0.003147941037869554,6.626804883038926,0.4571120628178558
sum_square,pure_bo,pure_bo,11,0.012260067470041136,0.003147941037869554,7.4150739343407395,0.18197533931502785
sum_square,pure_bo,pure_bo,12,0.012260067470041136,0.003147941037869554,7.966350653917029,0.20499624296349425
sum_square,pure_bo,pure_bo,13,0.012260067470041136,0.003147941037869554,8.680481743647247,0.1304793684862002
sum_square,pure_bo,pure_bo,14,0.012260067470041136,0.003147941037869554,9.57968077623279,0.29293407516221076
sum_square,pure_bo,pure_bo,15,0.012260067470041136,0.003147941037869554,10.251310113083283,0.49795322706339723
sum_square,pure_bo,pure_bo,16,0.012260067470041136,0.003147941037869554,10.954345059848244,0.4475667676309355
sum_square,pure_bo,pure_bo,17,0.012260067470041136,0.003147941037869554,11.560488283240032,0.5710455495433545
sum_square,pure_bo,pure_bo,18,0.012260067470041136,0.003147941037869554,12.109002880447216,0.7054806139672087
sum_square,pure_bo,pure_bo,19,0.012260067470041136,0.003147941037869554,12.67861626867105,0.7922162100406189
sum_square,pure_bo,pure_bo,20,0.012260067470041136,0.003147941037869554,13.42809568370405,0.784465792999156
sum_square,pure_bo,pure_bo,21,0.012260067470041136,0.003147941037869554,14.024241315755155,0.6309563256828237
sum_square,pure_bo,pure_bo,22,0.012260067470041136,0.003147941037869554,14.612358016773557,0.9221398270610879
sum_square,pure_bo,pure_bo,23,0.012260067470041136,0.003147941037869554,15.44358904692499,0.9780396017362922
sum_square,pure_bo,pure_bo,24,0.012260067470041136,0.003147941037869554,15.871865255087974,1.1781912267636625
sum_square,pure_bo,pure_bo,25,0.012260067470041136,0.003147941037869554,16.112950072654524,1.4413959880751044
sum_square,pure_bo,pure_bo,26,0.012260067470041136,0.003147941037869554,16.24953965403994,1.6035688373620358
sum_square,pure_bo,pure_bo,27,0.012260067470041136,0.003147941037869554,16.547593378787003,1.9768856992908825
sum_square,pure_bo,pure_bo,28,0.012260067470041136,0.003147941037869554,16.547593378787003,1.9768856992908825
sum_square,pure_bo,pure_bo,29,0.012260067470041136,0.003147941037869554,16.547593378787003,1.9768856992908825
sum_square,pure_bo,pure_bo,30,0.012260067470041136,0.003147941037869554,16.547593378787003,1.9768856992908825
sum_square,pure_bo,pure_bo,31,0.012260067470041136,0.003147941037869554,16.547593378787003,1.9768856992908825
sum_square,pure_bo,pure_bo,32,0.012260067470041136,0.003147941037869554,16.547593378787003,1.9768856992908825
sum_square,pure_bo,pure_bo,33,0.012260067470041136,0.003147941037869554,16.821779814223817,2.334842065098172
sum_square,pure_bo,pure_bo,34,0.012260067470041136,0.003147941037869554,17.09596624966063,2.701038814114519
sum_square,pure_bo,pure_bo,35,0.012260067470041136,0.003147941037869554,17.09596624966063,2.701038814114519
sum_square,pure_bo,pure_bo,36,0.012260067470041136,0.003147941037869554,17.09596624966063,2.701038814114519
sum_square,pure_bo,pure_bo,37,0.012260067470041136,0.003147941037869554,17.09596624966063,2.701038814114519
sum_square,pure_bo,pure_bo,38,0.012260067470041136,0.003147941037869554,17.09596624966063,2.701038814114519
sum_square,pure_bo,pure_bo,39,0.012260067470041136,0.003147941037869554,17.09596624966063,2.701038814114519
sum_square,pure_bo,pure_bo,40,0.012260067470041136,0.003147941037869554,17.09596624966063,2.701038814114519
sum_square,pure_bo,pure_bo,41,0.012260067470041136,0.003147941037869554,17.09596624966063,2.701038814114519
sum_square,pure_bo,pure_bo,42,0.012260067470041136,0.003147941037869554,17.09596624966063,2.701038814114519
sum_square,pure_bo,pure_bo,43,0.012260067470041136,0.003147941037869554,17.09596624966063,2.701038814114519
sum_square,pure_bo,pure_bo,44,0.012260067470041136,0.003147941037869554,17.09596624966063,2.701038814114519
sum_square,pure_bo,pure_bo,45,0.012260067470041136,0.003147941037869554,17.09596624966063,2.701038814114519
sum_square,pure_bo,pure_bo,46,0.012260067470041136,0.003147941037869554,17.09596624966063,2.701038814114519
sum_square,pure_bo,pure_bo,47,0.012260067470041136,0.003147941037869554,17.09596624966063,2.701038814114519
sum_square,pure_bo,pure_bo,48,0.012260067470041136,0.003147941037869554,17.09596624966063,2.701038814114519
sum_square,pure_bo,pure_bo,49,0.012260067470041136,0.003147941037869554,17.304152480047232,2.6544404424016568
sum_square,earlbo,earlbo,0,0.1136972051060981,0.08002728338658205,0.36486811628686383,0.03687732548820173
sum_square,earlbo,earlbo,1,0.031843593236300545,0.01933656646934432,0.4643171600977549,0.04999751927567447
sum_square,earlbo,earlbo,2,0.006436740391874195,0.002629712246223567,0.5291715970261165,0.039939804599487094
sum_square,earlbo,earlbo,3,0.004241754071695337,0.0016954363613314398,0.5648837053788649,0.03924424992187314
sum_square,earlbo,earlbo,4,0.004241754071695337,0.0016954363613314398,0.6038878859818957,0.02583094809968715
sum_square,earlbo,earlbo,5,0.0026782061832907986,0.0013918109418623438,0.647207032073601,0.028830533958063953
sum_square,earlbo,earlbo,6,0.0018638542793780477,0.0008675508512958432,0.68067237164598,0.027408189162103393
sum_square,earlbo,earlbo,7,0.0018638542793780477,0.0008675508512958432,0.7645576434229103,0.0214311934291746
sum_square,earlbo,earlbo,8,0.0017833115759743913,0.0009640177864934232,0.8711281072569736,0.07406504305668395
sum_square,earlbo,earlbo,9,0.0017833115759743913,0.0009640177864934232,0.9632845722467599,0.07023726276925316
sum_square,earlbo,earlbo,10,0.0017833115759743913,0.0009640177864934232,1.0181012253312571,0.052497202414685376
sum_square,earlbo,earlbo,11,0.0016747215888475407,0.0008341382582312444,1.1164648408310944,0.0170103225592102
sum_square,earlbo,earlbo,12,0.0016747215888475407,0.0008341382582312444,1.2212565294922093,0.038684611269680765
sum_square,earlbo,earlbo,13,0.0009652948775055889,0.0005750424311947547,1.2992171888483086,0.04128432043449927
sum_square,earlbo,earlbo,14,0.0009652948775055889,0.0005750424311947547,1.4088149971668706,0.08288996932886765
sum_square,earlbo,earlbo,15,0.0009652948775055889,0.0005750424311947547,1.486036758889867,0.10892085626348602
sum_square,earlbo,earlbo,16,0.0009652948775055889,0.0005750424311947547,1.548375617108147,0.13811360079378412
sum_square,earlbo,earlbo,17,0.0009652948775055889,0.0005750424311947547,1.6189288436232914,0.16359396334336138
sum_square,earlbo,earlbo,18,0.0009652948775055889,0.0005750424311947547,1.6731586520612225,0.1930417248965385
sum_square,earlbo,earlbo,19,0.0009652948775055889,0.0005750424311947547,1.7533151903376536,0.20714116527229945
sum_square,earlbo,earlbo,20,0.000644228526925463,0.0001255800996386953,1.7941996004664162,0.19431078513383332
sum_square,earlbo,earlbo,21,0.000644228526925463,0.0001255800996386953,1.8676060851559706,0.21475691829325105
sum_square,earlbo,earlbo,22,0.000644228526925463,0.0001255800996386953,1.945535094970498,0.19884011607722732
sum_square,earlbo,earlbo,23,0.000644228526925463,0.0001255800996386953,2.025261433607019,0.20365564519340607
sum_square,earlbo,earlbo,24,0.000644228526925463,0.0001255800996386953,2.0734962122391516,0.18997562914989424
sum_square,earlbo,earlbo,25,0.000644228526925463,0.0001255800996386953,2.1646140285565783,0.18591371152195907
sum_square,earlbo,earlbo,26,0.000644228526925463,0.0001255800996386953,2.2538042143098145,0.18916680019520934
sum_square,earlbo,earlbo,27,0.000644228526925463,0.0001255800996386953,2.364381115197757,0.18672941518365163
sum_square,earlbo,earlbo,28,0.000644228526925463,0.0001255800996386953,2.4935902430740984,0.1870782817909147
sum_square,earlbo,earlbo,29,0.000644228526925463,0.0001255800996386953,2.5717952513365665,0.19276670720550235
sum_square,earlbo,earlbo,30,0.000644228526925463,0.0001255800996386953,2.664321934922247,0.20547929732733392
sum_square,earlbo,earlbo,31,0.000644228526925463,0.0001255800996386953,2.7464541368578836,0.16163917885214438
sum_square,earlbo,earlbo,32,0.000644228526925463,0.0001255800996386953,2.8653747822975077,0.11046419261460114
sum_square,earlbo,earlbo,33,0.000644228526925463,0.0001255800996386953,2.9630336954278236,0.09247107350192064
sum_square,earlbo,earlbo,34,0.000644228526925463,0.0001255800996386953,3.0606176219913563,0.07832233450037968
sum_square,earlbo,earlbo,35,0.000644228526925463,0.0001255800996386953,3.153917741189925,0.12467179198233615
sum_square,earlbo,earlbo,36,0.000644228526925463,0.0001255800996386953,3.219342646634082,0.141081419225627
sum_square,earlbo,earlbo,37,0.000644228526925463,0.0001255800996386953,3.313941502604052,0.17990583877260116
sum_square,earlbo,earlbo,38,0.000644228526925463,0.0001255800996386953,3.433936121549961,0.19358847103833918
sum_square,earlbo,earlbo,39,0.000644228526925463,0.0001255800996386953,3.5570104340503157,0.1800804352358587
sum_square,earlbo,earlbo,40,0.000644228526925463,0.0001255800996386953,3.667210582361258,0.154910508601945
sum_square,earlbo,earlbo,41,0.000644228526925463,0.0001255800996386953,3.7689245349493947,0.14779331853169653
sum_square,earlbo,earlbo,42,0.000644228526925463,0.0001255800996386953,3.8637768693980123,0.12693978716630153
sum_square,earlbo,earlbo,43,0.000644228526925463,0.0001255800996386953,3.955730830241803,0.10640957467032384
sum_square,earlbo,earlbo,44,0.000644228526925463,0.0001255800996386953,4.047943700647441,0.09887992701879418
sum_square,earlbo,earlbo,45,0.000644228526925463,0.0001255800996386953,4.136676868508942,0.0862412056079957
sum_square,earlbo,earlbo,46,0.000644228526925463,0.0001255800996386953,4.210385701372816,0.08193107203520114
sum_square,earlbo,earlbo,47,0.000644228526925463,0.0001255800996386953,4.309420710534998,0.072669104705608
sum_square,earlbo,earlbo,48,0.0004697716059967717,0.0001325031861305518,4.415845831004411,0.0871327485457446
sum_square,earlbo,earlbo,49,0.0004697716059967717,0.0001325031861305518,4.480352437797678,0.09435530539926806
sum_square,snake,snake,0,0.11151705459006005,0.07357053193906371,0.3358638858972802,0.06153880160735923
sum_square,snake,snake,1,0.08894447598925519,0.05881496179749702,0.4307553837914339,0.09210409496926777
sum_square,snake,snake,2,0.030112643250370844,0.018315996029092632,0.4905174311457448,0.10290955018419068
sum_square,snake,snake,3,0.003770125662700835,0.0011928378786292338,0.5454215304925837,0.08568366725750583
sum_square,snake,snake,4,0.0034903575292259408,0.0015840234070931664,0.6056066350058678,0.1185077386520287
sum_square,snake,snake,5,0.002278285995071085,0.001834808221960169,0.6692604493051876,0.1689647837994742
sum_square,snake,snake,6,0.0014193577464024526,0.0006471871455210924,0.7048686056847874,0.1777288467301416
sum_square,snake,snake,7,0.0014193577464024526,0.0006471871455210924,0.7888568888596402,0.17578824164562343
sum_square,snake,snake,8,0.0014193577464024526,0.0006471871455210924,0.917568436252821,0.1942076348643184
sum_square,snake,snake,9,0.0014193577464024526,0.0006471871455210924,1.0412520127931173,0.22280450106637695
sum_square,snake,snake,10,0.0014193577464024526,0.0006471871455210924,1.1570017066891263,0.2370099537453163
sum_square,snake,snake,11,0.0014193577464024526,0.0006471871455210924,1.2366515506407554,0.23526955114325573
sum_square,snake,snake,12,0.0014193577464024526,0.0006471871455210924,1.332468499338592,0.27505311458867865
sum_square,snake,snake,13,0.0014193577464024526,0.0006471871455210924,1.3979921319681914,0.30113589953243886
sum_square,snake,snake,14,0.0014193577464024526,0.0006471871455210924,1.4707118030318675,0.3285543045488041
sum_square,snake,snake,15,0.0014193577464024526,0.0006471871455210924,1.541878928346269,0.32128338678868545
sum_square,snake,snake,16,0.0014193577464024526,0.0006471871455210924,1.6601862403120737,0.29295828491023884
sum_square,snake,snake,17,0.0014193577464024526,0.0006471871455210924,1.7505208304341087,0.30336054008477475
sum_square,snake,snake,18,0.0014193577464024526,0.0006471871455210924,1.8806797139013802,0.27581151616841776
sum_square,snake,snake,19,0.0014193577464024526,0.0006471871455210924,1.9676050684781892,0.22251454705050142
sum_square,snake,snake,20,0.0014193577464024526,0.0006471871455210924,2.059186422219114,0.22812354706754626
sum_square,snake,snake,21,0.0014193577464024526,0.0006471871455210924,2.184848351567163,0.21503606458880378
sum_square,snake,snake,22,0.0014193577464024526,0.0006471871455210924,2.3270997998217484,0.13752716165678808
sum_square,snake,snake,23,0.0014193577464024526,0.0006471871455210924,2.39124735904706,0.1458684811609343
sum_square,snake,snake,24,0.0014193577464024526,0.0006471871455210924,2.492085202285794,0.10628265346277976
sum_square,snake,snake,25,0.0014193577464024526,0.0006471871455210924,2.5914650352444073,0.0958915672879756
sum_square,snake,snake,26,0.0014193577464024526,0.0006471871455210924,2.6858946762505176,0.13833188041351685
sum_square,snake,snake,27,0.0014193577464024526,0.0006471871455210924,2.7542555745676935,0.11929675109079925
sum_square,snake,snake,28,0.0014193577464024526,0.0006471871455210924,2.8601679235241035,0.13016487785788536
sum_square,snake,snake,29,0.0014193577464024526,0.0006471871455210924,2.9862821530419628,0.12769383014439883
sum_square,snake,snake,30,0.0014193577464024526,0.0006471871455210924,3.068672865238019,0.12950507828400903
sum_square,snake,snake,31,0.0014193577464024526,0.0006471871455210924,3.1468794937747915,0.14347008810015685
sum_square,snake,snake,32,0.0014193577464024526,0.0006471871455210924,3.246084667040428,0.16481362513603567
sum_square,snake,snake,33,0.0014193577464024526,0.0006471871455210924,3.388278223544597,0.1955728693600397
sum_square,snake,snake,34,0.0014193577464024526,0.0006471871455210924,3.49823518100696,0.20483254979074908
sum_square,snake,snake,35,0.0014193577464024526,0.0006471871455210924,3.5666833902734467,0.20960565368701117
sum_square,snake,snake,36,0.0014193577464024526,0.0006471871455210924,3.660131649376133,0.2155102527618169
sum_square,snake,snake,37,0.0014193577464024526,0.0006471871455210924,3.760453193652823,0.22226820494934338
sum_square,snake,snake,38,0.0010685931824811886,0.0002524521652577193,3.8548517204200685,0.22083643483257862
sum_square,snake,snake,39,0.0010685931824811886,0.0002524521652577193,3.962629910579198,0.1960870798049274
sum_square,snake,snake,40,0.0010685931824811886,0.0002524521652577193,4.095737526191419,0.18381049406639513
sum_square,snake,snake,41,0.0010685931824811886,0.0002524521652577193,4.208476419044152,0.24351742200542323
sum_square,snake,snake,42,0.0010685931824811886,0.0002524521652577193,4.317729456251677,0.25470929133342146
sum_square,snake,snake,43,0.0010685931824811886,0.0002524521652577193,4.404796308080455,0.2134394458167647
sum_square,snake,snake,44,0.0010685931824811886,0.0002524521652577193,4.494352641347445,0.18789901624735283
sum_square,snake,snake,45,0.0010685931824811886,0.0002524521652577193,4.55322263864285,0.20217459750558153
sum_square,snake,snake,46,0.0010685931824811886,0.0002524521652577193,4.616745277807714,0.21902340124565667
sum_square,snake,snake,47,0.0010685931824811886,0.0002524521652577193,4.663498297009753,0.21188222455438513
sum_square,snake,snake,48,0.0010685931824811886,0.0002524521652577193,4.783082761566235,0.19969576133257094
sum_square,snake,snake,49,0.0010685931824811886,0.0002524521652577193,4.920420409076741,0.1793877621720485
sum_square,log_improvement_movement_cost3,log_improvement_movement_cost3,0,0.1126196268057494,0.07351910821561516,0.3347292958976656,0.06283282757831742
sum_square,log_improvement_movement_cost3,log_improvement_movement_cost3,1,0.03955873311186039,0.025949183943539306,0.4305107458082192,0.09345533126019784
sum_square,log_improvement_movement_cost3,log_improvement_movement_cost3,2,0.020053319324545165,0.017962426414755907,0.4750658956828408,0.0985980434745664
sum_square,log_improvement_movement_cost3,log_improvement_movement_cost3,3,0.005419635872256741,0.0014124850986317774,0.5205583414821098,0.07404919312221973
sum_square,log_improvement_movement_cost3,log_improvement_movement_cost3,4,0.0032080004859972645,0.0014367679982088047,0.5513352791890989,0.07159242151188919
sum_square,log_improvement_movement_cost3,log_improvement_movement_cost3,5,0.0014219072896220215,0.0008696369550244785,0.5726619208561611,0.0730999086091367
sum_square,log_improvement_movement_cost3,log_improvement_movement_cost3,6,0.0014219072896220215,0.0008696369550244785,0.5995249758811513,0.06966510632493746
sum_square,log_improvement_movement_cost3,log_improvement_movement_cost3,7,0.0014219072896220215,0.0008696369550244785,0.6205289978082581,0.0797617778439927
sum_square,log_improvement_movement_cost3,log_improvement_movement_cost3,8,0.0011017765685750241,0.00047781213721952175,0.6495596661674347,0.06843637647477072
sum_square,log_improvement_movement_cost3,log_improvement_movement_cost3,9,0.0006002947434688335,0.0003893798969321183,0.6708133645459272,0.064851163218573
sum_square,log_improvement_movement_cost3,log_improvement_movement_cost3,10,0.0006002947434688335,0.0003893798969321183,0.6886566325994953,0.06980266811097487
sum_square,log_improvement_movement_cost3,log_improvement_movement_cost3,11,0.0006002947434688335,0.0003893798969321183,0.7069052841760026,0.06294795987685606
sum_square,log_improvement_movement_cost3,log_improvement_movement_cost3,12,0.0006002947434688335,0.0003893798969321183,0.7230230526864535,0.06010923700067783
sum_square,log_improvement_movement_cost3,log_improvement_movement_cost3,13,0.0004997990379123849,0.000255028190383517,0.7433580434485424,0.0569043729698271
sum_square,log_improvement_movement_cost3,log_improvement_movement_cost3,14,0.0004997990379123849,0.000255028190383517,0.7723188101225652,0.050505165310767264
sum_square,log_improvement_movement_cost3,log_improvement_movement_cost3,15,0.0004997990379123849,0.000255028190383517,0.8003935839462244,0.052760970733730296
sum_square,log_improvement_movement_cost3,log_improvement_movement_cost3,16,0.0004997990379123849,0.000255028190383517,0.838041704331186,0.061378563205141595
sum_square,log_improvement_movement_cost3,log_improvement_movement_cost3,17,0.0004997990379123849,0.000255028190383517,0.8603183938699542,0.04899796886088306
sum_square,log_improvement_movement_cost3,log_improvement_movement_cost3,18,0.0004997990379123849,0.000255028190383517,0.886053736934126,0.05027498196981215
sum_square,log_improvement_movement_cost3,log_improvement_movement_cost3,19,0.0004997990379123849,0.000255028190383517,0.9067608055317505,0.05546801123561799
sum_square,log_improvement_movement_cost3,log_improvement_movement_cost3,20,0.0004997990379123849,0.000255028190383517,0.9421671789785995,0.05126161573600407
sum_square,log_improvement_movement_cost3,log_improvement_movement_cost3,21,0.0004997990379123849,0.000255028190383517,0.9728513021764339,0.04305473365849114
sum_square,log_improvement_movement_cost3,log_improvement_movement_cost3,22,0.0004997990379123849,0.000255028190383517,0.9950494186404367,0.051308497002644414
sum_square,log_improvement_movement_cost3,log_improvement_movement_cost3,23,0.0004997990379123849,0.000255028190383517,1.020970323311628,0.04138910917618229
sum_square,log_improvement_movement_cost3,log_improvement_movement_cost3,24,0.00036484151723169554,0.0001110201360152989,1.0367152711605876,0.04364040283605539
sum_square,log_improvement_movement_cost3,log_improvement_movement_cost3,25,0.0002721025349570909,0.00013540550879321693,1.0485664237275898,0.04380623580231943
sum_square,log_improvement_movement_cost3,log_improvement_movement_cost3,26,0.0002721025349570909,0.00013540550879321693,1.0585491508831268,0.04457861790312041
sum_square,log_improvement_movement_cost3,log_improvement_movement_cost3,27,0.0002721025349570909,0.00013540550879321693,1.0814097027980367,0.03903431944065812
sum_square,log_improvement_movement_cost3,log_improvement_movement_cost3,28,0.0002721025349570909,0.00013540550879321693,1.1170924281015484,0.04170185001509374
sum_square,log_improvement_movement_cost3,log_improvement_movement_cost3,29,0.0002721025349570909,0.00013540550879321693,1.1562948425370014,0.04675538352050507
sum_square,log_improvement_movement_cost3,log_improvement_movement_cost3,30,0.00022375168125558114,0.00017058313947767087,1.1864102650829522,0.04850501214904589
sum_square,log_improvement_movement_cost3,log_improvement_movement_cost3,31,0.00022375168125558114,0.00017058313947767087,1.2063878763252724,0.04219102896342422
sum_square,log_improvement_movement_cost3,log_improvement_movement_cost3,32,0.00022375168125558114,0.00017058313947767087,1.2254429755435028,0.036388300757591925
sum_square,log_improvement_movement_cost3,log_improvement_movement_cost3,33,0.00021362926342042722,0.0001803769953652735,1.2346565219018621,0.03788666979220759
sum_square,log_improvement_movement_cost3,log_improvement_movement_cost3,34,0.00021362926342042722,0.0001803769953652735,1.2587727220219935,0.036631208338461604
sum_square,log_improvement_movement_cost3,log_improvement_movement_cost3,35,0.00021362926342042722,0.0001803769953652735,1.299504410837845,0.03410640217709205
sum_square,log_improvement_movement_cost3,log_improvement_movement_cost3,36,0.00021362926342042722,0.0001803769953652735,1.3293578353921371,0.03955827208724497
sum_square,log_improvement_movement_cost3,log_improvement_movement_cost3,37,0.00021362926342042722,0.0001803769953652735,1.3533897394535783,0.03957284183324268
sum_square,log_improvement_movement_cost3,log_improvement_movement_cost3,38,0.00021362926342042722,0.0001803769953652735,1.3664592245568545,0.03906228579194119
sum_square,log_improvement_movement_cost3,log_improvement_movement_cost3,39,7.612035443579848e-05,5.0417577483134976e-05,1.384280222029256,0.0395418264174527
sum_square,log_improvement_movement_cost3,log_improvement_movement_cost3,40,7.612035443579848e-05,5.0417577483134976e-05,1.407387684056463,0.03829159721467658
sum_square,log_improvement_movement_cost3,log_improvement_movement_cost3,41,7.612035443579848e-05,5.0417577483134976e-05,1.42917682195901,0.03642802670747743
sum_square,log_improvement_movement_cost3,log_improvement_movement_cost3,42,7.612035443579848e-05,5.0417577483134976e-05,1.4468604290480502,0.042446047063147155
sum_square,log_improvement_movement_cost3,log_improvement_movement_cost3,43,7.612035443579848e-05,5.0417577483134976e-05,1.4651754519601914,0.049532471274957454
sum_square,log_improvement_movement_cost3,log_improvement_movement_cost3,44,7.612035443579848e-05,5.0417577483134976e-05,1.487874424965218,0.05587791086230454
sum_square,log_improvement_movement_cost3,log_improvement_movement_cost3,45,7.612035443579848e-05,5.0417577483134976e-05,1.520017207433403,0.06981159160813422
sum_square,log_improvement_movement_cost3,log_improvement_movement_cost3,46,7.612035443579848e-05,5.0417577483134976e-05,1.5508940531886515,0.08086347210615799
sum_square,log_improvement_movement_cost3,log_improvement_movement_cost3,47,7.612035443579848e-05,5.0417577483134976e-05,1.5786405802470689,0.09602348240482017
sum_square,log_improvement_movement_cost3,log_improvement_movement_cost3,48,7.612035443579848e-05,5.0417577483134976e-05,1.605091855824205,0.10442407213073049
sum_square,log_improvement_movement_cost3,log_improvement_movement_cost3,49,7.612035443579848e-05,5.0417577483134976e-05,1.6212573371801142,0.10360312849352067
sum_square,optimistic_selected,optimistic_improvement_movement_cost3,0,0.12318726327372613,0.0682055240301285,0.3469943910822826,0.07687351528177337
sum_square,optimistic_selected,optimistic_improvement_movement_cost3,1,0.03451967465651089,0.02258199490526484,0.4435147926047334,0.10106664211707747
sum_square,optimistic_selected,optimistic_improvement_movement_cost3,2,0.012282896688864404,0.01314844913197535,0.4832194608908437,0.09833402826094817
sum_square,optimistic_selected,optimistic_improvement_movement_cost3,3,0.007121550700665978,0.006042607084989973,0.5002080638071472,0.08810829508493954
sum_square,optimistic_selected,optimistic_improvement_movement_cost3,4,0.0027902338863055307,0.003255186259015182,0.519834839414668,0.08922985532094443
sum_square,optimistic_selected,optimistic_improvement_movement_cost3,5,0.0015582902217103703,0.0015147092894584094,0.5412557979069487,0.09550332460110003
sum_square,optimistic_selected,optimistic_improvement_movement_cost3,6,0.0007297920807887026,0.00035405841986200766,0.5666019773428752,0.0975021964081248
sum_square,optimistic_selected,optimistic_improvement_movement_cost3,7,0.0005542223973007174,0.0001352337979996305,0.5910976630176812,0.10806644261078703
sum_square,optimistic_selected,optimistic_improvement_movement_cost3,8,0.0003814312108120531,0.0002412291980465123,0.6236412777977192,0.10013142460967157
sum_square,optimistic_selected,optimistic_improvement_movement_cost3,9,0.00035841796664419636,0.0002447237558249738,0.641425025320712,0.09648384549760845
sum_square,optimistic_selected,optimistic_improvement_movement_cost3,10,0.00016153367120110807,9.685608361176539e-05,0.6609090855219285,0.09890175195391146
sum_square,optimistic_selected,optimistic_improvement_movement_cost3,11,0.00016153367120110807,9.685608361176539e-05,0.6764416706897856,0.0976835097625552
sum_square,optimistic_selected,optimistic_improvement_movement_cost3,12,0.00016153367120110807,9.685608361176539e-05,0.6921092989208216,0.09507928252847199
sum_square,optimistic_selected,optimistic_improvement_movement_cost3,13,0.00016153367120110807,9.685608361176539e-05,0.7114966463289752,0.09191342021700671
sum_square,optimistic_selected,optimistic_improvement_movement_cost3,14,0.00016153367120110807,9.685608361176539e-05,0.7451244353355687,0.080505968229901
sum_square,optimistic_selected,optimistic_improvement_movement_cost3,15,0.00016153367120110807,9.685608361176539e-05,0.7706538207513641,0.07754555844156431
sum_square,optimistic_selected,optimistic_improvement_movement_cost3,16,0.00016153367120110807,9.685608361176539e-05,0.8055715742280487,0.08398193762831228
sum_square,optimistic_selected,optimistic_improvement_movement_cost3,17,0.00016153367120110807,9.685608361176539e-05,0.8313511073590477,0.0741503356849231
sum_square,optimistic_selected,optimistic_improvement_movement_cost3,18,0.00016153367120110807,9.685608361176539e-05,0.8543243533696336,0.0806558320188373
sum_square,optimistic_selected,optimistic_improvement_movement_cost3,19,0.00016153367120110807,9.685608361176539e-05,0.8749083518529392,0.08370729093718908
sum_square,optimistic_selected,optimistic_improvement_movement_cost3,20,0.00016153367120110807,9.685608361176539e-05,0.9113558230281454,0.0820497605857954
sum_square,optimistic_selected,optimistic_improvement_movement_cost3,21,0.00016153367120110807,9.685608361176539e-05,0.9415632971051254,0.07833833216569697
sum_square,optimistic_selected,optimistic_improvement_movement_cost3,22,0.00016153367120110807,9.685608361176539e-05,0.9647882787297514,0.08434950534585295
sum_square,optimistic_selected,optimistic_improvement_movement_cost3,23,0.00016153367120110807,9.685608361176539e-05,0.9850642791728426,0.08087236473141375
sum_square,optimistic_selected,optimistic_improvement_movement_cost3,24,0.00013047009305183058,5.292559613390133e-05,1.0007892285730333,0.08126754481496518
sum_square,optimistic_selected,optimistic_improvement_movement_cost3,25,0.00013047009305183058,5.292559613390133e-05,1.0125467653774651,0.08262682112099833
sum_square,optimistic_selected,optimistic_improvement_movement_cost3,26,0.00013047009305183058,5.292559613390133e-05,1.0242754865362906,0.08092484585264278
sum_square,optimistic_selected,optimistic_improvement_movement_cost3,27,0.00013047009305183058,5.292559613390133e-05,1.050203623928433,0.07081396937692597
sum_square,optimistic_selected,optimistic_improvement_movement_cost3,28,0.00013047009305183058,5.292559613390133e-05,1.0869712465102708,0.06780852905854984
sum_square,optimistic_selected,optimistic_improvement_movement_cost3,29,0.00012267224171858855,4.1897795736569785e-05,1.1252119981689193,0.06452017490026178
sum_square,optimistic_selected,optimistic_improvement_movement_cost3,30,0.0001095731113763905,2.337292957261057e-05,1.1460165436286944,0.06038220275180554
sum_square,optimistic_selected,optimistic_improvement_movement_cost3,31,0.0001095731113763905,2.337292957261057e-05,1.1654911417312068,0.049672278263739336
sum_square,optimistic_selected,optimistic_improvement_movement_cost3,32,0.0001095731113763905,2.337292957261057e-05,1.1894899223474888,0.036217495368524144
sum_square,optimistic_selected,optimistic_improvement_movement_cost3,33,8.266401527402606e-05,1.4682874790781039e-05,1.2019301237784605,0.03960999070752598
sum_square,optimistic_selected,optimistic_improvement_movement_cost3,34,8.266401527402606e-05,1.4682874790781039e-05,1.230832942661161,0.038975641408050495
sum_square,optimistic_selected,optimistic_improvement_movement_cost3,35,8.266401527402606e-05,1.4682874790781039e-05,1.2693039770622392,0.03478879503446733
sum_square,optimistic_selected,optimistic_improvement_movement_cost3,36,8.266401527402606e-05,1.4682874790781039e-05,1.2973567938467578,0.03447990792675268
sum_square,optimistic_selected,optimistic_improvement_movement_cost3,37,8.266401527402606e-05,1.4682874790781039e-05,1.3172575038157999,0.02910407491855067
sum_square,optimistic_selected,optimistic_improvement_movement_cost3,38,8.266401527402606e-05,1.4682874790781039e-05,1.3272264710647395,0.029174619905722142
sum_square,optimistic_selected,optimistic_improvement_movement_cost3,39,8.266401527402606e-05,1.4682874790781039e-05,1.3467034034654253,0.03589891330976201
sum_square,optimistic_selected,optimistic_improvement_movement_cost3,40,8.266401527402606e-05,1.4682874790781039e-05,1.371486146402112,0.03533722952304444
sum_square,optimistic_selected,optimistic_improvement_movement_cost3,41,8.266401527402606e-05,1.4682874790781039e-05,1.3935443779780414,0.033121058078987214
sum_square,optimistic_selected,optimistic_improvement_movement_cost3,42,8.266401527402606e-05,1.4682874790781039e-05,1.4143466430105471,0.03746174882184754
sum_square,optimistic_selected,optimistic_improvement_movement_cost3,43,8.266401527402606e-05,1.4682874790781039e-05,1.4337428203090992,0.04545149484603437
sum_square,optimistic_selected,optimistic_improvement_movement_cost3,44,8.266401527402606e-05,1.4682874790781039e-05,1.4590698259623502,0.050508876935309734
sum_square,optimistic_selected,optimistic_improvement_movement_cost3,45,8.266401527402606e-05,1.4682874790781039e-05,1.4921192221367356,0.06544873146407218
sum_square,optimistic_selected,optimistic_improvement_movement_cost3,46,8.266401527402606e-05,1.4682874790781039e-05,1.5152609872576441,0.06964933859165764
sum_square,optimistic_selected,optimistic_improvement_movement_cost3,47,8.266401527402606e-05,1.4682874790781039e-05,1.540199962905189,0.08152377001489437
sum_square,optimistic_selected,optimistic_improvement_movement_cost3,48,8.266401527402606e-05,1.4682874790781039e-05,1.5637706850946536,0.09004050516249347
sum_square,optimistic_selected,optimistic_improvement_movement_cost3,49,8.266401527402606e-05,1.4682874790781039e-05,1.5827356757588642,0.08859871999032212
sum_square,budgeted_exploration,budgeted_exploration,0,0.11295450038397141,0.08030348084430593,0.3360792193843212,0.06523649370950874
sum_square,budgeted_exploration,budgeted_exploration,1,0.0523242007561494,0.027263694688434,0.4317046419460004,0.09402192365932972
sum_square,budgeted_exploration,budgeted_exploration,2,0.027077647356478916,0.02264638469501342,0.4992678669976029,0.09524418790835952
sum_square,budgeted_exploration,budgeted_exploration,3,0.005284847538023806,0.001143524954099753,0.560491071573158,0.0808725699744693
sum_square,budgeted_exploration,budgeted_exploration,4,0.005284847538023806,0.001143524954099753,0.601457772200285,0.0921156432115093
sum_square,budgeted_exploration,budgeted_exploration,5,0.004040764942612379,0.000988189407154936,0.6388335806279833,0.08800156387382739
sum_square,budgeted_exploration,budgeted_exploration,6,0.004040764942612379,0.000988189407154936,0.701778992634489,0.09433225030136552
sum_square,budgeted_exploration,budgeted_exploration,7,0.0022770896926032286,0.001582858966384572,0.7452987525600533,0.0881159331328691
sum_square,budgeted_exploration,budgeted_exploration,8,0.0022770896926032286,0.001582858966384572,0.7726729428713289,0.08622499181674931
sum_square,budgeted_exploration,budgeted_exploration,9,0.0022770896926032286,0.001582858966384572,0.8195053789140411,0.08908264486453772
sum_square,budgeted_exploration,budgeted_exploration,10,0.0022770896926032286,0.001582858966384572,0.8634330897399137,0.08254134822385953
sum_square,budgeted_exploration,budgeted_exploration,11,0.0016167756242639372,0.001198629078077599,0.8927877086000485,0.07534283728516372
sum_square,budgeted_exploration,budgeted_exploration,12,0.001002862450599643,0.0006974484371669333,0.9153843644663716,0.06973398948750506
sum_square,budgeted_exploration,budgeted_exploration,13,0.000932036333307908,0.0006232225740822127,0.9372135507972522,0.07523061241146824
sum_square,budgeted_exploration,budgeted_exploration,14,0.000932036333307908,0.0006232225740822127,0.9792519109520214,0.06563620854321744
sum_square,budgeted_exploration,budgeted_exploration,15,0.000932036333307908,0.0006232225740822127,1.0121575600112835,0.08107058532934075
sum_square,budgeted_exploration,budgeted_exploration,16,0.00040377699214859506,0.00038015733568891373,1.0463314775795736,0.08320142968396005
sum_square,budgeted_exploration,budgeted_exploration,17,0.00040377699214859506,0.00038015733568891373,1.0703190351087881,0.07314158915474028
sum_square,budgeted_exploration,budgeted_exploration,18,0.00040377699214859506,0.00038015733568891373,1.0938717213862432,0.07372405225569813
sum_square,budgeted_exploration,budgeted_exploration,19,0.00040377699214859506,0.00038015733568891373,1.1103040186333517,0.0758354944179976
sum_square,budgeted_exploration,budgeted_exploration,20,0.00040377699214859506,0.00038015733568891373,1.141810071834265,0.07310192807241538
sum_square,budgeted_exploration,budgeted_exploration,21,0.00040377699214859506,0.00038015733568891373,1.1681483573497016,0.06798422510504286
sum_square,budgeted_exploration,budgeted_exploration,22,0.00040377699214859506,0.00038015733568891373,1.1923499709313845,0.082111122969966
sum_square,budgeted_exploration,budgeted_exploration,23,0.00040377699214859506,0.00038015733568891373,1.2151922707362754,0.0804524599860045
sum_square,budgeted_exploration,budgeted_exploration,24,0.00040377699214859506,0.00038015733568891373,1.2306243698829913,0.08333233490119193
sum_square,budgeted_exploration,budgeted_exploration,25,0.00040377699214859506,0.00038015733568891373,1.2460283174112776,0.08311500827753994
sum_square,budgeted_exploration,budgeted_exploration,26,0.00040377699214859506,0.00038015733568891373,1.2547773113756298,0.09167234629827849
sum_square,budgeted_exploration,budgeted_exploration,27,0.00040377699214859506,0.00038015733568891373,1.2737242265705584,0.09420371366376716
sum_square,budgeted_exploration,budgeted_exploration,28,0.00040377699214859506,0.00038015733568891373,1.3069096011232528,0.09339699407149317
sum_square,budgeted_exploration,budgeted_exploration,29,0.00040377699214859506,0.00038015733568891373,1.34045607076259,0.09523667851364563
sum_square,budgeted_exploration,budgeted_exploration,30,0.00040377699214859506,0.00038015733568891373,1.3594027420922974,0.10009117925346753
sum_square,budgeted_exploration,budgeted_exploration,31,0.00040377699214859506,0.00038015733568891373,1.3829549684719844,0.09843377830637114
sum_square,budgeted_exploration,budgeted_exploration,32,0.00040377699214859506,0.00038015733568891373,1.4046951329819113,0.10149531121313288
sum_square,budgeted_exploration,budgeted_exploration,33,0.00040377699214859506,0.00038015733568891373,1.4183735810213924,0.09900805684224645
sum_square,budgeted_exploration,budgeted_exploration,34,0.0003437561912729256,0.0002960966567039663,1.441237958240718,0.09782520351123514
sum_square,budgeted_exploration,budgeted_exploration,35,0.0003437561912729256,0.0002960966567039663,1.469311257598681,0.10458594579072159
sum_square,budgeted_exploration,budgeted_exploration,36,0.0003437561912729256,0.0002960966567039663,1.5020689210908083,0.10852797002194946
sum_square,budgeted_exploration,budgeted_exploration,37,0.0003437561912729256,0.0002960966567039663,1.5264044974012583,0.10190886376420705
sum_square,budgeted_exploration,budgeted_exploration,38,0.0003437561912729256,0.0002960966567039663,1.5398231108696105,0.1038362319865546
sum_square,budgeted_exploration,budgeted_exploration,39,0.0003437561912729256,0.0002960966567039663,1.5629983413461568,0.10330731873667051
sum_square,budgeted_exploration,budgeted_exploration,40,0.0003437561912729256,0.0002960966567039663,1.5853550578443756,0.10190820311247939
sum_square,budgeted_exploration,budgeted_exploration,41,0.0003437561912729256,0.0002960966567039663,1.6047664257338967,0.0980697705225643
sum_square,budgeted_exploration,budgeted_exploration,42,0.0003437561912729256,0.0002960966567039663,1.6244699810039087,0.10120776089609419
sum_square,budgeted_exploration,budgeted_exploration,43,0.0003437561912729256,0.0002960966567039663,1.6436450699740262,0.10976701110537429
sum_square,budgeted_exploration,budgeted_exploration,44,0.000267489117422301,0.00019033756557860492,1.663144816064074,0.11512207302885344
sum_square,budgeted_exploration,budgeted_exploration,45,0.000267489117422301,0.00019033756557860492,1.6936378608056668,0.12545984523938628
sum_square,budgeted_exploration,budgeted_exploration,46,0.000267489117422301,0.00019033756557860492,1.7197305663567068,0.1283205335637008
sum_square,budgeted_exploration,budgeted_exploration,47,0.000267489117422301,0.00019033756557860492,1.744779909347048,0.1401403512220945
sum_square,budgeted_exploration,budgeted_exploration,48,0.000267489117422301,0.00019033756557860492,1.7757800777078545,0.14720362999125255
sum_square,budgeted_exploration,budgeted_exploration,49,0.000267489117422301,0.00019033756557860492,1.7927412693858755,0.1461520703227977
sum_square,lookahead_budgeted_exploration,lookahead_budgeted_exploration,0,0.12038694256769955,0.09630113248900743,0.3352512593344512,0.06701189777127864
sum_square,lookahead_budgeted_exploration,lookahead_budgeted_exploration,1,0.02842540609993552,0.022090817422477232,0.4339552091036775,0.05121987412454533
sum_square,lookahead_budgeted_exploration,lookahead_budgeted_exploration,2,0.018471106624229565,0.011959167668353992,0.4844853780338601,0.05921654293463942
sum_square,lookahead_budgeted_exploration,lookahead_budgeted_exploration,3,0.007264960062690927,0.004897488597532119,0.5483254704386475,0.06453213524429512
sum_square,lookahead_budgeted_exploration,lookahead_budgeted_exploration,4,0.0030147693424461236,0.002105924488084849,0.5889524007261228,0.05409741006900241
sum_square,lookahead_budgeted_exploration,lookahead_budgeted_exploration,5,0.0030147693424461236,0.002105924488084849,0.6571173537287328,0.04871473247368101
sum_square,lookahead_budgeted_exploration,lookahead_budgeted_exploration,6,0.0029379765129340257,0.0020153716548762207,0.7388340042468964,0.07387420382369086
sum_square,lookahead_budgeted_exploration,lookahead_budgeted_exploration,7,0.002583336055982637,0.001626118480642761,0.7898883018506364,0.08537097130932346
sum_square,lookahead_budgeted_exploration,lookahead_budgeted_exploration,8,0.002583336055982637,0.001626118480642761,0.8139259451254987,0.08351925151361396
sum_square,lookahead_budgeted_exploration,lookahead_budgeted_exploration,9,0.0021484006668005397,0.001262021415095875,0.8560471236424144,0.09909378976183268
sum_square,lookahead_budgeted_exploration,lookahead_budgeted_exploration,10,0.0014578177588517635,0.0010757914186561687,0.886087563936823,0.1039212250903699
sum_square,lookahead_budgeted_exploration,lookahead_budgeted_exploration,11,0.0011135897098250851,0.0007501293388052136,0.9102077028647466,0.10333809867544404
sum_square,lookahead_budgeted_exploration,lookahead_budgeted_exploration,12,0.0008460836991879759,0.0005437885120243301,0.9336458847443717,0.10458709100951293
sum_square,lookahead_budgeted_exploration,lookahead_budgeted_exploration,13,0.0006090914642602901,0.00028207678000094824,0.9583623374700047,0.10801285921497164
sum_square,lookahead_budgeted_exploration,lookahead_budgeted_exploration,14,0.0003991152652656285,0.0002752688868332908,0.9859030377780353,0.09283610605792474
sum_square,lookahead_budgeted_exploration,lookahead_budgeted_exploration,15,0.0003991152652656285,0.0002752688868332908,1.0111655806154238,0.08629317436156825
sum_square,lookahead_budgeted_exploration,lookahead_budgeted_exploration,16,0.0003991152652656285,0.0002752688868332908,1.0300378836912332,0.08484926652200603
sum_square,lookahead_budgeted_exploration,lookahead_budgeted_exploration,17,0.0003991152652656285,0.0002752688868332908,1.0498258489932188,0.08280433584021198
sum_square,lookahead_budgeted_exploration,lookahead_budgeted_exploration,18,0.0003991152652656285,0.0002752688868332908,1.0696161661062986,0.08329266551972804
sum_square,lookahead_budgeted_exploration,lookahead_budgeted_exploration,19,0.00039427499571294744,0.0002786439699714425,1.0865489939623392,0.07889581047631412
sum_square,lookahead_budgeted_exploration,lookahead_budgeted_exploration,20,0.0001512824778713387,6.500480912681376e-05,1.1071339743407345,0.08290461992362845
sum_square,lookahead_budgeted_exploration,lookahead_budgeted_exploration,21,0.0001512824778713387,6.500480912681376e-05,1.1320756973809285,0.087576402939941
sum_square,lookahead_budgeted_exploration,lookahead_budgeted_exploration,22,0.0001512824778713387,6.500480912681376e-05,1.1593937442962285,0.09269203201194516
sum_square,lookahead_budgeted_exploration,lookahead_budgeted_exploration,23,0.0001512824778713387,6.500480912681376e-05,1.1851963093792726,0.08042813910997207
sum_square,lookahead_budgeted_exploration,lookahead_budgeted_exploration,24,0.0001512824778713387,6.500480912681376e-05,1.20956194548585,0.07097126650505395
sum_square,lookahead_budgeted_exploration,lookahead_budgeted_exploration,25,0.0001512824778713387,6.500480912681376e-05,1.231742485584087,0.07434292190578486
sum_square,lookahead_budgeted_exploration,lookahead_budgeted_exploration,26,0.0001512824778713387,6.500480912681376e-05,1.2443282616373421,0.07218774971689022
sum_square,lookahead_budgeted_exploration,lookahead_budgeted_exploration,27,0.0001512824778713387,6.500480912681376e-05,1.2679098904610024,0.0787196813538876
sum_square,lookahead_budgeted_exploration,lookahead_budgeted_exploration,28,0.0001512824778713387,6.500480912681376e-05,1.3055607440466754,0.08790895999736383
sum_square,lookahead_budgeted_exploration,lookahead_budgeted_exploration,29,0.0001512824778713387,6.500480912681376e-05,1.3414523137718186,0.08312928296544589
sum_square,lookahead_budgeted_exploration,lookahead_budgeted_exploration,30,0.0001512824778713387,6.500480912681376e-05,1.3751411838040244,0.08505254739350773
sum_square,lookahead_budgeted_exploration,lookahead_budgeted_exploration,31,0.0001512824778713387,6.500480912681376e-05,1.400634213579839,0.08508531349838047
sum_square,lookahead_budgeted_exploration,lookahead_budgeted_exploration,32,0.0001512824778713387,6.500480912681376e-05,1.4174724534916205,0.08574477964981754
sum_square,lookahead_budgeted_exploration,lookahead_budgeted_exploration,33,0.0001512824778713387,6.500480912681376e-05,1.4443522171860455,0.08640007905618409
sum_square,lookahead_budgeted_exploration,lookahead_budgeted_exploration,34,0.0001512824778713387,6.500480912681376e-05,1.4643372444715823,0.09309330304001999
sum_square,lookahead_budgeted_exploration,lookahead_budgeted_exploration,35,0.0001512824778713387,6.500480912681376e-05,1.4883757898182417,0.09351322785340378
sum_square,lookahead_budgeted_exploration,lookahead_budgeted_exploration,36,0.0001512824778713387,6.500480912681376e-05,1.5193971201796133,0.0910218720280727
sum_square,lookahead_budgeted_exploration,lookahead_budgeted_exploration,37,0.0001512824778713387,6.500480912681376e-05,1.5337880256966596,0.09218939697387785
sum_square,lookahead_budgeted_exploration,lookahead_budgeted_exploration,38,0.0001512824778713387,6.500480912681376e-05,1.5462640892671793,0.09353931597448398
sum_square,lookahead_budgeted_exploration,lookahead_budgeted_exploration,39,0.0001512824778713387,6.500480912681376e-05,1.5719127377558164,0.08742093198609863
sum_square,lookahead_budgeted_exploration,lookahead_budgeted_exploration,40,0.0001512824778713387,6.500480912681376e-05,1.6041538034768916,0.09416834894562301
sum_square,lookahead_budgeted_exploration,lookahead_budgeted_exploration,41,0.0001512824778713387,6.500480912681376e-05,1.625996622795915,0.0910698771653292
sum_square,lookahead_budgeted_exploration,lookahead_budgeted_exploration,42,0.0001512824778713387,6.500480912681376e-05,1.6401804884527067,0.09343831285698408
sum_square,lookahead_budgeted_exploration,lookahead_budgeted_exploration,43,0.0001512824778713387,6.500480912681376e-05,1.6590786818715018,0.09832075704256932
sum_square,lookahead_budgeted_exploration,lookahead_budgeted_exploration,44,0.00012664471497087282,5.593788420013428e-05,1.6884895354805491,0.11772038879936979
sum_square,lookahead_budgeted_exploration,lookahead_budgeted_exploration,45,0.00012664471497087282,5.593788420013428e-05,1.7095017299415716,0.11862415204760278
sum_square,lookahead_budgeted_exploration,lookahead_budgeted_exploration,46,0.00012664471497087282,5.593788420013428e-05,1.7240245751612016,0.12047264002582873
sum_square,lookahead_budgeted_exploration,lookahead_budgeted_exploration,47,0.00012664471497087282,5.593788420013428e-05,1.7459593242700864,0.13154440648327828
sum_square,lookahead_budgeted_exploration,lookahead_budgeted_exploration,48,0.00012664471497087282,5.593788420013428e-05,1.7757081812160542,0.13252590455158622
sum_square,lookahead_budgeted_exploration,lookahead_budgeted_exploration,49,0.00012664471497087282,5.593788420013428e-05,1.7912621713927432,0.12811715193234388
